halaman_pdf,kode_lu,tahun,nilai
85,A,2020,4512.44
85,A,2021,4522.03
85,A,2022,4961.17
85,A,2023,5262.89
85,A,2024,5401.15
85,B,2020,863.44
85,B,2021,897.22
85,B,2022,965.96
85,B,2023,1073.96
85,B,2024,1118.99
85,C,2020,1033.01
85,C,2021,1146.48
85,C,2022,1271.52
85,C,2023,1431.76
85,C,2024,1592.76
85,D,2020,5.0
85,D,2021,5.15
85,D,2022,5.58
85,D,2023,6.61
85,D,2024,7.16
85,E,2020,14.22
85,E,2021,15.24
85,E,2022,16.22
85,E,2023,16.66
85,E,2024,16.85
85,F,2020,2346.26
85,F,2021,2416.87
85,F,2022,2708.78
85,F,2023,2907.33
85,F,2024,3051.39
85,G,2020,2728.03
85,G,2021,2901.5
85,G,2022,3199.94
85,G,2023,3505.37
85,G,2024,3762.99
85,H,2020,374.65
85,H,2021,423.12
85,H,2022,516.73
85,H,2023,619.13
85,H,2024,703.79
85,I,2020,324.44
85,I,2021,358.44
85,I,2022,430.12
85,I,2023,468.26
85,I,2024,505.17
85,J,2020,951.96
85,J,2021,1013.72
85,J,2022,1067.16
85,J,2023,1129.18
85,J,2024,1199.02
85,K,2020,308.53
85,K,2021,316.01
85,K,2022,344.18
85,K,2023,367.52
85,K,2024,383.9
85,L,2020,248.6
85,L,2021,262.05
85,L,2022,280.37
85,L,2023,299.16
85,L,2024,311.34
85,"M,N",2020,42.5
85,"M,N",2021,43.6
85,"M,N",2022,47.59
85,"M,N",2023,52.81
85,"M,N",2024,58.02
85,O,2020,703.56
85,O,2021,684.71
85,O,2022,702.65
85,O,2023,730.99
85,O,2024,808.87
85,P,2020,785.04
85,P,2021,793.88
85,P,2022,809.97
85,P,2023,871.38
85,P,2024,923.32
85,Q,2020,165.96
85,Q,2021,176.99
85,Q,2022,189.08
85,Q,2023,208.93
85,Q,2024,222.34
85,"R,S,T,U",2020,377.56
85,"R,S,T,U",2021,404.24
85,"R,S,T,U",2022,469.46
85,"R,S,T,U",2023,538.55
85,"R,S,T,U",2024,589.52
85,TOTAL,2020,15785.2
85,TOTAL,2021,16381.24
85,TOTAL,2022,17986.47
85,TOTAL,2023,19490.5
85,TOTAL,2024,20656.58
85,TANPA_MIGAS,2020,15785.2
85,TANPA_MIGAS,2021,16381.24
85,TANPA_MIGAS,2022,17986.47
85,TANPA_MIGAS,2023,19490.5
85,TANPA_MIGAS,2024,20656.58
86,A,2020,5679.07
86,A,2021,5774.07
86,A,2022,5903.23
86,A,2023,6529.09
86,A,2024,6810.77
86,B,2020,437.43
86,B,2021,453.31
86,B,2022,487.16
86,B,2023,527.81
86,B,2024,545.42
86,C,2020,1555.91
86,C,2021,1715.47
86,C,2022,2015.98
86,C,2023,2326.83
86,C,2024,2602.66
86,D,2020,17.16
86,D,2021,17.91
86,D,2022,19.57
86,D,2023,22.05
86,D,2024,23.92
86,E,2020,19.18
86,E,2021,20.8
86,E,2022,22.29
86,E,2023,24.11
86,E,2024,25.37
86,F,2020,1905.29
86,F,2021,1963.34
86,F,2022,2207.55
86,F,2023,2385.36
86,F,2024,2575.81
86,G,2020,3555.79
86,G,2021,3792.55
86,G,2022,4212.3
86,G,2023,4605.11
86,G,2024,4919.96
86,H,2020,364.79
86,H,2021,413.11
86,H,2022,515.68
86,H,2023,620.4
86,H,2024,701.95
86,I,2020,619.79
86,I,2021,667.52
86,I,2022,745.01
86,I,2023,845.91
86,I,2024,925.26
86,J,2020,1554.97
86,J,2021,1661.31
86,J,2022,1758.28
86,J,2023,1840.83
86,J,2024,1973.38
86,K,2020,666.95
86,K,2021,693.24
86,K,2022,762.38
86,K,2023,818.36
86,K,2024,868.06
86,L,2020,536.17
86,L,2021,547.86
86,L,2022,575.87
86,L,2023,609.63
86,L,2024,640.36
86,"M,N",2020,90.79
86,"M,N",2021,93.79
86,"M,N",2022,102.0
86,"M,N",2023,114.99
86,"M,N",2024,127.86
86,O,2020,1149.2
86,O,2021,1151.71
86,O,2022,1200.25
86,O,2023,1234.39
86,O,2024,1373.08
86,P,2020,1826.54
86,P,2021,1813.1
86,P,2022,1851.89
86,P,2023,2049.33
86,P,2024,2173.49
86,Q,2020,180.57
86,Q,2021,194.08
86,Q,2022,206.85
86,Q,2023,213.14
86,Q,2024,232.63
86,"R,S,T,U",2020,353.77
86,"R,S,T,U",2021,376.85
86,"R,S,T,U",2022,441.96
86,"R,S,T,U",2023,480.45
86,"R,S,T,U",2024,527.1
86,TOTAL,2020,20513.38
86,TOTAL,2021,21350.01
86,TOTAL,2022,23028.25
86,TOTAL,2023,25247.78
86,TOTAL,2024,27047.08
86,TANPA_MIGAS,2020,20513.38
86,TANPA_MIGAS,2021,21350.01
86,TANPA_MIGAS,2022,23028.25
86,TANPA_MIGAS,2023,25247.78
86,TANPA_MIGAS,2024,27047.08
87,A,2020,5136.53
87,A,2021,5183.22
87,A,2022,5406.99
87,A,2023,5907.42
87,A,2024,6056.86
87,B,2020,1081.92
87,B,2021,1116.8
87,B,2022,1253.51
87,B,2023,1323.15
87,B,2024,1355.05
87,C,2020,3081.13
87,C,2021,3452.7
87,C,2022,3822.71
87,C,2023,4208.8
87,C,2024,4731.53
87,D,2020,6.89
87,D,2021,7.18
87,D,2022,7.83
87,D,2023,8.31
87,D,2024,9.08
87,E,2020,10.34
87,E,2021,11.05
87,E,2022,12.22
87,E,2023,12.64
87,E,2024,12.97
87,F,2020,1305.16
87,F,2021,1321.96
87,F,2022,1503.78
87,F,2023,1602.89
87,F,2024,1723.66
87,G,2020,2745.16
87,G,2021,2980.65
87,G,2022,3352.31
87,G,2023,3670.84
87,G,2024,3886.54
87,H,2020,278.97
87,H,2021,307.4
87,H,2022,381.43
87,H,2023,454.26
87,H,2024,515.73
87,I,2020,354.86
87,I,2021,381.18
87,I,2022,429.21
87,I,2023,480.7
87,I,2024,520.13
87,J,2020,1059.62
87,J,2021,1122.7
87,J,2022,1197.81
87,J,2023,1289.19
87,J,2024,1394.89
87,K,2020,490.4
87,K,2021,497.7
87,K,2022,529.52
87,K,2023,555.5
87,K,2024,585.54
87,L,2020,393.89
87,L,2021,406.13
87,L,2022,433.45
87,L,2023,448.79
87,L,2024,470.7
87,"M,N",2020,47.66
87,"M,N",2021,49.44
87,"M,N",2022,53.86
87,"M,N",2023,59.55
87,"M,N",2024,65.11
87,O,2020,838.05
87,O,2021,836.77
87,O,2022,865.97
87,O,2023,905.16
87,O,2024,1061.03
87,P,2020,871.53
87,P,2021,873.03
87,P,2022,899.12
87,P,2023,986.79
87,P,2024,1063.86
87,Q,2020,178.32
87,Q,2021,191.02
87,Q,2022,203.17
87,Q,2023,218.16
87,Q,2024,232.89
87,"R,S,T,U",2020,434.03
87,"R,S,T,U",2021,459.31
87,"R,S,T,U",2022,529.43
87,"R,S,T,U",2023,607.9
87,"R,S,T,U",2024,679.15
87,TOTAL,2020,18314.46
87,TOTAL,2021,19198.25
87,TOTAL,2022,20882.31
87,TOTAL,2023,22740.05
87,TOTAL,2024,24364.74
87,TANPA_MIGAS,2020,18314.46
87,TANPA_MIGAS,2021,19198.25
87,TANPA_MIGAS,2022,20882.31
87,TANPA_MIGAS,2023,22740.05
87,TANPA_MIGAS,2024,24364.74
88,A,2020,7455.99
88,A,2021,7737.99
88,A,2022,8218.21
88,A,2023,8859.14
88,A,2024,8938.95
88,B,2020,1338.82
88,B,2021,1373.76
88,B,2022,1487.36
88,B,2023,1610.54
88,B,2024,1681.06
88,C,2020,8537.43
88,C,2021,9163.58
88,C,2022,10344.99
88,C,2023,11243.39
88,C,2024,12379.74
88,D,2020,14.08
88,D,2021,14.54
88,D,2022,15.9
88,D,2023,16.75
88,D,2024,17.12
88,E,2020,33.71
88,E,2021,35.57
88,E,2022,37.67
88,E,2023,39.4
88,E,2024,39.56
88,F,2020,3564.51
88,F,2021,3644.03
88,F,2022,4106.26
88,F,2023,4473.7
88,F,2024,4805.61
88,G,2020,7544.23
88,G,2021,8138.07
88,G,2022,9145.95
88,G,2023,10003.58
88,G,2024,10679.55
88,H,2020,856.81
88,H,2021,930.29
88,H,2022,1147.4
88,H,2023,1391.62
88,H,2024,1569.7
88,I,2020,747.4
88,I,2021,801.15
88,I,2022,918.43
88,I,2023,1023.9
88,I,2024,1116.47
88,J,2020,2279.91
88,J,2021,2424.93
88,J,2022,2559.37
88,J,2023,2760.22
88,J,2024,2966.04
88,K,2020,884.08
88,K,2021,902.37
88,K,2022,968.37
88,K,2023,1019.76
88,K,2024,1049.44
88,L,2020,845.44
88,L,2021,865.66
88,L,2022,930.06
88,L,2023,968.32
88,L,2024,1013.5
88,"M,N",2020,141.43
88,"M,N",2021,145.37
88,"M,N",2022,153.24
88,"M,N",2023,172.19
88,"M,N",2024,184.49
88,O,2020,1337.81
88,O,2021,1320.93
88,O,2022,1349.49
88,O,2023,1389.55
88,O,2024,1569.49
88,P,2020,1759.36
88,P,2021,1765.05
88,P,2022,1753.12
88,P,2023,1891.98
88,P,2024,2037.27
88,Q,2020,456.01
88,Q,2021,447.29
88,Q,2022,458.13
88,Q,2023,486.84
88,Q,2024,528.52
88,"R,S,T,U",2020,428.97
88,"R,S,T,U",2021,456.09
88,"R,S,T,U",2022,539.54
88,"R,S,T,U",2023,613.55
88,"R,S,T,U",2024,670.13
88,TOTAL,2020,38225.99
88,TOTAL,2021,40166.67
88,TOTAL,2022,44133.48
88,TOTAL,2023,47964.44
88,TOTAL,2024,51246.65
88,TANPA_MIGAS,2020,38225.99
88,TANPA_MIGAS,2021,40166.67
88,TANPA_MIGAS,2022,44133.48
88,TANPA_MIGAS,2023,47964.44
88,TANPA_MIGAS,2024,51246.65
89,A,2020,11916.9
89,A,2021,12116.8
89,A,2022,12847.68
89,A,2023,13802.52
89,A,2024,14173.03
89,B,2020,1499.15
89,B,2021,1577.79
89,B,2022,1717.14
89,B,2023,1836.09
89,B,2024,1936.97
89,C,2020,4871.8
89,C,2021,5310.44
89,C,2022,6093.78
89,C,2023,6682.83
89,C,2024,7387.45
89,D,2020,20.89
89,D,2021,21.43
89,D,2022,23.46
89,D,2023,24.95
89,D,2024,25.39
89,E,2020,11.62
89,E,2021,12.55
89,E,2022,13.05
89,E,2023,13.66
89,E,2024,14.31
89,F,2020,3227.15
89,F,2021,3294.97
89,F,2022,3730.8
89,F,2023,3964.29
89,F,2024,4242.33
89,G,2020,6349.84
89,G,2021,6954.47
89,G,2022,7811.52
89,G,2023,8588.07
89,G,2024,9207.73
89,H,2020,460.56
89,H,2021,511.55
89,H,2022,637.07
89,H,2023,747.42
89,H,2024,832.22
89,I,2020,352.33
89,I,2021,381.74
89,I,2022,428.6
89,I,2023,476.12
89,I,2024,519.61
89,J,2020,2102.65
89,J,2021,2266.6
89,J,2022,2415.71
89,J,2023,2627.85
89,J,2024,2819.28
89,K,2020,813.59
89,K,2021,837.72
89,K,2022,906.46
89,K,2023,1013.24
89,K,2024,1071.9
89,L,2020,714.86
89,L,2021,762.71
89,L,2022,806.93
89,L,2023,828.47
89,L,2024,873.71
89,"M,N",2020,122.98
89,"M,N",2021,127.62
89,"M,N",2022,138.53
89,"M,N",2023,147.04
89,"M,N",2024,159.54
89,O,2020,1281.37
89,O,2021,1282.51
89,O,2022,1300.52
89,O,2023,1356.11
89,O,2024,1504.27
89,P,2020,1535.25
89,P,2021,1563.08
89,P,2022,1606.08
89,P,2023,1746.16
89,P,2024,1875.54
89,Q,2020,304.4
89,Q,2021,323.61
89,Q,2022,344.24
89,Q,2023,393.41
89,Q,2024,423.46
89,"R,S,T,U",2020,438.63
89,"R,S,T,U",2021,474.13
89,"R,S,T,U",2022,557.75
89,"R,S,T,U",2023,643.49
89,"R,S,T,U",2024,712.44
89,TOTAL,2020,36023.96
89,TOTAL,2021,37819.73
89,TOTAL,2022,41379.31
89,TOTAL,2023,44891.73
89,TOTAL,2024,47779.19
89,TANPA_MIGAS,2020,36023.96
89,TANPA_MIGAS,2021,37819.73
89,TANPA_MIGAS,2022,41379.31
89,TANPA_MIGAS,2023,44891.73
89,TANPA_MIGAS,2024,47779.19
90,A,2020,9570.14
90,A,2021,9960.26
90,A,2022,10488.38
90,A,2023,11305.74
90,A,2024,11658.03
90,B,2020,623.04
90,B,2021,659.01
90,B,2022,688.38
90,B,2023,754.17
90,B,2024,804.3
90,C,2020,8729.46
90,C,2021,9163.81
90,C,2022,10239.94
90,C,2023,11186.17
90,C,2024,12600.94
90,D,2020,28.92
90,D,2021,30.32
90,D,2022,32.86
90,D,2023,34.76
90,D,2024,36.38
90,E,2020,23.42
90,E,2021,24.66
90,E,2022,26.31
90,E,2023,27.88
90,E,2024,29.87
90,F,2020,3669.22
90,F,2021,3740.48
90,F,2022,4142.94
90,F,2023,4547.98
90,F,2024,4899.3
90,G,2020,7704.09
90,G,2021,8450.19
90,G,2022,9425.65
90,G,2023,10280.66
90,G,2024,11019.26
90,H,2020,774.93
90,H,2021,857.06
90,H,2022,1038.01
90,H,2023,1245.74
90,H,2024,1446.05
90,I,2020,582.81
90,I,2021,631.04
90,I,2022,738.6
90,I,2023,850.01
90,I,2024,968.03
90,J,2020,2391.85
90,J,2021,2557.56
90,J,2022,2777.31
90,J,2023,2987.65
90,J,2024,3181.67
90,K,2020,753.33
90,K,2021,775.07
90,K,2022,845.55
90,K,2023,891.53
90,K,2024,939.22
90,L,2020,871.72
90,L,2021,900.48
90,L,2022,943.99
90,L,2023,979.65
90,L,2024,1048.22
90,"M,N",2020,121.04
90,"M,N",2021,123.66
90,"M,N",2022,133.08
90,"M,N",2023,147.58
90,"M,N",2024,157.99
90,O,2020,1609.44
90,O,2021,1593.61
90,O,2022,1655.7
90,O,2023,1679.82
90,O,2024,1862.68
90,P,2020,2166.24
90,P,2021,2164.7
90,P,2022,2240.25
90,P,2023,2327.35
90,P,2024,2490.65
90,Q,2020,363.15
90,Q,2021,375.45
90,Q,2022,415.25
90,Q,2023,449.69
90,Q,2024,483.94
90,"R,S,T,U",2020,643.98
90,"R,S,T,U",2021,685.36
90,"R,S,T,U",2022,817.81
90,"R,S,T,U",2023,941.81
90,"R,S,T,U",2024,1023.16
90,TOTAL,2020,40621.96
90,TOTAL,2021,42687.96
90,TOTAL,2022,46645.05
90,TOTAL,2023,50632.9
90,TOTAL,2024,54649.67
90,TANPA_MIGAS,2020,39017.33
90,TANPA_MIGAS,2021,41099.1
90,TANPA_MIGAS,2022,44994.33
90,TANPA_MIGAS,2023,48958.33
90,TANPA_MIGAS,2024,52786.99
91,A,2020,15679.47
91,A,2021,15836.05
91,A,2022,17287.46
91,A,2023,18744.88
91,A,2024,19631.75
91,B,2020,1795.1
91,B,2021,1806.56
91,B,2022,1831.6
91,B,2023,2027.84
91,B,2024,2133.95
91,C,2020,33884.87
91,C,2021,35272.85
91,C,2022,38095.74
91,C,2023,41607.54
91,C,2024,45279.18
91,D,2020,83.01
91,D,2021,86.47
91,D,2022,94.78
91,D,2023,99.87
91,D,2024,103.72
91,E,2020,103.13
91,E,2021,110.65
91,E,2022,115.94
91,E,2023,121.78
91,E,2024,125.39
91,F,2020,12480.73
91,F,2021,13326.32
91,F,2022,14933.62
91,F,2023,16211.14
91,F,2024,17447.09
91,G,2020,18487.65
91,G,2021,20149.29
91,G,2022,22687.11
91,G,2023,24881.28
91,G,2024,26611.65
91,H,2020,1129.07
91,H,2021,1195.66
91,H,2022,1547.96
91,H,2023,1937.6
91,H,2024,2168.4
91,I,2020,3347.63
91,I,2021,3609.08
91,I,2022,4168.7
91,I,2023,4760.15
91,I,2024,5204.97
91,J,2020,4502.13
91,J,2021,4803.65
91,J,2022,5188.7
91,J,2023,5554.66
91,J,2024,6079.87
91,K,2020,1708.22
91,K,2021,1756.08
91,K,2022,1976.93
91,K,2023,2126.23
91,K,2024,2283.72
91,L,2020,1543.13
91,L,2021,1620.21
91,L,2022,1735.24
91,L,2023,1796.11
91,L,2024,1913.97
91,"M,N",2020,383.41
91,"M,N",2021,396.06
91,"M,N",2022,422.71
91,"M,N",2023,475.82
91,"M,N",2024,513.24
91,O,2020,1997.88
91,O,2021,1982.81
91,O,2022,1965.44
91,O,2023,2024.14
91,O,2024,2289.57
91,P,2020,2543.06
91,P,2021,2584.05
91,P,2022,2613.69
91,P,2023,2872.76
91,P,2024,3133.05
91,Q,2020,642.97
91,Q,2021,683.7
91,Q,2022,705.43
91,Q,2023,761.25
91,Q,2024,825.9
91,"R,S,T,U",2020,1716.37
91,"R,S,T,U",2021,1816.91
91,"R,S,T,U",2022,2050.99
91,"R,S,T,U",2023,2370.17
91,"R,S,T,U",2024,2677.74
91,TOTAL,2020,102027.83
91,TOTAL,2021,107036.38
91,TOTAL,2022,117422.03
91,TOTAL,2023,128373.22
91,TOTAL,2024,138423.17
91,TANPA_MIGAS,2020,102027.28
91,TANPA_MIGAS,2021,107035.82
91,TANPA_MIGAS,2022,117421.46
91,TANPA_MIGAS,2023,128373.22
91,TANPA_MIGAS,2024,138423.17
92,A,2020,11314.47
92,A,2021,11650.49
92,A,2022,12262.49
92,A,2023,13143.22
92,A,2024,13701.92
92,B,2020,1314.64
92,B,2021,1372.51
92,B,2022,1542.05
92,B,2023,1727.13
92,B,2024,1848.16
92,C,2020,6587.69
92,C,2021,7135.35
92,C,2022,8039.82
92,C,2023,9042.47
92,C,2024,10028.46
92,D,2020,14.57
92,D,2021,15.12
92,D,2022,16.55
92,D,2023,17.86
92,D,2024,18.93
92,E,2020,17.14
92,E,2021,18.6
92,E,2022,19.8
92,E,2023,20.58
92,E,2024,21.75
92,F,2020,2465.89
92,F,2021,2542.52
92,F,2022,2799.72
92,F,2023,3035.4
92,F,2024,3288.77
92,G,2020,4288.29
92,G,2021,4639.46
92,G,2022,5191.05
92,G,2023,5699.49
92,G,2024,6153.86
92,H,2020,596.86
92,H,2021,640.21
92,H,2022,788.66
92,H,2023,949.52
92,H,2024,1055.98
92,I,2020,392.03
92,I,2021,424.41
92,I,2022,486.88
92,I,2023,547.43
92,I,2024,606.08
92,J,2020,1129.68
92,J,2021,1203.05
92,J,2022,1268.63
92,J,2023,1375.04
92,J,2024,1479.6
92,K,2020,562.11
92,K,2021,579.54
92,K,2022,623.73
92,K,2023,657.39
92,K,2024,684.63
92,L,2020,581.16
92,L,2021,605.04
92,L,2022,644.34
92,L,2023,682.36
92,L,2024,715.45
92,"M,N",2020,105.81
92,"M,N",2021,108.9
92,"M,N",2022,114.23
92,"M,N",2023,130.55
92,"M,N",2024,141.83
92,O,2020,1087.72
92,O,2021,1088.45
92,O,2022,1105.74
92,O,2023,1154.07
92,O,2024,1282.56
92,P,2020,864.09
92,P,2021,861.78
92,P,2022,869.63
92,P,2023,915.53
92,P,2024,970.58
92,Q,2020,267.05
92,Q,2021,285.01
92,Q,2022,303.8
92,Q,2023,326.3
92,Q,2024,349.0
92,"R,S,T,U",2020,472.78
92,"R,S,T,U",2021,508.2
92,"R,S,T,U",2022,586.6
92,"R,S,T,U",2023,648.46
92,"R,S,T,U",2024,711.88
92,TOTAL,2020,32062.01
92,TOTAL,2021,33678.62
92,TOTAL,2022,36663.73
92,TOTAL,2023,40072.78
92,TOTAL,2024,43059.45
92,TANPA_MIGAS,2020,32062.01
92,TANPA_MIGAS,2021,33678.62
92,TANPA_MIGAS,2022,36663.73
92,TANPA_MIGAS,2023,40072.78
92,TANPA_MIGAS,2024,43059.45
93,A,2020,20462.57
93,A,2021,21089.46
93,A,2022,22894.99
93,A,2023,24544.74
93,A,2024,26419.08
93,B,2020,3148.22
93,B,2021,3296.45
93,B,2022,3552.02
93,B,2023,3778.14
93,B,2024,3892.25
93,C,2020,15107.72
93,C,2021,17131.11
93,C,2022,18333.99
93,C,2023,19904.82
93,C,2024,21592.71
93,D,2020,37.69
93,D,2021,39.1
93,D,2022,42.73
93,D,2023,45.23
93,D,2024,46.84
93,E,2020,53.66
93,E,2021,58.06
93,E,2022,59.95
93,E,2023,64.03
93,E,2024,66.11
93,F,2020,6030.7
93,F,2021,6274.82
93,F,2022,6828.94
93,F,2023,7368.48
93,F,2024,7996.54
93,G,2020,10480.34
93,G,2021,11561.53
93,G,2022,12998.07
93,G,2023,14186.15
93,G,2024,15231.98
93,H,2020,1333.86
93,H,2021,1440.67
93,H,2022,1773.13
93,H,2023,2161.3
93,H,2024,2417.0
93,I,2020,1737.36
93,I,2021,1851.15
93,I,2022,2148.72
93,I,2023,2493.75
93,I,2024,2738.88
93,J,2020,5489.92
93,J,2021,5936.45
93,J,2022,6335.02
93,J,2023,6751.81
93,J,2024,7212.0
93,K,2020,1831.39
93,K,2021,1911.28
93,K,2022,2104.36
93,K,2023,2243.76
93,K,2024,2390.34
93,L,2020,1117.58
93,L,2021,1144.31
93,L,2022,1229.39
93,L,2023,1280.05
93,L,2024,1357.57
93,"M,N",2020,282.4
93,"M,N",2021,292.75
93,"M,N",2022,319.89
93,"M,N",2023,364.77
93,"M,N",2024,396.82
93,O,2020,2777.71
93,O,2021,2759.42
93,O,2022,2833.59
93,O,2023,2989.15
93,O,2024,3365.72
93,P,2020,4708.69
93,P,2021,4783.75
93,P,2022,4892.65
93,P,2023,5259.14
93,P,2024,5620.28
93,Q,2020,700.11
93,Q,2021,701.76
93,Q,2022,748.44
93,Q,2023,829.51
93,Q,2024,884.87
93,"R,S,T,U",2020,740.05
93,"R,S,T,U",2021,796.78
93,"R,S,T,U",2022,934.56
93,"R,S,T,U",2023,1024.98
93,"R,S,T,U",2024,1128.73
93,TOTAL,2020,76039.98
93,TOTAL,2021,81068.84
93,TOTAL,2022,88030.45
93,TOTAL,2023,95289.79
93,TOTAL,2024,102757.71
93,TANPA_MIGAS,2020,76039.98
93,TANPA_MIGAS,2021,81068.84
93,TANPA_MIGAS,2022,88030.45
93,TANPA_MIGAS,2023,95289.79
93,TANPA_MIGAS,2024,102757.71
94,A,2020,24081.01
94,A,2021,25028.72
94,A,2022,26054.37
94,A,2023,28014.46
94,A,2024,28778.05
94,B,2020,5913.07
94,B,2021,6229.8
94,B,2022,6743.45
94,B,2023,7087.38
94,B,2024,7432.71
94,C,2020,9422.28
94,C,2021,10585.83
94,C,2022,11599.14
94,C,2023,12708.65
94,C,2024,14093.46
94,D,2020,34.91
94,D,2021,35.8
94,D,2022,39.02
94,D,2023,41.9
94,D,2024,42.92
94,E,2020,49.71
94,E,2021,52.66
94,E,2022,56.61
94,E,2023,58.51
94,E,2024,61.02
94,F,2020,11362.04
94,F,2021,11892.21
94,F,2022,12986.41
94,F,2023,14011.85
94,F,2024,15295.58
94,G,2020,13120.38
94,G,2021,14287.01
94,G,2022,16147.42
94,G,2023,17710.29
94,G,2024,19226.41
94,H,2020,2369.89
94,H,2021,2377.92
94,H,2022,2969.1
94,H,2023,3569.99
94,H,2024,4026.84
94,I,2020,2105.92
94,I,2021,2270.05
94,I,2022,2699.5
94,I,2023,3042.06
94,I,2024,3421.47
94,J,2020,3887.66
94,J,2021,4185.34
94,J,2022,4446.0
94,J,2023,4804.71
94,J,2024,5259.17
94,K,2020,1449.27
94,K,2021,1517.53
94,K,2022,1632.97
94,K,2023,1756.21
94,K,2024,1866.65
94,L,2020,1301.74
94,L,2021,1344.64
94,L,2022,1442.5
94,L,2023,1505.22
94,L,2024,1590.34
94,"M,N",2020,186.23
94,"M,N",2021,192.93
94,"M,N",2022,206.37
94,"M,N",2023,229.41
94,"M,N",2024,312.96
94,O,2020,1845.59
94,O,2021,1819.14
94,O,2022,1873.29
94,O,2023,1988.24
94,O,2024,2310.26
94,P,2020,2681.29
94,P,2021,2706.6
94,P,2022,2755.37
94,P,2023,2945.67
94,P,2024,3194.15
94,Q,2020,351.71
94,Q,2021,373.53
94,Q,2022,402.15
94,Q,2023,431.31
94,Q,2024,457.42
94,"R,S,T,U",2020,940.19
94,"R,S,T,U",2021,1018.86
94,"R,S,T,U",2022,1225.27
94,"R,S,T,U",2023,1390.76
94,"R,S,T,U",2024,1553.19
94,TOTAL,2020,81102.88
94,TOTAL,2021,85918.57
94,TOTAL,2022,93278.95
94,TOTAL,2023,101296.62
94,TOTAL,2024,108922.59
94,TANPA_MIGAS,2020,81102.88
94,TANPA_MIGAS,2021,85918.57
94,TANPA_MIGAS,2022,93278.95
94,TANPA_MIGAS,2023,101296.62
94,TANPA_MIGAS,2024,108922.59
95,A,2020,5946.49
95,A,2021,6204.93
95,A,2022,6489.78
95,A,2023,6906.68
95,A,2024,7445.84
95,B,2020,373.69
95,B,2021,388.06
95,B,2022,425.65
95,B,2023,453.48
95,B,2024,462.88
95,C,2020,4762.09
95,C,2021,5140.41
95,C,2022,5788.78
95,C,2023,6300.31
95,C,2024,6691.3
95,D,2020,8.59
95,D,2021,9.01
95,D,2022,9.74
95,D,2023,10.59
95,D,2024,11.24
95,E,2020,14.5
95,E,2021,15.68
95,E,2022,16.12
95,E,2023,16.37
95,E,2024,16.35
95,F,2020,1822.06
95,F,2021,1852.41
95,F,2022,2091.2
95,F,2023,2282.93
95,F,2024,2439.95
95,G,2020,2879.94
95,G,2021,3136.5
95,G,2022,3520.24
95,G,2023,3880.21
95,G,2024,4188.1
95,H,2020,141.96
95,H,2021,158.08
95,H,2022,189.64
95,H,2023,224.7
95,H,2024,238.92
95,I,2020,125.73
95,I,2021,132.78
95,I,2022,155.04
95,I,2023,175.92
95,I,2024,190.51
95,J,2020,1110.7
95,J,2021,1188.01
95,J,2022,1236.89
95,J,2023,1339.17
95,J,2024,1437.82
95,K,2020,575.49
95,K,2021,596.56
95,K,2022,641.28
95,K,2023,693.49
95,K,2024,718.94
95,L,2020,238.22
95,L,2021,243.67
95,L,2022,259.97
95,L,2023,269.44
95,L,2024,278.47
95,"M,N",2020,73.42
95,"M,N",2021,76.35
95,"M,N",2022,81.73
95,"M,N",2023,89.4
95,"M,N",2024,97.12
95,O,2020,697.42
95,O,2021,697.89
95,O,2022,702.78
95,O,2023,709.43
95,O,2024,782.3
95,P,2020,724.71
95,P,2021,741.71
95,P,2022,764.93
95,P,2023,834.1
95,P,2024,910.09
95,Q,2020,156.88
95,Q,2021,167.71
95,Q,2022,175.56
95,Q,2023,187.16
95,Q,2024,198.24
95,"R,S,T,U",2020,283.69
95,"R,S,T,U",2021,302.49
95,"R,S,T,U",2022,352.51
95,"R,S,T,U",2023,399.97
95,"R,S,T,U",2024,435.0
95,TOTAL,2020,19935.59
95,TOTAL,2021,21052.23
95,TOTAL,2022,22901.86
95,TOTAL,2023,24773.36
95,TOTAL,2024,26543.06
95,TANPA_MIGAS,2020,19935.59
95,TANPA_MIGAS,2021,21052.23
95,TANPA_MIGAS,2022,22901.86
95,TANPA_MIGAS,2023,24773.36
95,TANPA_MIGAS,2024,26543.06
96,A,2020,6386.9
96,A,2021,6688.64
96,A,2022,7079.22
96,A,2023,7693.48
96,A,2024,8144.93
96,B,2020,364.96
96,B,2021,383.36
96,B,2022,407.21
96,B,2023,430.38
96,B,2024,438.5
96,C,2020,3839.76
96,C,2021,4140.96
96,C,2022,4673.75
96,C,2023,5190.59
96,C,2024,5683.25
96,D,2020,11.46
96,D,2021,11.66
96,D,2022,12.48
96,D,2023,12.98
96,D,2024,13.18
96,E,2020,24.45
96,E,2021,25.8
96,E,2022,26.26
96,E,2023,28.17
96,E,2024,28.98
96,F,2020,1371.73
96,F,2021,1380.18
96,F,2022,1532.89
96,F,2023,1655.93
96,F,2024,1728.03
96,G,2020,3034.7
96,G,2021,3347.49
96,G,2022,3728.34
96,G,2023,4072.3
96,G,2024,4322.82
96,H,2020,505.25
96,H,2021,534.9
96,H,2022,652.1
96,H,2023,776.24
96,H,2024,863.94
96,I,2020,353.47
96,I,2021,378.25
96,I,2022,428.35
96,I,2023,454.14
96,I,2024,498.87
96,J,2020,1060.07
96,J,2021,1131.85
96,J,2022,1209.93
96,J,2023,1313.47
96,J,2024,1429.4
96,K,2020,637.85
96,K,2021,662.33
96,K,2022,714.18
96,K,2023,772.62
96,K,2024,826.1
96,L,2020,320.46
96,L,2021,328.72
96,L,2022,347.6
96,L,2023,370.5
96,L,2024,384.79
96,"M,N",2020,85.79
96,"M,N",2021,88.89
96,"M,N",2022,95.82
96,"M,N",2023,103.71
96,"M,N",2024,113.38
96,O,2020,691.64
96,O,2021,690.09
96,O,2022,720.55
96,O,2023,731.71
96,O,2024,842.97
96,P,2020,808.95
96,P,2021,825.08
96,P,2022,838.91
96,P,2023,898.92
96,P,2024,1010.74
96,Q,2020,181.17
96,Q,2021,191.78
96,Q,2022,207.1
96,Q,2023,225.45
96,Q,2024,237.93
96,"R,S,T,U",2020,363.24
96,"R,S,T,U",2021,390.9
96,"R,S,T,U",2022,453.95
96,"R,S,T,U",2023,494.39
96,"R,S,T,U",2024,533.81
96,TOTAL,2020,20041.85
96,TOTAL,2021,21200.85
96,TOTAL,2022,23128.64
96,TOTAL,2023,25224.98
96,TOTAL,2024,27101.63
96,TANPA_MIGAS,2020,20041.85
96,TANPA_MIGAS,2021,21200.85
96,TANPA_MIGAS,2022,23128.64
96,TANPA_MIGAS,2023,25224.98
96,TANPA_MIGAS,2024,27101.63
97,A,2020,11345.41
97,A,2021,11779.67
97,A,2022,12795.67
97,A,2023,13680.73
97,A,2024,14501.26
97,B,2020,690.16
97,B,2021,709.26
97,B,2022,748.11
97,B,2023,840.41
97,B,2024,897.89
97,C,2020,8372.33
97,C,2021,9170.04
97,C,2022,10127.48
97,C,2023,11317.28
97,C,2024,12495.06
97,D,2020,311.16
97,D,2021,319.1
97,D,2022,344.5
97,D,2023,365.06
97,D,2024,382.75
97,E,2020,38.3
97,E,2021,38.93
97,E,2022,40.8
97,E,2023,42.69
97,E,2024,41.35
97,F,2020,2384.98
97,F,2021,2460.63
97,F,2022,2714.79
97,F,2023,2955.95
97,F,2024,3177.82
97,G,2020,4181.95
97,G,2021,4546.7
97,G,2022,5063.0
97,G,2023,5525.73
97,G,2024,5895.53
97,H,2020,327.84
97,H,2021,353.06
97,H,2022,426.68
97,H,2023,517.04
97,H,2024,585.15
97,I,2020,537.11
97,I,2021,573.25
97,I,2022,670.95
97,I,2023,742.54
97,I,2024,803.05
97,J,2020,982.23
97,J,2021,1029.92
97,J,2022,1080.23
97,J,2023,1134.89
97,J,2024,1218.56
97,K,2020,684.8
97,K,2021,706.44
97,K,2022,763.28
97,K,2023,837.89
97,K,2024,890.18
97,L,2020,823.63
97,L,2021,835.6
97,L,2022,877.88
97,L,2023,929.4
97,L,2024,973.3
97,"M,N",2020,121.2
97,"M,N",2021,124.49
97,"M,N",2022,132.71
97,"M,N",2023,147.9
97,"M,N",2024,166.23
97,O,2020,1183.63
97,O,2021,1172.42
97,O,2022,1206.68
97,O,2023,1269.44
97,O,2024,1423.48
97,P,2020,965.26
97,P,2021,967.62
97,P,2022,980.54
97,P,2023,1068.97
97,P,2024,1132.01
97,Q,2020,230.37
97,Q,2021,244.98
97,Q,2022,261.37
97,Q,2023,269.97
97,Q,2024,285.13
97,"R,S,T,U",2020,540.73
97,"R,S,T,U",2021,573.41
97,"R,S,T,U",2022,698.12
97,"R,S,T,U",2023,731.04
97,"R,S,T,U",2024,806.41
97,TOTAL,2020,33721.07
97,TOTAL,2021,35605.52
97,TOTAL,2022,38932.78
97,TOTAL,2023,42376.92
97,TOTAL,2024,45675.15
97,TANPA_MIGAS,2020,33721.07
97,TANPA_MIGAS,2021,35605.52
97,TANPA_MIGAS,2022,38932.78
97,TANPA_MIGAS,2023,42376.92
97,TANPA_MIGAS,2024,45675.15
98,A,2020,9876.59
98,A,2021,9798.7
98,A,2022,10376.35
98,A,2023,11061.77
98,A,2024,11551.4
98,B,2020,761.53
98,B,2021,799.74
98,B,2022,860.8
98,B,2023,919.5
98,B,2024,955.07
98,C,2020,85852.14
98,C,2021,94684.82
98,C,2022,104311.47
98,C,2023,112943.75
98,C,2024,122303.85
98,D,2020,1236.93
98,D,2021,1366.25
98,D,2022,1505.8
98,D,2023,1968.91
98,D,2024,2183.2
98,E,2020,49.12
98,E,2021,52.8
98,E,2022,55.23
98,E,2023,58.97
98,E,2024,63.32
98,F,2020,17378.76
98,F,2021,17599.63
98,F,2022,19138.65
98,F,2023,20100.47
98,F,2024,21431.59
98,G,2020,13466.65
98,G,2021,15066.46
98,G,2022,17009.29
98,G,2023,18580.46
98,G,2024,19816.09
98,H,2020,948.5
98,H,2021,1011.6
98,H,2022,1217.36
98,H,2023,1456.66
98,H,2024,1615.7
98,I,2020,5057.26
98,I,2021,5392.08
98,I,2022,6185.84
98,I,2023,6964.2
98,I,2024,7624.51
98,J,2020,4196.67
98,J,2021,4462.85
98,J,2022,4704.26
98,J,2023,5061.35
98,J,2024,5518.31
98,K,2020,1207.45
98,K,2021,1261.3
98,K,2022,1350.62
98,K,2023,1426.02
98,K,2024,1514.33
98,L,2020,1080.58
98,L,2021,1101.95
98,L,2022,1156.18
98,L,2023,1205.17
98,L,2024,1252.37
98,"M,N",2020,156.58
98,"M,N",2021,163.79
98,"M,N",2022,171.61
98,"M,N",2023,186.21
98,"M,N",2024,201.13
98,O,2020,1761.72
98,O,2021,1734.6
98,O,2022,1732.93
98,O,2023,1850.45
98,O,2024,2119.63
98,P,2020,1060.87
98,P,2021,1056.3
98,P,2022,1054.96
98,P,2023,1115.82
98,P,2024,1206.82
98,Q,2020,248.96
98,Q,2021,262.3
98,Q,2022,281.45
98,Q,2023,300.42
98,Q,2024,322.34
98,"R,S,T,U",2020,1251.72
98,"R,S,T,U",2021,1335.56
98,"R,S,T,U",2022,1541.35
98,"R,S,T,U",2023,1746.03
98,"R,S,T,U",2024,1985.48
98,TOTAL,2020,145592.02
98,TOTAL,2021,157150.73
98,TOTAL,2022,172654.17
98,TOTAL,2023,186946.17
98,TOTAL,2024,201665.14
98,TANPA_MIGAS,2020,145578.76
98,TANPA_MIGAS,2021,157137.34
98,TANPA_MIGAS,2022,172639.95
98,TANPA_MIGAS,2023,186931.67
98,TANPA_MIGAS,2024,201650.25
99,A,2020,4431.85
99,A,2021,4478.98
99,A,2022,4855.63
99,A,2023,5159.73
99,A,2024,5291.45
99,B,2020,123.9
99,B,2021,137.42
99,B,2022,99.6
99,B,2023,74.26
99,B,2024,70.13
99,C,2020,100918.68
99,C,2021,109461.9
99,C,2022,122667.84
99,C,2023,133046.5
99,C,2024,144199.37
99,D,2020,1666.7
99,D,2021,1784.97
99,D,2022,1973.52
99,D,2023,2695.73
99,D,2024,2939.15
99,E,2020,129.32
99,E,2021,139.82
99,E,2022,142.64
99,E,2023,148.77
99,E,2024,159.41
99,F,2020,17121.36
99,F,2021,16070.9
99,F,2022,17590.63
99,F,2023,18670.37
99,F,2024,20187.34
99,G,2020,31599.83
99,G,2021,35456.16
99,G,2022,40236.38
99,G,2023,44281.52
99,G,2024,47433.14
99,H,2020,14604.92
99,H,2021,15041.26
99,H,2022,27353.86
99,H,2023,37086.34
99,H,2024,41009.47
99,I,2020,6733.72
99,I,2021,7469.71
99,I,2022,8694.51
99,I,2023,9624.88
99,I,2024,10697.64
99,J,2020,7618.7
99,J,2021,7997.72
99,J,2022,8418.1
99,J,2023,8957.99
99,J,2024,9649.99
99,K,2020,2451.7
99,K,2021,2550.76
99,K,2022,2860.2
99,K,2023,3056.07
99,K,2024,3260.96
99,L,2020,1958.76
99,L,2021,1994.61
99,L,2022,2125.95
99,L,2023,2240.1
99,L,2024,2359.18
99,"M,N",2020,316.76
99,"M,N",2021,327.12
99,"M,N",2022,338.05
99,"M,N",2023,378.35
99,"M,N",2024,419.47
99,O,2020,3798.25
99,O,2021,3881.62
99,O,2022,3837.05
99,O,2023,3963.95
99,O,2024,4544.97
99,P,2020,2471.63
99,P,2021,2479.17
99,P,2022,2525.94
99,P,2023,2708.26
99,P,2024,2900.49
99,Q,2020,679.76
99,Q,2021,729.41
99,Q,2022,763.14
99,Q,2023,800.49
99,Q,2024,858.48
99,"R,S,T,U",2020,614.83
99,"R,S,T,U",2021,648.64
99,"R,S,T,U",2022,744.42
99,"R,S,T,U",2023,804.76
99,"R,S,T,U",2024,906.46
99,TOTAL,2020,197240.69
99,TOTAL,2021,210650.18
99,TOTAL,2022,245227.46
99,TOTAL,2023,273698.07
99,TOTAL,2024,296887.11
99,TANPA_MIGAS,2020,197134.4
99,TANPA_MIGAS,2021,210528.53
99,TANPA_MIGAS,2022,245143.41
99,TANPA_MIGAS,2023,273640.5
99,TANPA_MIGAS,2024,296834.72
100,A,2020,6522.87
100,A,2021,6687.59
100,A,2022,7219.8
100,A,2023,7905.49
100,A,2024,8160.98
100,B,2020,761.27
100,B,2021,813.57
100,B,2022,875.17
100,B,2023,929.08
100,B,2024,922.38
100,C,2020,44708.44
100,C,2021,48549.56
100,C,2022,54143.77
100,C,2023,59668.59
100,C,2024,65534.97
100,D,2020,52.54
100,D,2021,55.18
100,D,2022,58.44
100,D,2023,62.86
100,D,2024,65.57
100,E,2020,50.73
100,E,2021,54.43
100,E,2022,58.45
100,E,2023,61.72
100,E,2024,65.53
100,F,2020,7366.41
100,F,2021,7270.48
100,F,2022,7702.25
100,F,2023,7919.04
100,F,2024,8317.45
100,G,2020,8254.29
100,G,2021,8972.12
100,G,2022,9894.8
100,G,2023,10867.64
100,G,2024,11707.26
100,H,2020,1062.6
100,H,2021,1134.75
100,H,2022,1348.38
100,H,2023,1597.17
100,H,2024,1809.18
100,I,2020,1589.34
100,I,2021,1693.35
100,I,2022,1924.09
100,I,2023,2125.94
100,I,2024,2293.97
100,J,2020,4759.4
100,J,2021,4989.62
100,J,2022,5271.38
100,J,2023,5551.57
100,J,2024,5984.66
100,K,2020,1285.55
100,K,2021,1331.08
100,K,2022,1410.06
100,K,2023,1501.85
100,K,2024,1581.22
100,L,2020,1282.36
100,L,2021,1298.16
100,L,2022,1371.19
100,L,2023,1396.59
100,L,2024,1477.76
100,"M,N",2020,131.23
100,"M,N",2021,137.4
100,"M,N",2022,147.24
100,"M,N",2023,164.74
100,"M,N",2024,181.44
100,O,2020,2033.36
100,O,2021,2028.53
100,O,2022,2060.97
100,O,2023,2090.15
100,O,2024,2301.47
100,P,2020,1105.88
100,P,2021,1098.45
100,P,2022,1119.88
100,P,2023,1205.11
100,P,2024,1289.83
100,Q,2020,359.15
100,Q,2021,372.14
100,Q,2022,401.21
100,Q,2023,441.9
100,Q,2024,467.34
100,"R,S,T,U",2020,615.43
100,"R,S,T,U",2021,658.62
100,"R,S,T,U",2022,791.03
100,"R,S,T,U",2023,874.79
100,"R,S,T,U",2024,968.71
100,TOTAL,2020,81940.86
100,TOTAL,2021,87145.02
100,TOTAL,2022,95798.11
100,TOTAL,2023,104364.24
100,TOTAL,2024,113129.71
100,TANPA_MIGAS,2020,81938.98
100,TANPA_MIGAS,2021,87143.18
100,TANPA_MIGAS,2022,95796.31
100,TANPA_MIGAS,2023,104362.35
100,TANPA_MIGAS,2024,113127.88
101,A,2020,7542.46
101,A,2021,7614.5
101,A,2022,8173.14
101,A,2023,8890.46
101,A,2024,9372.38
101,B,2020,243.24
101,B,2021,249.83
101,B,2022,282.86
101,B,2023,298.85
101,B,2024,287.43
101,C,2020,8315.68
101,C,2021,8684.34
101,C,2022,9820.44
101,C,2023,10920.23
101,C,2024,11987.05
101,D,2020,26.83
101,D,2021,29.76
101,D,2022,31.73
101,D,2023,33.72
101,D,2024,35.98
101,E,2020,36.16
101,E,2021,37.39
101,E,2022,38.45
101,E,2023,40.53
101,E,2024,42.11
101,F,2020,4062.55
101,F,2021,4262.62
101,F,2022,4777.88
101,F,2023,5117.83
101,F,2024,5530.89
101,G,2020,9043.53
101,G,2021,9802.67
101,G,2022,10960.69
101,G,2023,11976.62
101,G,2024,12749.09
101,H,2020,472.63
101,H,2021,514.8
101,H,2022,637.61
101,H,2023,768.49
101,H,2024,866.92
101,I,2020,908.5
101,I,2021,959.37
101,I,2022,1080.44
101,I,2023,1186.84
101,I,2024,1316.8
101,J,2020,2773.88
101,J,2021,2939.58
101,J,2022,3062.16
101,J,2023,3184.86
101,J,2024,3457.8
101,K,2020,1053.73
101,K,2021,1082.73
101,K,2022,1170.81
101,K,2023,1241.0
101,K,2024,1338.51
101,L,2020,853.05
101,L,2021,876.69
101,L,2022,940.44
101,L,2023,1004.27
101,L,2024,1082.88
101,"M,N",2020,108.03
101,"M,N",2021,112.17
101,"M,N",2022,123.9
101,"M,N",2023,131.08
101,"M,N",2024,146.99
101,O,2020,1324.66
101,O,2021,1328.91
101,O,2022,1384.51
101,O,2023,1448.48
101,O,2024,1638.88
101,P,2020,2193.64
101,P,2021,2278.23
101,P,2022,2345.83
101,P,2023,2478.36
101,P,2024,2659.13
101,Q,2020,380.64
101,Q,2021,409.26
101,Q,2022,464.92
101,Q,2023,509.61
101,Q,2024,548.29
101,"R,S,T,U",2020,531.71
101,"R,S,T,U",2021,564.39
101,"R,S,T,U",2022,639.84
101,"R,S,T,U",2023,753.27
101,"R,S,T,U",2024,837.78
101,TOTAL,2020,39870.88
101,TOTAL,2021,41747.22
101,TOTAL,2022,45935.67
101,TOTAL,2023,49984.48
101,TOTAL,2024,53898.91
101,TANPA_MIGAS,2020,39870.88
101,TANPA_MIGAS,2021,41747.22
101,TANPA_MIGAS,2022,45935.67
101,TANPA_MIGAS,2023,49984.48
101,TANPA_MIGAS,2024,53898.91
102,A,2020,7767.69
102,A,2021,7950.25
102,A,2022,8422.27
102,A,2023,9189.53
102,A,2024,9761.2
102,B,2020,509.71
102,B,2021,533.88
102,B,2022,575.58
102,B,2023,632.5
102,B,2024,663.9
102,C,2020,3783.71
102,C,2021,4188.85
102,C,2022,4897.91
102,C,2023,5368.78
102,C,2024,5916.48
102,D,2020,13.02
102,D,2021,13.78
102,D,2022,15.02
102,D,2023,16.57
102,D,2024,17.55
102,E,2020,29.96
102,E,2021,32.39
102,E,2022,35.51
102,E,2023,37.37
102,E,2024,39.26
102,F,2020,2742.97
102,F,2021,2870.14
102,F,2022,3274.8
102,F,2023,3526.93
102,F,2024,3822.46
102,G,2020,5206.09
102,G,2021,5636.35
102,G,2022,6235.16
102,G,2023,6840.49
102,G,2024,7292.81
102,H,2020,407.62
102,H,2021,450.61
102,H,2022,552.98
102,H,2023,682.5
102,H,2024,773.76
102,I,2020,496.89
102,I,2021,540.96
102,I,2022,596.76
102,I,2023,677.08
102,I,2024,744.1
102,J,2020,1254.05
102,J,2021,1334.42
102,J,2022,1426.8
102,J,2023,1544.36
102,J,2024,1696.73
102,K,2020,590.47
102,K,2021,614.31
102,K,2022,665.21
102,K,2023,711.85
102,K,2024,769.38
102,L,2020,461.04
102,L,2021,473.51
102,L,2022,505.35
102,L,2023,527.27
102,L,2024,545.5
102,"M,N",2020,86.17
102,"M,N",2021,88.81
102,"M,N",2022,95.03
102,"M,N",2023,106.44
102,"M,N",2024,116.73
102,O,2020,1371.09
102,O,2021,1374.86
102,O,2022,1427.87
102,O,2023,1476.93
102,O,2024,1613.7
102,P,2020,1043.12
102,P,2021,1050.94
102,P,2022,1075.41
102,P,2023,1161.25
102,P,2024,1229.19
102,Q,2020,181.5
102,Q,2021,195.22
102,Q,2022,210.3
102,Q,2023,228.27
102,Q,2024,241.4
102,"R,S,T,U",2020,656.05
102,"R,S,T,U",2021,704.04
102,"R,S,T,U",2022,807.78
102,"R,S,T,U",2023,918.82
102,"R,S,T,U",2024,1026.41
102,TOTAL,2020,26601.16
102,TOTAL,2021,28053.33
102,TOTAL,2022,30819.75
102,TOTAL,2023,33646.95
102,TOTAL,2024,36270.56
102,TANPA_MIGAS,2020,26601.16
102,TANPA_MIGAS,2021,28053.33
102,TANPA_MIGAS,2022,30819.75
102,TANPA_MIGAS,2023,33646.95
102,TANPA_MIGAS,2024,36270.56
103,A,2020,5584.02
103,A,2021,5614.61
103,A,2022,5799.02
103,A,2023,6330.56
103,A,2024,6566.25
103,B,2020,171.62
103,B,2021,175.49
103,B,2022,184.48
103,B,2023,200.73
103,B,2024,203.63
103,C,2020,2329.45
103,C,2021,2600.95
103,C,2022,3048.73
103,C,2023,3435.19
103,C,2024,3721.65
103,D,2020,18.69
103,D,2021,20.01
103,D,2022,21.71
103,D,2023,24.02
103,D,2024,25.46
103,E,2020,29.36
103,E,2021,31.92
103,E,2022,35.22
103,E,2023,37.48
103,E,2024,39.56
103,F,2020,2358.09
103,F,2021,2402.94
103,F,2022,2714.59
103,F,2023,2931.42
103,F,2024,3146.55
103,G,2020,3176.18
103,G,2021,3450.45
103,G,2022,3844.16
103,G,2023,4208.54
103,G,2024,4558.45
103,H,2020,327.37
103,H,2021,358.65
103,H,2022,441.25
103,H,2023,531.31
103,H,2024,600.44
103,I,2020,427.62
103,I,2021,472.82
103,I,2022,536.23
103,I,2023,605.73
103,I,2024,674.1
103,J,2020,1344.34
103,J,2021,1420.46
103,J,2022,1508.49
103,J,2023,1613.1
103,J,2024,1702.27
103,K,2020,518.33
103,K,2021,543.37
103,K,2022,621.25
103,K,2023,678.73
103,K,2024,724.92
103,L,2020,350.01
103,L,2021,362.64
103,L,2022,385.81
103,L,2023,416.66
103,L,2024,435.65
103,"M,N",2020,65.14
103,"M,N",2021,67.24
103,"M,N",2022,70.8
103,"M,N",2023,75.96
103,"M,N",2024,85.37
103,O,2020,1112.75
103,O,2021,1130.46
103,O,2022,1140.99
103,O,2023,1172.03
103,O,2024,1347.09
103,P,2020,799.76
103,P,2021,801.22
103,P,2022,837.14
103,P,2023,853.77
103,P,2024,935.1
103,Q,2020,170.05
103,Q,2021,163.98
103,Q,2022,176.21
103,Q,2023,190.54
103,Q,2024,200.39
103,"R,S,T,U",2020,383.78
103,"R,S,T,U",2021,407.2
103,"R,S,T,U",2022,493.28
103,"R,S,T,U",2023,527.21
103,"R,S,T,U",2024,581.68
103,TOTAL,2020,19166.56
103,TOTAL,2021,20024.41
103,TOTAL,2022,21859.38
103,TOTAL,2023,23833.01
103,TOTAL,2024,25548.56
103,TANPA_MIGAS,2020,19161.61
103,TANPA_MIGAS,2021,20018.3
103,TANPA_MIGAS,2022,21852.79
103,TANPA_MIGAS,2023,23825.31
103,TANPA_MIGAS,2024,25541.19
104,A,2020,9963.52
104,A,2021,9856.54
104,A,2022,10875.99
104,A,2023,11687.85
104,A,2024,12059.65
104,B,2020,30507.96
104,B,2021,42594.56
104,B,2022,54559.34
104,B,2023,48476.34
104,B,2024,48397.04
104,C,2020,4764.0
104,C,2021,5148.68
104,C,2022,5720.4
104,C,2023,6267.95
104,C,2024,7078.09
104,D,2020,18.15
104,D,2021,19.18
104,D,2022,21.04
104,D,2023,23.96
104,D,2024,26.06
104,E,2020,24.65
104,E,2021,26.65
104,E,2022,27.76
104,E,2023,29.41
104,E,2024,31.4
104,F,2020,5450.14
104,F,2021,5720.77
104,F,2022,6446.94
104,F,2023,6782.39
104,F,2024,7314.93
104,G,2020,6337.69
104,G,2021,6972.73
104,G,2022,7846.42
104,G,2023,8498.89
104,G,2024,9159.84
104,H,2020,810.08
104,H,2021,891.78
104,H,2022,1151.99
104,H,2023,1436.13
104,H,2024,1643.95
104,I,2020,696.85
104,I,2021,761.9
104,I,2022,896.95
104,I,2023,992.64
104,I,2024,1107.88
104,J,2020,4758.73
104,J,2021,5128.77
104,J,2022,5484.53
104,J,2023,5868.43
104,J,2024,6286.57
104,K,2020,1081.42
104,K,2021,1124.82
104,K,2022,1232.91
104,K,2023,1308.7
104,K,2024,1405.61
104,L,2020,930.73
104,L,2021,964.28
104,L,2022,1041.48
104,L,2023,1122.87
104,L,2024,1195.51
104,"M,N",2020,106.96
104,"M,N",2021,111.84
104,"M,N",2022,122.89
104,"M,N",2023,138.83
104,"M,N",2024,153.46
104,O,2020,3146.93
104,O,2021,3141.79
104,O,2022,3201.68
104,O,2023,3299.9
104,O,2024,3699.78
104,P,2020,822.5
104,P,2021,838.8
104,P,2022,858.42
104,P,2023,924.66
104,P,2024,1003.26
104,Q,2020,321.71
104,Q,2021,344.54
104,Q,2022,371.34
104,Q,2023,392.03
104,Q,2024,428.93
104,"R,S,T,U",2020,516.5
104,"R,S,T,U",2021,553.26
104,"R,S,T,U",2022,632.79
104,"R,S,T,U",2023,720.86
104,"R,S,T,U",2024,802.13
104,TOTAL,2020,70258.51
104,TOTAL,2021,84200.91
104,TOTAL,2022,100492.89
104,TOTAL,2023,97971.82
104,TOTAL,2024,101794.09
104,TANPA_MIGAS,2020,39976.25
104,TANPA_MIGAS,2021,41871.02
104,TANPA_MIGAS,2022,46326.7
104,TANPA_MIGAS,2023,49943.08
104,TANPA_MIGAS,2024,53848.72
105,A,2020,5744.39
105,A,2021,5820.79
105,A,2022,6172.99
105,A,2023,6486.07
105,A,2024,6780.36
105,B,2020,268.27
105,B,2021,289.32
105,B,2022,296.24
105,B,2023,312.41
105,B,2024,312.18
105,C,2020,2023.18
105,C,2021,2189.52
105,C,2022,2490.9
105,C,2023,2804.55
105,C,2024,3017.02
105,D,2020,10.57
105,D,2021,10.84
105,D,2022,11.84
105,D,2023,15.26
105,D,2024,16.27
105,E,2020,34.48
105,E,2021,36.37
105,E,2022,39.95
105,E,2023,41.87
105,E,2024,44.41
105,F,2020,1438.16
105,F,2021,1518.07
105,F,2022,1672.7
105,F,2023,1781.85
105,F,2024,1923.38
105,G,2020,2904.52
105,G,2021,3116.12
105,G,2022,3443.69
105,G,2023,3765.04
105,G,2024,3992.91
105,H,2020,282.38
105,H,2021,313.07
105,H,2022,388.12
105,H,2023,471.78
105,H,2024,540.74
105,I,2020,798.49
105,I,2021,856.4
105,I,2022,986.55
105,I,2023,1140.67
105,I,2024,1261.72
105,J,2020,1354.16
105,J,2021,1433.28
105,J,2022,1498.05
105,J,2023,1608.73
105,J,2024,1733.24
105,K,2020,491.99
105,K,2021,505.14
105,K,2022,542.02
105,K,2023,571.82
105,K,2024,614.68
105,L,2020,270.88
105,L,2021,278.37
105,L,2022,293.66
105,L,2023,306.16
105,L,2024,318.34
105,"M,N",2020,64.26
105,"M,N",2021,65.97
105,"M,N",2022,68.95
105,"M,N",2023,76.35
105,"M,N",2024,82.51
105,O,2020,1553.0
105,O,2021,1534.66
105,O,2022,1547.53
105,O,2023,1617.93
105,O,2024,1837.01
105,P,2020,795.68
105,P,2021,826.59
105,P,2022,833.6
105,P,2023,909.61
105,P,2024,998.94
105,Q,2020,189.62
105,Q,2021,203.67
105,Q,2022,217.01
105,Q,2023,234.27
105,Q,2024,253.25
105,"R,S,T,U",2020,547.74
105,"R,S,T,U",2021,589.68
105,"R,S,T,U",2022,690.94
105,"R,S,T,U",2023,777.9
105,"R,S,T,U",2024,850.33
105,TOTAL,2020,18771.76
105,TOTAL,2021,19587.87
105,TOTAL,2022,21194.74
105,TOTAL,2023,22922.28
105,TOTAL,2024,24577.3
105,TANPA_MIGAS,2020,18771.76
105,TANPA_MIGAS,2021,19587.87
105,TANPA_MIGAS,2022,21194.74
105,TANPA_MIGAS,2023,22922.28
105,TANPA_MIGAS,2024,24577.3
106,A,2020,7162.44
106,A,2021,7035.25
106,A,2022,7394.59
106,A,2023,7991.89
106,A,2024,8313.75
106,B,2020,248.19
106,B,2021,258.84
106,B,2022,280.53
106,B,2023,304.66
106,B,2024,316.02
106,C,2020,1770.67
106,C,2021,1937.59
106,C,2022,2182.98
106,C,2023,2401.03
106,C,2024,2624.38
106,D,2020,19.07
106,D,2021,20.2
106,D,2022,21.63
106,D,2023,23.28
106,D,2024,24.6
106,E,2020,23.69
106,E,2021,25.51
106,E,2022,26.88
106,E,2023,28.08
106,E,2024,29.74
106,F,2020,1765.63
106,F,2021,1815.75
106,F,2022,2039.7
106,F,2023,2224.04
106,F,2024,2399.26
106,G,2020,3289.9
106,G,2021,3501.37
106,G,2022,3888.33
106,G,2023,4261.86
106,G,2024,4551.43
106,H,2020,272.73
106,H,2021,303.64
106,H,2022,379.31
106,H,2023,448.26
106,H,2024,504.18
106,I,2020,501.3
106,I,2021,548.13
106,I,2022,620.18
106,I,2023,684.56
106,I,2024,762.23
106,J,2020,1406.23
106,J,2021,1494.95
106,J,2022,1549.87
106,J,2023,1631.39
106,J,2024,1737.36
106,K,2020,519.25
106,K,2021,538.66
106,K,2022,579.63
106,K,2023,604.15
106,K,2024,633.28
106,L,2020,287.11
106,L,2021,289.26
106,L,2022,304.38
106,L,2023,320.16
106,L,2024,332.37
106,"M,N",2020,69.86
106,"M,N",2021,71.39
106,"M,N",2022,73.93
106,"M,N",2023,77.2
106,"M,N",2024,84.35
106,O,2020,1135.94
106,O,2021,1129.7
106,O,2022,1159.57
106,O,2023,1205.96
106,O,2024,1361.3
106,P,2020,1177.73
106,P,2021,1171.21
106,P,2022,1198.43
106,P,2023,1293.8
106,P,2024,1368.71
106,Q,2020,204.78
106,Q,2021,220.45
106,Q,2022,232.97
106,Q,2023,245.91
106,Q,2024,259.68
106,"R,S,T,U",2020,416.46
106,"R,S,T,U",2021,452.57
106,"R,S,T,U",2022,522.03
106,"R,S,T,U",2023,578.43
106,"R,S,T,U",2024,642.2
106,TOTAL,2020,20270.97
106,TOTAL,2021,20814.46
106,TOTAL,2022,22454.95
106,TOTAL,2023,24324.65
106,TOTAL,2024,25944.84
106,TANPA_MIGAS,2020,20269.37
106,TANPA_MIGAS,2021,20812.82
106,TANPA_MIGAS,2022,22453.27
106,TANPA_MIGAS,2023,24323.82
106,TANPA_MIGAS,2024,25944.5
107,A,2020,12620.25
107,A,2021,13076.58
107,A,2022,14261.5
107,A,2023,15146.31
107,A,2024,15988.75
107,B,2020,5573.9
107,B,2021,6039.16
107,B,2022,6788.64
107,B,2023,7431.3
107,B,2024,7711.82
107,C,2020,17263.27
107,C,2021,18466.51
107,C,2022,22972.89
107,C,2023,25125.59
107,C,2024,26311.59
107,D,2020,67.72
107,D,2021,72.45
107,D,2022,75.73
107,D,2023,77.65
107,D,2024,84.39
107,E,2020,38.35
107,E,2021,41.28
107,E,2022,44.17
107,E,2023,47.16
107,E,2024,50.48
107,F,2020,7639.26
107,F,2021,7665.21
107,F,2022,8348.44
107,F,2023,9042.02
107,F,2024,9828.11
107,G,2020,8367.42
107,G,2021,9229.83
107,G,2022,10403.26
107,G,2023,11558.44
107,G,2024,12346.43
107,H,2020,468.56
107,H,2021,505.0
107,H,2022,616.06
107,H,2023,746.62
107,H,2024,838.96
107,I,2020,615.87
107,I,2021,662.84
107,I,2022,744.55
107,I,2023,843.06
107,I,2024,933.26
107,J,2020,3294.49
107,J,2021,3584.84
107,J,2022,3948.56
107,J,2023,4333.79
107,J,2024,4771.45
107,K,2020,1401.99
107,K,2021,1454.68
107,K,2022,1548.94
107,K,2023,1626.52
107,K,2024,1769.16
107,L,2020,985.75
107,L,2021,1024.68
107,L,2022,1080.92
107,L,2023,1161.24
107,L,2024,1243.53
107,"M,N",2020,138.06
107,"M,N",2021,141.91
107,"M,N",2022,150.73
107,"M,N",2023,162.51
107,"M,N",2024,185.3
107,O,2020,1596.97
107,O,2021,1594.21
107,O,2022,1678.13
107,O,2023,1778.8
107,O,2024,1967.87
107,P,2020,1130.33
107,P,2021,1132.2
107,P,2022,1161.04
107,P,2023,1235.46
107,P,2024,1370.39
107,Q,2020,389.92
107,Q,2021,419.97
107,Q,2022,447.84
107,Q,2023,491.51
107,Q,2024,533.78
107,"R,S,T,U",2020,730.96
107,"R,S,T,U",2021,800.38
107,"R,S,T,U",2022,916.25
107,"R,S,T,U",2023,1052.07
107,"R,S,T,U",2024,1175.69
107,TOTAL,2020,62323.07
107,TOTAL,2021,65911.73
107,TOTAL,2022,75187.65
107,TOTAL,2023,81860.06
107,TOTAL,2024,87110.99
107,TANPA_MIGAS,2020,61910.22
107,TANPA_MIGAS,2021,65338.76
107,TANPA_MIGAS,2022,74395.73
107,TANPA_MIGAS,2023,81058.94
107,TANPA_MIGAS,2024,86311.58
108,A,2020,13566.57
108,A,2021,13543.06
108,A,2022,14925.13
108,A,2023,15428.89
108,A,2024,15672.97
108,B,2020,535.92
108,B,2021,605.42
108,B,2022,688.23
108,B,2023,845.53
108,B,2024,850.94
108,C,2020,4137.78
108,C,2021,4628.59
108,C,2022,5170.92
108,C,2023,5745.97
108,C,2024,6371.48
108,D,2020,26.67
108,D,2021,29.0
108,D,2022,31.74
108,D,2023,35.01
108,D,2024,36.35
108,E,2020,44.52
108,E,2021,46.98
108,E,2022,48.96
108,E,2023,52.67
108,E,2024,58.12
108,F,2020,4332.0
108,F,2021,4509.95
108,F,2022,5033.91
108,F,2023,5498.88
108,F,2024,5988.69
108,G,2020,7121.84
108,G,2021,7772.7
108,G,2022,8814.86
108,G,2023,9643.96
108,G,2024,10309.33
108,H,2020,324.05
108,H,2021,351.94
108,H,2022,433.2
108,H,2023,524.92
108,H,2024,595.46
108,I,2020,641.45
108,I,2021,696.3
108,I,2022,795.76
108,I,2023,921.24
108,I,2024,1030.99
108,J,2020,2855.01
108,J,2021,3085.49
108,J,2022,3290.89
108,J,2023,3567.66
108,J,2024,3854.02
108,K,2020,825.81
108,K,2021,853.94
108,K,2022,928.5
108,K,2023,1003.95
108,K,2024,1078.27
108,L,2020,937.2
108,L,2021,984.06
108,L,2022,1066.62
108,L,2023,1128.95
108,L,2024,1209.43
108,"M,N",2020,108.09
108,"M,N",2021,114.75
108,"M,N",2022,121.59
108,"M,N",2023,134.45
108,"M,N",2024,148.05
108,O,2020,1625.85
108,O,2021,1632.53
108,O,2022,1742.54
108,O,2023,1797.23
108,O,2024,1994.99
108,P,2020,1084.0
108,P,2021,1109.83
108,P,2022,1127.62
108,P,2023,1219.14
108,P,2024,1324.16
108,Q,2020,385.92
108,Q,2021,415.73
108,Q,2022,437.24
108,Q,2023,467.29
108,Q,2024,517.01
108,"R,S,T,U",2020,616.9
108,"R,S,T,U",2021,662.62
108,"R,S,T,U",2022,783.35
108,"R,S,T,U",2023,911.58
108,"R,S,T,U",2024,1036.63
108,TOTAL,2020,39169.59
108,TOTAL,2021,41042.89
108,TOTAL,2022,45441.05
108,TOTAL,2023,48927.3
108,TOTAL,2024,52076.88
108,TANPA_MIGAS,2020,39169.59
108,TANPA_MIGAS,2021,41042.89
108,TANPA_MIGAS,2022,45441.05
108,TANPA_MIGAS,2023,48927.3
108,TANPA_MIGAS,2024,52076.88
109,A,2020,10337.08
109,A,2021,10160.48
109,A,2022,11085.25
109,A,2023,11969.33
109,A,2024,12352.11
109,B,2020,8000.41
109,B,2021,10034.94
109,B,2022,13757.11
109,B,2023,12126.94
109,B,2024,11575.1
109,C,2020,66583.6
109,C,2021,72264.74
109,C,2022,81039.11
109,C,2023,88719.44
109,C,2024,96658.21
109,D,2020,682.84
109,D,2021,683.07
109,D,2022,733.13
109,D,2023,765.89
109,D,2024,803.73
109,E,2020,88.8
109,E,2021,98.56
109,E,2022,105.71
109,E,2023,112.58
109,E,2024,119.74
109,F,2020,12642.99
109,F,2021,12903.96
109,F,2022,14327.94
109,F,2023,15484.98
109,F,2024,16343.28
109,G,2020,16742.78
109,G,2021,18260.5
109,G,2022,20775.08
109,G,2023,22770.34
109,G,2024,24312.14
109,H,2020,3334.17
109,H,2021,3431.93
109,H,2022,4096.71
109,H,2023,4893.73
109,H,2024,5407.01
109,I,2020,1785.41
109,I,2021,1958.41
109,I,2022,2232.16
109,I,2023,2495.87
109,I,2024,2724.15
109,J,2020,6021.5
109,J,2021,6470.87
109,J,2022,6790.45
109,J,2023,7335.5
109,J,2024,7920.73
109,K,2020,1612.73
109,K,2021,1675.36
109,K,2022,1853.62
109,K,2023,1979.39
109,K,2024,2121.85
109,L,2020,1874.36
109,L,2021,2015.92
109,L,2022,2170.38
109,L,2023,2285.03
109,L,2024,2396.61
109,"M,N",2020,430.9
109,"M,N",2021,446.03
109,"M,N",2022,482.81
109,"M,N",2023,534.48
109,"M,N",2024,586.18
109,O,2020,1893.9
109,O,2021,1896.02
109,O,2022,1961.23
109,O,2023,2069.32
109,O,2024,2358.7
109,P,2020,1266.38
109,P,2021,1305.95
109,P,2022,1332.16
109,P,2023,1456.29
109,P,2024,1551.63
109,Q,2020,602.43
109,Q,2021,646.79
109,Q,2022,664.82
109,Q,2023,712.26
109,Q,2024,766.17
109,"R,S,T,U",2020,368.27
109,"R,S,T,U",2021,402.54
109,"R,S,T,U",2022,500.27
109,"R,S,T,U",2023,549.62
109,"R,S,T,U",2024,607.18
109,TOTAL,2020,134268.56
109,TOTAL,2021,144656.07
109,TOTAL,2022,163907.91
109,TOTAL,2023,176261.0
109,TOTAL,2024,188604.51
109,TANPA_MIGAS,2020,127707.65
109,TANPA_MIGAS,2021,136204.37
109,TANPA_MIGAS,2022,151747.21
109,TANPA_MIGAS,2023,165915.22
109,TANPA_MIGAS,2024,178948.61
110,A,2020,5457.59
110,A,2021,5717.06
110,A,2022,6247.75
110,A,2023,6616.63
110,A,2024,6943.0
110,B,2020,585.22
110,B,2021,598.31
110,B,2022,636.84
110,B,2023,762.7
110,B,2024,831.27
110,C,2020,1137.47
110,C,2021,1237.29
110,C,2022,1380.21
110,C,2023,1560.22
110,C,2024,1741.64
110,D,2020,8.51
110,D,2021,8.93
110,D,2022,9.66
110,D,2023,10.5
110,D,2024,11.28
110,E,2020,13.12
110,E,2021,13.88
110,E,2022,14.9
110,E,2023,15.97
110,E,2024,16.8
110,F,2020,1755.16
110,F,2021,1817.24
110,F,2022,1984.92
110,F,2023,2175.95
110,F,2024,2400.91
110,G,2020,3386.9
110,G,2021,3659.68
110,G,2022,4082.37
110,G,2023,4474.09
110,G,2024,4827.45
110,H,2020,267.28
110,H,2021,289.1
110,H,2022,352.41
110,H,2023,426.11
110,H,2024,487.27
110,I,2020,109.68
110,I,2021,117.67
110,I,2022,133.64
110,I,2023,148.8
110,I,2024,160.92
110,J,2020,1127.09
110,J,2021,1209.35
110,J,2022,1281.04
110,J,2023,1366.92
110,J,2024,1445.98
110,K,2020,331.5
110,K,2021,341.45
110,K,2022,366.47
110,K,2023,402.03
110,K,2024,435.05
110,L,2020,322.64
110,L,2021,326.38
110,L,2022,350.3
110,L,2023,368.94
110,L,2024,392.21
110,"M,N",2020,64.51
110,"M,N",2021,66.7
110,"M,N",2022,68.37
110,"M,N",2023,78.44
110,"M,N",2024,85.22
110,O,2020,1183.53
110,O,2021,1183.13
110,O,2022,1227.11
110,O,2023,1274.05
110,O,2024,1406.73
110,P,2020,752.19
110,P,2021,764.52
110,P,2022,784.62
110,P,2023,831.63
110,P,2024,907.37
110,Q,2020,137.25
110,Q,2021,144.62
110,Q,2022,154.67
110,Q,2023,163.2
110,Q,2024,173.92
110,"R,S,T,U",2020,154.2
110,"R,S,T,U",2021,163.9
110,"R,S,T,U",2022,188.07
110,"R,S,T,U",2023,205.05
110,"R,S,T,U",2024,225.15
110,TOTAL,2020,16793.85
110,TOTAL,2021,17659.22
110,TOTAL,2022,19263.35
110,TOTAL,2023,20881.25
110,TOTAL,2024,22492.18
110,TANPA_MIGAS,2020,16793.85
110,TANPA_MIGAS,2021,17659.22
110,TANPA_MIGAS,2022,19263.35
110,TANPA_MIGAS,2023,20881.25
110,TANPA_MIGAS,2024,22492.18
111,A,2020,5975.62
111,A,2021,5961.28
111,A,2022,6538.4
111,A,2023,6496.28
111,A,2024,5974.91
111,B,2020,4049.26
111,B,2021,4889.83
111,B,2022,5228.65
111,B,2023,4300.58
111,B,2024,4213.15
111,C,2020,573.62
111,C,2021,605.7
111,C,2022,692.37
111,C,2023,769.41
111,C,2024,873.9
111,D,2020,10.2
111,D,2021,10.44
111,D,2022,11.35
111,D,2023,13.02
111,D,2024,14.09
111,E,2020,22.24
111,E,2021,23.95
111,E,2022,26.41
111,E,2023,28.72
111,E,2024,31.96
111,F,2020,3331.3
111,F,2021,3407.85
111,F,2022,3868.75
111,F,2023,4191.26
111,F,2024,4593.27
111,G,2020,3789.95
111,G,2021,4156.82
111,G,2022,4673.87
111,G,2023,5262.35
111,G,2024,5610.84
111,H,2020,337.08
111,H,2021,352.89
111,H,2022,444.75
111,H,2023,534.71
111,H,2024,602.91
111,I,2020,298.75
111,I,2021,325.47
111,I,2022,365.35
111,I,2023,427.41
111,I,2024,487.62
111,J,2020,1252.97
111,J,2021,1334.71
111,J,2022,1417.07
111,J,2023,1606.87
111,J,2024,1818.12
111,K,2020,436.05
111,K,2021,449.41
111,K,2022,490.71
111,K,2023,522.8
111,K,2024,558.02
111,L,2020,296.51
111,L,2021,305.46
111,L,2022,326.82
111,L,2023,348.6
111,L,2024,394.32
111,"M,N",2020,62.52
111,"M,N",2021,64.26
111,"M,N",2022,65.78
111,"M,N",2023,67.91
111,"M,N",2024,74.44
111,O,2020,1604.55
111,O,2021,1596.09
111,O,2022,1686.63
111,O,2023,1736.64
111,O,2024,1950.88
111,P,2020,997.03
111,P,2021,1003.71
111,P,2022,1023.84
111,P,2023,1103.06
111,P,2024,1180.07
111,Q,2020,101.88
111,Q,2021,108.59
111,Q,2022,117.68
111,Q,2023,132.71
111,Q,2024,141.01
111,"R,S,T,U",2020,150.49
111,"R,S,T,U",2021,160.25
111,"R,S,T,U",2022,185.81
111,"R,S,T,U",2023,197.67
111,"R,S,T,U",2024,219.26
111,TOTAL,2020,23290.01
111,TOTAL,2021,24756.71
111,TOTAL,2022,27164.2
111,TOTAL,2023,27740.03
111,TOTAL,2024,28738.77
111,TANPA_MIGAS,2020,19586.5
111,TANPA_MIGAS,2021,20228.37
111,TANPA_MIGAS,2022,22323.92
111,TANPA_MIGAS,2023,23861.5
111,TANPA_MIGAS,2024,24981.3
112,A,2020,6488.93
112,A,2021,6494.69
112,A,2022,7227.2
112,A,2023,7377.38
112,A,2024,7154.78
112,B,2020,3002.72
112,B,2021,3351.29
112,B,2022,4007.9
112,B,2023,3739.05
112,B,2024,3604.18
112,C,2020,715.51
112,C,2021,745.67
112,C,2022,841.25
112,C,2023,928.39
112,C,2024,1039.85
112,D,2020,6.71
112,D,2021,7.23
112,D,2022,7.88
112,D,2023,8.29
112,D,2024,9.16
112,E,2020,15.15
112,E,2021,16.43
112,E,2022,18.17
112,E,2023,18.82
112,E,2024,19.65
112,F,2020,2099.22
112,F,2021,2144.99
112,F,2022,2408.67
112,F,2023,2715.92
112,F,2024,3019.27
112,G,2020,3577.53
112,G,2021,3794.98
112,G,2022,4200.02
112,G,2023,4620.67
112,G,2024,4970.86
112,H,2020,203.03
112,H,2021,216.43
112,H,2022,261.41
112,H,2023,320.27
112,H,2024,363.53
112,I,2020,83.19
112,I,2021,89.65
112,I,2022,101.16
112,I,2023,112.14
112,I,2024,119.02
112,J,2020,1052.95
112,J,2021,1123.95
112,J,2022,1170.04
112,J,2023,1272.23
112,J,2024,1352.73
112,K,2020,289.76
112,K,2021,298.51
112,K,2022,317.46
112,K,2023,334.84
112,K,2024,348.69
112,L,2020,267.75
112,L,2021,287.89
112,L,2022,302.35
112,L,2023,319.64
112,L,2024,339.07
112,"M,N",2020,58.72
112,"M,N",2021,59.35
112,"M,N",2022,61.7
112,"M,N",2023,71.11
112,"M,N",2024,78.41
112,O,2020,990.63
112,O,2021,982.91
112,O,2022,1011.28
112,O,2023,1079.55
112,O,2024,1207.79
112,P,2020,702.1
112,P,2021,718.93
112,P,2022,731.75
112,P,2023,785.07
112,P,2024,840.8
112,Q,2020,121.0
112,Q,2021,129.08
112,Q,2022,137.06
112,Q,2023,145.55
112,Q,2024,152.74
112,"R,S,T,U",2020,167.67
112,"R,S,T,U",2021,176.86
112,"R,S,T,U",2022,204.03
112,"R,S,T,U",2023,237.74
112,"R,S,T,U",2024,261.26
112,TOTAL,2020,19842.57
112,TOTAL,2021,20638.85
112,TOTAL,2022,23009.31
112,TOTAL,2023,24086.65
112,TOTAL,2024,24881.79
112,TANPA_MIGAS,2020,17857.9
112,TANPA_MIGAS,2021,18355.32
112,TANPA_MIGAS,2022,20253.38
112,TANPA_MIGAS,2023,21893.53
112,TANPA_MIGAS,2024,22985.92
113,A,2020,13077.8
113,A,2021,13677.6
113,A,2022,15190.49
113,A,2023,16357.24
113,A,2024,16820.61
113,B,2020,5130.04
113,B,2021,6095.89
113,B,2022,7946.74
113,B,2023,7757.87
113,B,2024,7705.05
113,C,2020,2015.78
113,C,2021,2198.07
113,C,2022,2455.13
113,C,2023,2721.09
113,C,2024,3042.55
113,D,2020,10.1
113,D,2021,10.52
113,D,2022,11.39
113,D,2023,12.5
113,D,2024,13.47
113,E,2020,14.34
113,E,2021,15.28
113,E,2022,16.51
113,E,2023,17.19
113,E,2024,18.14
113,F,2020,2327.21
113,F,2021,2421.04
113,F,2022,2761.89
113,F,2023,3134.31
113,F,2024,3567.07
113,G,2020,3997.14
113,G,2021,4389.69
113,G,2022,4886.33
113,G,2023,5354.14
113,G,2024,5783.78
113,H,2020,365.08
113,H,2021,389.5
113,H,2022,486.6
113,H,2023,575.89
113,H,2024,640.72
113,I,2020,226.69
113,I,2021,245.35
113,I,2022,283.93
113,I,2023,324.21
113,I,2024,356.49
113,J,2020,1919.37
113,J,2021,2060.47
113,J,2022,2177.44
113,J,2023,2349.53
113,J,2024,2554.35
113,K,2020,695.58
113,K,2021,720.48
113,K,2022,790.53
113,K,2023,847.94
113,K,2024,903.56
113,L,2020,344.73
113,L,2021,354.34
113,L,2022,382.54
113,L,2023,406.61
113,L,2024,430.26
113,"M,N",2020,66.92
113,"M,N",2021,70.82
113,"M,N",2022,74.27
113,"M,N",2023,81.78
113,"M,N",2024,87.79
113,O,2020,1234.61
113,O,2021,1259.35
113,O,2022,1292.13
113,O,2023,1379.57
113,O,2024,1512.65
113,P,2020,979.67
113,P,2021,1016.39
113,P,2022,1061.5
113,P,2023,1152.97
113,P,2024,1240.51
113,Q,2020,141.63
113,Q,2021,152.16
113,Q,2022,170.06
113,Q,2023,180.77
113,Q,2024,192.86
113,"R,S,T,U",2020,203.56
113,"R,S,T,U",2021,223.22
113,"R,S,T,U",2022,267.86
113,"R,S,T,U",2023,312.98
113,"R,S,T,U",2024,352.45
113,TOTAL,2020,32750.24
113,TOTAL,2021,35300.16
113,TOTAL,2022,40255.32
113,TOTAL,2023,42966.59
113,TOTAL,2024,45222.29
113,TANPA_MIGAS,2020,28392.71
113,TANPA_MIGAS,2021,29934.42
113,TANPA_MIGAS,2022,33080.18
113,TANPA_MIGAS,2023,36014.82
113,TANPA_MIGAS,2024,38384.29
114,A,2020,323.44
114,A,2021,339.82
114,A,2022,356.81
114,A,2023,373.31
114,A,2024,397.35
114,B,2020,0.04
114,B,2021,0.04
114,B,2022,0.04
114,B,2023,0.05
114,B,2024,0.04
114,C,2020,108748.95
114,C,2021,115829.48
114,C,2022,123819.15
114,C,2023,127782.46
114,C,2024,134391.33
114,D,2020,11.02
114,D,2021,11.2
114,D,2022,12.4
114,D,2023,13.16
114,D,2024,13.56
114,E,2020,24.6
114,E,2021,26.33
114,E,2022,29.48
114,E,2023,32.46
114,E,2024,34.6
114,F,2020,2174.61
114,F,2021,2289.28
114,F,2022,2606.87
114,F,2023,2929.54
114,F,2024,3031.01
114,G,2020,11482.36
114,G,2021,12880.64
114,G,2022,14794.38
114,G,2023,16275.69
114,G,2024,17405.26
114,H,2020,590.7
114,H,2021,626.71
114,H,2022,778.11
114,H,2023,922.14
114,H,2024,1027.05
114,I,2020,1958.33
114,I,2021,2100.7
114,I,2022,2469.8
114,I,2023,2843.43
114,I,2024,3158.13
114,J,2020,2749.75
114,J,2021,2932.79
114,J,2022,3118.3
114,J,2023,3447.73
114,J,2024,3728.85
114,K,2020,1278.3
114,K,2021,1332.02
114,K,2022,1480.81
114,K,2023,1576.26
114,K,2024,1679.11
114,L,2020,561.4
114,L,2021,566.21
114,L,2022,605.41
114,L,2023,621.36
114,L,2024,647.17
114,"M,N",2020,264.53
114,"M,N",2021,271.25
114,"M,N",2022,292.43
114,"M,N",2023,321.39
114,"M,N",2024,347.88
114,O,2020,517.23
114,O,2021,516.59
114,O,2022,545.38
114,O,2023,600.72
114,O,2024,696.81
114,P,2020,1082.13
114,P,2021,1069.54
114,P,2022,1091.06
114,P,2023,1139.84
114,P,2024,1258.21
114,Q,2020,258.97
114,Q,2021,275.7
114,Q,2022,292.27
114,Q,2023,309.3
114,Q,2024,323.68
114,"R,S,T,U",2020,379.69
114,"R,S,T,U",2021,398.81
114,"R,S,T,U",2022,485.61
114,"R,S,T,U",2023,547.9
114,"R,S,T,U",2024,608.87
114,TOTAL,2020,132406.06
114,TOTAL,2021,141467.12
114,TOTAL,2022,152778.31
114,TOTAL,2023,159736.72
114,TOTAL,2024,168748.92
114,TANPA_MIGAS,2020,132406.06
114,TANPA_MIGAS,2021,141467.12
114,TANPA_MIGAS,2022,152778.31
114,TANPA_MIGAS,2023,159736.72
114,TANPA_MIGAS,2024,168748.92
115,A,2020,195.65
115,A,2021,201.8
115,A,2022,200.34
115,A,2023,213.52
115,A,2024,200.43
115,B,2020,0.35
115,B,2021,0.34
115,B,2022,0.32
115,B,2023,0.33
115,B,2024,0.26
115,C,2020,654.04
115,C,2021,712.62
115,C,2022,791.27
115,C,2023,839.09
115,C,2024,910.35
115,D,2020,4.48
115,D,2021,4.6
115,D,2022,5.05
115,D,2023,5.42
115,D,2024,5.55
115,E,2020,9.54
115,E,2021,10.32
115,E,2022,11.23
115,E,2023,12.11
115,E,2024,12.84
115,F,2020,481.49
115,F,2021,494.87
115,F,2022,554.04
115,F,2023,610.3
115,F,2024,677.86
115,G,2020,1579.93
115,G,2021,1718.42
115,G,2022,1967.25
115,G,2023,2130.93
115,G,2024,2268.88
115,H,2020,283.35
115,H,2021,299.62
115,H,2022,361.05
115,H,2023,426.83
115,H,2024,467.06
115,I,2020,338.44
115,I,2021,376.59
115,I,2022,429.55
115,I,2023,486.12
115,I,2024,540.95
115,J,2020,760.95
115,J,2021,809.7
115,J,2022,840.55
115,J,2023,905.17
115,J,2024,964.71
115,K,2020,719.78
115,K,2021,745.6
115,K,2022,835.0
115,K,2023,887.43
115,K,2024,939.09
115,L,2020,262.05
115,L,2021,274.97
115,L,2022,288.7
115,L,2023,302.38
115,L,2024,318.95
115,"M,N",2020,50.77
115,"M,N",2021,52.87
115,"M,N",2022,56.51
115,"M,N",2023,61.48
115,"M,N",2024,66.11
115,O,2020,450.57
115,O,2021,450.57
115,O,2022,467.34
115,O,2023,492.13
115,O,2024,562.24
115,P,2020,487.44
115,P,2021,495.11
115,P,2022,504.67
115,P,2023,548.35
115,P,2024,604.21
115,Q,2020,143.49
115,Q,2021,153.2
115,Q,2022,159.07
115,Q,2023,174.75
115,Q,2024,179.39
115,"R,S,T,U",2020,285.83
115,"R,S,T,U",2021,312.4
115,"R,S,T,U",2022,362.0
115,"R,S,T,U",2023,418.83
115,"R,S,T,U",2024,468.83
115,TOTAL,2020,6708.14
115,TOTAL,2021,7113.6
115,TOTAL,2022,7833.94
115,TOTAL,2023,8515.16
115,TOTAL,2024,9187.7
115,TANPA_MIGAS,2020,6708.14
115,TANPA_MIGAS,2021,7113.6
115,TANPA_MIGAS,2022,7833.94
115,TANPA_MIGAS,2023,8515.16
115,TANPA_MIGAS,2024,9187.7
116,A,2020,196.26
116,A,2021,198.99
116,A,2022,211.8
116,A,2023,228.6
116,A,2024,220.17
116,B,2020,51.56
116,B,2021,49.84
116,B,2022,52.23
116,B,2023,57.95
116,B,2024,51.79
116,C,2020,19125.49
116,C,2021,20474.31
116,C,2022,22673.96
116,C,2023,25012.72
116,C,2024,27118.53
116,D,2020,24.93
116,D,2021,26.31
116,D,2022,28.89
116,D,2023,32.32
116,D,2024,33.13
116,E,2020,136.31
116,E,2021,146.1
116,E,2022,151.37
116,E,2023,159.9
116,E,2024,157.65
116,F,2020,9310.01
116,F,2021,9490.23
116,F,2022,10613.53
116,F,2023,11634.69
116,F,2024,12448.58
116,G,2020,20269.35
116,G,2021,22289.69
116,G,2022,25049.06
116,G,2023,27383.38
116,G,2024,29250.43
116,H,2020,1650.14
116,H,2021,1783.74
116,H,2022,2216.71
116,H,2023,2699.59
116,H,2024,3048.5
116,I,2020,3317.65
116,I,2021,3476.16
116,I,2022,4005.72
116,I,2023,4487.11
116,I,2024,4895.89
116,J,2020,3202.63
116,J,2021,3395.99
116,J,2022,3612.33
116,J,2023,3954.0
116,J,2024,4230.12
116,K,2020,2132.91
116,K,2021,2200.45
116,K,2022,2443.11
116,K,2023,2642.97
116,K,2024,2846.53
116,L,2020,1087.75
116,L,2021,1125.44
116,L,2022,1170.91
116,L,2023,1215.76
116,L,2024,1274.2
116,"M,N",2020,608.07
116,"M,N",2021,624.29
116,"M,N",2022,661.8
116,"M,N",2023,734.73
116,"M,N",2024,799.42
116,O,2020,1095.96
116,O,2021,1077.98
116,O,2022,1099.81
116,O,2023,1165.49
116,O,2024,1266.04
116,P,2020,6154.06
116,P,2021,6229.1
116,P,2022,6334.7
116,P,2023,6737.39
116,P,2024,7196.02
116,Q,2020,2083.96
116,Q,2021,2213.95
116,Q,2022,2332.66
116,Q,2023,2507.08
116,Q,2024,2620.61
116,"R,S,T,U",2020,1716.15
116,"R,S,T,U",2021,1814.75
116,"R,S,T,U",2022,2148.82
116,"R,S,T,U",2023,2399.76
116,"R,S,T,U",2024,2659.28
116,TOTAL,2020,72163.19
116,TOTAL,2021,76617.34
116,TOTAL,2022,84807.43
116,TOTAL,2023,93053.43
116,TOTAL,2024,100116.87
116,TANPA_MIGAS,2020,72163.19
116,TANPA_MIGAS,2021,76617.34
116,TANPA_MIGAS,2022,84807.43
116,TANPA_MIGAS,2023,93053.43
116,TANPA_MIGAS,2024,100116.87
117,A,2020,683.16
117,A,2021,669.33
117,A,2022,773.15
117,A,2023,857.97
117,A,2024,859.34
117,B,2020,0.0
117,B,2021,0.0
117,B,2022,0.0
117,B,2023,0.0
117,B,2024,0.0
117,C,2020,1601.75
117,C,2021,1715.86
117,C,2022,1886.67
117,C,2023,2094.63
117,C,2024,2248.64
117,D,2020,12.9
117,D,2021,13.4
117,D,2022,14.82
117,D,2023,15.82
117,D,2024,15.95
117,E,2020,23.77
117,E,2021,25.18
117,E,2022,26.92
117,E,2023,27.94
117,E,2024,30.36
117,F,2020,629.5
117,F,2021,640.48
117,F,2022,707.2
117,F,2023,776.27
117,F,2024,857.49
117,G,2020,2846.72
117,G,2021,3082.47
117,G,2022,3424.18
117,G,2023,3748.95
117,G,2024,4028.61
117,H,2020,1519.8
117,H,2021,1648.32
117,H,2022,1970.05
117,H,2023,2300.72
117,H,2024,2502.81
117,I,2020,414.18
117,I,2021,444.83
117,I,2022,495.52
117,I,2023,548.87
117,I,2024,615.93
117,J,2020,611.49
117,J,2021,648.46
117,J,2022,672.54
117,J,2023,725.08
117,J,2024,770.15
117,K,2020,742.98
117,K,2021,769.89
117,K,2022,827.29
117,K,2023,902.96
117,K,2024,941.71
117,L,2020,359.96
117,L,2021,370.39
117,L,2022,392.88
117,L,2023,416.17
117,L,2024,432.11
117,"M,N",2020,70.88
117,"M,N",2021,73.26
117,"M,N",2022,75.85
117,"M,N",2023,90.91
117,"M,N",2024,103.18
117,O,2020,584.27
117,O,2021,583.68
117,O,2022,585.14
117,O,2023,622.05
117,O,2024,713.23
117,P,2020,549.38
117,P,2021,556.53
117,P,2022,564.32
117,P,2023,603.48
117,P,2024,640.25
117,Q,2020,110.49
117,Q,2021,120.38
117,Q,2022,124.19
117,Q,2023,136.6
117,Q,2024,147.85
117,"R,S,T,U",2020,313.27
117,"R,S,T,U",2021,337.45
117,"R,S,T,U",2022,390.67
117,"R,S,T,U",2023,428.05
117,"R,S,T,U",2024,467.36
117,TOTAL,2020,11074.5
117,TOTAL,2021,11699.9
117,TOTAL,2022,12931.38
117,TOTAL,2023,14296.47
117,TOTAL,2024,15374.98
117,TANPA_MIGAS,2020,11074.5
117,TANPA_MIGAS,2021,11699.9
117,TANPA_MIGAS,2022,12931.38
117,TANPA_MIGAS,2023,14296.47
117,TANPA_MIGAS,2024,15374.98
118,A,2020,198.39
118,A,2021,193.47
118,A,2022,213.93
118,A,2023,228.86
118,A,2024,240.0
118,B,2020,1.97
118,B,2021,2.01
118,B,2022,0.0
118,B,2023,0.0
118,B,2024,0.0
118,C,2020,1566.84
118,C,2021,1670.74
118,C,2022,1883.73
118,C,2023,2095.17
118,C,2024,2220.17
118,D,2020,5.68
118,D,2021,5.93
118,D,2022,6.44
118,D,2023,6.59
118,D,2024,7.07
118,E,2020,18.96
118,E,2021,19.59
118,E,2022,19.51
118,E,2023,20.99
118,E,2024,22.93
118,F,2020,493.06
118,F,2021,504.44
118,F,2022,547.28
118,F,2023,571.11
118,F,2024,603.74
118,G,2020,2297.26
118,G,2021,2478.65
118,G,2022,2807.57
118,G,2023,3082.27
118,G,2024,3305.66
118,H,2020,481.41
118,H,2021,525.26
118,H,2022,695.59
118,H,2023,861.1
118,H,2024,972.47
118,I,2020,425.94
118,I,2021,451.2
118,I,2022,505.47
118,I,2023,558.35
118,I,2024,616.18
118,J,2020,682.07
118,J,2021,724.88
118,J,2022,741.82
118,J,2023,812.22
118,J,2024,852.34
118,K,2020,602.09
118,K,2021,617.58
118,K,2022,661.44
118,K,2023,708.07
118,K,2024,744.19
118,L,2020,214.3
118,L,2021,217.88
118,L,2022,227.43
118,L,2023,237.49
118,L,2024,250.61
118,"M,N",2020,51.2
118,"M,N",2021,53.84
118,"M,N",2022,55.77
118,"M,N",2023,62.11
118,"M,N",2024,70.49
118,O,2020,373.06
118,O,2021,370.46
118,O,2022,391.66
118,O,2023,404.39
118,O,2024,455.37
118,P,2020,357.38
118,P,2021,360.77
118,P,2022,366.44
118,P,2023,395.66
118,P,2024,428.3
118,Q,2020,76.93
118,Q,2021,80.31
118,Q,2022,85.82
118,Q,2023,89.22
118,Q,2024,99.28
118,"R,S,T,U",2020,200.71
118,"R,S,T,U",2021,214.13
118,"R,S,T,U",2022,242.92
118,"R,S,T,U",2023,266.27
118,"R,S,T,U",2024,319.39
118,TOTAL,2020,8047.23
118,TOTAL,2021,8491.13
118,TOTAL,2022,9452.82
118,TOTAL,2023,10399.89
118,TOTAL,2024,11208.17
118,TANPA_MIGAS,2020,8047.23
118,TANPA_MIGAS,2021,8491.13
118,TANPA_MIGAS,2022,9452.82
118,TANPA_MIGAS,2023,10399.89
118,TANPA_MIGAS,2024,11208.17
119,A,2020,43.57
119,A,2021,41.39
119,A,2022,43.8
119,A,2023,42.67
119,A,2024,42.78
119,B,2020,0.0
119,B,2021,0.0
119,B,2022,0.0
119,B,2023,0.0
119,B,2024,0.0
119,C,2020,749.66
119,C,2021,785.11
119,C,2022,861.5
119,C,2023,742.99
119,C,2024,803.67
119,D,2020,5.11
119,D,2021,5.32
119,D,2022,5.67
119,D,2023,6.01
119,D,2024,6.35
119,E,2020,7.2
119,E,2021,7.72
119,E,2022,8.21
119,E,2023,8.69
119,E,2024,8.88
119,F,2020,672.37
119,F,2021,685.0
119,F,2022,772.42
119,F,2023,791.42
119,F,2024,826.23
119,G,2020,1879.17
119,G,2021,2040.29
119,G,2022,2289.13
119,G,2023,2500.0
119,G,2024,2637.16
119,H,2020,173.62
119,H,2021,185.18
119,H,2022,227.52
119,H,2023,272.51
119,H,2024,303.07
119,I,2020,451.71
119,I,2021,483.91
119,I,2022,550.02
119,I,2023,620.2
119,I,2024,671.54
119,J,2020,856.83
119,J,2021,909.92
119,J,2022,960.28
119,J,2023,1026.55
119,J,2024,1125.41
119,K,2020,552.94
119,K,2021,573.27
119,K,2022,620.82
119,K,2023,651.78
119,K,2024,702.64
119,L,2020,194.0
119,L,2021,194.87
119,L,2022,205.87
119,L,2023,216.78
119,L,2024,231.76
119,"M,N",2020,50.84
119,"M,N",2021,51.59
119,"M,N",2022,54.5
119,"M,N",2023,59.74
119,"M,N",2024,64.28
119,O,2020,336.25
119,O,2021,335.36
119,O,2022,344.95
119,O,2023,357.41
119,O,2024,385.47
119,P,2020,318.42
119,P,2021,319.06
119,P,2022,328.34
119,P,2023,346.99
119,P,2024,371.88
119,Q,2020,86.88
119,Q,2021,92.35
119,Q,2022,96.34
119,Q,2023,103.81
119,Q,2024,111.27
119,"R,S,T,U",2020,209.5
119,"R,S,T,U",2021,225.31
119,"R,S,T,U",2022,267.67
119,"R,S,T,U",2023,291.12
119,"R,S,T,U",2024,319.93
119,TOTAL,2020,6588.06
119,TOTAL,2021,6935.63
119,TOTAL,2022,7637.02
119,TOTAL,2023,8038.66
119,TOTAL,2024,8612.33
119,TANPA_MIGAS,2020,6588.06
119,TANPA_MIGAS,2021,6935.63
119,TANPA_MIGAS,2022,7637.02
119,TANPA_MIGAS,2023,8038.66
119,TANPA_MIGAS,2024,8612.33
120,A,2020,120.59
120,A,2021,108.7
120,A,2022,110.35
120,A,2023,121.77
120,A,2024,132.31
120,B,2020,2.95
120,B,2021,2.91
120,B,2022,2.72
120,B,2023,2.65
120,B,2024,1.91
120,C,2020,1780.87
120,C,2021,1985.25
120,C,2022,2099.37
120,C,2023,2340.47
120,C,2024,2542.29
120,D,2020,11.48
120,D,2021,11.72
120,D,2022,12.89
120,D,2023,13.75
120,D,2024,14.72
120,E,2020,30.4
120,E,2021,32.65
120,E,2022,34.76
120,E,2023,36.82
120,E,2024,38.87
120,F,2020,798.95
120,F,2021,805.73
120,F,2022,928.22
120,F,2023,1005.19
120,F,2024,1105.77
120,G,2020,3311.32
120,G,2021,3712.41
120,G,2022,4216.7
120,G,2023,4608.99
120,G,2024,4919.39
120,H,2020,477.53
120,H,2021,516.72
120,H,2022,643.89
120,H,2023,780.48
120,H,2024,880.71
120,I,2020,661.55
120,I,2021,716.4
120,I,2022,811.41
120,I,2023,900.81
120,I,2024,1007.84
120,J,2020,2172.16
120,J,2021,2296.07
120,J,2022,2435.44
120,J,2023,2632.13
120,J,2024,2805.71
120,K,2020,1423.02
120,K,2021,1462.62
120,K,2022,1583.93
120,K,2023,1668.21
120,K,2024,1769.97
120,L,2020,381.91
120,L,2021,388.09
120,L,2022,413.3
120,L,2023,438.04
120,L,2024,458.49
120,"M,N",2020,97.71
120,"M,N",2021,100.68
120,"M,N",2022,108.69
120,"M,N",2023,117.38
120,"M,N",2024,129.17
120,O,2020,452.66
120,O,2021,447.71
120,O,2022,454.35
120,O,2023,465.47
120,O,2024,526.24
120,P,2020,1109.27
120,P,2021,1113.54
120,P,2022,1135.8
120,P,2023,1202.87
120,P,2024,1314.84
120,Q,2020,212.57
120,Q,2021,227.26
120,Q,2022,240.59
120,Q,2023,256.81
120,Q,2024,273.42
120,"R,S,T,U",2020,474.94
120,"R,S,T,U",2021,506.98
120,"R,S,T,U",2022,586.23
120,"R,S,T,U",2023,664.37
120,"R,S,T,U",2024,731.56
120,TOTAL,2020,13519.88
120,TOTAL,2021,14435.43
120,TOTAL,2022,15818.61
120,TOTAL,2023,17256.23
120,TOTAL,2024,18653.19
120,TANPA_MIGAS,2020,13519.88
120,TANPA_MIGAS,2021,14435.43
120,TANPA_MIGAS,2022,15818.61
120,TANPA_MIGAS,2023,17256.23
120,TANPA_MIGAS,2024,18653.19
121,A,2020,889.33
121,A,2021,917.6
121,A,2022,982.82
121,A,2023,1026.19
121,A,2024,969.36
121,B,2020,31.94
121,B,2021,32.76
121,B,2022,33.39
121,B,2023,32.51
121,B,2024,31.38
121,C,2020,107416.29
121,C,2021,113535.14
121,C,2022,126030.9
121,C,2023,135434.98
121,C,2024,147302.54
121,D,2020,2237.62
121,D,2021,2417.17
121,D,2022,2742.05
121,D,2023,3728.71
121,D,2024,3970.55
121,E,2020,824.95
121,E,2021,872.32
121,E,2022,932.75
121,E,2023,968.11
121,E,2024,994.41
121,F,2020,51969.41
121,F,2021,55273.54
121,F,2022,61408.5
121,F,2023,64940.58
121,F,2024,70335.98
121,G,2020,149246.76
121,G,2021,163509.91
121,G,2022,184610.47
121,G,2023,201432.93
121,G,2024,214341.08
121,H,2020,29794.09
121,H,2021,30518.85
121,H,2022,36260.42
121,H,2023,42834.31
121,H,2024,47529.71
121,I,2020,85618.58
121,I,2021,91418.08
121,I,2022,102248.7
121,I,2023,114627.56
121,I,2024,126222.54
121,J,2020,33247.67
121,J,2021,35273.34
121,J,2022,36541.72
121,J,2023,39290.06
121,J,2024,42170.99
121,K,2020,29183.38
121,K,2021,30560.74
121,K,2022,33950.42
121,K,2023,35852.3
121,K,2024,37509.07
121,L,2020,15354.35
121,L,2021,15790.32
121,L,2022,16599.14
121,L,2023,17213.53
121,L,2024,17731.56
121,"M,N",2020,14116.91
121,"M,N",2021,14543.16
121,"M,N",2022,15772.59
121,"M,N",2023,17530.93
121,"M,N",2024,19268.2
121,O,2020,8238.3
121,O,2021,8310.98
121,O,2022,8486.03
121,O,2023,8533.02
121,O,2024,9788.0
121,P,2020,14540.37
121,P,2021,14692.37
121,P,2022,14866.08
121,P,2023,15784.48
121,P,2024,16838.45
121,Q,2020,4880.59
121,Q,2021,5220.64
121,Q,2022,5508.12
121,Q,2023,5958.22
121,Q,2024,6374.98
121,"R,S,T,U",2020,6918.92
121,"R,S,T,U",2021,7340.2
121,"R,S,T,U",2022,8642.13
121,"R,S,T,U",2023,10106.27
121,"R,S,T,U",2024,11114.82
121,TOTAL,2020,554509.46
121,TOTAL,2021,590227.12
121,TOTAL,2022,655616.22
121,TOTAL,2023,715294.71
121,TOTAL,2024,772493.61
121,TANPA_MIGAS,2020,554504.44
121,TANPA_MIGAS,2021,590223.54
121,TANPA_MIGAS,2022,655612.43
121,TANPA_MIGAS,2023,715292.74
121,TANPA_MIGAS,2024,772493.32
122,A,2020,2451.88
122,A,2021,2527.32
122,A,2022,2611.11
122,A,2023,2822.15
122,A,2024,3106.68
122,B,2020,27.29
122,B,2021,25.62
122,B,2022,26.26
122,B,2023,29.11
122,B,2024,31.19
122,C,2020,839.91
122,C,2021,863.21
122,C,2022,977.27
122,C,2023,1107.26
122,C,2024,1230.21
122,D,2020,7.12
122,D,2021,7.13
122,D,2022,7.32
122,D,2023,8.03
122,D,2024,8.48
122,E,2020,26.28
122,E,2021,27.6
122,E,2022,28.96
122,E,2023,30.93
122,E,2024,33.07
122,F,2020,2066.15
122,F,2021,1938.47
122,F,2022,2012.74
122,F,2023,2321.46
122,F,2024,2621.65
122,G,2020,3165.02
122,G,2021,2966.05
122,G,2022,3191.1
122,G,2023,3531.65
122,G,2024,3867.41
122,H,2020,221.09
122,H,2021,211.72
122,H,2022,224.77
122,H,2023,268.06
122,H,2024,314.66
122,I,2020,2087.31
122,I,2021,1604.36
122,I,2022,1722.52
122,I,2023,1940.72
122,I,2024,2160.28
122,J,2020,966.63
122,J,2021,1060.47
122,J,2022,1125.74
122,J,2023,1196.47
122,J,2024,1266.4
122,K,2020,610.65
122,K,2021,606.02
122,K,2022,618.17
122,K,2023,673.36
122,K,2024,710.08
122,L,2020,482.41
122,L,2021,499.3
122,L,2022,513.95
122,L,2023,535.64
122,L,2024,567.59
122,"M,N",2020,73.27
122,"M,N",2021,71.14
122,"M,N",2022,73.57
122,"M,N",2023,79.06
122,"M,N",2024,83.92
122,O,2020,402.51
122,O,2021,402.2
122,O,2022,396.91
122,O,2023,401.4
122,O,2024,418.14
122,P,2020,621.1
122,P,2021,645.85
122,P,2022,648.73
122,P,2023,658.55
122,P,2024,712.76
122,Q,2020,123.23
122,Q,2021,137.54
122,Q,2022,146.06
122,Q,2023,155.94
122,Q,2024,170.16
122,"R,S,T,U",2020,2753.14
122,"R,S,T,U",2021,2322.8
122,"R,S,T,U",2022,2515.98
122,"R,S,T,U",2023,2827.81
122,"R,S,T,U",2024,3221.65
122,TOTAL,2020,15916.8
122,TOTAL,2021,16841.14
122,TOTAL,2022,18587.6
122,TOTAL,2023,20525.42
122,TOTAL,2024,22154.31
122,TANPA_MIGAS,2020,15916.8
122,TANPA_MIGAS,2021,16841.14
122,TANPA_MIGAS,2022,18587.6
122,TANPA_MIGAS,2023,20525.42
122,TANPA_MIGAS,2024,22154.31
123,A,2020,2739.3
123,A,2021,2700.67
123,A,2022,2820.64
123,A,2023,2827.38
123,A,2024,2817.71
123,B,2020,587.47
123,B,2021,598.91
123,B,2022,622.08
123,B,2023,665.31
123,B,2024,691.06
123,C,2020,727.04
123,C,2021,773.29
123,C,2022,825.85
123,C,2023,889.97
123,C,2024,953.48
123,D,2020,4.21
123,D,2021,4.29
123,D,2022,4.58
123,D,2023,5.32
123,D,2024,5.74
123,E,2020,10.81
123,E,2021,11.54
123,E,2022,11.97
123,E,2023,12.21
123,E,2024,12.31
123,F,2020,1620.89
123,F,2021,1648.05
123,F,2022,1765.63
123,F,2023,1872.9
123,F,2024,1967.64
123,G,2020,1955.51
123,G,2021,2056.36
123,G,2022,2169.78
123,G,2023,2297.29
123,G,2024,2417.74
123,H,2020,281.55
123,H,2021,315.12
123,H,2022,363.93
123,H,2023,398.55
123,H,2024,447.29
123,I,2020,222.82
123,I,2021,233.03
123,I,2022,269.47
123,I,2023,285.19
123,I,2024,300.77
123,J,2020,837.14
123,J,2021,890.77
123,J,2022,933.65
123,J,2023,974.54
123,J,2024,1026.53
123,K,2020,206.64
123,K,2021,207.38
123,K,2022,212.75
123,K,2023,220.45
123,K,2024,229.2
123,L,2020,185.91
123,L,2021,193.1
123,L,2022,203.13
123,L,2023,208.26
123,L,2024,214.98
123,"M,N",2020,29.89
123,"M,N",2021,30.33
123,"M,N",2022,31.93
123,"M,N",2023,34.44
123,"M,N",2024,37.17
123,O,2020,461.99
123,O,2021,452.6
123,O,2022,454.43
123,O,2023,455.28
123,O,2024,496.45
123,P,2020,570.17
123,P,2021,576.36
123,P,2022,578.42
123,P,2023,607.36
123,P,2024,636.18
123,Q,2020,124.2
123,Q,2021,130.45
123,Q,2022,135.11
123,Q,2023,142.7
123,Q,2024,150.12
123,"R,S,T,U",2020,272.33
123,"R,S,T,U",2021,285.15
123,"R,S,T,U",2022,319.09
123,"R,S,T,U",2023,347.81
123,"R,S,T,U",2024,371.45
123,TOTAL,2020,10837.87
123,TOTAL,2021,11107.4
123,TOTAL,2022,11722.44
123,TOTAL,2023,12244.97
123,TOTAL,2024,12775.82
123,TANPA_MIGAS,2020,10837.87
123,TANPA_MIGAS,2021,11107.4
123,TANPA_MIGAS,2022,11722.44
123,TANPA_MIGAS,2023,12244.97
123,TANPA_MIGAS,2024,12775.82
124,A,2020,3492.75
124,A,2021,3556.9
124,A,2022,3416.84
124,A,2023,3540.83
124,A,2024,3579.94
124,B,2020,298.9
124,B,2021,302.78
124,B,2022,318.17
124,B,2023,333.07
124,B,2024,341.23
124,C,2020,1078.55
124,C,2021,1150.49
124,C,2022,1277.57
124,C,2023,1383.33
124,C,2024,1486.95
124,D,2020,12.97
124,D,2021,13.42
124,D,2022,14.39
124,D,2023,15.87
124,D,2024,17.13
124,E,2020,14.92
124,E,2021,16.0
124,E,2022,16.34
124,E,2023,17.37
124,E,2024,18.05
124,F,2020,1305.18
124,F,2021,1322.77
124,F,2022,1407.49
124,F,2023,1477.92
124,F,2024,1577.74
124,G,2020,2553.14
124,G,2021,2677.17
124,G,2022,2839.4
124,G,2023,2991.42
124,G,2024,3147.88
124,H,2020,255.4
124,H,2021,283.73
124,H,2022,335.66
124,H,2023,368.31
124,H,2024,412.15
124,I,2020,421.55
124,I,2021,432.13
124,I,2022,464.39
124,I,2023,507.57
124,I,2024,541.07
124,J,2020,1424.63
124,J,2021,1515.91
124,J,2022,1581.76
124,J,2023,1650.06
124,J,2024,1747.17
124,K,2020,442.64
124,K,2021,443.49
124,K,2022,453.61
124,K,2023,472.74
124,K,2024,492.39
124,L,2020,397.39
124,L,2021,405.25
124,L,2022,419.02
124,L,2023,439.91
124,L,2024,456.38
124,"M,N",2020,62.16
124,"M,N",2021,63.45
124,"M,N",2022,67.02
124,"M,N",2023,72.53
124,"M,N",2024,76.6
124,O,2020,721.79
124,O,2021,717.28
124,O,2022,719.67
124,O,2023,726.12
124,O,2024,766.16
124,P,2020,1295.24
124,P,2021,1308.73
124,P,2022,1312.88
124,P,2023,1408.53
124,P,2024,1470.42
124,Q,2020,129.9
124,Q,2021,137.49
124,Q,2022,140.98
124,Q,2023,144.29
124,Q,2024,152.52
124,"R,S,T,U",2020,261.51
124,"R,S,T,U",2021,272.96
124,"R,S,T,U",2022,308.52
124,"R,S,T,U",2023,320.16
124,"R,S,T,U",2024,339.0
124,TOTAL,2020,14168.62
124,TOTAL,2021,14619.97
124,TOTAL,2022,15093.71
124,TOTAL,2023,15870.05
124,TOTAL,2024,16622.78
124,TANPA_MIGAS,2020,14168.62
124,TANPA_MIGAS,2021,14619.97
124,TANPA_MIGAS,2022,15093.71
124,TANPA_MIGAS,2023,15870.05
124,TANPA_MIGAS,2024,16622.78
125,A,2020,3042.01
125,A,2021,3020.04
125,A,2022,2975.96
125,A,2023,3056.78
125,A,2024,3066.26
125,B,2020,727.14
125,B,2021,737.03
125,B,2022,795.15
125,B,2023,812.56
125,B,2024,831.99
125,C,2020,2155.01
125,C,2021,2351.54
125,C,2022,2512.94
125,C,2023,2687.12
125,C,2024,2866.58
125,D,2020,5.53
125,D,2021,5.69
125,D,2022,6.09
125,D,2023,6.38
125,D,2024,6.97
125,E,2020,8.15
125,E,2021,8.7
125,E,2022,9.2
125,E,2023,9.45
125,E,2024,9.63
125,F,2020,918.13
125,F,2021,920.36
125,F,2022,994.13
125,F,2023,1032.96
125,F,2024,1105.53
125,G,2020,2010.83
125,G,2021,2160.87
125,G,2022,2308.95
125,G,2023,2441.34
125,G,2024,2539.11
125,H,2020,199.07
125,H,2021,217.94
125,H,2022,254.83
125,H,2023,280.41
125,H,2024,315.07
125,I,2020,236.08
125,I,2021,241.64
125,I,2022,263.35
125,I,2023,284.68
125,I,2024,301.09
125,J,2020,919.66
125,J,2021,971.68
125,J,2022,1029.08
125,J,2023,1096.77
125,J,2024,1177.74
125,K,2020,334.75
125,K,2021,337.87
125,K,2022,342.31
125,K,2023,350.15
125,K,2024,363.51
125,L,2020,295.25
125,L,2021,303.53
125,L,2022,318.54
125,L,2023,325.56
125,L,2024,338.49
125,"M,N",2020,31.73
125,"M,N",2021,32.45
125,"M,N",2022,34.23
125,"M,N",2023,36.9
125,"M,N",2024,39.67
125,O,2020,531.9
125,O,2021,532.77
125,O,2022,535.75
125,O,2023,540.47
125,O,2024,588.66
125,P,2020,629.24
125,P,2021,639.39
125,P,2022,646.99
125,P,2023,690.22
125,P,2024,727.48
125,Q,2020,138.51
125,Q,2021,146.42
125,Q,2022,149.98
125,Q,2023,156.09
125,Q,2024,165.66
125,"R,S,T,U",2020,319.41
125,"R,S,T,U",2021,331.09
125,"R,S,T,U",2022,367.93
125,"R,S,T,U",2023,404.23
125,"R,S,T,U",2024,438.11
125,TOTAL,2020,12502.39
125,TOTAL,2021,12959.02
125,TOTAL,2022,13545.41
125,TOTAL,2023,14212.06
125,TOTAL,2024,14881.55
125,TANPA_MIGAS,2020,12502.39
125,TANPA_MIGAS,2021,12959.02
125,TANPA_MIGAS,2022,13545.41
125,TANPA_MIGAS,2023,14212.06
125,TANPA_MIGAS,2024,14881.55
126,A,2020,4550.96
126,A,2021,4619.53
126,A,2022,4590.44
126,A,2023,4697.29
126,A,2024,4605.9
126,B,2020,858.38
126,B,2021,865.98
126,B,2022,900.98
126,B,2023,938.81
126,B,2024,979.92
126,C,2020,5854.59
126,C,2021,6085.39
126,C,2022,6616.6
126,C,2023,6937.88
126,C,2024,7431.01
126,D,2020,11.68
126,D,2021,11.9
126,D,2022,12.78
126,D,2023,13.35
126,D,2024,13.64
126,E,2020,25.57
126,E,2021,27.53
126,E,2022,28.16
126,E,2023,29.05
126,E,2024,28.89
126,F,2020,2382.11
126,F,2021,2407.4
126,F,2022,2561.27
126,F,2023,2703.21
126,F,2024,2874.04
126,G,2020,5535.0
126,G,2021,5915.45
126,G,2022,6311.39
126,G,2023,6666.83
126,G,2024,6984.83
126,H,2020,614.31
126,H,2021,667.94
126,H,2022,777.96
126,H,2023,868.08
126,H,2024,969.89
126,I,2020,512.56
126,I,2021,523.98
126,I,2022,574.08
126,I,2023,623.53
126,I,2024,662.96
126,J,2020,2044.9
126,J,2021,2164.28
126,J,2022,2266.9
126,J,2023,2416.0
126,J,2024,2571.18
126,K,2020,605.77
126,K,2021,609.15
126,K,2022,621.71
126,K,2023,642.59
126,K,2024,651.7
126,L,2020,623.21
126,L,2021,636.66
126,L,2022,668.93
126,L,2023,689.45
126,L,2024,714.77
126,"M,N",2020,95.48
126,"M,N",2021,96.97
126,"M,N",2022,99.08
126,"M,N",2023,107.89
126,"M,N",2024,113.5
126,O,2020,820.18
126,O,2021,813.85
126,O,2022,817.23
126,O,2023,817.31
126,O,2024,885.85
126,P,2020,1262.4
126,P,2021,1284.26
126,P,2022,1256.11
126,P,2023,1320.44
126,P,2024,1401.64
126,Q,2020,342.74
126,Q,2021,331.42
126,Q,2022,338.28
126,Q,2023,349.78
126,Q,2024,372.41
126,"R,S,T,U",2020,315.93
126,"R,S,T,U",2021,328.72
126,"R,S,T,U",2022,377.01
126,"R,S,T,U",2023,413.11
126,"R,S,T,U",2024,441.76
126,TOTAL,2020,26455.76
126,TOTAL,2021,27390.42
126,TOTAL,2022,28818.91
126,TOTAL,2023,30234.61
126,TOTAL,2024,31703.89
126,TANPA_MIGAS,2020,26455.76
126,TANPA_MIGAS,2021,27390.42
126,TANPA_MIGAS,2022,28818.91
126,TANPA_MIGAS,2023,30234.61
126,TANPA_MIGAS,2024,31703.89
127,A,2020,7375.2
127,A,2021,7376.26
127,A,2022,7439.19
127,A,2023,7564.07
127,A,2024,7543.02
127,B,2020,999.53
127,B,2021,1015.22
127,B,2022,1069.1
127,B,2023,1112.45
127,B,2024,1164.9
127,C,2020,3422.52
127,C,2021,3609.16
127,C,2022,3997.12
127,C,2023,4211.0
127,C,2024,4489.67
127,D,2020,18.67
127,D,2021,19.08
127,D,2022,20.5
127,D,2023,21.52
127,D,2024,21.95
127,E,2020,9.82
127,E,2021,10.39
127,E,2022,10.48
127,E,2023,10.79
127,E,2024,11.07
127,F,2020,2350.62
127,F,2021,2370.41
127,F,2022,2546.75
127,F,2023,2645.69
127,F,2024,2804.21
127,G,2020,4509.51
127,G,2021,4772.54
127,G,2022,5091.15
127,G,2023,5401.46
127,G,2024,5699.73
127,H,2020,326.07
127,H,2021,359.02
127,H,2022,422.75
127,H,2023,462.47
127,H,2024,509.59
127,I,2020,251.98
127,I,2021,264.01
127,I,2022,287.57
127,I,2023,307.37
127,I,2024,329.31
127,J,2020,1969.02
127,J,2021,2104.41
127,J,2022,2240.44
127,J,2023,2379.5
127,J,2024,2530.79
127,K,2020,556.91
127,K,2021,566.55
127,K,2022,585.16
127,K,2023,631.42
127,K,2024,663.09
127,L,2020,530.46
127,L,2021,553.83
127,L,2022,574.26
127,L,2023,585.69
127,L,2024,612.74
127,"M,N",2020,86.34
127,"M,N",2021,89.1
127,"M,N",2022,93.7
127,"M,N",2023,97.08
127,"M,N",2024,104.41
127,O,2020,833.27
127,O,2021,835.12
127,O,2022,837.3
127,O,2023,851.82
127,O,2024,917.81
127,P,2020,1122.6
127,P,2021,1142.14
127,P,2022,1155.83
127,P,2023,1222.59
127,P,2024,1301.38
127,Q,2020,241.6
127,Q,2021,255.32
127,Q,2022,261.37
127,Q,2023,287.27
127,Q,2024,306.42
127,"R,S,T,U",2020,341.34
127,"R,S,T,U",2021,357.47
127,"R,S,T,U",2022,404.66
127,"R,S,T,U",2023,447.68
127,"R,S,T,U",2024,483.73
127,TOTAL,2020,24945.46
127,TOTAL,2021,25700.02
127,TOTAL,2022,27037.33
127,TOTAL,2023,28239.86
127,TOTAL,2024,29493.8
127,TANPA_MIGAS,2020,24112.2
127,TANPA_MIGAS,2021,24864.9
127,TANPA_MIGAS,2022,26200.03
127,TANPA_MIGAS,2023,27388.04
127,TANPA_MIGAS,2024,28575.99
128,A,2020,6079.42
128,A,2021,6130.62
128,A,2022,6131.98
128,A,2023,6317.8
128,A,2024,6208.51
128,B,2020,384.32
128,B,2021,393.44
128,B,2022,399.81
128,B,2023,422.2
128,B,2024,447.21
128,C,2020,6079.28
128,C,2021,6234.98
128,C,2022,6639.0
128,C,2023,6895.45
128,C,2024,7436.96
128,D,2020,22.83
128,D,2021,23.82
128,D,2022,25.62
128,D,2023,26.86
128,D,2024,28.09
128,E,2020,18.09
128,E,2021,18.92
128,E,2022,19.28
128,E,2023,20.0
128,E,2024,21.4
128,F,2020,2658.02
128,F,2021,2688.4
128,F,2022,2871.1
128,F,2023,3076.29
128,F,2024,3294.09
128,G,2020,5681.76
128,G,2021,6031.42
128,G,2022,6397.46
128,G,2023,6744.47
128,G,2024,7077.62
128,H,2020,561.09
128,H,2021,617.55
128,H,2022,708.99
128,H,2023,779.59
128,H,2024,882.25
128,I,2020,375.64
128,I,2021,391.24
128,I,2022,439.77
128,I,2023,482.83
128,I,2024,529.67
128,J,2020,2110.04
128,J,2021,2254.93
128,J,2022,2423.12
128,J,2023,2558.71
128,J,2024,2704.57
128,K,2020,523.0
128,K,2021,530.07
128,K,2022,546.94
128,K,2023,560.55
128,K,2024,584.33
128,L,2020,634.05
128,L,2021,648.42
128,L,2022,671.91
128,L,2023,690.06
128,L,2024,704.77
128,"M,N",2020,84.12
128,"M,N",2021,85.0
128,"M,N",2022,88.49
128,"M,N",2023,94.62
128,"M,N",2024,99.97
128,O,2020,1020.9
128,O,2021,1013.52
128,O,2022,1023.09
128,O,2023,1017.91
128,O,2024,1094.45
128,P,2020,1510.87
128,P,2021,1529.91
128,P,2022,1566.39
128,P,2023,1602.41
128,P,2024,1714.59
128,Q,2020,269.43
128,Q,2021,275.09
128,Q,2022,282.76
128,Q,2023,288.66
128,Q,2024,304.57
128,"R,S,T,U",2020,478.09
128,"R,S,T,U",2021,494.34
128,"R,S,T,U",2022,565.01
128,"R,S,T,U",2023,617.1
128,"R,S,T,U",2024,654.6
128,TOTAL,2020,28490.95
128,TOTAL,2021,29361.67
128,TOTAL,2022,30800.71
128,TOTAL,2023,32195.5
128,TOTAL,2024,33787.64
128,TANPA_MIGAS,2020,28487.29
128,TANPA_MIGAS,2021,29358.09
128,TANPA_MIGAS,2022,30796.98
128,TANPA_MIGAS,2023,32191.7
128,TANPA_MIGAS,2024,33787.64
129,A,2020,9809.91
129,A,2021,9728.58
129,A,2022,10058.59
129,A,2023,10323.45
129,A,2024,10415.07
129,B,2020,1167.73
129,B,2021,1150.17
129,B,2022,1140.18
129,B,2023,1222.01
129,B,2024,1275.86
129,C,2020,21482.75
129,C,2021,21822.86
129,C,2022,22573.56
129,C,2023,23467.39
129,C,2024,24565.48
129,D,2020,64.08
129,D,2021,66.7
129,D,2022,71.9
129,D,2023,74.65
129,D,2024,77.82
129,E,2020,70.71
129,E,2021,75.28
129,E,2022,75.84
129,E,2023,78.6
129,E,2024,80.57
129,F,2020,7904.14
129,F,2021,8314.16
129,F,2022,8935.24
129,F,2023,9510.78
129,F,2024,10139.18
129,G,2020,12301.72
129,G,2021,13205.36
129,G,2022,14081.86
129,G,2023,14887.54
129,G,2024,15619.67
129,H,2020,724.83
129,H,2021,768.16
129,H,2022,910.47
129,H,2023,1037.62
129,H,2024,1144.2
129,I,2020,2236.06
129,I,2021,2310.17
129,I,2022,2582.49
129,I,2023,2807.28
129,I,2024,2967.07
129,J,2020,3843.48
129,J,2021,4089.18
129,J,2022,4397.33
129,J,2023,4677.25
129,J,2024,5016.21
129,K,2020,1067.33
129,K,2021,1080.14
129,K,2022,1135.64
129,K,2023,1189.74
129,K,2024,1259.65
129,L,2020,1075.67
129,L,2021,1118.46
129,L,2022,1183.95
129,L,2023,1206.1
129,L,2024,1260.86
129,"M,N",2020,248.85
129,"M,N",2021,254.25
129,"M,N",2022,264.0
129,"M,N",2023,288.15
129,"M,N",2024,303.46
129,O,2020,1147.3
129,O,2021,1140.25
129,O,2022,1114.15
129,O,2023,1114.43
129,O,2024,1224.98
129,P,2020,1725.18
129,P,2021,1751.03
129,P,2022,1753.11
129,P,2023,1852.45
129,P,2024,1965.66
129,Q,2020,453.13
129,Q,2021,475.71
129,Q,2022,475.14
129,Q,2023,491.23
129,Q,2024,524.78
129,"R,S,T,U",2020,1222.61
129,"R,S,T,U",2021,1268.64
129,"R,S,T,U",2022,1383.0
129,"R,S,T,U",2023,1515.62
129,"R,S,T,U",2024,1660.37
129,TOTAL,2020,66545.47
129,TOTAL,2021,68619.1
129,TOTAL,2022,72136.46
129,TOTAL,2023,75744.29
129,TOTAL,2024,79500.89
129,TANPA_MIGAS,2020,66545.09
129,TANPA_MIGAS,2021,68618.71
129,TANPA_MIGAS,2022,72136.06
129,TANPA_MIGAS,2023,75744.19
129,TANPA_MIGAS,2024,79500.89
130,A,2020,7250.66
130,A,2021,7278.51
130,A,2022,7235.12
130,A,2023,7414.11
130,A,2024,7363.45
130,B,2020,864.28
130,B,2021,879.28
130,B,2022,958.3
130,B,2023,1017.09
130,B,2024,1088.08
130,C,2020,4650.16
130,C,2021,4923.08
130,C,2022,5329.86
130,C,2023,5718.9
130,C,2024,6157.11
130,D,2020,11.84
130,D,2021,12.16
130,D,2022,12.98
130,D,2023,13.76
130,D,2024,14.55
130,E,2020,13.91
130,E,2021,15.13
130,E,2022,15.63
130,E,2023,16.02
130,E,2024,16.8
130,F,2020,1544.76
130,F,2021,1591.28
130,F,2022,1702.92
130,F,2023,1812.8
130,F,2024,1943.74
130,G,2020,3161.71
130,G,2021,3328.27
130,G,2022,3541.13
130,G,2023,3757.41
130,G,2024,3969.54
130,H,2020,439.31
130,H,2021,474.77
130,H,2022,551.92
130,H,2023,609.25
130,H,2024,675.01
130,I,2020,281.35
130,I,2021,291.32
130,I,2022,321.77
130,I,2023,343.92
130,I,2024,369.01
130,J,2020,1040.8
130,J,2021,1107.25
130,J,2022,1160.87
130,J,2023,1235.9
130,J,2024,1322.43
130,K,2020,378.81
130,K,2021,382.29
130,K,2022,389.65
130,K,2023,398.18
130,K,2024,410.3
130,L,2020,414.01
130,L,2021,427.79
130,L,2022,449.43
130,L,2023,466.27
130,L,2024,481.65
130,"M,N",2020,71.79
130,"M,N",2021,73.06
130,"M,N",2022,74.77
130,"M,N",2023,82.1
130,"M,N",2024,87.15
130,O,2020,682.93
130,O,2021,684.24
130,O,2022,686.48
130,O,2023,686.68
130,O,2024,726.44
130,P,2020,607.5
130,P,2021,610.74
130,P,2022,609.47
130,P,2023,619.07
130,P,2024,641.39
130,Q,2020,189.16
130,Q,2021,198.81
130,Q,2022,204.51
130,Q,2023,213.05
130,Q,2024,226.15
130,"R,S,T,U",2020,330.82
130,"R,S,T,U",2021,345.41
130,"R,S,T,U",2022,381.79
130,"R,S,T,U",2023,403.83
130,"R,S,T,U",2024,437.12
130,TOTAL,2020,21933.79
130,TOTAL,2021,22623.4
130,TOTAL,2022,23626.58
130,TOTAL,2023,24808.35
130,TOTAL,2024,25929.92
130,TANPA_MIGAS,2020,21933.79
130,TANPA_MIGAS,2021,22623.4
130,TANPA_MIGAS,2022,23626.58
130,TANPA_MIGAS,2023,24808.35
130,TANPA_MIGAS,2024,25929.92
131,A,2020,13895.89
131,A,2021,13881.23
131,A,2022,14318.85
131,A,2023,14672.74
131,A,2024,14996.7
131,B,2020,2417.34
131,B,2021,2445.02
131,B,2022,2551.17
131,B,2023,2645.99
131,B,2024,2738.17
131,C,2020,10867.31
131,C,2021,11745.49
131,C,2022,12120.13
131,C,2023,12830.61
131,C,2024,13547.68
131,D,2020,29.48
131,D,2021,30.16
131,D,2022,32.14
131,D,2023,33.51
131,D,2024,34.48
131,E,2020,37.02
131,E,2021,39.72
131,E,2022,39.8
131,E,2023,41.29
131,E,2024,42.57
131,F,2020,3725.62
131,F,2021,3804.07
131,F,2022,4044.8
131,F,2023,4292.34
131,F,2024,4600.29
131,G,2020,6990.66
131,G,2021,7569.41
131,G,2022,8087.97
131,G,2023,8543.69
131,G,2024,8963.43
131,H,2020,838.74
131,H,2021,902.52
131,H,2022,1047.53
131,H,2023,1174.55
131,H,2024,1296.88
131,I,2020,1135.42
131,I,2021,1169.97
131,I,2022,1308.17
131,I,2023,1434.83
131,I,2024,1527.91
131,J,2020,4648.8
131,J,2021,5007.46
131,J,2022,5301.36
131,J,2023,5620.43
131,J,2024,5970.47
131,K,2020,1188.5
131,K,2021,1205.05
131,K,2022,1237.11
131,K,2023,1292.42
131,K,2024,1352.94
131,L,2020,808.54
131,L,2021,824.21
131,L,2022,865.96
131,L,2023,891.42
131,L,2024,933.25
131,"M,N",2020,176.38
131,"M,N",2021,180.17
131,"M,N",2022,190.1
131,"M,N",2023,210.64
131,"M,N",2024,224.91
131,O,2020,1830.95
131,O,2021,1829.92
131,O,2022,1846.73
131,O,2023,1876.6
131,O,2024,2016.5
131,P,2020,2976.29
131,P,2021,3020.51
131,P,2022,3054.32
131,P,2023,3226.89
131,P,2024,3376.45
131,Q,2020,468.93
131,Q,2021,460.34
131,Q,2022,478.58
131,Q,2023,513.48
131,Q,2024,541.39
131,"R,S,T,U",2020,550.69
131,"R,S,T,U",2021,573.46
131,"R,S,T,U",2022,642.4
131,"R,S,T,U",2023,682.56
131,"R,S,T,U",2024,733.15
131,TOTAL,2020,52586.56
131,TOTAL,2021,54688.72
131,TOTAL,2022,57167.13
131,TOTAL,2023,59984.0
131,TOTAL,2024,62897.17
131,TANPA_MIGAS,2020,52586.56
131,TANPA_MIGAS,2021,54688.72
131,TANPA_MIGAS,2022,57167.13
131,TANPA_MIGAS,2023,59984.0
131,TANPA_MIGAS,2024,62897.17
132,A,2020,14950.32
132,A,2021,15205.35
132,A,2022,15075.97
132,A,2023,15471.27
132,A,2024,15242.43
132,B,2020,4217.4
132,B,2021,4284.78
132,B,2022,4552.72
132,B,2023,4661.05
132,B,2024,4818.55
132,C,2020,6504.55
132,C,2021,7026.82
132,C,2022,7391.22
132,C,2023,7785.77
132,C,2024,8334.83
132,D,2020,29.07
132,D,2021,29.61
132,D,2022,31.6
132,D,2023,32.95
132,D,2024,33.51
132,E,2020,37.33
132,E,2021,39.5
132,E,2022,41.62
132,E,2023,41.92
132,E,2024,43.7
132,F,2020,6883.65
132,F,2021,7179.57
132,F,2022,7647.76
132,F,2023,8115.86
132,F,2024,8780.28
132,G,2020,8505.87
132,G,2021,9112.1
132,G,2022,9738.05
132,G,2023,10376.38
132,G,2024,10999.89
132,H,2020,1455.06
132,H,2021,1450.4
132,H,2022,1701.25
132,H,2023,1908.6
132,H,2024,2111.7
132,I,2020,1343.94
132,I,2021,1401.86
132,I,2022,1609.21
132,I,2023,1765.12
132,I,2024,1896.19
132,J,2020,3397.12
132,J,2021,3652.23
132,J,2022,3845.43
132,J,2023,4111.31
132,J,2024,4434.83
132,K,2020,984.55
132,K,2021,1001.78
132,K,2022,1018.38
132,K,2023,1073.29
132,K,2024,1118.17
132,L,2020,901.97
132,L,2021,930.06
132,L,2022,980.24
132,L,2023,1007.39
132,L,2024,1052.22
132,"M,N",2020,124.93
132,"M,N",2021,127.65
132,"M,N",2022,132.69
132,"M,N",2023,143.33
132,"M,N",2024,155.32
132,O,2020,1115.98
132,O,2021,1106.38
132,O,2022,1117.21
132,O,2023,1140.32
132,O,2024,1239.48
132,P,2020,1945.44
132,P,2021,1978.5
132,P,2022,1984.63
132,P,2023,2071.51
132,P,2024,2201.94
132,Q,2020,257.93
132,Q,2021,269.93
132,Q,2022,279.31
132,Q,2023,290.3
132,Q,2024,305.97
132,"R,S,T,U",2020,640.02
132,"R,S,T,U",2021,676.06
132,"R,S,T,U",2022,785.26
132,"R,S,T,U",2023,851.98
132,"R,S,T,U",2024,924.55
132,TOTAL,2020,53295.11
132,TOTAL,2021,55472.57
132,TOTAL,2022,57932.55
132,TOTAL,2023,60848.35
132,TOTAL,2024,63693.57
132,TANPA_MIGAS,2020,53295.11
132,TANPA_MIGAS,2021,55472.57
132,TANPA_MIGAS,2022,57932.55
132,TANPA_MIGAS,2023,60848.35
132,TANPA_MIGAS,2024,63693.57
133,A,2020,3729.46
133,A,2021,3818.35
133,A,2022,3756.87
133,A,2023,3834.43
133,A,2024,3970.09
133,B,2020,252.97
133,B,2021,257.49
133,B,2022,272.71
133,B,2023,278.22
133,B,2024,283.92
133,C,2020,3235.13
133,C,2021,3358.39
133,C,2022,3567.46
133,C,2023,3746.55
133,C,2024,3914.48
133,D,2020,6.78
133,D,2021,6.94
133,D,2022,7.41
133,D,2023,7.93
133,D,2024,8.42
133,E,2020,11.35
133,E,2021,12.06
133,E,2022,11.97
133,E,2023,11.93
133,E,2024,11.87
133,F,2020,1103.62
133,F,2021,1107.78
133,F,2022,1182.05
133,F,2023,1252.99
133,F,2024,1328.76
133,G,2020,2050.86
133,G,2021,2182.66
133,G,2022,2330.19
133,G,2023,2479.69
133,G,2024,2623.62
133,H,2020,101.09
133,H,2021,113.59
133,H,2022,129.6
133,H,2023,142.24
133,H,2024,149.94
133,I,2020,82.23
133,I,2021,84.0
133,I,2022,94.07
133,I,2023,103.86
133,I,2024,110.13
133,J,2020,974.9
133,J,2021,1041.68
133,J,2022,1073.9
133,J,2023,1152.35
133,J,2024,1229.39
133,K,2020,395.12
133,K,2021,399.27
133,K,2022,403.8
133,K,2023,422.72
133,K,2024,434.44
133,L,2020,173.4
133,L,2021,175.91
133,L,2022,185.14
133,L,2023,188.44
133,L,2024,191.28
133,"M,N",2020,46.84
133,"M,N",2021,47.61
133,"M,N",2022,49.86
133,"M,N",2023,53.24
133,"M,N",2024,56.71
133,O,2020,437.46
133,O,2021,440.13
133,O,2022,433.39
133,O,2023,427.86
133,O,2024,460.17
133,P,2020,518.54
133,P,2021,529.62
133,P,2022,539.84
133,P,2023,572.03
133,P,2024,608.62
133,Q,2020,116.62
133,Q,2021,121.78
133,Q,2022,123.44
133,Q,2023,128.8
133,Q,2024,135.74
133,"R,S,T,U",2020,215.39
133,"R,S,T,U",2021,224.39
133,"R,S,T,U",2022,248.51
133,"R,S,T,U",2023,272.34
133,"R,S,T,U",2024,291.68
133,TOTAL,2020,13451.77
133,TOTAL,2021,13921.65
133,TOTAL,2022,14410.2
133,TOTAL,2023,15075.62
133,TOTAL,2024,15809.26
133,TANPA_MIGAS,2020,13451.77
133,TANPA_MIGAS,2021,13921.65
133,TANPA_MIGAS,2022,14410.2
133,TANPA_MIGAS,2023,15075.62
133,TANPA_MIGAS,2024,15809.26
134,A,2020,3746.68
134,A,2021,3810.01
134,A,2022,3823.09
134,A,2023,3977.06
134,A,2024,4054.32
134,B,2020,237.52
134,B,2021,240.5
134,B,2022,248.87
134,B,2023,257.54
134,B,2024,261.86
134,C,2020,2574.53
134,C,2021,2670.74
134,C,2022,2845.03
134,C,2023,2995.91
134,C,2024,3196.74
134,D,2020,9.37
134,D,2021,9.56
134,D,2022,10.1
134,D,2023,10.33
134,D,2024,10.46
134,E,2020,18.21
134,E,2021,19.14
134,E,2022,18.88
134,E,2023,19.74
134,E,2024,20.12
134,F,2020,955.22
134,F,2021,949.43
134,F,2022,1006.79
134,F,2023,1052.54
134,F,2024,1091.85
134,G,2020,2104.26
134,G,2021,2250.19
134,G,2022,2386.88
134,G,2023,2520.39
134,G,2024,2625.35
134,H,2020,340.29
134,H,2021,363.56
134,H,2022,420.28
134,H,2023,461.78
134,H,2024,509.97
134,I,2020,223.54
134,I,2021,232.76
134,I,2022,254.31
134,I,2023,265.2
134,I,2024,286.72
134,J,2020,960.59
134,J,2021,1021.18
134,J,2022,1086.98
134,J,2023,1162.1
134,J,2024,1250.74
134,K,2020,421.74
134,K,2021,426.37
134,K,2022,434.29
134,K,2023,458.98
134,K,2024,482.7
134,L,2020,240.89
134,L,2021,245.96
134,L,2022,256.15
134,L,2023,268.33
134,L,2024,274.95
134,"M,N",2020,56.36
134,"M,N",2021,57.21
134,"M,N",2022,60.38
134,"M,N",2023,64.08
134,"M,N",2024,68.63
134,O,2020,425.7
134,O,2021,425.37
134,O,2022,432.28
134,O,2023,424.39
134,O,2024,462.05
134,P,2020,578.67
134,P,2021,586.1
134,P,2022,590.59
134,P,2023,616.58
134,P,2024,656.25
134,Q,2020,131.82
134,Q,2021,138.16
134,Q,2022,144.65
134,Q,2023,151.54
134,Q,2024,158.33
134,"R,S,T,U",2020,257.44
134,"R,S,T,U",2021,269.58
134,"R,S,T,U",2022,298.45
134,"R,S,T,U",2023,312.48
134,"R,S,T,U",2024,330.72
134,TOTAL,2020,13282.84
134,TOTAL,2021,13715.83
134,TOTAL,2022,14318.0
134,TOTAL,2023,15018.99
134,TOTAL,2024,15741.75
134,TANPA_MIGAS,2020,13282.84
134,TANPA_MIGAS,2021,13715.83
134,TANPA_MIGAS,2022,14318.0
134,TANPA_MIGAS,2023,15018.99
134,TANPA_MIGAS,2024,15741.75
135,A,2020,7280.05
135,A,2021,7355.14
135,A,2022,7510.66
135,A,2023,7760.63
135,A,2024,7883.57
135,B,2020,493.4
135,B,2021,493.32
135,B,2022,508.4
135,B,2023,551.55
135,B,2024,586.55
135,C,2020,5820.76
135,C,2021,6195.45
135,C,2022,6525.66
135,C,2023,6890.04
135,C,2024,7383.31
135,D,2020,234.17
135,D,2021,238.5
135,D,2022,252.72
135,D,2023,264.69
135,D,2024,280.12
135,E,2020,28.14
135,E,2021,28.42
135,E,2022,28.54
135,E,2023,29.4
135,E,2024,28.29
135,F,2020,1716.92
135,F,2021,1752.51
135,F,2022,1879.5
135,F,2023,1997.5
135,F,2024,2124.92
135,G,2020,2879.8
135,G,2021,3059.22
135,G,2022,3253.27
135,G,2023,3414.49
135,G,2024,3554.9
135,H,2020,212.19
135,H,2021,229.88
135,H,2022,264.48
135,H,2023,295.26
135,H,2024,331.61
135,I,2020,330.54
135,I,2021,337.14
135,I,2022,380.15
135,I,2023,401.34
135,I,2024,426.35
135,J,2020,889.12
135,J,2021,931.55
135,J,2022,972.95
135,J,2023,1015.9
135,J,2024,1082.22
135,K,2020,434.01
135,K,2021,435.37
135,K,2022,443.38
135,K,2023,476.36
135,K,2024,500.52
135,L,2020,585.33
135,L,2021,590.28
135,L,2022,612.62
135,L,2023,641.45
135,L,2024,666.69
135,"M,N",2020,73.62
135,"M,N",2021,74.74
135,"M,N",2022,77.96
135,"M,N",2023,84.44
135,"M,N",2024,91.14
135,O,2020,718.36
135,O,2021,715.7
135,O,2022,723.2
135,O,2023,729.83
135,O,2024,782.76
135,P,2020,642.0
135,P,2021,647.62
135,P,2022,648.09
135,P,2023,691.66
135,P,2024,724.42
135,Q,2020,166.98
135,Q,2021,174.9
135,Q,2022,181.13
135,Q,2023,183.25
135,Q,2024,191.5
135,"R,S,T,U",2020,392.85
135,"R,S,T,U",2021,404.65
135,"R,S,T,U",2022,471.47
135,"R,S,T,U",2023,477.13
135,"R,S,T,U",2024,514.21
135,TOTAL,2020,22898.24
135,TOTAL,2021,23664.39
135,TOTAL,2022,24734.19
135,TOTAL,2023,25904.93
135,TOTAL,2024,27153.09
135,TANPA_MIGAS,2020,22898.24
135,TANPA_MIGAS,2021,23664.39
135,TANPA_MIGAS,2022,24734.19
135,TANPA_MIGAS,2023,25904.93
135,TANPA_MIGAS,2024,27153.09
136,A,2020,5929.36
136,A,2021,5782.67
136,A,2022,5806.22
136,A,2023,5890.84
136,A,2024,5933.43
136,B,2020,478.62
136,B,2021,481.52
136,B,2022,501.67
136,B,2023,521.68
136,B,2024,538.33
136,C,2020,61896.36
136,C,2021,65160.42
136,C,2022,68682.59
136,C,2023,72106.24
136,C,2024,76047.36
136,D,2020,738.42
136,D,2021,771.71
136,D,2022,835.45
136,D,2023,1076.12
136,D,2024,1176.69
136,E,2020,37.93
136,E,2021,39.94
136,E,2022,40.36
136,E,2023,42.44
136,E,2024,45.29
136,F,2020,11894.9
136,F,2021,11932.55
136,F,2022,12515.61
136,F,2023,13087.01
136,F,2024,13761.33
136,G,2020,9734.81
136,G,2021,10618.74
136,G,2022,11359.79
136,G,2023,12013.64
136,G,2024,12554.92
136,H,2020,637.61
136,H,2021,677.82
136,H,2022,774.0
136,H,2023,854.58
136,H,2024,941.03
136,I,2020,3313.86
136,I,2021,3384.03
136,I,2022,3736.13
136,I,2023,4062.31
136,I,2024,4346.28
136,J,2020,3890.57
136,J,2021,4135.45
136,J,2022,4314.99
136,J,2023,4615.67
136,J,2024,4979.01
136,K,2020,789.72
136,K,2021,797.35
136,K,2022,806.68
136,K,2023,834.82
136,K,2024,872.36
136,L,2020,784.88
136,L,2021,794.73
136,L,2022,827.92
136,L,2023,854.69
136,L,2024,882.53
136,"M,N",2020,100.03
136,"M,N",2021,101.71
136,"M,N",2022,104.36
136,"M,N",2023,111.11
136,"M,N",2024,117.94
136,O,2020,1081.36
136,O,2021,1070.13
136,O,2022,1050.53
136,O,2023,1059.46
136,O,2024,1139.23
136,P,2020,732.24
136,P,2021,731.02
136,P,2022,723.97
136,P,2023,746.43
136,P,2024,786.5
136,Q,2020,185.99
136,Q,2021,194.18
136,Q,2022,202.81
136,Q,2023,210.93
136,Q,2024,222.42
136,"R,S,T,U",2020,926.13
136,"R,S,T,U",2021,956.3
136,"R,S,T,U",2022,1068.99
136,"R,S,T,U",2023,1164.58
136,"R,S,T,U",2024,1278.18
136,TOTAL,2020,103152.8
136,TOTAL,2021,107630.27
136,TOTAL,2022,113352.08
136,TOTAL,2023,119252.55
136,TOTAL,2024,125622.82
136,TANPA_MIGAS,2020,103138.47
136,TANPA_MIGAS,2021,107615.92
136,TANPA_MIGAS,2022,113336.94
136,TANPA_MIGAS,2023,119237.38
136,TANPA_MIGAS,2024,125606.94
137,A,2020,2628.5
137,A,2021,2626.37
137,A,2022,2686.06
137,A,2023,2730.83
137,A,2024,2766.84
137,B,2020,110.22
137,B,2021,101.68
137,B,2022,53.15
137,B,2023,42.92
137,B,2024,40.6
137,C,2020,72546.48
137,C,2021,76097.88
137,C,2022,80337.56
137,C,2023,83869.01
137,C,2024,88214.37
137,D,2020,1018.39
137,D,2021,1078.33
137,D,2022,1162.84
137,D,2023,1553.23
137,D,2024,1677.73
137,E,2020,110.15
137,E,2021,117.09
137,E,2022,118.13
137,E,2023,122.15
137,E,2024,128.34
137,F,2020,12221.16
137,F,2021,11386.68
137,F,2022,11903.43
137,F,2023,12543.43
137,F,2024,13332.59
137,G,2020,20734.15
137,G,2021,22721.41
137,G,2022,24427.44
137,G,2023,25886.02
137,G,2024,27095.27
137,H,2020,6469.62
137,H,2021,6672.86
137,H,2022,9697.07
137,H,2023,11843.89
137,H,2024,12775.82
137,I,2020,4653.71
137,I,2021,4922.01
137,I,2022,5529.77
137,I,2023,5942.85
137,I,2024,6395.2
137,J,2020,6739.92
137,J,2021,7070.29
137,J,2022,7385.98
137,J,2023,7844.82
137,J,2024,8353.96
137,K,2020,1604.28
137,K,2021,1614.91
137,K,2022,1654.72
137,K,2023,1728.97
137,K,2024,1814.5
137,L,2020,1385.9
137,L,2021,1406.46
137,L,2022,1486.24
137,L,2023,1546.35
137,L,2024,1606.75
137,"M,N",2020,207.84
137,"M,N",2021,211.04
137,"M,N",2022,213.97
137,"M,N",2023,235.17
137,"M,N",2024,253.64
137,O,2020,2242.46
137,O,2021,2298.3
137,O,2022,2222.56
137,O,2023,2215.42
137,O,2024,2403.3
137,P,2020,1685.81
137,P,2021,1693.41
137,P,2022,1699.49
137,P,2023,1783.65
137,P,2024,1867.1
137,Q,2020,497.07
137,Q,2021,519.6
137,Q,2022,526.64
137,Q,2023,536.06
137,Q,2024,565.78
137,"R,S,T,U",2020,449.64
137,"R,S,T,U",2021,462.02
137,"R,S,T,U",2022,508.84
137,"R,S,T,U",2023,525.99
137,"R,S,T,U",2024,576.0
137,TOTAL,2020,135305.32
137,TOTAL,2021,141000.36
137,TOTAL,2022,151613.88
137,TOTAL,2023,160950.78
137,TOTAL,2024,169867.8
137,TANPA_MIGAS,2020,135205.57
137,TANPA_MIGAS,2021,140907.54
137,TANPA_MIGAS,2022,151569.17
137,TANPA_MIGAS,2023,160916.79
137,TANPA_MIGAS,2024,169836.61
138,A,2020,3884.6
138,A,2021,3924.57
138,A,2022,3978.81
138,A,2023,4152.33
138,A,2024,4157.61
138,B,2020,479.35
138,B,2021,498.04
138,B,2022,527.89
138,B,2023,543.01
138,B,2024,544.77
138,C,2020,32153.8
138,C,2021,33875.26
138,C,2022,36102.77
138,C,2023,38190.85
138,C,2024,40441.64
138,D,2020,40.2
138,D,2021,41.45
138,D,2022,43.46
138,D,2023,46.42
138,D,2024,48.66
138,E,2020,40.62
138,E,2021,43.21
138,E,2022,44.89
138,E,2023,46.43
138,E,2024,48.56
138,F,2020,4897.72
138,F,2021,4795.85
138,F,2022,5084.02
138,F,2023,5190.94
138,F,2024,5356.67
138,G,2020,5806.83
138,G,2021,6212.46
138,G,2022,6535.69
138,G,2023,6916.35
138,G,2024,7257.6
138,H,2020,699.11
138,H,2021,743.83
138,H,2022,841.78
138,H,2023,929.44
138,H,2024,1042.57
138,I,2020,1011.49
138,I,2021,1045.24
138,I,2022,1155.07
138,I,2023,1225.94
138,I,2024,1282.5
138,J,2020,4230.2
138,J,2021,4419.2
138,J,2022,4629.18
138,J,2023,4821.64
138,J,2024,5135.71
138,K,2020,839.77
138,K,2021,844.33
138,K,2022,856.14
138,K,2023,898.06
138,K,2024,939.72
138,L,2020,914.54
138,L,2021,916.86
138,L,2022,958.38
138,L,2023,965.02
138,L,2024,995.67
138,"M,N",2020,85.26
138,"M,N",2021,86.91
138,"M,N",2022,90.96
138,"M,N",2023,99.42
138,"M,N",2024,107.29
138,O,2020,1238.87
138,O,2021,1240.75
138,O,2022,1246.02
138,O,2023,1245.15
138,O,2024,1341.28
138,P,2020,771.94
138,P,2021,770.1
138,P,2022,775.42
138,P,2023,824.28
138,P,2024,873.2
138,Q,2020,257.17
138,Q,2021,259.41
138,Q,2022,272.02
138,Q,2023,292.09
138,Q,2024,305.66
138,"R,S,T,U",2020,466.95
138,"R,S,T,U",2021,481.24
138,"R,S,T,U",2022,557.34
138,"R,S,T,U",2023,595.3
138,"R,S,T,U",2024,648.52
138,TOTAL,2020,57818.42
138,TOTAL,2021,60198.7
138,TOTAL,2022,63699.84
138,TOTAL,2023,66982.68
138,TOTAL,2024,70527.65
138,TANPA_MIGAS,2020,57816.84
138,TANPA_MIGAS,2021,60197.15
138,TANPA_MIGAS,2022,63698.34
138,TANPA_MIGAS,2023,66981.15
138,TANPA_MIGAS,2024,70526.13
139,A,2020,4509.03
139,A,2021,4486.22
139,A,2022,4506.92
139,A,2023,4641.17
139,A,2024,4681.13
139,B,2020,157.34
139,B,2021,158.77
139,B,2022,169.6
139,B,2023,169.89
139,B,2024,163.77
139,C,2020,5923.9
139,C,2021,6044.46
139,C,2022,6565.29
139,C,2023,7006.43
139,C,2024,7472.48
139,D,2020,21.9
139,D,2021,23.04
139,D,2022,24.33
139,D,2023,25.34
139,D,2024,26.78
139,E,2020,25.19
139,E,2021,25.89
139,E,2022,25.68
139,E,2023,26.66
139,E,2024,27.51
139,F,2020,2600.7
139,F,2021,2704.42
139,F,2022,2892.86
139,F,2023,3035.88
139,F,2024,3213.59
139,G,2020,6444.23
139,G,2021,6851.0
139,G,2022,7285.45
139,G,2023,7706.43
139,G,2024,8057.02
139,H,2020,322.44
139,H,2021,350.75
139,H,2022,406.29
139,H,2023,448.96
139,H,2024,499.2
139,I,2020,614.13
139,I,2021,622.34
139,I,2022,674.4
139,I,2023,713.75
139,I,2024,768.49
139,J,2020,2434.98
139,J,2021,2568.52
139,J,2022,2658.85
139,J,2023,2743.06
139,J,2024,2952.55
139,K,2020,676.53
139,K,2021,686.21
139,K,2022,697.8
139,K,2023,715.22
139,K,2024,749.44
139,L,2020,650.57
139,L,2021,667.36
139,L,2022,700.92
139,L,2023,732.24
139,L,2024,774.85
139,"M,N",2020,84.19
139,"M,N",2021,85.85
139,"M,N",2022,91.93
139,"M,N",2023,92.97
139,"M,N",2024,99.48
139,O,2020,892.0
139,O,2021,895.79
139,O,2022,904.49
139,O,2023,903.93
139,O,2024,974.24
139,P,2020,1600.17
139,P,2021,1649.89
139,P,2022,1683.51
139,P,2023,1756.99
139,P,2024,1820.34
139,Q,2020,290.39
139,Q,2021,307.74
139,Q,2022,334.26
139,Q,2023,353.23
139,Q,2024,372.7
139,"R,S,T,U",2020,409.91
139,"R,S,T,U",2021,425.2
139,"R,S,T,U",2022,463.61
139,"R,S,T,U",2023,530.61
139,"R,S,T,U",2024,576.91
139,TOTAL,2020,27657.58
139,TOTAL,2021,28553.45
139,TOTAL,2022,30086.17
139,TOTAL,2023,31602.77
139,TOTAL,2024,33230.48
139,TANPA_MIGAS,2020,27657.58
139,TANPA_MIGAS,2021,28553.45
139,TANPA_MIGAS,2022,30086.17
139,TANPA_MIGAS,2023,31602.77
139,TANPA_MIGAS,2024,33230.48
140,A,2020,5031.96
140,A,2021,5115.75
140,A,2022,5090.06
140,A,2023,5326.24
140,A,2024,5410.04
140,B,2020,324.51
140,B,2021,330.48
140,B,2022,348.62
140,B,2023,370.53
140,B,2024,387.21
140,C,2020,2575.94
140,C,2021,2731.33
140,C,2022,3050.73
140,C,2023,3209.25
140,C,2024,3423.41
140,D,2020,9.26
140,D,2021,9.54
140,D,2022,10.25
140,D,2023,11.12
140,D,2024,11.67
140,E,2020,21.81
140,E,2021,23.2
140,E,2022,24.66
140,E,2023,25.55
140,E,2024,26.49
140,F,2020,1764.06
140,F,2021,1816.23
140,F,2022,1954.9
140,F,2023,2069.21
140,F,2024,2207.35
140,G,2020,3606.88
140,G,2021,3799.33
140,G,2022,3999.52
140,G,2023,4230.39
140,G,2024,4437.79
140,H,2020,276.17
140,H,2021,303.22
140,H,2022,351.15
140,H,2023,393.85
140,H,2024,438.14
140,I,2020,343.73
140,I,2021,360.52
140,I,2022,386.82
140,I,2023,421.05
140,I,2024,454.1
140,J,2020,1071.74
140,J,2021,1138.12
140,J,2022,1200.32
140,J,2023,1284.07
140,J,2024,1376.6
140,K,2020,427.5
140,K,2021,429.85
140,K,2022,442.57
140,K,2023,459.45
140,K,2024,480.73
140,L,2020,334.46
140,L,2021,340.9
140,L,2022,359.49
140,L,2023,370.76
140,L,2024,380.52
140,"M,N",2020,60.34
140,"M,N",2021,61.56
140,"M,N",2022,63.6
140,"M,N",2023,69.3
140,"M,N",2024,74.37
140,O,2020,847.81
140,O,2021,852.75
140,O,2022,865.16
140,O,2023,864.07
140,O,2024,918.7
140,P,2020,685.04
140,P,2021,689.42
140,P,2022,695.32
140,P,2023,735.23
140,P,2024,772.32
140,Q,2020,127.38
140,Q,2021,134.58
140,Q,2022,140.62
140,Q,2023,147.14
140,Q,2024,155.47
140,"R,S,T,U",2020,481.78
140,"R,S,T,U",2021,503.88
140,"R,S,T,U",2022,559.41
140,"R,S,T,U",2023,611.35
140,"R,S,T,U",2024,660.01
140,TOTAL,2020,17990.36
140,TOTAL,2021,18640.68
140,TOTAL,2022,19543.18
140,TOTAL,2023,20598.57
140,TOTAL,2024,21614.91
140,TANPA_MIGAS,2020,17990.36
140,TANPA_MIGAS,2021,18640.68
140,TANPA_MIGAS,2022,19543.18
140,TANPA_MIGAS,2023,20598.57
140,TANPA_MIGAS,2024,21614.91
141,A,2020,3529.16
141,A,2021,3586.51
141,A,2022,3441.31
141,A,2023,3559.14
141,A,2024,3564.27
141,B,2020,117.18
141,B,2021,117.14
141,B,2022,119.31
141,B,2023,127.56
141,B,2024,129.53
141,C,2020,1634.42
141,C,2021,1745.38
141,C,2022,1977.63
141,C,2023,2145.35
141,C,2024,2252.74
141,D,2020,13.23
141,D,2021,13.85
141,D,2022,14.76
141,D,2023,16.03
141,D,2024,16.97
141,E,2020,23.81
141,E,2021,25.67
141,E,2022,27.52
141,E,2023,28.94
141,E,2024,30.18
141,F,2020,1526.67
141,F,2021,1538.19
141,F,2022,1655.75
141,F,2023,1761.01
141,F,2024,1858.26
141,G,2020,2171.58
141,G,2021,2294.31
141,G,2022,2426.48
141,G,2023,2543.87
141,G,2024,2691.65
141,H,2020,218.56
141,H,2021,239.16
141,H,2022,279.58
141,H,2023,309.15
141,H,2024,345.69
141,I,2020,309.1
141,I,2021,327.32
141,I,2022,360.1
141,I,2023,391.66
141,I,2024,424.6
141,J,2020,1196.82
141,J,2021,1261.81
141,J,2022,1321.22
141,J,2023,1403.6
141,J,2024,1471.3
141,K,2020,380.01
141,K,2021,383.47
141,K,2022,401.25
141,K,2023,426.23
141,K,2024,451.64
141,L,2020,255.85
141,L,2021,262.86
141,L,2022,277.34
141,L,2023,296.51
141,L,2024,307.23
141,"M,N",2020,43.09
141,"M,N",2021,43.67
141,"M,N",2022,45.3
141,"M,N",2023,47.0
141,"M,N",2024,51.88
141,O,2020,692.97
141,O,2021,705.03
141,O,2022,704.24
141,O,2023,704.5
141,O,2024,773.36
141,P,2020,603.62
141,P,2021,606.66
141,P,2022,628.97
141,P,2023,628.68
141,P,2024,678.4
141,Q,2020,131.93
141,Q,2021,124.32
141,Q,2022,128.71
141,Q,2023,134.55
141,Q,2024,140.75
141,"R,S,T,U",2020,298.12
141,"R,S,T,U",2021,307.38
141,"R,S,T,U",2022,360.17
141,"R,S,T,U",2023,372.04
141,"R,S,T,U",2024,404.75
141,TOTAL,2020,13146.12
141,TOTAL,2021,13582.73
141,TOTAL,2022,14169.62
141,TOTAL,2023,14895.81
141,TOTAL,2024,15593.2
141,TANPA_MIGAS,2020,13142.33
141,TANPA_MIGAS,2021,13578.17
141,TANPA_MIGAS,2022,14164.98
141,TANPA_MIGAS,2023,14890.56
141,TANPA_MIGAS,2024,15587.82
142,A,2020,3602.28
142,A,2021,3598.98
142,A,2022,3581.05
142,A,2023,3561.69
142,A,2024,3611.95
142,B,2020,176.79
142,B,2021,184.43
142,B,2022,185.21
142,B,2023,188.5
142,B,2024,188.75
142,C,2020,1423.4
142,C,2021,1497.13
142,C,2022,1643.91
142,C,2023,1790.59
142,C,2024,1871.18
142,D,2020,8.56
142,D,2021,8.74
142,D,2022,9.37
142,D,2023,11.88
142,D,2024,12.69
142,E,2020,31.98
142,E,2021,33.53
142,E,2022,35.43
142,E,2023,36.7
142,E,2024,38.8
142,F,2020,1054.33
142,F,2021,1102.04
142,F,2022,1164.2
142,F,2023,1234.66
142,F,2024,1304.32
142,G,2020,2080.63
142,G,2021,2197.66
142,G,2022,2318.35
142,G,2023,2448.68
142,G,2024,2560.0
142,H,2020,204.89
142,H,2021,225.45
142,H,2022,263.66
142,H,2023,292.05
142,H,2024,327.3
142,I,2020,546.7
142,I,2021,562.98
142,I,2022,625.91
142,I,2023,698.81
142,I,2024,749.98
142,J,2020,1205.23
142,J,2021,1272.23
142,J,2022,1322.7
142,J,2023,1408.83
142,J,2024,1508.27
142,K,2020,343.7
142,K,2021,342.58
142,K,2022,345.7
142,K,2023,356.59
142,K,2024,374.51
142,L,2020,201.04
142,L,2021,205.35
142,L,2022,215.25
142,L,2023,221.33
142,L,2024,227.96
142,"M,N",2020,43.69
142,"M,N",2021,44.14
142,"M,N",2022,44.94
142,"M,N",2023,48.63
142,"M,N",2024,51.92
142,O,2020,983.94
142,O,2021,973.88
142,O,2022,955.82
142,O,2023,956.69
142,O,2024,1029.1
142,P,2020,583.3
142,P,2021,610.02
142,P,2022,611.18
142,P,2023,641.35
142,P,2024,686.34
142,Q,2020,132.81
142,Q,2021,140.16
142,Q,2022,144.54
142,Q,2023,149.49
142,Q,2024,158.36
142,"R,S,T,U",2020,397.62
142,"R,S,T,U",2021,417.73
142,"R,S,T,U",2022,471.93
142,"R,S,T,U",2023,516.21
142,"R,S,T,U",2024,558.41
142,TOTAL,2020,13020.89
142,TOTAL,2021,13417.03
142,TOTAL,2022,13939.15
142,TOTAL,2023,14562.68
142,TOTAL,2024,15259.86
142,TANPA_MIGAS,2020,13020.89
142,TANPA_MIGAS,2021,13417.03
142,TANPA_MIGAS,2022,13939.15
142,TANPA_MIGAS,2023,14562.68
142,TANPA_MIGAS,2024,15259.86
143,A,2020,4156.11
143,A,2021,4138.06
143,A,2022,4061.34
143,A,2023,4144.76
143,A,2024,4187.11
143,B,2020,170.22
143,B,2021,172.9
143,B,2022,180.89
143,B,2023,187.73
143,B,2024,195.37
143,C,2020,1150.54
143,C,2021,1219.34
143,C,2022,1330.57
143,C,2023,1419.61
143,C,2024,1506.02
143,D,2020,13.23
143,D,2021,13.8
143,D,2022,14.52
143,D,2023,15.43
143,D,2024,16.28
143,E,2020,17.74
143,E,2021,19.12
143,E,2022,19.79
143,E,2023,20.62
143,E,2024,21.64
143,F,2020,1217.05
143,F,2021,1238.48
143,F,2022,1327.31
143,F,2023,1423.04
143,F,2024,1518.7
143,G,2020,2367.55
143,G,2021,2493.22
143,G,2022,2634.35
143,G,2023,2785.26
143,G,2024,2928.03
143,H,2020,190.69
143,H,2021,210.51
143,H,2022,248.34
143,H,2023,271.41
143,H,2024,303.6
143,I,2020,353.47
143,I,2021,369.47
143,I,2022,403.58
143,I,2023,427.38
143,I,2024,463.75
143,J,2020,1235.96
143,J,2021,1306.13
143,J,2022,1338.46
143,J,2023,1403.74
143,J,2024,1483.79
143,K,2020,348.83
143,K,2021,349.99
143,K,2022,354.1
143,K,2023,359.95
143,K,2024,375.1
143,L,2020,209.89
143,L,2021,211.1
143,L,2022,218.73
143,L,2023,223.42
143,L,2024,230.85
143,"M,N",2020,48.54
143,"M,N",2021,49.32
143,"M,N",2022,49.42
143,"M,N",2023,50.83
143,"M,N",2024,54.66
143,O,2020,708.32
143,O,2021,709.31
143,O,2022,712.63
143,O,2023,717.68
143,O,2024,769.97
143,P,2020,841.72
143,P,2021,845.17
143,P,2022,852.44
143,P,2023,902.22
143,P,2024,942.62
143,Q,2020,144.57
143,Q,2021,153.25
143,Q,2022,156.9
143,Q,2023,163.16
143,Q,2024,171.39
143,"R,S,T,U",2020,305.31
143,"R,S,T,U",2021,324.3
143,"R,S,T,U",2022,361.07
143,"R,S,T,U",2023,388.28
143,"R,S,T,U",2024,427.08
143,TOTAL,2020,13479.74
143,TOTAL,2021,13823.46
143,TOTAL,2022,14264.44
143,TOTAL,2023,14904.51
143,TOTAL,2024,15595.97
143,TANPA_MIGAS,2020,13478.6
143,TANPA_MIGAS,2021,13822.3
143,TANPA_MIGAS,2022,14263.33
143,TANPA_MIGAS,2023,14903.98
143,TANPA_MIGAS,2024,15595.75
144,A,2020,6005.31
144,A,2021,5932.64
144,A,2022,6097.92
144,A,2023,6321.94
144,A,2024,6335.68
144,B,2020,41664.22
144,B,2021,36827.7
144,B,2022,31118.84
144,B,2023,31080.0
144,B,2024,30456.4
144,C,2020,3339.66
144,C,2021,3435.16
144,C,2022,3654.28
144,C,2023,3846.5
144,C,2024,4182.0
144,D,2020,14.37
144,D,2021,14.7
144,D,2022,15.81
144,D,2023,17.68
144,D,2024,19.24
144,E,2020,20.01
144,E,2021,21.38
144,E,2022,21.58
144,E,2023,22.66
144,E,2024,23.91
144,F,2020,3934.93
144,F,2021,4087.92
144,F,2022,4414.23
144,F,2023,4613.27
144,F,2024,4894.63
144,G,2020,4645.8
144,G,2021,4986.74
144,G,2022,5354.7
144,G,2023,5656.87
144,G,2024,5946.66
144,H,2020,516.57
144,H,2021,566.82
144,H,2022,676.06
144,H,2023,773.4
144,H,2024,869.95
144,I,2020,497.29
144,I,2021,516.84
144,I,2022,586.69
144,I,2023,634.09
144,I,2024,689.37
144,J,2020,4330.85
144,J,2021,4645.29
144,J,2022,4881.9
144,J,2023,5201.65
144,J,2024,5482.24
144,K,2020,785.08
144,K,2021,794.7
144,K,2022,823.38
144,K,2023,858.62
144,K,2024,902.32
144,L,2020,734.8
144,L,2021,755.41
144,L,2022,800.01
144,L,2023,845.45
144,L,2024,876.53
144,"M,N",2020,75.18
144,"M,N",2021,77.02
144,"M,N",2022,81.56
144,"M,N",2023,88.56
144,"M,N",2024,95.31
144,O,2020,1877.02
144,O,2021,1882.59
144,O,2022,1903.1
144,O,2023,1921.84
144,O,2024,2075.07
144,P,2020,625.56
144,P,2021,631.97
144,P,2022,638.6
144,P,2023,671.41
144,P,2024,706.21
144,Q,2020,247.91
144,Q,2021,260.81
144,Q,2022,270.88
144,Q,2023,277.11
144,Q,2024,292.6
144,"R,S,T,U",2020,388.86
144,"R,S,T,U",2021,401.82
144,"R,S,T,U",2022,443.33
144,"R,S,T,U",2023,479.64
144,"R,S,T,U",2024,519.3
144,TOTAL,2020,69703.42
144,TOTAL,2021,65839.51
144,TOTAL,2022,61782.87
144,TOTAL,2023,63310.69
144,TOTAL,2024,64367.43
144,TANPA_MIGAS,2020,28001.46
144,TANPA_MIGAS,2021,28994.8
144,TANPA_MIGAS,2022,30745.47
144,TANPA_MIGAS,2023,32336.23
144,TANPA_MIGAS,2024,34000.67
145,A,2020,7295.39
145,A,2021,7395.22
145,A,2022,7535.06
145,A,2023,7590.55
145,A,2024,7756.02
145,B,2020,3722.65
145,B,2021,3729.44
145,B,2022,3893.79
145,B,2023,4186.19
145,B,2024,4320.3
145,C,2020,13205.95
145,C,2021,13597.84
145,C,2022,16005.6
145,C,2023,16548.38
145,C,2024,16850.54
145,D,2020,50.82
145,D,2021,51.39
145,D,2022,52.7
145,D,2023,53.21
145,D,2024,58.2
145,E,2020,28.01
145,E,2021,29.77
145,E,2022,30.76
145,E,2023,32.26
145,E,2024,34.22
145,F,2020,4725.38
145,F,2021,4663.5
145,F,2022,4917.2
145,F,2023,5196.96
145,F,2024,5520.53
145,G,2020,5753.65
145,G,2021,6235.9
145,G,2022,6697.06
145,G,2023,7065.5
145,G,2024,7380.92
145,H,2020,295.2
145,H,2021,318.13
145,H,2022,367.54
145,H,2023,406.51
145,H,2024,453.93
145,I,2020,404.19
145,I,2021,414.0
145,I,2022,449.5
145,I,2023,488.57
145,I,2024,516.08
145,J,2020,2976.42
145,J,2021,3219.25
145,J,2022,3488.73
145,J,2023,3783.92
145,J,2024,4073.96
145,K,2020,913.44
145,K,2021,920.67
145,K,2022,927.21
145,K,2023,946.68
145,K,2024,1004.08
145,L,2020,690.4
145,L,2021,712.73
145,L,2022,741.35
145,L,2023,774.97
145,L,2024,815.45
145,"M,N",2020,92.58
145,"M,N",2021,94.6
145,"M,N",2022,96.71
145,"M,N",2023,99.94
145,"M,N",2024,109.42
145,O,2020,997.44
145,O,2021,1001.7
145,O,2022,1012.97
145,O,2023,1027.02
145,O,2024,1107.45
145,P,2020,785.92
145,P,2021,789.17
145,P,2022,799.46
145,P,2023,831.5
145,P,2024,887.96
145,Q,2020,271.35
145,Q,2021,286.6
145,Q,2022,296.12
145,Q,2023,312.79
145,Q,2024,326.27
145,"R,S,T,U",2020,496.21
145,"R,S,T,U",2021,524.77
145,"R,S,T,U",2022,578.5
145,"R,S,T,U",2023,639.27
145,"R,S,T,U",2024,698.07
145,TOTAL,2020,42705.01
145,TOTAL,2021,43984.69
145,TOTAL,2022,47890.26
145,TOTAL,2023,49984.23
145,TOTAL,2024,51913.41
145,TANPA_MIGAS,2020,42175.43
145,TANPA_MIGAS,2021,43505.63
145,TANPA_MIGAS,2022,47455.61
145,TANPA_MIGAS,2023,49481.05
145,TANPA_MIGAS,2024,51421.52
146,A,2020,8505.4
146,A,2021,8388.77
146,A,2022,8719.33
146,A,2023,8599.86
146,A,2024,8609.58
146,B,2020,330.72
146,B,2021,358.75
146,B,2022,394.19
146,B,2023,470.77
146,B,2024,473.21
146,C,2020,2851.54
146,C,2021,3056.98
146,C,2022,3300.93
146,C,2023,3522.29
146,C,2024,3792.04
146,D,2020,20.72
146,D,2021,21.73
146,D,2022,23.42
146,D,2023,25.37
146,D,2024,26.32
146,E,2020,32.6
146,E,2021,34.23
146,E,2022,34.55
146,E,2023,36.61
146,E,2024,40.07
146,F,2020,2926.12
146,F,2021,3044.73
146,F,2022,3251.91
146,F,2023,3488.46
146,F,2024,3769.0
146,G,2020,5176.0
146,G,2021,5540.05
146,G,2022,5923.01
146,G,2023,6264.54
146,G,2024,6582.86
146,H,2020,224.94
146,H,2021,245.51
146,H,2022,284.37
146,H,2023,314.85
146,H,2024,353.38
146,I,2020,422.47
146,I,2021,434.56
146,I,2022,476.88
146,I,2023,529.31
146,I,2024,581.15
146,J,2020,2566.65
146,J,2021,2763.84
146,J,2022,2913.33
146,J,2023,3139.11
146,J,2024,3346.4
146,K,2020,554.97
146,K,2021,556.7
146,K,2022,565.15
146,K,2023,591.67
146,K,2024,627.3
146,L,2020,652.56
146,L,2021,680.4
146,L,2022,724.61
146,L,2023,756.45
146,L,2024,800.7
146,"M,N",2020,74.67
146,"M,N",2021,77.16
146,"M,N",2022,79.61
146,"M,N",2023,85.73
146,"M,N",2024,92.96
146,O,2020,1073.24
146,O,2021,1080.57
146,O,2022,1070.95
146,O,2023,1074.4
146,O,2024,1136.39
146,P,2020,811.52
146,P,2021,827.39
146,P,2022,832.1
146,P,2023,884.07
146,P,2024,944.36
146,Q,2020,289.45
146,Q,2021,306.1
146,Q,2022,308.43
146,Q,2023,323.01
146,Q,2024,351.35
146,"R,S,T,U",2020,459.08
146,"R,S,T,U",2021,479.05
146,"R,S,T,U",2022,544.69
146,"R,S,T,U",2023,602.69
146,"R,S,T,U",2024,658.87
146,TOTAL,2020,26972.65
146,TOTAL,2021,27896.54
146,TOTAL,2022,29447.44
146,TOTAL,2023,30709.18
146,TOTAL,2024,32185.95
146,TANPA_MIGAS,2020,26972.65
146,TANPA_MIGAS,2021,27896.54
146,TANPA_MIGAS,2022,29447.44
146,TANPA_MIGAS,2023,30709.18
146,TANPA_MIGAS,2024,32185.95
147,A,2020,6004.08
147,A,2021,5823.54
147,A,2022,6007.94
147,A,2023,6200.21
147,A,2024,6301.05
147,B,2020,8582.77
147,B,2021,8705.94
147,B,2022,9385.49
147,B,2023,9293.59
147,B,2024,8783.73
147,C,2020,47703.86
147,C,2021,49808.94
147,C,2022,54162.28
147,C,2023,56730.52
147,C,2024,60317.76
147,D,2020,543.75
147,D,2021,556.66
147,D,2022,590.75
147,D,2023,611.89
147,D,2024,649.31
147,E,2020,64.12
147,E,2021,70.67
147,E,2022,73.15
147,E,2023,76.61
147,E,2024,80.33
147,F,2020,9234.8
147,F,2021,9418.46
147,F,2022,9929.74
147,F,2023,10477.02
147,F,2024,10939.71
147,G,2020,11509.21
147,G,2021,12342.99
147,G,2022,13245.02
147,G,2023,14007.86
147,G,2024,14649.08
147,H,2020,2209.85
147,H,2021,2284.8
147,H,2022,2603.66
147,H,2023,2915.52
147,H,2024,3169.39
147,I,2020,1158.99
147,I,2021,1209.2
147,I,2022,1317.23
147,I,2023,1407.88
147,I,2024,1504.02
147,J,2020,5113.94
147,J,2021,5470.63
147,J,2022,5687.88
147,J,2023,6074.92
147,J,2024,6497.16
147,K,2020,1075.75
147,K,2021,1079.42
147,K,2022,1102.43
147,K,2023,1149.29
147,K,2024,1212.97
147,L,2020,1383.88
147,L,2021,1445.48
147,L,2022,1527.52
147,L,2023,1585.05
147,L,2024,1642.29
147,"M,N",2020,290.78
147,"M,N",2021,297.42
147,"M,N",2022,312.43
147,"M,N",2023,336.28
147,"M,N",2024,362.88
147,O,2020,1131.65
147,O,2021,1140.31
147,O,2022,1144.45
147,O,2023,1156.92
147,O,2024,1259.67
147,P,2020,916.57
147,P,2021,937.05
147,P,2022,939.42
147,P,2023,1002.26
147,P,2024,1050.63
147,Q,2020,441.85
147,Q,2021,462.55
147,Q,2022,452.58
147,Q,2023,469.68
147,Q,2024,500.12
147,"R,S,T,U",2020,250.75
147,"R,S,T,U",2021,264.62
147,"R,S,T,U",2022,314.89
147,"R,S,T,U",2023,329.93
147,"R,S,T,U",2024,354.3
147,TOTAL,2020,97616.6
147,TOTAL,2021,101318.69
147,TOTAL,2022,108796.88
147,TOTAL,2023,113825.43
147,TOTAL,2024,119274.42
147,TANPA_MIGAS,2020,89647.4
147,TANPA_MIGAS,2021,93268.29
147,TANPA_MIGAS,2022,100049.21
147,TANPA_MIGAS,2023,105220.7
147,TANPA_MIGAS,2024,111239.03
148,A,2020,3746.91
148,A,2021,3670.21
148,A,2022,3768.43
148,A,2023,3617.17
148,A,2024,3240.47
148,B,2020,4554.7
148,B,2021,3888.81
148,B,2022,3026.38
148,B,2023,2831.38
148,B,2024,2794.27
148,C,2020,396.75
148,C,2021,407.32
148,C,2022,447.48
148,C,2023,479.19
148,C,2024,523.02
148,D,2020,8.36
148,D,2021,8.54
148,D,2022,9.08
148,D,2023,10.05
148,D,2024,10.81
148,E,2020,14.57
148,E,2021,15.62
148,E,2022,16.5
148,E,2023,17.53
148,E,2024,19.1
148,F,2020,2122.8
148,F,2021,2166.7
148,F,2022,2316.05
148,F,2023,2443.72
148,F,2024,2644.55
148,G,2020,2674.91
148,G,2021,2889.15
148,G,2022,3090.66
148,G,2023,3274.57
148,G,2024,3447.63
148,H,2020,239.16
148,H,2021,250.66
148,H,2022,299.66
148,H,2023,333.69
148,H,2024,371.99
148,I,2020,203.29
148,I,2021,210.42
148,I,2022,226.01
148,I,2023,248.65
148,I,2024,271.42
148,J,2020,1163.03
148,J,2021,1235.37
148,J,2022,1285.67
148,J,2023,1385.61
148,J,2024,1494.6
148,K,2020,316.86
148,K,2021,320.61
148,K,2022,329.07
148,K,2023,341.94
148,K,2024,359.65
148,L,2020,223.51
148,L,2021,228.6
148,L,2022,240.98
148,L,2023,248.04
148,L,2024,269.31
148,"M,N",2020,41.18
148,"M,N",2021,41.83
148,"M,N",2022,41.87
148,"M,N",2023,43.15
148,"M,N",2024,46.56
148,O,2020,902.05
148,O,2021,899.51
148,O,2022,921.97
148,O,2023,896.83
148,O,2024,955.5
148,P,2020,709.75
148,P,2021,713.63
148,P,2022,718.42
148,P,2023,761.54
148,P,2024,802.85
148,Q,2020,80.51
148,Q,2021,85.38
148,Q,2022,87.66
148,Q,2023,91.07
148,Q,2024,95.04
148,"R,S,T,U",2020,116.29
148,"R,S,T,U",2021,120.4
148,"R,S,T,U",2022,134.05
148,"R,S,T,U",2023,140.06
148,"R,S,T,U",2024,150.76
148,TOTAL,2020,17514.62
148,TOTAL,2021,17152.78
148,TOTAL,2022,16959.91
148,TOTAL,2023,17164.2
148,TOTAL,2024,17497.5
148,TANPA_MIGAS,2020,13192.84
148,TANPA_MIGAS,2021,13501.07
148,TANPA_MIGAS,2022,14181.59
148,TANPA_MIGAS,2023,14589.62
148,TANPA_MIGAS,2024,14974.51
149,A,2020,4057.72
149,A,2021,4012.24
149,A,2022,4171.3
149,A,2023,4108.45
149,A,2024,3885.4
149,B,2020,2679.75
149,B,2021,2541.17
149,B,2022,2327.09
149,B,2023,2251.35
149,B,2024,2144.22
149,C,2020,515.58
149,C,2021,519.96
149,C,2022,564.54
149,C,2023,601.83
149,C,2024,647.23
149,D,2020,5.18
149,D,2021,5.33
149,D,2022,5.63
149,D,2023,5.79
149,D,2024,6.38
149,E,2020,11.15
149,E,2021,11.75
149,E,2022,12.53
149,E,2023,12.84
149,E,2024,13.34
149,F,2020,1407.28
149,F,2021,1437.29
149,F,2022,1527.31
149,F,2023,1668.38
149,F,2024,1829.34
149,G,2020,2414.08
149,G,2021,2496.58
149,G,2022,2635.57
149,G,2023,2794.7
149,G,2024,2956.02
149,H,2020,141.45
149,H,2021,150.7
149,H,2022,172.74
149,H,2023,193.6
149,H,2024,217.28
149,I,2020,58.63
149,I,2021,60.3
149,I,2022,66.2
149,I,2023,71.42
149,I,2024,74.52
149,J,2020,932.27
149,J,2021,989.03
149,J,2022,1020.86
149,J,2023,1091.71
149,J,2024,1153.37
149,K,2020,192.1
149,K,2021,195.82
149,K,2022,200.5
149,K,2023,205.6
149,K,2024,211.6
149,L,2020,197.0
149,L,2021,204.26
149,L,2022,211.59
149,L,2023,219.75
149,L,2024,230.49
149,"M,N",2020,38.29
149,"M,N",2021,38.48
149,"M,N",2022,38.95
149,"M,N",2023,44.29
149,"M,N",2024,48.25
149,O,2020,625.1
149,O,2021,625.24
149,O,2022,635.85
149,O,2023,642.85
149,O,2024,699.31
149,P,2020,475.74
149,P,2021,485.13
149,P,2022,489.06
149,P,2023,516.15
149,P,2024,548.94
149,Q,2020,83.52
149,Q,2021,88.48
149,Q,2022,91.54
149,Q,2023,94.32
149,Q,2024,98.5
149,"R,S,T,U",2020,118.87
149,"R,S,T,U",2021,122.81
149,"R,S,T,U",2022,137.02
149,"R,S,T,U",2023,151.08
149,"R,S,T,U",2024,161.1
149,TOTAL,2020,13953.74
149,TOTAL,2021,13984.57
149,TOTAL,2022,14308.28
149,TOTAL,2023,14674.11
149,TOTAL,2024,14925.3
149,TANPA_MIGAS,2020,11910.66
149,TANPA_MIGAS,2021,12092.0
149,TANPA_MIGAS,2022,12729.19
149,TANPA_MIGAS,2023,13305.45
149,TANPA_MIGAS,2024,13734.61
150,A,2020,3214.65
150,A,2021,3262.76
150,A,2022,3367.65
150,A,2023,3457.92
150,A,2024,3489.59
150,B,2020,385.41
150,B,2021,383.05
150,B,2022,396.39
150,B,2023,460.05
150,B,2024,489.76
150,C,2020,755.57
150,C,2021,791.38
150,C,2022,850.99
150,C,2023,910.12
150,C,2024,967.65
150,D,2020,6.56
150,D,2021,6.8
150,D,2022,7.22
150,D,2023,7.72
150,D,2024,8.26
150,E,2020,10.29
150,E,2021,10.91
150,E,2022,11.43
150,E,2023,12.13
150,E,2024,12.64
150,F,2020,1174.78
150,F,2021,1206.3
150,F,2022,1263.96
150,F,2023,1365.52
150,F,2024,1487.77
150,G,2020,2344.37
150,G,2021,2502.83
150,G,2022,2661.48
150,G,2023,2810.95
150,G,2024,2976.24
150,H,2020,191.74
150,H,2021,207.41
150,H,2022,239.5
150,H,2023,265.9
150,H,2024,301.32
150,I,2020,73.65
150,I,2021,75.5
150,I,2022,82.97
150,I,2023,89.26
150,I,2024,94.67
150,J,2020,973.38
150,J,2021,1038.98
150,J,2022,1086.3
150,J,2023,1140.8
150,J,2024,1187.49
150,K,2020,215.77
150,K,2021,218.71
150,K,2022,223.58
150,K,2023,236.26
150,K,2024,246.29
150,L,2020,233.69
150,L,2021,235.21
150,L,2022,246.99
150,L,2023,255.13
150,L,2024,267.21
150,"M,N",2020,47.34
150,"M,N",2021,48.35
150,"M,N",2022,48.26
150,"M,N",2023,53.46
150,"M,N",2024,56.21
150,O,2020,742.13
150,O,2021,743.58
150,O,2022,758.29
150,O,2023,759.74
150,O,2024,805.83
150,P,2020,533.81
150,P,2021,540.45
150,P,2022,546.81
150,P,2023,557.87
150,P,2024,591.91
150,Q,2020,99.55
150,Q,2021,104.51
150,Q,2022,107.39
150,Q,2023,111.14
150,Q,2024,117.78
150,"R,S,T,U",2020,114.92
150,"R,S,T,U",2021,119.49
150,"R,S,T,U",2022,132.34
150,"R,S,T,U",2023,134.71
150,"R,S,T,U",2024,144.65
150,TOTAL,2020,11117.62
150,TOTAL,2021,11496.24
150,TOTAL,2022,12031.56
150,TOTAL,2023,12628.69
150,TOTAL,2024,13245.25
150,TANPA_MIGAS,2020,11117.62
150,TANPA_MIGAS,2021,11496.24
150,TANPA_MIGAS,2022,12031.56
150,TANPA_MIGAS,2023,12628.69
150,TANPA_MIGAS,2024,13245.25
151,A,2020,7818.69
151,A,2021,7980.61
151,A,2022,8273.58
151,A,2023,8510.87
151,A,2024,8531.37
151,B,2020,5153.02
151,B,2021,5052.75
151,B,2022,4835.93
151,B,2023,5182.19
151,B,2024,5204.3
151,C,2020,1416.61
151,C,2021,1495.21
151,C,2022,1613.25
151,C,2023,1716.77
151,C,2024,1858.63
151,D,2020,7.97
151,D,2021,8.26
151,D,2022,8.82
151,D,2023,9.45
151,D,2024,10.12
151,E,2020,11.9
151,E,2021,12.56
151,E,2022,13.21
151,E,2023,13.57
151,E,2024,14.09
151,F,2020,1633.18
151,F,2021,1690.9
151,F,2022,1819.6
151,F,2023,2001.03
151,F,2024,2243.38
151,G,2020,2902.1
151,G,2021,3112.17
151,G,2022,3291.89
151,G,2023,3475.17
151,G,2024,3681.94
151,H,2020,272.31
151,H,2021,292.04
151,H,2022,347.28
151,H,2023,383.03
151,H,2024,420.08
151,I,2020,178.47
151,I,2021,183.61
151,I,2022,203.61
151,I,2023,226.96
151,I,2024,246.05
151,J,2020,1659.05
151,J,2021,1771.89
151,J,2022,1848.38
151,J,2023,1963.01
151,J,2024,2111.83
151,K,2020,498.08
151,K,2021,503.71
151,K,2022,521.34
151,K,2023,542.93
151,K,2024,567.14
151,L,2020,270.5
151,L,2021,276.17
151,L,2022,291.71
151,L,2023,302.52
151,L,2024,314.29
151,"M,N",2020,47.37
151,"M,N",2021,49.5
151,"M,N",2022,50.61
151,"M,N",2023,53.29
151,"M,N",2024,55.18
151,O,2020,731.25
151,O,2021,746.8
151,O,2022,755.21
151,O,2023,760.13
151,O,2024,807.51
151,P,2020,684.78
151,P,2021,707.64
151,P,2022,728.12
151,P,2023,769.05
151,P,2024,811.59
151,Q,2020,106.62
151,Q,2021,113.85
151,Q,2022,121.65
151,Q,2023,125.98
151,Q,2024,130.22
151,"R,S,T,U",2020,154.6
151,"R,S,T,U",2021,163.68
151,"R,S,T,U",2022,188.43
151,"R,S,T,U",2023,208.84
151,"R,S,T,U",2024,226.67
151,TOTAL,2020,23546.51
151,TOTAL,2021,24161.35
151,TOTAL,2022,24912.62
151,TOTAL,2023,26244.79
151,TOTAL,2024,27234.39
151,TANPA_MIGAS,2020,18949.93
151,TANPA_MIGAS,2021,19632.82
151,TANPA_MIGAS,2022,20619.17
151,TANPA_MIGAS,2023,21610.36
151,TANPA_MIGAS,2024,22612.95
152,A,2020,197.46
152,A,2021,197.62
152,A,2022,197.0
152,A,2023,197.89
152,A,2024,199.17
152,B,2020,0.03
152,B,2021,0.03
152,B,2022,0.03
152,B,2023,0.03
152,B,2024,0.03
152,C,2020,67283.44
152,C,2021,68298.65
152,C,2022,70307.03
152,C,2023,70746.44
152,C,2024,72825.79
152,D,2020,8.69
152,D,2021,8.83
152,D,2022,9.57
152,D,2023,9.97
152,D,2024,10.22
152,E,2020,18.95
152,E,2021,20.1
152,E,2022,21.49
152,E,2023,22.62
152,E,2024,23.71
152,F,2020,1446.94
152,F,2021,1500.02
152,F,2022,1616.94
152,F,2023,1758.77
152,F,2024,1804.53
152,G,2020,8195.45
152,G,2021,8999.41
152,G,2022,9774.06
152,G,2023,10362.54
152,G,2024,10804.33
152,H,2020,394.64
152,H,2021,419.13
152,H,2022,495.22
152,H,2023,543.07
152,H,2024,599.71
152,I,2020,1296.53
152,I,2021,1339.28
152,I,2022,1518.3
152,I,2023,1669.61
152,I,2024,1805.73
152,J,2020,2545.01
152,J,2021,2691.37
152,J,2022,2834.87
152,J,2023,3094.73
152,J,2024,3295.97
152,K,2020,845.24
152,K,2021,861.01
152,K,2022,891.4
152,K,2023,910.42
152,K,2024,956.78
152,L,2020,428.55
152,L,2021,429.86
152,L,2022,451.78
152,L,2023,455.92
152,L,2024,467.39
152,"M,N",2020,172.43
152,"M,N",2021,173.11
152,"M,N",2022,180.01
152,"M,N",2023,191.27
152,"M,N",2024,203.22
152,O,2020,318.6
152,O,2021,319.84
152,O,2022,325.35
152,O,2023,338.48
152,O,2024,348.29
152,P,2020,759.51
152,P,2021,749.58
152,P,2022,758.43
152,P,2023,780.1
152,P,2024,843.52
152,Q,2020,186.83
152,Q,2021,197.17
152,Q,2022,201.25
152,Q,2023,204.31
152,Q,2024,210.91
152,"R,S,T,U",2020,276.68
152,"R,S,T,U",2021,280.59
152,"R,S,T,U",2022,324.47
152,"R,S,T,U",2023,345.18
152,"R,S,T,U",2024,374.79
152,TOTAL,2020,84374.98
152,TOTAL,2021,86485.59
152,TOTAL,2022,89907.21
152,TOTAL,2023,91631.35
152,TOTAL,2024,94774.08
152,TANPA_MIGAS,2020,84374.98
152,TANPA_MIGAS,2021,86485.59
152,TANPA_MIGAS,2022,89907.21
152,TANPA_MIGAS,2023,91631.35
152,TANPA_MIGAS,2024,94774.08
153,A,2020,120.96
153,A,2021,123.13
153,A,2022,114.55
153,A,2023,116.31
153,A,2024,107.95
153,B,2020,0.24
153,B,2021,0.24
153,B,2022,0.21
153,B,2023,0.21
153,B,2024,0.17
153,C,2020,431.23
153,C,2021,449.71
153,C,2022,479.53
153,C,2023,491.85
153,C,2024,517.0
153,D,2020,3.4
153,D,2021,3.48
153,D,2022,3.74
153,D,2023,3.94
153,D,2024,4.05
153,E,2020,8.08
153,E,2021,8.51
153,E,2022,8.93
153,E,2023,9.41
153,E,2024,9.75
153,F,2020,321.09
153,F,2021,324.88
153,F,2022,349.13
153,F,2023,371.82
153,F,2024,393.98
153,G,2020,1110.56
153,G,2021,1187.03
153,G,2022,1268.53
153,G,2023,1327.99
153,G,2024,1395.4
153,H,2020,190.38
153,H,2021,201.05
153,H,2022,227.68
153,H,2023,250.32
153,H,2024,266.66
153,I,2020,230.16
153,I,2021,244.65
153,I,2022,266.86
153,I,2023,288.75
153,I,2024,307.55
153,J,2020,664.75
153,J,2021,704.17
153,J,2022,720.97
153,J,2023,767.46
153,J,2024,806.65
153,K,2020,480.95
153,K,2021,483.77
153,K,2022,502.1
153,K,2023,517.77
153,K,2024,543.12
153,L,2020,195.92
153,L,2021,204.42
153,L,2022,212.36
153,L,2023,219.47
153,L,2024,227.74
153,"M,N",2020,37.08
153,"M,N",2021,37.71
153,"M,N",2022,39.48
153,"M,N",2023,41.83
153,"M,N",2024,44.42
153,O,2020,289.58
153,O,2021,290.39
153,O,2022,297.56
153,O,2023,299.79
153,O,2024,320.15
153,P,2020,326.24
153,P,2021,329.92
153,P,2022,332.84
153,P,2023,354.12
153,P,2024,376.86
153,Q,2020,102.43
153,Q,2021,108.92
153,Q,2022,109.54
153,Q,2023,116.3
153,Q,2024,119.09
153,"R,S,T,U",2020,209.51
153,"R,S,T,U",2021,222.58
153,"R,S,T,U",2022,247.61
153,"R,S,T,U",2023,278.48
153,"R,S,T,U",2024,305.88
153,TOTAL,2020,4722.55
153,TOTAL,2021,4924.57
153,TOTAL,2022,5181.61
153,TOTAL,2023,5455.81
153,TOTAL,2024,5746.4
153,TANPA_MIGAS,2020,4722.55
153,TANPA_MIGAS,2021,4924.57
153,TANPA_MIGAS,2022,5181.61
153,TANPA_MIGAS,2023,5455.81
153,TANPA_MIGAS,2024,5746.4
154,A,2020,116.83
154,A,2021,118.58
154,A,2022,119.73
154,A,2023,120.65
154,A,2024,112.68
154,B,2020,32.65
154,B,2021,31.79
154,B,2022,32.7
154,B,2023,34.44
154,B,2024,30.63
154,C,2020,11952.14
154,C,2021,12316.68
154,C,2022,13147.21
154,C,2023,13945.66
154,C,2024,14660.46
154,D,2020,19.98
154,D,2021,20.73
154,D,2022,22.24
154,D,2023,24.6
154,D,2024,25.2
154,E,2020,113.16
154,E,2021,117.23
154,E,2022,118.04
154,E,2023,122.68
154,E,2024,118.82
154,F,2020,6856.18
154,F,2021,6929.45
154,F,2022,7411.43
154,F,2023,7888.82
154,F,2024,8293.09
154,G,2020,15218.98
154,G,2021,16469.2
154,G,2022,17586.19
154,G,2023,18573.2
154,G,2024,19444.43
154,H,2020,1211.85
154,H,2021,1308.91
154,H,2022,1526.83
154,H,2023,1691.07
154,H,2024,1904.62
154,I,2020,2212.93
154,I,2021,2254.42
154,I,2022,2518.19
154,I,2023,2739.67
154,I,2024,2950.95
154,J,2020,2944.82
154,J,2021,3101.94
154,J,2022,3238.91
154,J,2023,3502.42
154,J,2024,3711.42
154,K,2020,1352.48
154,K,2021,1358.47
154,K,2022,1394.52
154,K,2023,1451.5
154,K,2024,1549.38
154,L,2020,815.55
154,L,2021,835.87
154,L,2022,861.91
154,L,2023,885.81
154,L,2024,919.44
154,"M,N",2020,403.89
154,"M,N",2021,411.46
154,"M,N",2022,428.42
154,"M,N",2023,464.06
154,"M,N",2024,498.38
154,O,2020,683.64
154,O,2021,677.98
154,O,2022,681.81
154,O,2023,689.63
154,O,2024,718.08
154,P,2020,4269.0
154,P,2021,4281.84
154,P,2022,4301.68
154,P,2023,4505.01
154,P,2024,4733.64
154,Q,2020,1593.12
154,Q,2021,1679.9
154,Q,2022,1706.82
154,Q,2023,1784.8
154,Q,2024,1859.23
154,"R,S,T,U",2020,1357.34
154,"R,S,T,U",2021,1395.24
154,"R,S,T,U",2022,1582.03
154,"R,S,T,U",2023,1695.8
154,"R,S,T,U",2024,1842.81
154,TOTAL,2020,51154.53
154,TOTAL,2021,53309.7
154,TOTAL,2022,56678.64
154,TOTAL,2023,60119.82
154,TOTAL,2024,63373.3
154,TANPA_MIGAS,2020,51154.53
154,TANPA_MIGAS,2021,53309.7
154,TANPA_MIGAS,2022,56678.64
154,TANPA_MIGAS,2023,60119.82
154,TANPA_MIGAS,2024,63373.3
155,A,2020,450.75
155,A,2021,430.04
155,A,2022,463.84
155,A,2023,494.08
155,A,2024,474.96
155,B,2020,0.0
155,B,2021,0.0
155,B,2022,0.0
155,B,2023,0.0
155,B,2024,0.0
155,C,2020,1230.07
155,C,2021,1272.57
155,C,2022,1349.3
155,C,2023,1439.94
155,C,2024,1496.45
155,D,2020,9.28
155,D,2021,9.55
155,D,2022,10.29
155,D,2023,10.88
155,D,2024,11.03
155,E,2020,19.99
155,E,2021,21.05
155,E,2022,21.6
155,E,2023,21.9
155,E,2024,22.92
155,F,2020,495.68
155,F,2021,500.59
155,F,2022,526.27
155,F,2023,561.23
155,F,2024,599.29
155,G,2020,1960.8
155,G,2021,2080.34
155,G,2022,2206.74
155,G,2023,2326.59
155,G,2024,2438.69
155,H,2020,1140.33
155,H,2021,1241.29
155,H,2022,1406.4
155,H,2023,1519.27
155,H,2024,1644.86
155,I,2020,270.61
155,I,2021,276.5
155,I,2022,296.29
155,I,2023,315.22
155,I,2024,339.29
155,J,2020,556.63
155,J,2021,589.63
155,J,2022,609.75
155,J,2023,646.91
155,J,2024,682.69
155,K,2020,488.74
155,K,2021,494.05
155,K,2022,497.39
155,K,2023,521.94
155,K,2024,540.07
155,L,2020,265.79
155,L,2021,271.92
155,L,2022,284.28
155,L,2023,297.58
155,L,2024,305.05
155,"M,N",2020,50.99
155,"M,N",2021,52.14
155,"M,N",2022,51.76
155,"M,N",2023,60.05
155,"M,N",2024,64.5
155,O,2020,366.19
155,O,2021,367.04
155,O,2022,365.89
155,O,2023,367.29
155,O,2024,402.78
155,P,2020,406.64
155,P,2021,414.52
155,P,2022,415.21
155,P,2023,435.59
155,P,2024,453.59
155,Q,2020,83.35
155,Q,2021,89.68
155,Q,2022,89.95
155,Q,2023,95.16
155,Q,2024,100.77
155,"R,S,T,U",2020,239.43
155,"R,S,T,U",2021,250.23
155,"R,S,T,U",2022,277.88
155,"R,S,T,U",2023,294.89
155,"R,S,T,U",2024,316.32
155,TOTAL,2020,8035.27
155,TOTAL,2021,8361.14
155,TOTAL,2022,8872.84
155,TOTAL,2023,9408.51
155,TOTAL,2024,9893.27
155,TANPA_MIGAS,2020,8035.27
155,TANPA_MIGAS,2021,8361.14
155,TANPA_MIGAS,2022,8872.84
155,TANPA_MIGAS,2023,9408.51
155,TANPA_MIGAS,2024,9893.27
156,A,2020,128.58
156,A,2021,124.49
156,A,2022,129.41
156,A,2023,132.52
156,A,2024,136.38
156,B,2020,1.33
156,B,2021,1.28
156,B,2022,0.0
156,B,2023,0.0
156,B,2024,0.0
156,C,2020,1074.38
156,C,2021,1104.13
156,C,2022,1194.93
156,C,2023,1263.99
156,C,2024,1308.54
156,D,2020,4.78
156,D,2021,4.89
156,D,2022,5.26
156,D,2023,5.38
156,D,2024,5.76
156,E,2020,15.65
156,E,2021,16.08
156,E,2022,15.74
156,E,2023,16.77
156,E,2024,18.16
156,F,2020,356.02
156,F,2021,357.61
156,F,2022,372.29
156,F,2023,387.3
156,F,2024,404.38
156,G,2020,1577.69
156,G,2021,1674.97
156,G,2022,1806.32
156,G,2023,1909.93
156,G,2024,2007.21
156,H,2020,329.33
156,H,2021,356.17
156,H,2022,422.31
156,H,2023,465.92
156,H,2024,517.61
156,I,2020,278.68
156,I,2021,286.66
156,I,2022,309.07
156,I,2023,332.55
156,I,2024,356.75
156,J,2020,614.88
156,J,2021,651.31
156,J,2022,658.66
156,J,2023,715.55
156,J,2024,744.41
156,K,2020,427.44
156,K,2021,430.44
156,K,2022,442.37
156,K,2023,458.95
156,K,2024,475.69
156,L,2020,152.53
156,L,2021,154.01
156,L,2022,158.88
156,L,2023,163.27
156,L,2024,170.86
156,"M,N",2020,36.01
156,"M,N",2021,36.77
156,"M,N",2022,36.71
156,"M,N",2023,39.68
156,"M,N",2024,43.8
156,O,2020,244.44
156,O,2021,243.68
156,O,2022,244.37
156,O,2023,244.88
156,O,2024,263.88
156,P,2020,259.34
156,P,2021,260.28
156,P,2022,262.23
156,P,2023,273.25
156,P,2024,290.09
156,Q,2020,60.21
156,Q,2021,61.79
156,Q,2022,62.23
156,Q,2023,60.9
156,Q,2024,65.89
156,"R,S,T,U",2020,145.3
156,"R,S,T,U",2021,150.02
156,"R,S,T,U",2022,161.58
156,"R,S,T,U",2023,166.24
156,"R,S,T,U",2024,189.33
156,TOTAL,2020,5706.6
156,TOTAL,2021,5914.59
156,TOTAL,2022,6282.38
156,TOTAL,2023,6637.08
156,TOTAL,2024,6998.74
156,TANPA_MIGAS,2020,5706.6
156,TANPA_MIGAS,2021,5914.59
156,TANPA_MIGAS,2022,6282.38
156,TANPA_MIGAS,2023,6637.08
156,TANPA_MIGAS,2024,6998.74
157,A,2020,27.21
157,A,2021,26.55
157,A,2022,25.73
157,A,2023,23.92
157,A,2024,23.37
157,B,2020,0.0
157,B,2021,0.0
157,B,2022,0.0
157,B,2023,0.0
157,B,2024,0.0
157,C,2020,503.81
157,C,2021,518.81
157,C,2022,550.28
157,C,2023,473.74
157,C,2024,490.02
157,D,2020,4.44
157,D,2021,4.55
157,D,2022,4.82
157,D,2023,5.07
157,D,2024,5.32
157,E,2020,6.66
157,E,2021,7.07
157,E,2022,7.19
157,E,2023,7.43
157,E,2024,7.52
157,F,2020,507.53
157,F,2021,511.9
157,F,2022,547.01
157,F,2023,549.38
157,F,2024,572.68
157,G,2020,1355.6
157,G,2021,1444.3
157,G,2022,1536.99
157,G,2023,1621.92
157,G,2024,1679.35
157,H,2020,123.24
157,H,2021,130.52
157,H,2022,150.34
157,H,2023,166.45
157,H,2024,182.66
157,I,2020,300.35
157,I,2021,304.72
157,I,2022,328.32
157,I,2023,357.85
157,I,2024,377.58
157,J,2020,792.05
157,J,2021,836.42
157,J,2022,873.76
157,J,2023,926.2
157,J,2024,999.6
157,K,2020,355.69
157,K,2021,357.49
157,K,2022,359.75
157,K,2023,369.65
157,K,2024,394.81
157,L,2020,138.34
157,L,2021,138.68
157,L,2022,143.82
157,L,2023,148.13
157,L,2024,156.35
157,"M,N",2020,33.98
157,"M,N",2021,34.27
157,"M,N",2022,34.8
157,"M,N",2023,37.42
157,"M,N",2024,39.61
157,O,2020,211.69
157,O,2021,211.25
157,O,2022,212.12
157,O,2023,213.54
157,O,2024,224.57
157,P,2020,219.29
157,P,2021,219.97
157,P,2022,223.42
157,P,2023,231.39
157,P,2024,244.92
157,Q,2020,63.78
157,Q,2021,66.29
157,Q,2022,66.76
157,Q,2023,70.39
157,Q,2024,74.85
157,"R,S,T,U",2020,157.81
157,"R,S,T,U",2021,163.67
157,"R,S,T,U",2022,187.9
157,"R,S,T,U",2023,197.13
157,"R,S,T,U",2024,213.59
157,TOTAL,2020,4801.46
157,TOTAL,2021,4976.49
157,TOTAL,2022,5253.0
157,TOTAL,2023,5399.62
157,TOTAL,2024,5686.79
157,TANPA_MIGAS,2020,4801.46
157,TANPA_MIGAS,2021,4976.49
157,TANPA_MIGAS,2022,5253.0
157,TANPA_MIGAS,2023,5399.62
157,TANPA_MIGAS,2024,5686.79
158,A,2020,84.38
158,A,2021,78.26
158,A,2022,73.82
158,A,2023,77.36
158,A,2024,81.26
158,B,2020,2.08
158,B,2021,1.99
158,B,2022,1.82
158,B,2023,1.72
158,B,2024,1.21
158,C,2020,1430.78
158,C,2021,1532.38
158,C,2022,1565.69
158,C,2023,1690.61
158,C,2024,1798.19
158,D,2020,8.78
158,D,2021,9.04
158,D,2022,9.76
158,D,2023,10.28
158,D,2024,10.94
158,E,2020,23.34
158,E,2021,24.8
158,E,2022,25.67
158,E,2023,26.75
158,E,2024,28.04
158,F,2020,616.69
158,F,2021,611.17
158,F,2022,661.51
158,F,2023,693.46
158,F,2024,749.35
158,G,2020,2233.21
158,G,2021,2460.08
158,G,2022,2656.42
158,G,2023,2805.14
158,G,2024,2933.87
158,H,2020,318.4
158,H,2021,341.24
158,H,2022,398.92
158,H,2023,445.33
158,H,2024,494.09
158,I,2020,514.6
158,I,2021,531.1
158,I,2022,583.98
158,I,2023,624.48
158,I,2024,671.93
158,J,2020,1940.86
158,J,2021,2032.96
158,J,2022,2153.8
158,J,2023,2286.79
158,J,2024,2399.43
158,K,2020,941.3
158,K,2021,945.67
158,K,2022,948.75
158,K,2023,975.53
158,K,2024,1013.32
158,L,2020,263.89
158,L,2021,267.05
158,L,2022,280.64
158,L,2023,292.84
158,L,2024,304.29
158,"M,N",2020,74.9
158,"M,N",2021,75.48
158,"M,N",2022,79.45
158,"M,N",2023,84.31
158,"M,N",2024,91.37
158,O,2020,315.18
158,O,2021,312.05
158,O,2022,310.7
158,O,2023,312.28
158,O,2024,334.44
158,P,2020,783.82
158,P,2021,788.06
158,P,2022,792.75
158,P,2023,817.91
158,P,2024,866.66
158,Q,2020,153.48
158,Q,2021,161.86
158,Q,2022,167.19
158,Q,2023,172.55
158,Q,2024,181.35
158,"R,S,T,U",2020,350.22
158,"R,S,T,U",2021,364.51
158,"R,S,T,U",2022,408.67
158,"R,S,T,U",2023,447.05
158,"R,S,T,U",2024,479.17
158,TOTAL,2020,10055.91
158,TOTAL,2021,10537.7
158,TOTAL,2022,11119.55
158,TOTAL,2023,11764.4
158,TOTAL,2024,12438.92
158,TANPA_MIGAS,2020,10055.91
158,TANPA_MIGAS,2021,10537.7
158,TANPA_MIGAS,2022,11119.55
158,TANPA_MIGAS,2023,11764.4
158,TANPA_MIGAS,2024,12438.92
159,A,2020,547.99
159,A,2021,554.05
159,A,2022,573.24
159,A,2023,576.18
159,A,2024,541.24
159,B,2020,19.46
159,B,2021,19.48
159,B,2022,19.09
159,B,2023,17.84
159,B,2024,18.12
159,C,2020,76384.52
159,C,2021,79366.6
159,C,2022,84567.58
159,C,2023,87392.24
159,C,2024,92182.28
159,D,2020,1449.67
159,D,2021,1538.15
159,D,2022,1661.67
159,D,2023,2174.08
159,D,2024,2301.73
159,E,2020,630.34
159,E,2021,665.83
159,E,2022,680.0
159,E,2023,696.39
159,E,2024,711.52
159,F,2020,38387.74
159,F,2021,40070.07
159,F,2022,42633.58
159,F,2023,44772.95
159,F,2024,47910.22
159,G,2020,106340.87
159,G,2021,114183.33
159,G,2022,122122.63
159,G,2023,128814.59
159,G,2024,134133.56
159,H,2020,19477.42
159,H,2021,19874.94
159,H,2022,22684.94
159,H,2023,25217.17
159,H,2024,27494.46
159,I,2020,56053.24
159,I,2021,57221.63
159,I,2022,62076.39
159,I,2023,66946.11
159,I,2024,71889.16
159,J,2020,29511.28
159,J,2021,31281.79
159,J,2022,32264.42
159,J,2023,34446.03
159,J,2024,36698.24
159,K,2020,19231.21
159,K,2021,19324.71
159,K,2022,19648.8
159,K,2023,20445.33
159,K,2024,21207.82
159,L,2020,11000.3
159,L,2021,11179.68
159,L,2022,11634.82
159,L,2023,11916.34
159,L,2024,12200.16
159,"M,N",2020,8801.22
159,"M,N",2021,8974.26
159,"M,N",2022,9490.09
159,"M,N",2023,10278.17
159,"M,N",2024,11082.01
159,O,2020,4754.53
159,O,2021,4748.92
159,O,2022,4756.35
159,O,2023,4759.41
159,O,2024,5229.78
159,P,2020,9934.44
159,P,2021,9993.04
159,P,2022,10001.2
159,P,2023,10447.85
159,P,2024,10983.87
159,Q,2020,3539.3
159,Q,2021,3722.15
159,Q,2022,3782.45
159,Q,2023,3932.73
159,Q,2024,4155.68
159,"R,S,T,U",2020,4872.89
159,"R,S,T,U",2021,5007.19
159,"R,S,T,U",2022,5671.1
159,"R,S,T,U",2023,6197.31
159,"R,S,T,U",2024,6709.01
159,TOTAL,2020,390936.42
159,TOTAL,2021,407725.83
159,TOTAL,2022,434268.34
159,TOTAL,2023,459030.72
159,TOTAL,2024,485448.89
159,TANPA_MIGAS,2020,390931.96
159,TANPA_MIGAS,2021,407721.6
159,TANPA_MIGAS,2022,434264.39
159,TANPA_MIGAS,2023,459028.74
159,TANPA_MIGAS,2024,485448.52
160,A,2020,1557.56
160,A,2021,1576.08
160,A,2022,1630.7
160,A,2023,1709.03
160,A,2024,1690.16
160,B,2020,16.44
160,B,2021,16.6
160,B,2022,17.66
160,B,2023,17.67
160,B,2024,15.45
160,C,2020,532.43
160,C,2021,572.88
160,C,2022,629.81
160,C,2023,672.76
160,C,2024,730.59
160,D,2020,6.02
160,D,2021,6.16
160,D,2022,6.61
160,D,2023,6.87
160,D,2024,6.39
160,E,2020,22.42
160,E,2021,23.43
160,E,2022,24.3
160,E,2023,25.32
160,E,2024,26.23
160,F,2020,1289.61
160,F,2021,1325.76
160,F,2022,1431.68
160,F,2023,1532.0
160,F,2024,1623.95
160,G,2020,2140.78
160,G,2021,2268.19
160,G,2022,2397.5
160,G,2023,2536.0
160,G,2024,2659.7
160,H,2020,161.31
160,H,2021,170.82
160,H,2022,193.57
160,H,2023,210.48
160,H,2024,236.43
160,I,2020,994.32
160,I,2021,1037.81
160,I,2022,1129.92
160,I,2023,1214.17
160,I,2024,1290.74
160,J,2020,953.33
160,J,2021,1008.8
160,J,2022,1059.7
160,J,2023,1104.59
160,J,2024,1157.24
160,K,2020,396.58
160,K,2021,398.06
160,K,2022,406.01
160,K,2023,415.48
160,K,2024,430.34
160,L,2020,354.41
160,L,2021,362.43
160,L,2022,373.86
160,L,2023,387.15
160,L,2024,414.1
160,"M,N",2020,50.34
160,"M,N",2021,50.64
160,"M,N",2022,53.24
160,"M,N",2023,55.17
160,"M,N",2024,57.99
160,O,2020,263.1
160,O,2021,260.3
160,O,2022,262.05
160,O,2023,262.87
160,O,2024,275.48
160,P,2020,460.91
160,P,2021,464.82
160,P,2022,467.72
160,P,2023,488.97
160,P,2024,510.97
160,Q,2020,99.12
160,Q,2021,102.22
160,Q,2022,105.44
160,Q,2023,109.41
160,Q,2024,114.41
160,"R,S,T,U",2020,1727.13
160,"R,S,T,U",2021,1826.45
160,"R,S,T,U",2022,1991.15
160,"R,S,T,U",2023,2188.64
160,"R,S,T,U",2024,2347.99
160,TOTAL,2020,11025.81
160,TOTAL,2021,11471.43
160,TOTAL,2022,12180.93
160,TOTAL,2023,12936.6
160,TOTAL,2024,13588.14
160,TANPA_MIGAS,2020,11025.81
160,TANPA_MIGAS,2021,11471.43
160,TANPA_MIGAS,2022,12180.93
160,TANPA_MIGAS,2023,12936.6
160,TANPA_MIGAS,2024,13588.14
161,A,2020,28.59
161,A,2021,27.6
161,A,2022,27.58
161,A,2023,27.0
161,A,2024,26.15
161,B,2020,5.47
161,B,2021,5.48
161,B,2022,5.37
161,B,2023,5.51
161,B,2024,5.42
161,C,2020,6.54
161,C,2021,7.0
161,C,2022,7.07
161,C,2023,7.35
161,C,2024,7.71
161,D,2020,0.03
161,D,2021,0.03
161,D,2022,0.03
161,D,2023,0.03
161,D,2024,0.03
161,E,2020,0.09
161,E,2021,0.09
161,E,2022,0.09
161,E,2023,0.09
161,E,2024,0.08
161,F,2020,14.86
161,F,2021,14.75
161,F,2022,15.06
161,F,2023,14.92
161,F,2024,14.77
161,G,2020,17.28
161,G,2021,17.71
161,G,2022,17.79
161,G,2023,17.99
161,G,2024,18.22
161,H,2020,2.37
161,H,2021,2.58
161,H,2022,2.87
161,H,2023,3.18
161,H,2024,3.41
161,I,2020,2.06
161,I,2021,2.19
161,I,2022,2.39
161,I,2023,2.4
161,I,2024,2.45
161,J,2020,6.03
161,J,2021,6.19
161,J,2022,5.93
161,J,2023,5.79
161,J,2024,5.8
161,K,2020,1.95
161,K,2021,1.93
161,K,2022,1.91
161,K,2023,1.89
161,K,2024,1.86
161,L,2020,1.57
161,L,2021,1.6
161,L,2022,1.56
161,L,2023,1.53
161,L,2024,1.51
161,"M,N",2020,0.27
161,"M,N",2021,0.27
161,"M,N",2022,0.26
161,"M,N",2023,0.27
161,"M,N",2024,0.28
161,O,2020,4.46
161,O,2021,4.18
161,O,2022,3.91
161,O,2023,3.75
161,O,2024,3.92
161,P,2020,4.97
161,P,2021,4.85
161,P,2022,4.5
161,P,2023,4.47
161,P,2024,4.47
161,Q,2020,1.05
161,Q,2021,1.08
161,Q,2022,1.05
161,Q,2023,1.07
161,Q,2024,1.08
161,"R,S,T,U",2020,2.39
161,"R,S,T,U",2021,2.47
161,"R,S,T,U",2022,2.61
161,"R,S,T,U",2023,2.76
161,"R,S,T,U",2024,2.85
161,TOTAL,2020,100.0
161,TOTAL,2021,100.0
161,TOTAL,2022,100.0
161,TOTAL,2023,100.0
161,TOTAL,2024,100.0
161,TANPA_MIGAS,2020,100.0
161,TANPA_MIGAS,2021,100.0
161,TANPA_MIGAS,2022,100.0
161,TANPA_MIGAS,2023,100.0
161,TANPA_MIGAS,2024,100.0
162,A,2020,27.68
162,A,2021,27.04
162,A,2022,25.63
162,A,2023,25.86
162,A,2024,25.18
162,B,2020,2.13
162,B,2021,2.12
162,B,2022,2.12
162,B,2023,2.09
162,B,2024,2.02
162,C,2020,7.58
162,C,2021,8.03
162,C,2022,8.75
162,C,2023,9.22
162,C,2024,9.62
162,D,2020,0.08
162,D,2021,0.08
162,D,2022,0.08
162,D,2023,0.09
162,D,2024,0.09
162,E,2020,0.09
162,E,2021,0.1
162,E,2022,0.1
162,E,2023,0.1
162,E,2024,0.09
162,F,2020,9.29
162,F,2021,9.2
162,F,2022,9.59
162,F,2023,9.45
162,F,2024,9.52
162,G,2020,17.33
162,G,2021,17.76
162,G,2022,18.29
162,G,2023,18.24
162,G,2024,18.19
162,H,2020,1.78
162,H,2021,1.93
162,H,2022,2.24
162,H,2023,2.46
162,H,2024,2.6
162,I,2020,3.02
162,I,2021,3.13
162,I,2022,3.24
162,I,2023,3.35
162,I,2024,3.42
162,J,2020,7.58
162,J,2021,7.78
162,J,2022,7.64
162,J,2023,7.29
162,J,2024,7.3
162,K,2020,3.25
162,K,2021,3.25
162,K,2022,3.31
162,K,2023,3.24
162,K,2024,3.21
162,L,2020,2.61
162,L,2021,2.57
162,L,2022,2.5
162,L,2023,2.41
162,L,2024,2.37
162,"M,N",2020,0.44
162,"M,N",2021,0.44
162,"M,N",2022,0.44
162,"M,N",2023,0.46
162,"M,N",2024,0.47
162,O,2020,5.6
162,O,2021,5.39
162,O,2022,5.21
162,O,2023,4.89
162,O,2024,5.08
162,P,2020,8.9
162,P,2021,8.49
162,P,2022,8.04
162,P,2023,8.12
162,P,2024,8.04
162,Q,2020,0.88
162,Q,2021,0.91
162,Q,2022,0.9
162,Q,2023,0.84
162,Q,2024,0.86
162,"R,S,T,U",2020,1.72
162,"R,S,T,U",2021,1.77
162,"R,S,T,U",2022,1.92
162,"R,S,T,U",2023,1.9
162,"R,S,T,U",2024,1.95
162,TOTAL,2020,100.0
162,TOTAL,2021,100.0
162,TOTAL,2022,100.0
162,TOTAL,2023,100.0
162,TOTAL,2024,100.0
162,TANPA_MIGAS,2020,100.0
162,TANPA_MIGAS,2021,100.0
162,TANPA_MIGAS,2022,100.0
162,TANPA_MIGAS,2023,100.0
162,TANPA_MIGAS,2024,100.0
163,A,2020,28.05
163,A,2021,27.0
163,A,2022,25.89
163,A,2023,25.98
163,A,2024,24.86
163,B,2020,5.91
163,B,2021,5.82
163,B,2022,6.0
163,B,2023,5.82
163,B,2024,5.56
163,C,2020,16.82
163,C,2021,17.98
163,C,2022,18.31
163,C,2023,18.51
163,C,2024,19.42
163,D,2020,0.04
163,D,2021,0.04
163,D,2022,0.04
163,D,2023,0.04
163,D,2024,0.04
163,E,2020,0.06
163,E,2021,0.06
163,E,2022,0.06
163,E,2023,0.06
163,E,2024,0.05
163,F,2020,7.13
163,F,2021,6.89
163,F,2022,7.2
163,F,2023,7.05
163,F,2024,7.07
163,G,2020,14.99
163,G,2021,15.53
163,G,2022,16.05
163,G,2023,16.14
163,G,2024,15.95
163,H,2020,1.52
163,H,2021,1.6
163,H,2022,1.83
163,H,2023,2.0
163,H,2024,2.12
163,I,2020,1.94
163,I,2021,1.99
163,I,2022,2.06
163,I,2023,2.11
163,I,2024,2.13
163,J,2020,5.79
163,J,2021,5.85
163,J,2022,5.74
163,J,2023,5.67
163,J,2024,5.73
163,K,2020,2.68
163,K,2021,2.59
163,K,2022,2.54
163,K,2023,2.44
163,K,2024,2.4
163,L,2020,2.15
163,L,2021,2.12
163,L,2022,2.08
163,L,2023,1.97
163,L,2024,1.93
163,"M,N",2020,0.26
163,"M,N",2021,0.26
163,"M,N",2022,0.26
163,"M,N",2023,0.26
163,"M,N",2024,0.27
163,O,2020,4.58
163,O,2021,4.36
163,O,2022,4.15
163,O,2023,3.98
163,O,2024,4.35
163,P,2020,4.76
163,P,2021,4.55
163,P,2022,4.31
163,P,2023,4.34
163,P,2024,4.37
163,Q,2020,0.97
163,Q,2021,0.99
163,Q,2022,0.97
163,Q,2023,0.96
163,Q,2024,0.96
163,"R,S,T,U",2020,2.37
163,"R,S,T,U",2021,2.39
163,"R,S,T,U",2022,2.54
163,"R,S,T,U",2023,2.67
163,"R,S,T,U",2024,2.79
163,TOTAL,2020,100.0
163,TOTAL,2021,100.0
163,TOTAL,2022,100.0
163,TOTAL,2023,100.0
163,TOTAL,2024,100.0
163,TANPA_MIGAS,2020,100.0
163,TANPA_MIGAS,2021,100.0
163,TANPA_MIGAS,2022,100.0
163,TANPA_MIGAS,2023,100.0
163,TANPA_MIGAS,2024,100.0
164,A,2020,19.51
164,A,2021,19.26
164,A,2022,18.62
164,A,2023,18.47
164,A,2024,17.44
164,B,2020,3.5
164,B,2021,3.42
164,B,2022,3.37
164,B,2023,3.36
164,B,2024,3.28
164,C,2020,22.33
164,C,2021,22.81
164,C,2022,23.44
164,C,2023,23.44
164,C,2024,24.16
164,D,2020,0.04
164,D,2021,0.04
164,D,2022,0.04
164,D,2023,0.03
164,D,2024,0.03
164,E,2020,0.09
164,E,2021,0.09
164,E,2022,0.09
164,E,2023,0.08
164,E,2024,0.08
164,F,2020,9.32
164,F,2021,9.07
164,F,2022,9.3
164,F,2023,9.33
164,F,2024,9.38
164,G,2020,19.74
164,G,2021,20.26
164,G,2022,20.72
164,G,2023,20.86
164,G,2024,20.84
164,H,2020,2.24
164,H,2021,2.32
164,H,2022,2.6
164,H,2023,2.9
164,H,2024,3.06
164,I,2020,1.96
164,I,2021,1.99
164,I,2022,2.08
164,I,2023,2.13
164,I,2024,2.18
164,J,2020,5.96
164,J,2021,6.04
164,J,2022,5.8
164,J,2023,5.75
164,J,2024,5.79
164,K,2020,2.31
164,K,2021,2.25
164,K,2022,2.19
164,K,2023,2.13
164,K,2024,2.05
164,L,2020,2.21
164,L,2021,2.16
164,L,2022,2.11
164,L,2023,2.02
164,L,2024,1.98
164,"M,N",2020,0.37
164,"M,N",2021,0.36
164,"M,N",2022,0.35
164,"M,N",2023,0.36
164,"M,N",2024,0.36
164,O,2020,3.5
164,O,2021,3.29
164,O,2022,3.06
164,O,2023,2.9
164,O,2024,3.06
164,P,2020,4.6
164,P,2021,4.39
164,P,2022,3.97
164,P,2023,3.94
164,P,2024,3.98
164,Q,2020,1.19
164,Q,2021,1.11
164,Q,2022,1.04
164,Q,2023,1.02
164,Q,2024,1.03
164,"R,S,T,U",2020,1.12
164,"R,S,T,U",2021,1.14
164,"R,S,T,U",2022,1.22
164,"R,S,T,U",2023,1.28
164,"R,S,T,U",2024,1.31
164,TOTAL,2020,100.0
164,TOTAL,2021,100.0
164,TOTAL,2022,100.0
164,TOTAL,2023,100.0
164,TOTAL,2024,100.0
164,TANPA_MIGAS,2020,100.0
164,TANPA_MIGAS,2021,100.0
164,TANPA_MIGAS,2022,100.0
164,TANPA_MIGAS,2023,100.0
164,TANPA_MIGAS,2024,100.0
165,A,2020,33.08
165,A,2021,32.04
165,A,2022,31.05
165,A,2023,30.75
165,A,2024,29.66
165,B,2020,4.16
165,B,2021,4.17
165,B,2022,4.15
165,B,2023,4.09
165,B,2024,4.05
165,C,2020,13.52
165,C,2021,14.04
165,C,2022,14.73
165,C,2023,14.89
165,C,2024,15.46
165,D,2020,0.06
165,D,2021,0.06
165,D,2022,0.06
165,D,2023,0.06
165,D,2024,0.05
165,E,2020,0.03
165,E,2021,0.03
165,E,2022,0.03
165,E,2023,0.03
165,E,2024,0.03
165,F,2020,8.96
165,F,2021,8.71
165,F,2022,9.02
165,F,2023,8.83
165,F,2024,8.88
165,G,2020,17.63
165,G,2021,18.39
165,G,2022,18.88
165,G,2023,19.13
165,G,2024,19.27
165,H,2020,1.28
165,H,2021,1.35
165,H,2022,1.54
165,H,2023,1.66
165,H,2024,1.74
165,I,2020,0.98
165,I,2021,1.01
165,I,2022,1.04
165,I,2023,1.06
165,I,2024,1.09
165,J,2020,5.84
165,J,2021,5.99
165,J,2022,5.84
165,J,2023,5.85
165,J,2024,5.9
165,K,2020,2.26
165,K,2021,2.22
165,K,2022,2.19
165,K,2023,2.26
165,K,2024,2.24
165,L,2020,1.98
165,L,2021,2.02
165,L,2022,1.95
165,L,2023,1.85
165,L,2024,1.83
165,"M,N",2020,0.34
165,"M,N",2021,0.34
165,"M,N",2022,0.33
165,"M,N",2023,0.33
165,"M,N",2024,0.33
165,O,2020,3.56
165,O,2021,3.39
165,O,2022,3.14
165,O,2023,3.02
165,O,2024,3.15
165,P,2020,4.26
165,P,2021,4.13
165,P,2022,3.88
165,P,2023,3.89
165,P,2024,3.93
165,Q,2020,0.84
165,Q,2021,0.86
165,Q,2022,0.83
165,Q,2023,0.88
165,Q,2024,0.89
165,"R,S,T,U",2020,1.22
165,"R,S,T,U",2021,1.25
165,"R,S,T,U",2022,1.35
165,"R,S,T,U",2023,1.43
165,"R,S,T,U",2024,1.49
165,TOTAL,2020,100.0
165,TOTAL,2021,100.0
165,TOTAL,2022,100.0
165,TOTAL,2023,100.0
165,TOTAL,2024,100.0
165,TANPA_MIGAS,2020,100.0
165,TANPA_MIGAS,2021,100.0
165,TANPA_MIGAS,2022,100.0
165,TANPA_MIGAS,2023,100.0
165,TANPA_MIGAS,2024,100.0
166,A,2020,23.56
166,A,2021,23.33
166,A,2022,22.48
166,A,2023,22.33
166,A,2024,21.33
166,B,2020,1.53
166,B,2021,1.54
166,B,2022,1.48
166,B,2023,1.49
166,B,2024,1.47
166,C,2020,21.49
166,C,2021,21.46
166,C,2022,21.95
166,C,2023,22.09
166,C,2024,23.06
166,D,2020,0.07
166,D,2021,0.07
166,D,2022,0.07
166,D,2023,0.07
166,D,2024,0.07
166,E,2020,0.06
166,E,2021,0.06
166,E,2022,0.06
166,E,2023,0.06
166,E,2024,0.05
166,F,2020,9.03
166,F,2021,8.76
166,F,2022,8.88
166,F,2023,8.98
166,F,2024,8.96
166,G,2020,18.96
166,G,2021,19.79
166,G,2022,20.21
166,G,2023,20.3
166,G,2024,20.16
166,H,2020,1.91
166,H,2021,2.01
166,H,2022,2.23
166,H,2023,2.46
166,H,2024,2.65
166,I,2020,1.43
166,I,2021,1.48
166,I,2022,1.58
166,I,2023,1.68
166,I,2024,1.77
166,J,2020,5.89
166,J,2021,5.99
166,J,2022,5.95
166,J,2023,5.9
166,J,2024,5.82
166,K,2020,1.85
166,K,2021,1.82
166,K,2022,1.81
166,K,2023,1.76
166,K,2024,1.72
166,L,2020,2.15
166,L,2021,2.11
166,L,2022,2.02
166,L,2023,1.93
166,L,2024,1.92
166,"M,N",2020,0.3
166,"M,N",2021,0.29
166,"M,N",2022,0.29
166,"M,N",2023,0.29
166,"M,N",2024,0.29
166,O,2020,3.96
166,O,2021,3.73
166,O,2022,3.55
166,O,2023,3.32
166,O,2024,3.41
166,P,2020,5.33
166,P,2021,5.07
166,P,2022,4.8
166,P,2023,4.6
166,P,2024,4.56
166,Q,2020,0.89
166,Q,2021,0.88
166,Q,2022,0.89
166,Q,2023,0.89
166,Q,2024,0.89
166,"R,S,T,U",2020,1.59
166,"R,S,T,U",2021,1.61
166,"R,S,T,U",2022,1.75
166,"R,S,T,U",2023,1.86
166,"R,S,T,U",2024,1.87
166,TOTAL,2020,100.0
166,TOTAL,2021,100.0
166,TOTAL,2022,100.0
166,TOTAL,2023,100.0
166,TOTAL,2024,100.0
166,TANPA_MIGAS,2020,99.99
166,TANPA_MIGAS,2021,99.99
166,TANPA_MIGAS,2022,99.99
166,TANPA_MIGAS,2023,99.99
166,TANPA_MIGAS,2024,99.99
167,A,2020,15.37
167,A,2021,14.8
167,A,2022,14.72
167,A,2023,14.6
167,A,2024,14.18
167,B,2020,1.76
167,B,2021,1.69
167,B,2022,1.56
167,B,2023,1.58
167,B,2024,1.54
167,C,2020,33.21
167,C,2021,32.95
167,C,2022,32.44
167,C,2023,32.41
167,C,2024,32.71
167,D,2020,0.08
167,D,2021,0.08
167,D,2022,0.08
167,D,2023,0.08
167,D,2024,0.07
167,E,2020,0.1
167,E,2021,0.1
167,E,2022,0.1
167,E,2023,0.09
167,E,2024,0.09
167,F,2020,12.23
167,F,2021,12.45
167,F,2022,12.72
167,F,2023,12.63
167,F,2024,12.6
167,G,2020,18.12
167,G,2021,18.82
167,G,2022,19.32
167,G,2023,19.38
167,G,2024,19.22
167,H,2020,1.11
167,H,2021,1.12
167,H,2022,1.32
167,H,2023,1.51
167,H,2024,1.57
167,I,2020,3.28
167,I,2021,3.37
167,I,2022,3.55
167,I,2023,3.71
167,I,2024,3.76
167,J,2020,4.41
167,J,2021,4.49
167,J,2022,4.42
167,J,2023,4.33
167,J,2024,4.39
167,K,2020,1.67
167,K,2021,1.64
167,K,2022,1.68
167,K,2023,1.66
167,K,2024,1.65
167,L,2020,1.51
167,L,2021,1.51
167,L,2022,1.48
167,L,2023,1.4
167,L,2024,1.38
167,"M,N",2020,0.38
167,"M,N",2021,0.37
167,"M,N",2022,0.36
167,"M,N",2023,0.37
167,"M,N",2024,0.37
167,O,2020,1.96
167,O,2021,1.85
167,O,2022,1.67
167,O,2023,1.58
167,O,2024,1.65
167,P,2020,2.49
167,P,2021,2.41
167,P,2022,2.23
167,P,2023,2.24
167,P,2024,2.26
167,Q,2020,0.63
167,Q,2021,0.64
167,Q,2022,0.6
167,Q,2023,0.59
167,Q,2024,0.6
167,"R,S,T,U",2020,1.68
167,"R,S,T,U",2021,1.7
167,"R,S,T,U",2022,1.75
167,"R,S,T,U",2023,1.85
167,"R,S,T,U",2024,1.93
167,TOTAL,2020,100.0
167,TOTAL,2021,100.0
167,TOTAL,2022,100.0
167,TOTAL,2023,100.0
167,TOTAL,2024,100.0
167,TANPA_MIGAS,2020,100.0
167,TANPA_MIGAS,2021,100.0
167,TANPA_MIGAS,2022,100.0
167,TANPA_MIGAS,2023,100.0
167,TANPA_MIGAS,2024,100.0
168,A,2020,35.29
168,A,2021,34.59
168,A,2022,33.45
168,A,2023,32.8
168,A,2024,31.82
168,B,2020,4.1
168,B,2021,4.08
168,B,2022,4.21
168,B,2023,4.31
168,B,2024,4.29
168,C,2020,20.55
168,C,2021,21.19
168,C,2022,21.93
168,C,2023,22.57
168,C,2024,23.29
168,D,2020,0.05
168,D,2021,0.04
168,D,2022,0.05
168,D,2023,0.04
168,D,2024,0.04
168,E,2020,0.05
168,E,2021,0.06
168,E,2022,0.05
168,E,2023,0.05
168,E,2024,0.05
168,F,2020,7.69
168,F,2021,7.55
168,F,2022,7.64
168,F,2023,7.57
168,F,2024,7.64
168,G,2020,13.37
168,G,2021,13.78
168,G,2022,14.16
168,G,2023,14.22
168,G,2024,14.29
168,H,2020,1.86
168,H,2021,1.9
168,H,2022,2.15
168,H,2023,2.37
168,H,2024,2.45
168,I,2020,1.22
168,I,2021,1.26
168,I,2022,1.33
168,I,2023,1.37
168,I,2024,1.41
168,J,2020,3.52
168,J,2021,3.57
168,J,2022,3.46
168,J,2023,3.43
168,J,2024,3.44
168,K,2020,1.75
168,K,2021,1.72
168,K,2022,1.7
168,K,2023,1.64
168,K,2024,1.59
168,L,2020,1.81
168,L,2021,1.8
168,L,2022,1.76
168,L,2023,1.7
168,L,2024,1.66
168,"M,N",2020,0.33
168,"M,N",2021,0.32
168,"M,N",2022,0.31
168,"M,N",2023,0.33
168,"M,N",2024,0.33
168,O,2020,3.39
168,O,2021,3.23
168,O,2022,3.02
168,O,2023,2.88
168,O,2024,2.98
168,P,2020,2.7
168,P,2021,2.56
168,P,2022,2.37
168,P,2023,2.28
168,P,2024,2.25
168,Q,2020,0.83
168,Q,2021,0.85
168,Q,2022,0.83
168,Q,2023,0.81
168,Q,2024,0.81
168,"R,S,T,U",2020,1.47
168,"R,S,T,U",2021,1.51
168,"R,S,T,U",2022,1.6
168,"R,S,T,U",2023,1.62
168,"R,S,T,U",2024,1.65
168,TOTAL,2020,100.0
168,TOTAL,2021,100.0
168,TOTAL,2022,100.0
168,TOTAL,2023,100.0
168,TOTAL,2024,100.0
168,TANPA_MIGAS,2020,100.0
168,TANPA_MIGAS,2021,100.0
168,TANPA_MIGAS,2022,100.0
168,TANPA_MIGAS,2023,100.0
168,TANPA_MIGAS,2024,100.0
169,A,2020,26.91
169,A,2021,26.01
169,A,2022,26.01
169,A,2023,25.76
169,A,2024,25.71
169,B,2020,4.14
169,B,2021,4.07
169,B,2022,4.03
169,B,2023,3.96
169,B,2024,3.79
169,C,2020,19.87
169,C,2021,21.13
169,C,2022,20.83
169,C,2023,20.89
169,C,2024,21.01
169,D,2020,0.05
169,D,2021,0.05
169,D,2022,0.05
169,D,2023,0.05
169,D,2024,0.05
169,E,2020,0.07
169,E,2021,0.07
169,E,2022,0.07
169,E,2023,0.07
169,E,2024,0.06
169,F,2020,7.93
169,F,2021,7.74
169,F,2022,7.76
169,F,2023,7.73
169,F,2024,7.78
169,G,2020,13.78
169,G,2021,14.26
169,G,2022,14.77
169,G,2023,14.89
169,G,2024,14.82
169,H,2020,1.75
169,H,2021,1.78
169,H,2022,2.01
169,H,2023,2.27
169,H,2024,2.35
169,I,2020,2.28
169,I,2021,2.28
169,I,2022,2.44
169,I,2023,2.62
169,I,2024,2.67
169,J,2020,7.22
169,J,2021,7.32
169,J,2022,7.2
169,J,2023,7.09
169,J,2024,7.02
169,K,2020,2.41
169,K,2021,2.36
169,K,2022,2.39
169,K,2023,2.35
169,K,2024,2.33
169,L,2020,1.47
169,L,2021,1.41
169,L,2022,1.4
169,L,2023,1.34
169,L,2024,1.32
169,"M,N",2020,0.37
169,"M,N",2021,0.36
169,"M,N",2022,0.36
169,"M,N",2023,0.38
169,"M,N",2024,0.39
169,O,2020,3.65
169,O,2021,3.4
169,O,2022,3.22
169,O,2023,3.14
169,O,2024,3.28
169,P,2020,6.19
169,P,2021,5.9
169,P,2022,5.56
169,P,2023,5.52
169,P,2024,5.47
169,Q,2020,0.92
169,Q,2021,0.87
169,Q,2022,0.85
169,Q,2023,0.87
169,Q,2024,0.86
169,"R,S,T,U",2020,0.97
169,"R,S,T,U",2021,0.98
169,"R,S,T,U",2022,1.06
169,"R,S,T,U",2023,1.08
169,"R,S,T,U",2024,1.1
169,TOTAL,2020,100.0
169,TOTAL,2021,100.0
169,TOTAL,2022,100.0
169,TOTAL,2023,100.0
169,TOTAL,2024,100.0
169,TANPA_MIGAS,2020,100.0
169,TANPA_MIGAS,2021,100.0
169,TANPA_MIGAS,2022,100.0
169,TANPA_MIGAS,2023,100.0
169,TANPA_MIGAS,2024,100.0
170,A,2020,29.69
170,A,2021,29.13
170,A,2022,27.93
170,A,2023,27.66
170,A,2024,26.42
170,B,2020,7.29
170,B,2021,7.25
170,B,2022,7.23
170,B,2023,7.0
170,B,2024,6.82
170,C,2020,11.62
170,C,2021,12.32
170,C,2022,12.43
170,C,2023,12.55
170,C,2024,12.94
170,D,2020,0.04
170,D,2021,0.04
170,D,2022,0.04
170,D,2023,0.04
170,D,2024,0.04
170,E,2020,0.06
170,E,2021,0.06
170,E,2022,0.06
170,E,2023,0.06
170,E,2024,0.06
170,F,2020,14.01
170,F,2021,13.84
170,F,2022,13.92
170,F,2023,13.83
170,F,2024,14.04
170,G,2020,16.18
170,G,2021,16.63
170,G,2022,17.31
170,G,2023,17.48
170,G,2024,17.65
170,H,2020,2.92
170,H,2021,2.77
170,H,2022,3.18
170,H,2023,3.52
170,H,2024,3.7
170,I,2020,2.6
170,I,2021,2.64
170,I,2022,2.89
170,I,2023,3.0
170,I,2024,3.14
170,J,2020,4.79
170,J,2021,4.87
170,J,2022,4.77
170,J,2023,4.74
170,J,2024,4.83
170,K,2020,1.79
170,K,2021,1.77
170,K,2022,1.75
170,K,2023,1.73
170,K,2024,1.71
170,L,2020,1.61
170,L,2021,1.57
170,L,2022,1.55
170,L,2023,1.49
170,L,2024,1.46
170,"M,N",2020,0.23
170,"M,N",2021,0.22
170,"M,N",2022,0.22
170,"M,N",2023,0.23
170,"M,N",2024,0.29
170,O,2020,2.28
170,O,2021,2.12
170,O,2022,2.01
170,O,2023,1.96
170,O,2024,2.12
170,P,2020,3.31
170,P,2021,3.15
170,P,2022,2.95
170,P,2023,2.91
170,P,2024,2.93
170,Q,2020,0.43
170,Q,2021,0.43
170,Q,2022,0.43
170,Q,2023,0.43
170,Q,2024,0.42
170,"R,S,T,U",2020,1.16
170,"R,S,T,U",2021,1.19
170,"R,S,T,U",2022,1.31
170,"R,S,T,U",2023,1.37
170,"R,S,T,U",2024,1.43
170,TOTAL,2020,100.0
170,TOTAL,2021,100.0
170,TOTAL,2022,100.0
170,TOTAL,2023,100.0
170,TOTAL,2024,100.0
170,TANPA_MIGAS,2020,100.0
170,TANPA_MIGAS,2021,100.0
170,TANPA_MIGAS,2022,100.0
170,TANPA_MIGAS,2023,100.0
170,TANPA_MIGAS,2024,100.0
171,A,2020,29.83
171,A,2021,29.47
171,A,2022,28.34
171,A,2023,27.88
171,A,2024,28.05
171,B,2020,1.87
171,B,2021,1.84
171,B,2022,1.86
171,B,2023,1.83
171,B,2024,1.74
171,C,2020,23.89
171,C,2021,24.42
171,C,2022,25.28
171,C,2023,25.43
171,C,2024,25.21
171,D,2020,0.04
171,D,2021,0.04
171,D,2022,0.04
171,D,2023,0.04
171,D,2024,0.04
171,E,2020,0.07
171,E,2021,0.07
171,E,2022,0.07
171,E,2023,0.07
171,E,2024,0.06
171,F,2020,9.14
171,F,2021,8.8
171,F,2022,9.13
171,F,2023,9.22
171,F,2024,9.19
171,G,2020,14.45
171,G,2021,14.9
171,G,2022,15.37
171,G,2023,15.66
171,G,2024,15.78
171,H,2020,0.71
171,H,2021,0.75
171,H,2022,0.83
171,H,2023,0.91
171,H,2024,0.9
171,I,2020,0.63
171,I,2021,0.63
171,I,2022,0.68
171,I,2023,0.71
171,I,2024,0.72
171,J,2020,5.57
171,J,2021,5.64
171,J,2022,5.4
171,J,2023,5.41
171,J,2024,5.42
171,K,2020,2.89
171,K,2021,2.83
171,K,2022,2.8
171,K,2023,2.8
171,K,2024,2.71
171,L,2020,1.19
171,L,2021,1.16
171,L,2022,1.14
171,L,2023,1.09
171,L,2024,1.05
171,"M,N",2020,0.37
171,"M,N",2021,0.36
171,"M,N",2022,0.36
171,"M,N",2023,0.36
171,"M,N",2024,0.37
171,O,2020,3.5
171,O,2021,3.32
171,O,2022,3.07
171,O,2023,2.86
171,O,2024,2.95
171,P,2020,3.64
171,P,2021,3.52
171,P,2022,3.34
171,P,2023,3.37
171,P,2024,3.43
171,Q,2020,0.79
171,Q,2021,0.8
171,Q,2022,0.77
171,Q,2023,0.76
171,Q,2024,0.75
171,"R,S,T,U",2020,1.42
171,"R,S,T,U",2021,1.44
171,"R,S,T,U",2022,1.54
171,"R,S,T,U",2023,1.61
171,"R,S,T,U",2024,1.64
171,TOTAL,2020,100.0
171,TOTAL,2021,100.0
171,TOTAL,2022,100.0
171,TOTAL,2023,100.0
171,TOTAL,2024,100.0
171,TANPA_MIGAS,2020,100.0
171,TANPA_MIGAS,2021,100.0
171,TANPA_MIGAS,2022,100.0
171,TANPA_MIGAS,2023,100.0
171,TANPA_MIGAS,2024,100.0
172,A,2020,31.87
172,A,2021,31.55
172,A,2022,30.61
172,A,2023,30.5
172,A,2024,30.05
172,B,2020,1.82
172,B,2021,1.81
172,B,2022,1.76
172,B,2023,1.71
172,B,2024,1.62
172,C,2020,19.16
172,C,2021,19.53
172,C,2022,20.21
172,C,2023,20.58
172,C,2024,20.97
172,D,2020,0.06
172,D,2021,0.06
172,D,2022,0.05
172,D,2023,0.05
172,D,2024,0.05
172,E,2020,0.12
172,E,2021,0.12
172,E,2022,0.11
172,E,2023,0.11
172,E,2024,0.11
172,F,2020,6.84
172,F,2021,6.51
172,F,2022,6.63
172,F,2023,6.56
172,F,2024,6.38
172,G,2020,15.14
172,G,2021,15.79
172,G,2022,16.12
172,G,2023,16.14
172,G,2024,15.95
172,H,2020,2.52
172,H,2021,2.52
172,H,2022,2.82
172,H,2023,3.08
172,H,2024,3.19
172,I,2020,1.76
172,I,2021,1.78
172,I,2022,1.85
172,I,2023,1.8
172,I,2024,1.84
172,J,2020,5.29
172,J,2021,5.34
172,J,2022,5.23
172,J,2023,5.21
172,J,2024,5.27
172,K,2020,3.18
172,K,2021,3.12
172,K,2022,3.09
172,K,2023,3.06
172,K,2024,3.05
172,L,2020,1.6
172,L,2021,1.55
172,L,2022,1.5
172,L,2023,1.47
172,L,2024,1.42
172,"M,N",2020,0.43
172,"M,N",2021,0.42
172,"M,N",2022,0.41
172,"M,N",2023,0.41
172,"M,N",2024,0.42
172,O,2020,3.45
172,O,2021,3.25
172,O,2022,3.12
172,O,2023,2.9
172,O,2024,3.11
172,P,2020,4.04
172,P,2021,3.89
172,P,2022,3.63
172,P,2023,3.56
172,P,2024,3.73
172,Q,2020,0.9
172,Q,2021,0.9
172,Q,2022,0.9
172,Q,2023,0.89
172,Q,2024,0.88
172,"R,S,T,U",2020,1.81
172,"R,S,T,U",2021,1.84
172,"R,S,T,U",2022,1.96
172,"R,S,T,U",2023,1.96
172,"R,S,T,U",2024,1.97
172,TOTAL,2020,100.0
172,TOTAL,2021,100.0
172,TOTAL,2022,100.0
172,TOTAL,2023,100.0
172,TOTAL,2024,100.0
172,TANPA_MIGAS,2020,100.0
172,TANPA_MIGAS,2021,100.0
172,TANPA_MIGAS,2022,100.0
172,TANPA_MIGAS,2023,100.0
172,TANPA_MIGAS,2024,100.0
173,A,2020,33.64
173,A,2021,33.08
173,A,2022,32.87
173,A,2023,32.28
173,A,2024,31.75
173,B,2020,2.05
173,B,2021,1.99
173,B,2022,1.92
173,B,2023,1.98
173,B,2024,1.97
173,C,2020,24.83
173,C,2021,25.75
173,C,2022,26.01
173,C,2023,26.71
173,C,2024,27.36
173,D,2020,0.92
173,D,2021,0.9
173,D,2022,0.88
173,D,2023,0.86
173,D,2024,0.84
173,E,2020,0.11
173,E,2021,0.11
173,E,2022,0.1
173,E,2023,0.1
173,E,2024,0.09
173,F,2020,7.07
173,F,2021,6.91
173,F,2022,6.97
173,F,2023,6.98
173,F,2024,6.96
173,G,2020,12.4
173,G,2021,12.77
173,G,2022,13.0
173,G,2023,13.04
173,G,2024,12.91
173,H,2020,0.97
173,H,2021,0.99
173,H,2022,1.1
173,H,2023,1.22
173,H,2024,1.28
173,I,2020,1.59
173,I,2021,1.61
173,I,2022,1.72
173,I,2023,1.75
173,I,2024,1.76
173,J,2020,2.91
173,J,2021,2.89
173,J,2022,2.77
173,J,2023,2.68
173,J,2024,2.67
173,K,2020,2.03
173,K,2021,1.98
173,K,2022,1.96
173,K,2023,1.98
173,K,2024,1.95
173,L,2020,2.44
173,L,2021,2.35
173,L,2022,2.25
173,L,2023,2.19
173,L,2024,2.13
173,"M,N",2020,0.36
173,"M,N",2021,0.35
173,"M,N",2022,0.34
173,"M,N",2023,0.35
173,"M,N",2024,0.36
173,O,2020,3.51
173,O,2021,3.29
173,O,2022,3.1
173,O,2023,3.0
173,O,2024,3.12
173,P,2020,2.86
173,P,2021,2.72
173,P,2022,2.52
173,P,2023,2.52
173,P,2024,2.48
173,Q,2020,0.68
173,Q,2021,0.69
173,Q,2022,0.67
173,Q,2023,0.64
173,Q,2024,0.62
173,"R,S,T,U",2020,1.6
173,"R,S,T,U",2021,1.61
173,"R,S,T,U",2022,1.79
173,"R,S,T,U",2023,1.73
173,"R,S,T,U",2024,1.77
173,TOTAL,2020,100.0
173,TOTAL,2021,100.0
173,TOTAL,2022,100.0
173,TOTAL,2023,100.0
173,TOTAL,2024,100.0
173,TANPA_MIGAS,2020,100.0
173,TANPA_MIGAS,2021,100.0
173,TANPA_MIGAS,2022,100.0
173,TANPA_MIGAS,2023,100.0
173,TANPA_MIGAS,2024,100.0
174,A,2020,6.78
174,A,2021,6.24
174,A,2022,6.01
174,A,2023,5.92
174,A,2024,5.73
174,B,2020,0.52
174,B,2021,0.51
174,B,2022,0.5
174,B,2023,0.49
174,B,2024,0.47
174,C,2020,58.97
174,C,2021,60.25
174,C,2022,60.42
174,C,2023,60.42
174,C,2024,60.65
174,D,2020,0.85
174,D,2021,0.87
174,D,2022,0.87
174,D,2023,1.05
174,D,2024,1.08
174,E,2020,0.03
174,E,2021,0.03
174,E,2022,0.03
174,E,2023,0.03
174,E,2024,0.03
174,F,2020,11.94
174,F,2021,11.2
174,F,2022,11.08
174,F,2023,10.75
174,F,2024,10.63
174,G,2020,9.25
174,G,2021,9.59
174,G,2022,9.85
174,G,2023,9.94
174,G,2024,9.83
174,H,2020,0.65
174,H,2021,0.64
174,H,2022,0.71
174,H,2023,0.78
174,H,2024,0.8
174,I,2020,3.47
174,I,2021,3.43
174,I,2022,3.58
174,I,2023,3.73
174,I,2024,3.78
174,J,2020,2.88
174,J,2021,2.84
174,J,2022,2.72
174,J,2023,2.71
174,J,2024,2.74
174,K,2020,0.83
174,K,2021,0.8
174,K,2022,0.78
174,K,2023,0.76
174,K,2024,0.75
174,L,2020,0.74
174,L,2021,0.7
174,L,2022,0.67
174,L,2023,0.64
174,L,2024,0.62
174,"M,N",2020,0.11
174,"M,N",2021,0.1
174,"M,N",2022,0.1
174,"M,N",2023,0.1
174,"M,N",2024,0.1
174,O,2020,1.21
174,O,2021,1.1
174,O,2022,1.0
174,O,2023,0.99
174,O,2024,1.05
174,P,2020,0.73
174,P,2021,0.67
174,P,2022,0.61
174,P,2023,0.6
174,P,2024,0.6
174,Q,2020,0.17
174,Q,2021,0.17
174,Q,2022,0.16
174,Q,2023,0.16
174,Q,2024,0.16
174,"R,S,T,U",2020,0.86
174,"R,S,T,U",2021,0.85
174,"R,S,T,U",2022,0.89
174,"R,S,T,U",2023,0.93
174,"R,S,T,U",2024,0.98
174,TOTAL,2020,100.0
174,TOTAL,2021,100.0
174,TOTAL,2022,100.0
174,TOTAL,2023,100.0
174,TOTAL,2024,100.0
174,TANPA_MIGAS,2020,99.99
174,TANPA_MIGAS,2021,99.99
174,TANPA_MIGAS,2022,99.99
174,TANPA_MIGAS,2023,99.99
174,TANPA_MIGAS,2024,99.99
175,A,2020,2.25
175,A,2021,2.13
175,A,2022,1.98
175,A,2023,1.89
175,A,2024,1.78
175,B,2020,0.06
175,B,2021,0.07
175,B,2022,0.04
175,B,2023,0.03
175,B,2024,0.02
175,C,2020,51.17
175,C,2021,51.96
175,C,2022,50.02
175,C,2023,48.61
175,C,2024,48.57
175,D,2020,0.85
175,D,2021,0.85
175,D,2022,0.8
175,D,2023,0.98
175,D,2024,0.99
175,E,2020,0.07
175,E,2021,0.07
175,E,2022,0.06
175,E,2023,0.05
175,E,2024,0.05
175,F,2020,8.68
175,F,2021,7.63
175,F,2022,7.17
175,F,2023,6.82
175,F,2024,6.8
175,G,2020,16.02
175,G,2021,16.83
175,G,2022,16.41
175,G,2023,16.18
175,G,2024,15.98
175,H,2020,7.4
175,H,2021,7.14
175,H,2022,11.15
175,H,2023,13.55
175,H,2024,13.81
175,I,2020,3.41
175,I,2021,3.55
175,I,2022,3.55
175,I,2023,3.52
175,I,2024,3.6
175,J,2020,3.86
175,J,2021,3.8
175,J,2022,3.43
175,J,2023,3.27
175,J,2024,3.25
175,K,2020,1.24
175,K,2021,1.21
175,K,2022,1.17
175,K,2023,1.12
175,K,2024,1.1
175,L,2020,0.99
175,L,2021,0.95
175,L,2022,0.87
175,L,2023,0.82
175,L,2024,0.79
175,"M,N",2020,0.16
175,"M,N",2021,0.16
175,"M,N",2022,0.14
175,"M,N",2023,0.14
175,"M,N",2024,0.14
175,O,2020,1.93
175,O,2021,1.84
175,O,2022,1.56
175,O,2023,1.45
175,O,2024,1.53
175,P,2020,1.25
175,P,2021,1.18
175,P,2022,1.03
175,P,2023,0.99
175,P,2024,0.98
175,Q,2020,0.34
175,Q,2021,0.35
175,Q,2022,0.31
175,Q,2023,0.29
175,Q,2024,0.29
175,"R,S,T,U",2020,0.31
175,"R,S,T,U",2021,0.31
175,"R,S,T,U",2022,0.3
175,"R,S,T,U",2023,0.29
175,"R,S,T,U",2024,0.31
175,TOTAL,2020,100.0
175,TOTAL,2021,100.0
175,TOTAL,2022,100.0
175,TOTAL,2023,100.0
175,TOTAL,2024,100.0
175,TANPA_MIGAS,2020,99.92
175,TANPA_MIGAS,2021,99.91
175,TANPA_MIGAS,2022,99.92
175,TANPA_MIGAS,2023,99.95
175,TANPA_MIGAS,2024,99.94
176,A,2020,7.96
176,A,2021,7.67
176,A,2022,7.54
176,A,2023,7.57
176,A,2024,7.21
176,B,2020,0.93
176,B,2021,0.93
176,B,2022,0.91
176,B,2023,0.89
176,B,2024,0.82
176,C,2020,54.56
176,C,2021,55.71
176,C,2022,56.52
176,C,2023,57.17
176,C,2024,57.93
176,D,2020,0.06
176,D,2021,0.06
176,D,2022,0.06
176,D,2023,0.06
176,D,2024,0.06
176,E,2020,0.06
176,E,2021,0.06
176,E,2022,0.06
176,E,2023,0.06
176,E,2024,0.06
176,F,2020,8.99
176,F,2021,8.34
176,F,2022,8.04
176,F,2023,7.59
176,F,2024,7.35
176,G,2020,10.07
176,G,2021,10.3
176,G,2022,10.33
176,G,2023,10.41
176,G,2024,10.35
176,H,2020,1.3
176,H,2021,1.3
176,H,2022,1.41
176,H,2023,1.53
176,H,2024,1.6
176,I,2020,1.94
176,I,2021,1.94
176,I,2022,2.01
176,I,2023,2.04
176,I,2024,2.03
176,J,2020,5.81
176,J,2021,5.73
176,J,2022,5.5
176,J,2023,5.32
176,J,2024,5.29
176,K,2020,1.57
176,K,2021,1.53
176,K,2022,1.47
176,K,2023,1.44
176,K,2024,1.4
176,L,2020,1.56
176,L,2021,1.49
176,L,2022,1.43
176,L,2023,1.34
176,L,2024,1.31
176,"M,N",2020,0.16
176,"M,N",2021,0.16
176,"M,N",2022,0.15
176,"M,N",2023,0.16
176,"M,N",2024,0.16
176,O,2020,2.48
176,O,2021,2.33
176,O,2022,2.15
176,O,2023,2.0
176,O,2024,2.03
176,P,2020,1.35
176,P,2021,1.26
176,P,2022,1.17
176,P,2023,1.15
176,P,2024,1.14
176,Q,2020,0.44
176,Q,2021,0.43
176,Q,2022,0.42
176,Q,2023,0.42
176,Q,2024,0.41
176,"R,S,T,U",2020,0.75
176,"R,S,T,U",2021,0.76
176,"R,S,T,U",2022,0.83
176,"R,S,T,U",2023,0.84
176,"R,S,T,U",2024,0.86
176,TOTAL,2020,100.0
176,TOTAL,2021,100.0
176,TOTAL,2022,100.0
176,TOTAL,2023,100.0
176,TOTAL,2024,100.0
176,TANPA_MIGAS,2020,100.0
176,TANPA_MIGAS,2021,100.0
176,TANPA_MIGAS,2022,100.0
176,TANPA_MIGAS,2023,100.0
176,TANPA_MIGAS,2024,100.0
177,A,2020,18.92
177,A,2021,18.24
177,A,2022,17.79
177,A,2023,17.79
177,A,2024,17.39
177,B,2020,0.61
177,B,2021,0.6
177,B,2022,0.62
177,B,2023,0.6
177,B,2024,0.53
177,C,2020,20.86
177,C,2021,20.8
177,C,2022,21.38
177,C,2023,21.85
177,C,2024,22.24
177,D,2020,0.07
177,D,2021,0.07
177,D,2022,0.07
177,D,2023,0.07
177,D,2024,0.07
177,E,2020,0.09
177,E,2021,0.09
177,E,2022,0.08
177,E,2023,0.08
177,E,2024,0.08
177,F,2020,10.19
177,F,2021,10.21
177,F,2022,10.4
177,F,2023,10.24
177,F,2024,10.26
177,G,2020,22.68
177,G,2021,23.48
177,G,2022,23.86
177,G,2023,23.96
177,G,2024,23.65
177,H,2020,1.19
177,H,2021,1.23
177,H,2022,1.39
177,H,2023,1.54
177,H,2024,1.61
177,I,2020,2.28
177,I,2021,2.3
177,I,2022,2.35
177,I,2023,2.37
177,I,2024,2.44
177,J,2020,6.96
177,J,2021,7.04
177,J,2022,6.67
177,J,2023,6.37
177,J,2024,6.42
177,K,2020,2.64
177,K,2021,2.59
177,K,2022,2.55
177,K,2023,2.48
177,K,2024,2.48
177,L,2020,2.14
177,L,2021,2.1
177,L,2022,2.05
177,L,2023,2.01
177,L,2024,2.01
177,"M,N",2020,0.27
177,"M,N",2021,0.27
177,"M,N",2022,0.27
177,"M,N",2023,0.26
177,"M,N",2024,0.27
177,O,2020,3.32
177,O,2021,3.18
177,O,2022,3.01
177,O,2023,2.9
177,O,2024,3.04
177,P,2020,5.5
177,P,2021,5.46
177,P,2022,5.11
177,P,2023,4.96
177,P,2024,4.93
177,Q,2020,0.95
177,Q,2021,0.98
177,Q,2022,1.01
177,Q,2023,1.02
177,Q,2024,1.02
177,"R,S,T,U",2020,1.33
177,"R,S,T,U",2021,1.35
177,"R,S,T,U",2022,1.39
177,"R,S,T,U",2023,1.51
177,"R,S,T,U",2024,1.55
177,TOTAL,2020,100.0
177,TOTAL,2021,100.0
177,TOTAL,2022,100.0
177,TOTAL,2023,100.0
177,TOTAL,2024,100.0
177,TANPA_MIGAS,2020,100.0
177,TANPA_MIGAS,2021,100.0
177,TANPA_MIGAS,2022,100.0
177,TANPA_MIGAS,2023,100.0
177,TANPA_MIGAS,2024,100.0
178,A,2020,29.2
178,A,2021,28.34
178,A,2022,27.33
178,A,2023,27.31
178,A,2024,26.91
178,B,2020,1.92
178,B,2021,1.9
178,B,2022,1.87
178,B,2023,1.88
178,B,2024,1.83
178,C,2020,14.22
178,C,2021,14.93
178,C,2022,15.89
178,C,2023,15.96
178,C,2024,16.31
178,D,2020,0.05
178,D,2021,0.05
178,D,2022,0.05
178,D,2023,0.05
178,D,2024,0.05
178,E,2020,0.11
178,E,2021,0.12
178,E,2022,0.12
178,E,2023,0.11
178,E,2024,0.11
178,F,2020,10.31
178,F,2021,10.23
178,F,2022,10.63
178,F,2023,10.48
178,F,2024,10.54
178,G,2020,19.57
178,G,2021,20.09
178,G,2022,20.23
178,G,2023,20.33
178,G,2024,20.11
178,H,2020,1.53
178,H,2021,1.61
178,H,2022,1.79
178,H,2023,2.03
178,H,2024,2.13
178,I,2020,1.87
178,I,2021,1.93
178,I,2022,1.94
178,I,2023,2.01
178,I,2024,2.05
178,J,2020,4.71
178,J,2021,4.76
178,J,2022,4.63
178,J,2023,4.59
178,J,2024,4.68
178,K,2020,2.22
178,K,2021,2.19
178,K,2022,2.16
178,K,2023,2.12
178,K,2024,2.12
178,L,2020,1.73
178,L,2021,1.69
178,L,2022,1.64
178,L,2023,1.57
178,L,2024,1.5
178,"M,N",2020,0.32
178,"M,N",2021,0.32
178,"M,N",2022,0.31
178,"M,N",2023,0.32
178,"M,N",2024,0.32
178,O,2020,5.15
178,O,2021,4.9
178,O,2022,4.63
178,O,2023,4.39
178,O,2024,4.45
178,P,2020,3.92
178,P,2021,3.75
178,P,2022,3.49
178,P,2023,3.45
178,P,2024,3.39
178,Q,2020,0.68
178,Q,2021,0.7
178,Q,2022,0.68
178,Q,2023,0.68
178,Q,2024,0.67
178,"R,S,T,U",2020,2.47
178,"R,S,T,U",2021,2.51
178,"R,S,T,U",2022,2.62
178,"R,S,T,U",2023,2.73
178,"R,S,T,U",2024,2.83
178,TOTAL,2020,100.0
178,TOTAL,2021,100.0
178,TOTAL,2022,100.0
178,TOTAL,2023,100.0
178,TOTAL,2024,100.0
178,TANPA_MIGAS,2020,100.0
178,TANPA_MIGAS,2021,100.0
178,TANPA_MIGAS,2022,100.0
178,TANPA_MIGAS,2023,100.0
178,TANPA_MIGAS,2024,100.0
179,A,2020,29.13
179,A,2021,28.04
179,A,2022,26.53
179,A,2023,26.56
179,A,2024,25.7
179,B,2020,0.9
179,B,2021,0.88
179,B,2022,0.84
179,B,2023,0.84
179,B,2024,0.8
179,C,2020,12.15
179,C,2021,12.99
179,C,2022,13.95
179,C,2023,14.41
179,C,2024,14.57
179,D,2020,0.1
179,D,2021,0.1
179,D,2022,0.1
179,D,2023,0.1
179,D,2024,0.1
179,E,2020,0.15
179,E,2021,0.16
179,E,2022,0.16
179,E,2023,0.16
179,E,2024,0.15
179,F,2020,12.3
179,F,2021,12.0
179,F,2022,12.42
179,F,2023,12.3
179,F,2024,12.32
179,G,2020,16.57
179,G,2021,17.23
179,G,2022,17.59
179,G,2023,17.66
179,G,2024,17.84
179,H,2020,1.71
179,H,2021,1.79
179,H,2022,2.02
179,H,2023,2.23
179,H,2024,2.35
179,I,2020,2.23
179,I,2021,2.36
179,I,2022,2.45
179,I,2023,2.54
179,I,2024,2.64
179,J,2020,7.01
179,J,2021,7.09
179,J,2022,6.9
179,J,2023,6.77
179,J,2024,6.66
179,K,2020,2.7
179,K,2021,2.71
179,K,2022,2.84
179,K,2023,2.85
179,K,2024,2.84
179,L,2020,1.83
179,L,2021,1.81
179,L,2022,1.76
179,L,2023,1.75
179,L,2024,1.71
179,"M,N",2020,0.34
179,"M,N",2021,0.34
179,"M,N",2022,0.32
179,"M,N",2023,0.32
179,"M,N",2024,0.33
179,O,2020,5.81
179,O,2021,5.65
179,O,2022,5.22
179,O,2023,4.92
179,O,2024,5.27
179,P,2020,4.17
179,P,2021,4.0
179,P,2022,3.83
179,P,2023,3.58
179,P,2024,3.66
179,Q,2020,0.89
179,Q,2021,0.82
179,Q,2022,0.81
179,Q,2023,0.8
179,Q,2024,0.78
179,"R,S,T,U",2020,2.0
179,"R,S,T,U",2021,2.03
179,"R,S,T,U",2022,2.26
179,"R,S,T,U",2023,2.21
179,"R,S,T,U",2024,2.28
179,TOTAL,2020,100.0
179,TOTAL,2021,100.0
179,TOTAL,2022,100.0
179,TOTAL,2023,100.0
179,TOTAL,2024,100.0
179,TANPA_MIGAS,2020,99.97
179,TANPA_MIGAS,2021,99.98
179,TANPA_MIGAS,2022,99.98
179,TANPA_MIGAS,2023,99.97
179,TANPA_MIGAS,2024,99.97
180,A,2020,30.6
180,A,2021,29.72
180,A,2022,29.13
180,A,2023,28.3
180,A,2024,27.59
180,B,2020,1.43
180,B,2021,1.48
180,B,2022,1.4
180,B,2023,1.36
180,B,2024,1.27
180,C,2020,10.78
180,C,2021,11.18
180,C,2022,11.75
180,C,2023,12.24
180,C,2024,12.28
180,D,2020,0.06
180,D,2021,0.06
180,D,2022,0.06
180,D,2023,0.07
180,D,2024,0.07
180,E,2020,0.18
180,E,2021,0.19
180,E,2022,0.19
180,E,2023,0.18
180,E,2024,0.18
180,F,2020,7.66
180,F,2021,7.75
180,F,2022,7.89
180,F,2023,7.77
180,F,2024,7.83
180,G,2020,15.47
180,G,2021,15.91
180,G,2022,16.25
180,G,2023,16.43
180,G,2024,16.25
180,H,2020,1.5
180,H,2021,1.6
180,H,2022,1.83
180,H,2023,2.06
180,H,2024,2.2
180,I,2020,4.25
180,I,2021,4.37
180,I,2022,4.65
180,I,2023,4.98
180,I,2024,5.13
180,J,2020,7.21
180,J,2021,7.32
180,J,2022,7.07
180,J,2023,7.02
180,J,2024,7.05
180,K,2020,2.62
180,K,2021,2.58
180,K,2022,2.56
180,K,2023,2.49
180,K,2024,2.5
180,L,2020,1.44
180,L,2021,1.42
180,L,2022,1.39
180,L,2023,1.34
180,L,2024,1.3
180,"M,N",2020,0.34
180,"M,N",2021,0.34
180,"M,N",2022,0.33
180,"M,N",2023,0.33
180,"M,N",2024,0.34
180,O,2020,8.27
180,O,2021,7.83
180,O,2022,7.3
180,O,2023,7.06
180,O,2024,7.47
180,P,2020,4.24
180,P,2021,4.22
180,P,2022,3.93
180,P,2023,3.97
180,P,2024,4.06
180,Q,2020,1.01
180,Q,2021,1.04
180,Q,2022,1.02
180,Q,2023,1.02
180,Q,2024,1.03
180,"R,S,T,U",2020,2.92
180,"R,S,T,U",2021,3.01
180,"R,S,T,U",2022,3.26
180,"R,S,T,U",2023,3.39
180,"R,S,T,U",2024,3.46
180,TOTAL,2020,100.0
180,TOTAL,2021,100.0
180,TOTAL,2022,100.0
180,TOTAL,2023,100.0
180,TOTAL,2024,100.0
180,TANPA_MIGAS,2020,100.0
180,TANPA_MIGAS,2021,100.0
180,TANPA_MIGAS,2022,100.0
180,TANPA_MIGAS,2023,100.0
180,TANPA_MIGAS,2024,100.0
181,A,2020,35.33
181,A,2021,33.8
181,A,2022,32.93
181,A,2023,32.86
181,A,2024,32.04
181,B,2020,1.22
181,B,2021,1.24
181,B,2022,1.25
181,B,2023,1.25
181,B,2024,1.22
181,C,2020,8.73
181,C,2021,9.31
181,C,2022,9.72
181,C,2023,9.87
181,C,2024,10.12
181,D,2020,0.09
181,D,2021,0.1
181,D,2022,0.1
181,D,2023,0.1
181,D,2024,0.09
181,E,2020,0.12
181,E,2021,0.12
181,E,2022,0.12
181,E,2023,0.12
181,E,2024,0.11
181,F,2020,8.71
181,F,2021,8.72
181,F,2022,9.08
181,F,2023,9.14
181,F,2024,9.25
181,G,2020,16.23
181,G,2021,16.82
181,G,2022,17.32
181,G,2023,17.52
181,G,2024,17.54
181,H,2020,1.35
181,H,2021,1.46
181,H,2022,1.69
181,H,2023,1.84
181,H,2024,1.94
181,I,2020,2.47
181,I,2021,2.63
181,I,2022,2.76
181,I,2023,2.81
181,I,2024,2.94
181,J,2020,6.94
181,J,2021,7.18
181,J,2022,6.9
181,J,2023,6.71
181,J,2024,6.7
181,K,2020,2.56
181,K,2021,2.59
181,K,2022,2.58
181,K,2023,2.48
181,K,2024,2.44
181,L,2020,1.42
181,L,2021,1.39
181,L,2022,1.36
181,L,2023,1.32
181,L,2024,1.28
181,"M,N",2020,0.34
181,"M,N",2021,0.34
181,"M,N",2022,0.33
181,"M,N",2023,0.32
181,"M,N",2024,0.33
181,O,2020,5.6
181,O,2021,5.43
181,O,2022,5.16
181,O,2023,4.96
181,O,2024,5.25
181,P,2020,5.81
181,P,2021,5.63
181,P,2022,5.34
181,P,2023,5.32
181,P,2024,5.28
181,Q,2020,1.01
181,Q,2021,1.06
181,Q,2022,1.04
181,Q,2023,1.01
181,Q,2024,1.0
181,"R,S,T,U",2020,2.05
181,"R,S,T,U",2021,2.17
181,"R,S,T,U",2022,2.32
181,"R,S,T,U",2023,2.38
181,"R,S,T,U",2024,2.48
181,TOTAL,2020,100.0
181,TOTAL,2021,100.0
181,TOTAL,2022,100.0
181,TOTAL,2023,100.0
181,TOTAL,2024,100.0
181,TANPA_MIGAS,2020,99.99
181,TANPA_MIGAS,2021,99.99
181,TANPA_MIGAS,2022,99.99
181,TANPA_MIGAS,2023,99.99
181,TANPA_MIGAS,2024,99.99
182,A,2020,14.18
182,A,2021,11.71
182,A,2022,10.82
182,A,2023,11.93
182,A,2024,11.85
182,B,2020,43.42
182,B,2021,50.59
182,B,2022,54.29
182,B,2023,49.48
182,B,2024,47.54
182,C,2020,6.78
182,C,2021,6.11
182,C,2022,5.69
182,C,2023,6.4
182,C,2024,6.95
182,D,2020,0.03
182,D,2021,0.02
182,D,2022,0.02
182,D,2023,0.02
182,D,2024,0.03
182,E,2020,0.04
182,E,2021,0.03
182,E,2022,0.03
182,E,2023,0.03
182,E,2024,0.03
182,F,2020,7.76
182,F,2021,6.79
182,F,2022,6.42
182,F,2023,6.92
182,F,2024,7.19
182,G,2020,9.02
182,G,2021,8.28
182,G,2022,7.81
182,G,2023,8.67
182,G,2024,9.0
182,H,2020,1.15
182,H,2021,1.06
182,H,2022,1.15
182,H,2023,1.47
182,H,2024,1.61
182,I,2020,0.99
182,I,2021,0.9
182,I,2022,0.89
182,I,2023,1.01
182,I,2024,1.09
182,J,2020,6.77
182,J,2021,6.09
182,J,2022,5.46
182,J,2023,5.99
182,J,2024,6.18
182,K,2020,1.54
182,K,2021,1.34
182,K,2022,1.23
182,K,2023,1.34
182,K,2024,1.38
182,L,2020,1.32
182,L,2021,1.15
182,L,2022,1.04
182,L,2023,1.15
182,L,2024,1.17
182,"M,N",2020,0.15
182,"M,N",2021,0.13
182,"M,N",2022,0.12
182,"M,N",2023,0.14
182,"M,N",2024,0.15
182,O,2020,4.48
182,O,2021,3.73
182,O,2022,3.19
182,O,2023,3.37
182,O,2024,3.63
182,P,2020,1.17
182,P,2021,1.0
182,P,2022,0.85
182,P,2023,0.94
182,P,2024,0.99
182,Q,2020,0.46
182,Q,2021,0.41
182,Q,2022,0.37
182,Q,2023,0.4
182,Q,2024,0.42
182,"R,S,T,U",2020,0.74
182,"R,S,T,U",2021,0.66
182,"R,S,T,U",2022,0.63
182,"R,S,T,U",2023,0.74
182,"R,S,T,U",2024,0.79
182,TOTAL,2020,100.0
182,TOTAL,2021,100.0
182,TOTAL,2022,100.0
182,TOTAL,2023,100.0
182,TOTAL,2024,100.0
182,TANPA_MIGAS,2020,52.89
182,TANPA_MIGAS,2021,50.69
182,TANPA_MIGAS,2022,50.95
182,TANPA_MIGAS,2023,56.9
182,TANPA_MIGAS,2024,50.18
183,A,2020,20.25
183,A,2021,19.84
183,A,2022,18.97
183,A,2023,18.5
183,A,2024,18.35
183,B,2020,8.94
183,B,2021,9.16
183,B,2022,9.03
183,B,2023,9.08
183,B,2024,8.85
183,C,2020,27.7
183,C,2021,28.02
183,C,2022,30.55
183,C,2023,30.69
183,C,2024,30.2
183,D,2020,0.11
183,D,2021,0.11
183,D,2022,0.1
183,D,2023,0.09
183,D,2024,0.1
183,E,2020,0.06
183,E,2021,0.06
183,E,2022,0.06
183,E,2023,0.06
183,E,2024,0.06
183,F,2020,12.26
183,F,2021,11.63
183,F,2022,11.1
183,F,2023,11.05
183,F,2024,11.28
183,G,2020,13.43
183,G,2021,14.0
183,G,2022,13.84
183,G,2023,14.12
183,G,2024,14.17
183,H,2020,0.75
183,H,2021,0.77
183,H,2022,0.82
183,H,2023,0.91
183,H,2024,0.96
183,I,2020,0.99
183,I,2021,1.01
183,I,2022,0.99
183,I,2023,1.03
183,I,2024,1.07
183,J,2020,5.29
183,J,2021,5.44
183,J,2022,5.25
183,J,2023,5.29
183,J,2024,5.48
183,K,2020,2.25
183,K,2021,2.21
183,K,2022,2.06
183,K,2023,1.99
183,K,2024,2.03
183,L,2020,1.58
183,L,2021,1.55
183,L,2022,1.44
183,L,2023,1.42
183,L,2024,1.43
183,"M,N",2020,0.22
183,"M,N",2021,0.22
183,"M,N",2022,0.2
183,"M,N",2023,0.2
183,"M,N",2024,0.21
183,O,2020,2.56
183,O,2021,2.42
183,O,2022,2.23
183,O,2023,2.17
183,O,2024,2.26
183,P,2020,1.81
183,P,2021,1.72
183,P,2022,1.54
183,P,2023,1.51
183,P,2024,1.57
183,Q,2020,0.63
183,Q,2021,0.64
183,Q,2022,0.6
183,Q,2023,0.6
183,Q,2024,0.61
183,"R,S,T,U",2020,1.17
183,"R,S,T,U",2021,1.21
183,"R,S,T,U",2022,1.22
183,"R,S,T,U",2023,1.29
183,"R,S,T,U",2024,1.35
183,TOTAL,2020,100.0
183,TOTAL,2021,100.0
183,TOTAL,2022,100.0
183,TOTAL,2023,100.0
183,TOTAL,2024,100.0
183,TANPA_MIGAS,2020,99.22
183,TANPA_MIGAS,2021,99.12
183,TANPA_MIGAS,2022,99.18
183,TANPA_MIGAS,2023,99.34
183,TANPA_MIGAS,2024,99.15
184,A,2020,34.64
184,A,2021,33.0
184,A,2022,32.85
184,A,2023,31.53
184,A,2024,30.1
184,B,2020,1.37
184,B,2021,1.48
184,B,2022,1.51
184,B,2023,1.73
184,B,2024,1.63
184,C,2020,10.56
184,C,2021,11.28
184,C,2022,11.38
184,C,2023,11.74
184,C,2024,12.23
184,D,2020,0.07
184,D,2021,0.07
184,D,2022,0.07
184,D,2023,0.07
184,D,2024,0.07
184,E,2020,0.11
184,E,2021,0.11
184,E,2022,0.11
184,E,2023,0.11
184,E,2024,0.11
184,F,2020,11.06
184,F,2021,10.99
184,F,2022,11.08
184,F,2023,11.24
184,F,2024,11.5
184,G,2020,18.18
184,G,2021,18.94
184,G,2022,19.4
184,G,2023,19.71
184,G,2024,19.8
184,H,2020,0.83
184,H,2021,0.86
184,H,2022,0.95
184,H,2023,1.07
184,H,2024,1.14
184,I,2020,1.64
184,I,2021,1.7
184,I,2022,1.75
184,I,2023,1.88
184,I,2024,1.98
184,J,2020,7.29
184,J,2021,7.52
184,J,2022,7.24
184,J,2023,7.29
184,J,2024,7.4
184,K,2020,2.11
184,K,2021,2.08
184,K,2022,2.04
184,K,2023,2.05
184,K,2024,2.07
184,L,2020,2.39
184,L,2021,2.4
184,L,2022,2.35
184,L,2023,2.31
184,L,2024,2.32
184,"M,N",2020,0.28
184,"M,N",2021,0.28
184,"M,N",2022,0.27
184,"M,N",2023,0.27
184,"M,N",2024,0.28
184,O,2020,4.15
184,O,2021,3.98
184,O,2022,3.83
184,O,2023,3.67
184,O,2024,3.83
184,P,2020,2.77
184,P,2021,2.7
184,P,2022,2.48
184,P,2023,2.49
184,P,2024,2.54
184,Q,2020,0.99
184,Q,2021,1.01
184,Q,2022,0.96
184,Q,2023,0.96
184,Q,2024,0.99
184,"R,S,T,U",2020,1.57
184,"R,S,T,U",2021,1.61
184,"R,S,T,U",2022,1.72
184,"R,S,T,U",2023,1.86
184,"R,S,T,U",2024,1.99
184,TOTAL,2020,100.0
184,TOTAL,2021,100.0
184,TOTAL,2022,100.0
184,TOTAL,2023,100.0
184,TOTAL,2024,100.0
184,TANPA_MIGAS,2020,100.0
184,TANPA_MIGAS,2021,100.0
184,TANPA_MIGAS,2022,100.0
184,TANPA_MIGAS,2023,100.0
184,TANPA_MIGAS,2024,100.0
185,A,2020,7.7
185,A,2021,7.02
185,A,2022,6.76
185,A,2023,6.79
185,A,2024,6.55
185,B,2020,5.96
185,B,2021,6.94
185,B,2022,8.39
185,B,2023,6.88
185,B,2024,6.14
185,C,2020,49.59
185,C,2021,49.96
185,C,2022,49.44
185,C,2023,50.33
185,C,2024,51.25
185,D,2020,0.51
185,D,2021,0.47
185,D,2022,0.45
185,D,2023,0.43
185,D,2024,0.43
185,E,2020,0.07
185,E,2021,0.07
185,E,2022,0.06
185,E,2023,0.06
185,E,2024,0.06
185,F,2020,9.42
185,F,2021,8.92
185,F,2022,8.74
185,F,2023,8.79
185,F,2024,8.67
185,G,2020,12.47
185,G,2021,12.62
185,G,2022,12.67
185,G,2023,12.92
185,G,2024,12.89
185,H,2020,2.48
185,H,2021,2.37
185,H,2022,2.5
185,H,2023,2.78
185,H,2024,2.87
185,I,2020,1.33
185,I,2021,1.35
185,I,2022,1.36
185,I,2023,1.42
185,I,2024,1.44
185,J,2020,4.48
185,J,2021,4.47
185,J,2022,4.14
185,J,2023,4.16
185,J,2024,4.2
185,K,2020,1.2
185,K,2021,1.16
185,K,2022,1.13
185,K,2023,1.12
185,K,2024,1.13
185,L,2020,1.4
185,L,2021,1.39
185,L,2022,1.32
185,L,2023,1.3
185,L,2024,1.27
185,"M,N",2020,0.32
185,"M,N",2021,0.31
185,"M,N",2022,0.29
185,"M,N",2023,0.3
185,"M,N",2024,0.31
185,O,2020,1.41
185,O,2021,1.31
185,O,2022,1.2
185,O,2023,1.17
185,O,2024,1.25
185,P,2020,0.94
185,P,2021,0.9
185,P,2022,0.81
185,P,2023,0.83
185,P,2024,0.82
185,Q,2020,0.45
185,Q,2021,0.45
185,Q,2022,0.41
185,Q,2023,0.4
185,Q,2024,0.41
185,"R,S,T,U",2020,0.27
185,"R,S,T,U",2021,0.28
185,"R,S,T,U",2022,0.31
185,"R,S,T,U",2023,0.31
185,"R,S,T,U",2024,0.32
185,TOTAL,2020,100.0
185,TOTAL,2021,100.0
185,TOTAL,2022,100.0
185,TOTAL,2023,100.0
185,TOTAL,2024,100.0
185,TANPA_MIGAS,2020,93.47
185,TANPA_MIGAS,2021,92.88
185,TANPA_MIGAS,2022,93.48
185,TANPA_MIGAS,2023,95.11
185,TANPA_MIGAS,2024,94.3
186,A,2020,25.66
186,A,2021,24.08
186,A,2022,24.07
186,A,2023,23.42
186,A,2024,20.79
186,B,2020,17.39
186,B,2021,19.75
186,B,2022,19.25
186,B,2023,15.5
186,B,2024,14.66
186,C,2020,2.46
186,C,2021,2.45
186,C,2022,2.55
186,C,2023,2.77
186,C,2024,3.04
186,D,2020,0.04
186,D,2021,0.04
186,D,2022,0.04
186,D,2023,0.05
186,D,2024,0.05
186,E,2020,0.1
186,E,2021,0.1
186,E,2022,0.1
186,E,2023,0.1
186,E,2024,0.11
186,F,2020,14.3
186,F,2021,13.77
186,F,2022,14.24
186,F,2023,15.11
186,F,2024,15.98
186,G,2020,16.27
186,G,2021,16.79
186,G,2022,17.21
186,G,2023,18.97
186,G,2024,19.52
186,H,2020,1.45
186,H,2021,1.43
186,H,2022,1.64
186,H,2023,1.93
186,H,2024,2.1
186,I,2020,1.28
186,I,2021,1.31
186,I,2022,1.34
186,I,2023,1.54
186,I,2024,1.7
186,J,2020,5.38
186,J,2021,5.39
186,J,2022,5.22
186,J,2023,5.79
186,J,2024,6.33
186,K,2020,1.87
186,K,2021,1.82
186,K,2022,1.81
186,K,2023,1.88
186,K,2024,1.94
186,L,2020,1.27
186,L,2021,1.23
186,L,2022,1.2
186,L,2023,1.26
186,L,2024,1.37
186,"M,N",2020,0.27
186,"M,N",2021,0.26
186,"M,N",2022,0.24
186,"M,N",2023,0.24
186,"M,N",2024,0.26
186,O,2020,6.89
186,O,2021,6.45
186,O,2022,6.21
186,O,2023,6.26
186,O,2024,6.79
186,P,2020,4.28
186,P,2021,4.05
186,P,2022,3.77
186,P,2023,3.98
186,P,2024,4.11
186,Q,2020,0.44
186,Q,2021,0.44
186,Q,2022,0.43
186,Q,2023,0.48
186,Q,2024,0.49
186,"R,S,T,U",2020,0.65
186,"R,S,T,U",2021,0.65
186,"R,S,T,U",2022,0.68
186,"R,S,T,U",2023,0.71
186,"R,S,T,U",2024,0.76
186,TOTAL,2020,100.0
186,TOTAL,2021,100.0
186,TOTAL,2022,100.0
186,TOTAL,2023,100.0
186,TOTAL,2024,100.0
186,TANPA_MIGAS,2020,79.74
186,TANPA_MIGAS,2021,78.3
186,TANPA_MIGAS,2022,80.56
186,TANPA_MIGAS,2023,84.1
186,TANPA_MIGAS,2024,82.01
187,A,2020,32.7
187,A,2021,31.47
187,A,2022,31.41
187,A,2023,30.63
187,A,2024,28.76
187,B,2020,15.13
187,B,2021,16.24
187,B,2022,17.42
187,B,2023,15.52
187,B,2024,14.49
187,C,2020,3.61
187,C,2021,3.61
187,C,2022,3.66
187,C,2023,3.85
187,C,2024,4.18
187,D,2020,0.03
187,D,2021,0.04
187,D,2022,0.03
187,D,2023,0.03
187,D,2024,0.04
187,E,2020,0.08
187,E,2021,0.08
187,E,2022,0.08
187,E,2023,0.08
187,E,2024,0.08
187,F,2020,10.58
187,F,2021,10.39
187,F,2022,10.47
187,F,2023,11.28
187,F,2024,12.13
187,G,2020,18.03
187,G,2021,18.39
187,G,2022,18.25
187,G,2023,19.18
187,G,2024,19.98
187,H,2020,1.02
187,H,2021,1.05
187,H,2022,1.14
187,H,2023,1.33
187,H,2024,1.46
187,I,2020,0.42
187,I,2021,0.43
187,I,2022,0.44
187,I,2023,0.47
187,I,2024,0.48
187,J,2020,5.31
187,J,2021,5.45
187,J,2022,5.09
187,J,2023,5.28
187,J,2024,5.44
187,K,2020,1.46
187,K,2021,1.45
187,K,2022,1.38
187,K,2023,1.39
187,K,2024,1.4
187,L,2020,1.35
187,L,2021,1.39
187,L,2022,1.31
187,L,2023,1.33
187,L,2024,1.36
187,"M,N",2020,0.3
187,"M,N",2021,0.29
187,"M,N",2022,0.27
187,"M,N",2023,0.3
187,"M,N",2024,0.32
187,O,2020,4.99
187,O,2021,4.76
187,O,2022,4.4
187,O,2023,4.48
187,O,2024,4.85
187,P,2020,3.54
187,P,2021,3.48
187,P,2022,3.18
187,P,2023,3.26
187,P,2024,3.38
187,Q,2020,0.61
187,Q,2021,0.63
187,Q,2022,0.6
187,Q,2023,0.6
187,Q,2024,0.61
187,"R,S,T,U",2020,0.85
187,"R,S,T,U",2021,0.86
187,"R,S,T,U",2022,0.89
187,"R,S,T,U",2023,0.99
187,"R,S,T,U",2024,1.05
187,TOTAL,2020,100.0
187,TOTAL,2021,100.0
187,TOTAL,2022,100.0
187,TOTAL,2023,100.0
187,TOTAL,2024,100.0
187,TANPA_MIGAS,2020,86.77
187,TANPA_MIGAS,2021,86.57
187,TANPA_MIGAS,2022,88.97
187,TANPA_MIGAS,2023,90.0
187,TANPA_MIGAS,2024,89.14
188,A,2020,32.5
188,A,2021,32.37
188,A,2022,32.43
188,A,2023,31.69
188,A,2024,30.87
188,B,2020,3.48
188,B,2021,3.39
188,B,2022,3.31
188,B,2023,3.65
188,B,2024,3.7
188,C,2020,6.77
188,C,2021,7.01
188,C,2022,7.16
188,C,2023,7.47
188,C,2024,7.74
188,D,2020,0.05
188,D,2021,0.05
188,D,2022,0.05
188,D,2023,0.05
188,D,2024,0.05
188,E,2020,0.08
188,E,2021,0.08
188,E,2022,0.08
188,E,2023,0.08
188,E,2024,0.07
188,F,2020,10.45
188,F,2021,10.29
188,F,2022,10.3
188,F,2023,10.42
188,F,2024,10.67
188,G,2020,20.17
188,G,2021,20.72
188,G,2022,21.19
188,G,2023,21.43
188,G,2024,21.46
188,H,2020,1.59
188,H,2021,1.64
188,H,2022,1.83
188,H,2023,2.04
188,H,2024,2.17
188,I,2020,0.65
188,I,2021,0.67
188,I,2022,0.69
188,I,2023,0.71
188,I,2024,0.72
188,J,2020,6.71
188,J,2021,6.85
188,J,2022,6.65
188,J,2023,6.55
188,J,2024,6.43
188,K,2020,1.97
188,K,2021,1.93
188,K,2022,1.9
188,K,2023,1.93
188,K,2024,1.93
188,L,2020,1.92
188,L,2021,1.85
188,L,2022,1.82
188,L,2023,1.77
188,L,2024,1.74
188,"M,N",2020,0.38
188,"M,N",2021,0.38
188,"M,N",2022,0.35
188,"M,N",2023,0.38
188,"M,N",2024,0.38
188,O,2020,7.05
188,O,2021,6.7
188,O,2022,6.37
188,O,2023,6.1
188,O,2024,6.25
188,P,2020,4.48
188,P,2021,4.33
188,P,2022,4.07
188,P,2023,3.98
188,P,2024,4.03
188,Q,2020,0.82
188,Q,2021,0.82
188,Q,2022,0.8
188,Q,2023,0.78
188,Q,2024,0.77
188,"R,S,T,U",2020,0.92
188,"R,S,T,U",2021,0.93
188,"R,S,T,U",2022,0.98
188,"R,S,T,U",2023,0.98
188,"R,S,T,U",2024,1.0
188,TOTAL,2020,100.0
188,TOTAL,2021,100.0
188,TOTAL,2022,100.0
188,TOTAL,2023,100.0
188,TOTAL,2024,100.0
188,TANPA_MIGAS,2020,100.0
188,TANPA_MIGAS,2021,100.0
188,TANPA_MIGAS,2022,100.0
188,TANPA_MIGAS,2023,100.0
188,TANPA_MIGAS,2024,100.0
189,A,2020,39.93
189,A,2021,38.75
189,A,2022,37.74
189,A,2023,38.07
189,A,2024,37.2
189,B,2020,15.66
189,B,2021,17.27
189,B,2022,19.74
189,B,2023,18.06
189,B,2024,17.04
189,C,2020,6.16
189,C,2021,6.23
189,C,2022,6.1
189,C,2023,6.33
189,C,2024,6.73
189,D,2020,0.03
189,D,2021,0.03
189,D,2022,0.03
189,D,2023,0.03
189,D,2024,0.03
189,E,2020,0.04
189,E,2021,0.04
189,E,2022,0.04
189,E,2023,0.04
189,E,2024,0.04
189,F,2020,7.11
189,F,2021,6.86
189,F,2022,6.86
189,F,2023,7.29
189,F,2024,7.89
189,G,2020,12.2
189,G,2021,12.44
189,G,2022,12.14
189,G,2023,12.46
189,G,2024,12.79
189,H,2020,1.11
189,H,2021,1.1
189,H,2022,1.21
189,H,2023,1.34
189,H,2024,1.42
189,I,2020,0.69
189,I,2021,0.7
189,I,2022,0.71
189,I,2023,0.75
189,I,2024,0.79
189,J,2020,5.86
189,J,2021,5.84
189,J,2022,5.41
189,J,2023,5.47
189,J,2024,5.65
189,K,2020,2.12
189,K,2021,2.04
189,K,2022,1.96
189,K,2023,1.97
189,K,2024,2.0
189,L,2020,1.05
189,L,2021,1.0
189,L,2022,0.95
189,L,2023,0.95
189,L,2024,0.95
189,"M,N",2020,0.2
189,"M,N",2021,0.2
189,"M,N",2022,0.18
189,"M,N",2023,0.19
189,"M,N",2024,0.19
189,O,2020,3.77
189,O,2021,3.57
189,O,2022,3.21
189,O,2023,3.21
189,O,2024,3.34
189,P,2020,2.99
189,P,2021,2.88
189,P,2022,2.64
189,P,2023,2.68
189,P,2024,2.74
189,Q,2020,0.43
189,Q,2021,0.43
189,Q,2022,0.42
189,Q,2023,0.42
189,Q,2024,0.43
189,"R,S,T,U",2020,0.62
189,"R,S,T,U",2021,0.63
189,"R,S,T,U",2022,0.67
189,"R,S,T,U",2023,0.73
189,"R,S,T,U",2024,0.78
189,TOTAL,2020,100.0
189,TOTAL,2021,100.0
189,TOTAL,2022,100.0
189,TOTAL,2023,100.0
189,TOTAL,2024,100.0
189,TANPA_MIGAS,2020,82.61
189,TANPA_MIGAS,2021,85.35
189,TANPA_MIGAS,2022,86.69
189,TANPA_MIGAS,2023,86.69
189,TANPA_MIGAS,2024,85.07
190,A,2020,0.24
190,A,2021,0.24
190,A,2022,0.23
190,A,2023,0.23
190,A,2024,0.24
190,B,2020,0.0
190,B,2021,0.0
190,B,2022,0.0
190,B,2023,0.0
190,B,2024,0.0
190,C,2020,82.13
190,C,2021,81.88
190,C,2022,81.04
190,C,2023,80.0
190,C,2024,79.64
190,D,2020,0.01
190,D,2021,0.01
190,D,2022,0.01
190,D,2023,0.01
190,D,2024,0.01
190,E,2020,0.02
190,E,2021,0.02
190,E,2022,0.02
190,E,2023,0.02
190,E,2024,0.02
190,F,2020,1.64
190,F,2021,1.62
190,F,2022,1.71
190,F,2023,1.83
190,F,2024,1.8
190,G,2020,8.67
190,G,2021,9.11
190,G,2022,9.68
190,G,2023,10.19
190,G,2024,10.31
190,H,2020,0.45
190,H,2021,0.44
190,H,2022,0.51
190,H,2023,0.58
190,H,2024,0.61
190,I,2020,1.48
190,I,2021,1.48
190,I,2022,1.62
190,I,2023,1.78
190,I,2024,1.87
190,J,2020,2.08
190,J,2021,2.07
190,J,2022,2.04
190,J,2023,2.16
190,J,2024,2.21
190,K,2020,0.97
190,K,2021,0.94
190,K,2022,0.97
190,K,2023,0.99
190,K,2024,1.0
190,L,2020,0.42
190,L,2021,0.4
190,L,2022,0.4
190,L,2023,0.39
190,L,2024,0.38
190,"M,N",2020,0.2
190,"M,N",2021,0.19
190,"M,N",2022,0.19
190,"M,N",2023,0.2
190,"M,N",2024,0.21
190,O,2020,0.39
190,O,2021,0.37
190,O,2022,0.36
190,O,2023,0.38
190,O,2024,0.41
190,P,2020,0.82
190,P,2021,0.76
190,P,2022,0.71
190,P,2023,0.71
190,P,2024,0.75
190,Q,2020,0.2
190,Q,2021,0.19
190,Q,2022,0.19
190,Q,2023,0.19
190,Q,2024,0.19
190,"R,S,T,U",2020,0.29
190,"R,S,T,U",2021,0.28
190,"R,S,T,U",2022,0.32
190,"R,S,T,U",2023,0.34
190,"R,S,T,U",2024,0.36
190,TOTAL,2020,100.0
190,TOTAL,2021,100.0
190,TOTAL,2022,100.0
190,TOTAL,2023,100.0
190,TOTAL,2024,100.0
190,TANPA_MIGAS,2020,100.0
190,TANPA_MIGAS,2021,100.0
190,TANPA_MIGAS,2022,100.0
190,TANPA_MIGAS,2023,100.0
190,TANPA_MIGAS,2024,100.0
191,A,2020,2.92
191,A,2021,2.84
191,A,2022,2.56
191,A,2023,2.51
191,A,2024,2.18
191,B,2020,0.01
191,B,2021,0.0
191,B,2022,0.0
191,B,2023,0.0
191,B,2024,0.0
191,C,2020,9.75
191,C,2021,10.02
191,C,2022,10.1
191,C,2023,9.85
191,C,2024,9.91
191,D,2020,0.07
191,D,2021,0.06
191,D,2022,0.06
191,D,2023,0.06
191,D,2024,0.06
191,E,2020,0.14
191,E,2021,0.15
191,E,2022,0.14
191,E,2023,0.14
191,E,2024,0.14
191,F,2020,7.18
191,F,2021,6.96
191,F,2022,7.07
191,F,2023,7.17
191,F,2024,7.38
191,G,2020,23.55
191,G,2021,24.16
191,G,2022,25.11
191,G,2023,25.03
191,G,2024,24.69
191,H,2020,4.22
191,H,2021,4.21
191,H,2022,4.61
191,H,2023,5.01
191,H,2024,5.08
191,I,2020,5.05
191,I,2021,5.29
191,I,2022,5.48
191,I,2023,5.71
191,I,2024,5.89
191,J,2020,11.34
191,J,2021,11.38
191,J,2022,10.73
191,J,2023,10.63
191,J,2024,10.5
191,K,2020,10.73
191,K,2021,10.48
191,K,2022,10.66
191,K,2023,10.42
191,K,2024,10.22
191,L,2020,3.91
191,L,2021,3.87
191,L,2022,3.69
191,L,2023,3.55
191,L,2024,3.47
191,"M,N",2020,0.76
191,"M,N",2021,0.74
191,"M,N",2022,0.72
191,"M,N",2023,0.72
191,"M,N",2024,0.72
191,O,2020,6.72
191,O,2021,6.33
191,O,2022,5.97
191,O,2023,5.78
191,O,2024,6.12
191,P,2020,7.27
191,P,2021,6.96
191,P,2022,6.44
191,P,2023,6.44
191,P,2024,6.58
191,Q,2020,2.14
191,Q,2021,2.15
191,Q,2022,2.03
191,Q,2023,2.05
191,Q,2024,1.95
191,"R,S,T,U",2020,4.26
191,"R,S,T,U",2021,4.39
191,"R,S,T,U",2022,4.62
191,"R,S,T,U",2023,4.92
191,"R,S,T,U",2024,5.1
191,TOTAL,2020,100.0
191,TOTAL,2021,100.0
191,TOTAL,2022,100.0
191,TOTAL,2023,100.0
191,TOTAL,2024,100.0
191,TANPA_MIGAS,2020,100.0
191,TANPA_MIGAS,2021,100.0
191,TANPA_MIGAS,2022,100.0
191,TANPA_MIGAS,2023,100.0
191,TANPA_MIGAS,2024,100.0
192,A,2020,0.27
192,A,2021,0.26
192,A,2022,0.25
192,A,2023,0.25
192,A,2024,0.22
192,B,2020,0.07
192,B,2021,0.07
192,B,2022,0.06
192,B,2023,0.06
192,B,2024,0.05
192,C,2020,26.5
192,C,2021,26.72
192,C,2022,26.74
192,C,2023,26.88
192,C,2024,27.09
192,D,2020,0.03
192,D,2021,0.03
192,D,2022,0.03
192,D,2023,0.03
192,D,2024,0.03
192,E,2020,0.19
192,E,2021,0.19
192,E,2022,0.18
192,E,2023,0.17
192,E,2024,0.16
192,F,2020,12.9
192,F,2021,12.39
192,F,2022,12.51
192,F,2023,12.5
192,F,2024,12.43
192,G,2020,28.09
192,G,2021,29.09
192,G,2022,29.54
192,G,2023,29.43
192,G,2024,29.22
192,H,2020,2.29
192,H,2021,2.33
192,H,2022,2.61
192,H,2023,2.9
192,H,2024,3.04
192,I,2020,4.6
192,I,2021,4.54
192,I,2022,4.72
192,I,2023,4.82
192,I,2024,4.89
192,J,2020,4.44
192,J,2021,4.43
192,J,2022,4.26
192,J,2023,4.25
192,J,2024,4.23
192,K,2020,2.96
192,K,2021,2.87
192,K,2022,2.88
192,K,2023,2.84
192,K,2024,2.84
192,L,2020,1.51
192,L,2021,1.47
192,L,2022,1.38
192,L,2023,1.31
192,L,2024,1.27
192,"M,N",2020,0.84
192,"M,N",2021,0.81
192,"M,N",2022,0.78
192,"M,N",2023,0.79
192,"M,N",2024,0.8
192,O,2020,1.52
192,O,2021,1.41
192,O,2022,1.3
192,O,2023,1.25
192,O,2024,1.26
192,P,2020,8.53
192,P,2021,8.13
192,P,2022,7.47
192,P,2023,7.24
192,P,2024,7.19
192,Q,2020,2.89
192,Q,2021,2.89
192,Q,2022,2.75
192,Q,2023,2.69
192,Q,2024,2.62
192,"R,S,T,U",2020,2.38
192,"R,S,T,U",2021,2.37
192,"R,S,T,U",2022,2.53
192,"R,S,T,U",2023,2.58
192,"R,S,T,U",2024,2.66
192,TOTAL,2020,100.0
192,TOTAL,2021,100.0
192,TOTAL,2022,100.0
192,TOTAL,2023,100.0
192,TOTAL,2024,100.0
192,TANPA_MIGAS,2020,100.0
192,TANPA_MIGAS,2021,100.0
192,TANPA_MIGAS,2022,100.0
192,TANPA_MIGAS,2023,100.0
192,TANPA_MIGAS,2024,100.0
193,A,2020,6.17
193,A,2021,5.72
193,A,2022,5.98
193,A,2023,6.0
193,A,2024,5.59
193,B,2020,0.0
193,B,2021,0.0
193,B,2022,0.0
193,B,2023,0.0
193,B,2024,0.0
193,C,2020,14.46
193,C,2021,14.67
193,C,2022,14.59
193,C,2023,14.65
193,C,2024,14.63
193,D,2020,0.12
193,D,2021,0.11
193,D,2022,0.11
193,D,2023,0.11
193,D,2024,0.1
193,E,2020,0.21
193,E,2021,0.22
193,E,2022,0.21
193,E,2023,0.2
193,E,2024,0.2
193,F,2020,5.68
193,F,2021,5.47
193,F,2022,5.47
193,F,2023,5.43
193,F,2024,5.58
193,G,2020,25.71
193,G,2021,26.35
193,G,2022,26.48
193,G,2023,26.22
193,G,2024,26.2
193,H,2020,13.72
193,H,2021,14.09
193,H,2022,15.23
193,H,2023,16.09
193,H,2024,16.28
193,I,2020,3.74
193,I,2021,3.8
193,I,2022,3.83
193,I,2023,3.84
193,I,2024,4.01
193,J,2020,5.52
193,J,2021,5.54
193,J,2022,5.2
193,J,2023,5.07
193,J,2024,5.01
193,K,2020,6.71
193,K,2021,6.58
193,K,2022,6.4
193,K,2023,6.32
193,K,2024,6.12
193,L,2020,3.25
193,L,2021,3.17
193,L,2022,3.04
193,L,2023,2.91
193,L,2024,2.81
193,"M,N",2020,0.64
193,"M,N",2021,0.63
193,"M,N",2022,0.59
193,"M,N",2023,0.64
193,"M,N",2024,0.67
193,O,2020,5.28
193,O,2021,4.99
193,O,2022,4.52
193,O,2023,4.35
193,O,2024,4.64
193,P,2020,4.96
193,P,2021,4.76
193,P,2022,4.36
193,P,2023,4.22
193,P,2024,4.16
193,Q,2020,1.0
193,Q,2021,1.03
193,Q,2022,0.96
193,Q,2023,0.96
193,Q,2024,0.96
193,"R,S,T,U",2020,2.83
193,"R,S,T,U",2021,2.88
193,"R,S,T,U",2022,3.02
193,"R,S,T,U",2023,2.99
193,"R,S,T,U",2024,3.04
193,TOTAL,2020,100.0
193,TOTAL,2021,100.0
193,TOTAL,2022,100.0
193,TOTAL,2023,100.0
193,TOTAL,2024,100.0
193,TANPA_MIGAS,2020,100.0
193,TANPA_MIGAS,2021,100.0
193,TANPA_MIGAS,2022,100.0
193,TANPA_MIGAS,2023,100.0
193,TANPA_MIGAS,2024,100.0
194,A,2020,2.47
194,A,2021,2.28
194,A,2022,2.26
194,A,2023,2.2
194,A,2024,2.14
194,B,2020,0.02
194,B,2021,0.02
194,B,2022,0.0
194,B,2023,0.0
194,B,2024,0.0
194,C,2020,19.47
194,C,2021,19.68
194,C,2022,19.93
194,C,2023,20.15
194,C,2024,19.81
194,D,2020,0.07
194,D,2021,0.07
194,D,2022,0.07
194,D,2023,0.06
194,D,2024,0.06
194,E,2020,0.24
194,E,2021,0.23
194,E,2022,0.21
194,E,2023,0.2
194,E,2024,0.2
194,F,2020,6.13
194,F,2021,5.94
194,F,2022,5.79
194,F,2023,5.49
194,F,2024,5.39
194,G,2020,28.55
194,G,2021,29.19
194,G,2022,29.7
194,G,2023,29.64
194,G,2024,29.49
194,H,2020,5.98
194,H,2021,6.19
194,H,2022,7.36
194,H,2023,8.28
194,H,2024,8.68
194,I,2020,5.29
194,I,2021,5.31
194,I,2022,5.35
194,I,2023,5.37
194,I,2024,5.5
194,J,2020,8.48
194,J,2021,8.54
194,J,2022,7.85
194,J,2023,7.81
194,J,2024,7.6
194,K,2020,7.48
194,K,2021,7.27
194,K,2022,7.0
194,K,2023,6.81
194,K,2024,6.64
194,L,2020,2.66
194,L,2021,2.57
194,L,2022,2.41
194,L,2023,2.28
194,L,2024,2.24
194,"M,N",2020,0.64
194,"M,N",2021,0.63
194,"M,N",2022,0.59
194,"M,N",2023,0.6
194,"M,N",2024,0.63
194,O,2020,4.64
194,O,2021,4.36
194,O,2022,4.14
194,O,2023,3.89
194,O,2024,4.06
194,P,2020,4.44
194,P,2021,4.25
194,P,2022,3.88
194,P,2023,3.8
194,P,2024,3.82
194,Q,2020,0.96
194,Q,2021,0.95
194,Q,2022,0.91
194,Q,2023,0.86
194,Q,2024,0.89
194,"R,S,T,U",2020,2.49
194,"R,S,T,U",2021,2.52
194,"R,S,T,U",2022,2.57
194,"R,S,T,U",2023,2.56
194,"R,S,T,U",2024,2.85
194,TOTAL,2020,100.0
194,TOTAL,2021,100.0
194,TOTAL,2022,100.0
194,TOTAL,2023,100.0
194,TOTAL,2024,100.0
194,TANPA_MIGAS,2020,100.0
194,TANPA_MIGAS,2021,100.0
194,TANPA_MIGAS,2022,100.0
194,TANPA_MIGAS,2023,100.0
194,TANPA_MIGAS,2024,100.0
195,A,2020,0.66
195,A,2021,0.6
195,A,2022,0.57
195,A,2023,0.53
195,A,2024,0.5
195,B,2020,0.0
195,B,2021,0.0
195,B,2022,0.0
195,B,2023,0.0
195,B,2024,0.0
195,C,2020,11.38
195,C,2021,11.32
195,C,2022,11.28
195,C,2023,9.24
195,C,2024,9.33
195,D,2020,0.08
195,D,2021,0.08
195,D,2022,0.07
195,D,2023,0.07
195,D,2024,0.07
195,E,2020,0.11
195,E,2021,0.11
195,E,2022,0.11
195,E,2023,0.11
195,E,2024,0.1
195,F,2020,10.21
195,F,2021,9.88
195,F,2022,10.11
195,F,2023,9.85
195,F,2024,9.59
195,G,2020,28.52
195,G,2021,29.42
195,G,2022,29.97
195,G,2023,31.1
195,G,2024,30.62
195,H,2020,2.64
195,H,2021,2.67
195,H,2022,2.98
195,H,2023,3.39
195,H,2024,3.52
195,I,2020,6.86
195,I,2021,6.98
195,I,2022,7.2
195,I,2023,7.72
195,I,2024,7.8
195,J,2020,13.01
195,J,2021,13.12
195,J,2022,12.57
195,J,2023,12.77
195,J,2024,13.07
195,K,2020,8.39
195,K,2021,8.27
195,K,2022,8.13
195,K,2023,8.11
195,K,2024,8.16
195,L,2020,2.94
195,L,2021,2.81
195,L,2022,2.7
195,L,2023,2.7
195,L,2024,2.69
195,"M,N",2020,0.77
195,"M,N",2021,0.74
195,"M,N",2022,0.71
195,"M,N",2023,0.74
195,"M,N",2024,0.75
195,O,2020,5.1
195,O,2021,4.84
195,O,2022,4.52
195,O,2023,4.45
195,O,2024,4.48
195,P,2020,4.83
195,P,2021,4.6
195,P,2022,4.3
195,P,2023,4.32
195,P,2024,4.32
195,Q,2020,1.32
195,Q,2021,1.33
195,Q,2022,1.26
195,Q,2023,1.29
195,Q,2024,1.29
195,"R,S,T,U",2020,3.18
195,"R,S,T,U",2021,3.25
195,"R,S,T,U",2022,3.5
195,"R,S,T,U",2023,3.62
195,"R,S,T,U",2024,3.71
195,TOTAL,2020,100.0
195,TOTAL,2021,100.0
195,TOTAL,2022,100.0
195,TOTAL,2023,100.0
195,TOTAL,2024,100.0
195,TANPA_MIGAS,2020,100.0
195,TANPA_MIGAS,2021,100.0
195,TANPA_MIGAS,2022,100.0
195,TANPA_MIGAS,2023,100.0
195,TANPA_MIGAS,2024,100.0
196,A,2020,0.89
196,A,2021,0.75
196,A,2022,0.7
196,A,2023,0.71
196,A,2024,0.71
196,B,2020,0.02
196,B,2021,0.02
196,B,2022,0.02
196,B,2023,0.02
196,B,2024,0.01
196,C,2020,13.17
196,C,2021,13.75
196,C,2022,13.27
196,C,2023,13.56
196,C,2024,13.63
196,D,2020,0.08
196,D,2021,0.08
196,D,2022,0.08
196,D,2023,0.08
196,D,2024,0.08
196,E,2020,0.22
196,E,2021,0.23
196,E,2022,0.22
196,E,2023,0.21
196,E,2024,0.21
196,F,2020,5.91
196,F,2021,5.58
196,F,2022,5.87
196,F,2023,5.83
196,F,2024,5.93
196,G,2020,24.49
196,G,2021,25.72
196,G,2022,26.66
196,G,2023,26.71
196,G,2024,26.37
196,H,2020,3.53
196,H,2021,3.58
196,H,2022,4.07
196,H,2023,4.52
196,H,2024,4.72
196,I,2020,4.89
196,I,2021,4.96
196,I,2022,5.13
196,I,2023,5.22
196,I,2024,5.4
196,J,2020,16.07
196,J,2021,15.91
196,J,2022,15.4
196,J,2023,15.25
196,J,2024,15.04
196,K,2020,10.53
196,K,2021,10.13
196,K,2022,10.01
196,K,2023,9.67
196,K,2024,9.49
196,L,2020,2.82
196,L,2021,2.69
196,L,2022,2.61
196,L,2023,2.54
196,L,2024,2.46
196,"M,N",2020,0.72
196,"M,N",2021,0.7
196,"M,N",2022,0.69
196,"M,N",2023,0.68
196,"M,N",2024,0.69
196,O,2020,3.35
196,O,2021,3.1
196,O,2022,2.87
196,O,2023,2.7
196,O,2024,2.82
196,P,2020,8.2
196,P,2021,7.71
196,P,2022,7.18
196,P,2023,6.97
196,P,2024,7.05
196,Q,2020,1.57
196,Q,2021,1.57
196,Q,2022,1.52
196,Q,2023,1.49
196,Q,2024,1.47
196,"R,S,T,U",2020,3.51
196,"R,S,T,U",2021,3.51
196,"R,S,T,U",2022,3.71
196,"R,S,T,U",2023,3.85
196,"R,S,T,U",2024,3.92
196,TOTAL,2020,100.0
196,TOTAL,2021,100.0
196,TOTAL,2022,100.0
196,TOTAL,2023,100.0
196,TOTAL,2024,100.0
196,TANPA_MIGAS,2020,100.0
196,TANPA_MIGAS,2021,100.0
196,TANPA_MIGAS,2022,100.0
196,TANPA_MIGAS,2023,100.0
196,TANPA_MIGAS,2024,100.0
197,A,2020,0.16
197,A,2021,0.16
197,A,2022,0.15
197,A,2023,0.14
197,A,2024,0.13
197,B,2020,0.01
197,B,2021,0.01
197,B,2022,0.01
197,B,2023,0.0
197,B,2024,0.0
197,C,2020,19.37
197,C,2021,19.24
197,C,2022,19.22
197,C,2023,18.93
197,C,2024,19.07
197,D,2020,0.4
197,D,2021,0.41
197,D,2022,0.42
197,D,2023,0.52
197,D,2024,0.51
197,E,2020,0.15
197,E,2021,0.15
197,E,2022,0.14
197,E,2023,0.14
197,E,2024,0.13
197,F,2020,9.37
197,F,2021,9.36
197,F,2022,9.37
197,F,2023,9.08
197,F,2024,9.11
197,G,2020,26.92
197,G,2021,27.7
197,G,2022,28.16
197,G,2023,28.16
197,G,2024,27.75
197,H,2020,5.37
197,H,2021,5.17
197,H,2022,5.53
197,H,2023,5.99
197,H,2024,6.15
197,I,2020,15.44
197,I,2021,15.49
197,I,2022,15.6
197,I,2023,16.03
197,I,2024,16.34
197,J,2020,6.0
197,J,2021,5.98
197,J,2022,5.57
197,J,2023,5.49
197,J,2024,5.46
197,K,2020,5.26
197,K,2021,5.18
197,K,2022,5.18
197,K,2023,5.01
197,K,2024,4.86
197,L,2020,2.77
197,L,2021,2.68
197,L,2022,2.53
197,L,2023,2.41
197,L,2024,2.3
197,"M,N",2020,2.55
197,"M,N",2021,2.46
197,"M,N",2022,2.41
197,"M,N",2023,2.45
197,"M,N",2024,2.49
197,O,2020,1.49
197,O,2021,1.41
197,O,2022,1.29
197,O,2023,1.19
197,O,2024,1.27
197,P,2020,2.62
197,P,2021,2.49
197,P,2022,2.27
197,P,2023,2.21
197,P,2024,2.18
197,Q,2020,0.88
197,Q,2021,0.88
197,Q,2022,0.84
197,Q,2023,0.83
197,Q,2024,0.83
197,"R,S,T,U",2020,1.25
197,"R,S,T,U",2021,1.24
197,"R,S,T,U",2022,1.32
197,"R,S,T,U",2023,1.41
197,"R,S,T,U",2024,1.44
197,TOTAL,2020,100.0
197,TOTAL,2021,100.0
197,TOTAL,2022,100.0
197,TOTAL,2023,100.0
197,TOTAL,2024,100.0
197,TANPA_MIGAS,2020,100.0
197,TANPA_MIGAS,2021,100.0
197,TANPA_MIGAS,2022,100.0
197,TANPA_MIGAS,2023,100.0
197,TANPA_MIGAS,2024,100.0
198,A,2020,15.88
198,A,2021,15.5
198,A,2022,15.18
198,A,2023,15.13
198,A,2024,14.5
198,B,2020,0.16
198,B,2021,0.16
198,B,2022,0.16
198,B,2023,0.14
198,B,2024,0.12
198,C,2020,5.42
198,C,2021,5.8
198,C,2022,5.96
198,C,2023,6.01
198,C,2024,6.29
198,D,2020,0.04
198,D,2021,0.04
198,D,2022,0.04
198,D,2023,0.04
198,D,2024,0.04
198,E,2020,0.17
198,E,2021,0.17
198,E,2022,0.17
198,E,2023,0.16
198,E,2024,0.16
198,F,2020,12.18
198,F,2021,11.95
198,F,2022,12.49
198,F,2023,12.77
198,F,2024,12.69
198,G,2020,18.63
198,G,2021,18.95
198,G,2022,19.0
198,G,2023,18.84
198,G,2024,18.77
198,H,2020,1.33
198,H,2021,1.33
198,H,2022,1.44
198,H,2023,1.53
198,H,2024,1.63
198,I,2020,10.08
198,I,2021,10.23
198,I,2022,10.44
198,I,2023,10.52
198,I,2024,10.73
198,J,2020,6.66
198,J,2021,6.68
198,J,2022,6.44
198,J,2023,6.17
198,J,2024,6.11
198,K,2020,3.81
198,K,2021,3.67
198,K,2022,3.62
198,K,2023,3.46
198,K,2024,3.4
198,L,2020,3.14
198,L,2021,3.05
198,L,2022,2.88
198,L,2023,2.77
198,L,2024,2.8
198,"M,N",2020,0.45
198,"M,N",2021,0.44
198,"M,N",2022,0.43
198,"M,N",2023,0.41
198,"M,N",2024,0.4
198,O,2020,2.53
198,O,2021,2.36
198,O,2022,2.16
198,O,2023,2.04
198,O,2024,2.09
198,P,2020,4.06
198,P,2021,3.85
198,P,2022,3.54
198,P,2023,3.47
198,P,2024,3.46
198,Q,2020,0.86
198,Q,2021,0.87
198,Q,2022,0.84
198,Q,2023,0.83
198,Q,2024,0.81
198,"R,S,T,U",2020,14.59
198,"R,S,T,U",2021,14.94
198,"R,S,T,U",2022,15.21
198,"R,S,T,U",2023,15.69
198,"R,S,T,U",2024,16.02
198,TOTAL,2020,100.0
198,TOTAL,2021,100.0
198,TOTAL,2022,100.0
198,TOTAL,2023,100.0
198,TOTAL,2024,100.0
198,TANPA_MIGAS,2020,100.0
198,TANPA_MIGAS,2021,100.0
198,TANPA_MIGAS,2022,100.0
198,TANPA_MIGAS,2023,100.0
198,TANPA_MIGAS,2024,100.0
199,A,2020,3.8
199,A,2021,-1.41
199,A,2022,4.44
199,A,2023,0.24
199,A,2024,-0.34
199,B,2020,-6.66
199,B,2021,1.95
199,B,2022,3.87
199,B,2023,6.95
199,B,2024,3.87
199,C,2020,-6.69
199,C,2021,6.36
199,C,2022,6.8
199,C,2023,7.76
199,C,2024,7.14
199,D,2020,-0.1
199,D,2021,1.88
199,D,2022,6.86
199,D,2023,16.15
199,D,2024,7.91
199,E,2020,3.46
199,E,2021,6.81
199,E,2022,3.69
199,E,2023,2.05
199,E,2024,0.75
199,F,2020,-6.18
199,F,2021,1.68
199,F,2022,7.13
199,F,2023,6.08
199,F,2024,5.06
199,G,2020,-4.31
199,G,2021,5.16
199,G,2022,5.52
199,G,2023,5.88
199,G,2024,5.24
199,H,2020,-4.97
199,H,2021,11.92
199,H,2022,15.49
199,H,2023,9.51
199,H,2024,12.23
199,I,2020,-9.25
199,I,2021,4.58
199,I,2022,15.64
199,I,2023,5.84
199,I,2024,5.46
199,J,2020,7.81
199,J,2021,6.41
199,J,2022,4.81
199,J,2023,4.38
199,J,2024,5.34
199,K,2020,-0.8
199,K,2021,0.36
199,K,2022,2.59
199,K,2023,3.62
199,K,2024,3.97
199,L,2020,2.91
199,L,2021,3.87
199,L,2022,5.19
199,L,2023,2.53
199,L,2024,3.23
199,"M,N",2020,-7.48
199,"M,N",2021,1.47
199,"M,N",2022,5.28
199,"M,N",2023,7.87
199,"M,N",2024,7.94
199,O,2020,-2.09
199,O,2021,-2.03
199,O,2022,0.4
199,O,2023,0.19
199,O,2024,9.04
199,P,2020,1.78
199,P,2021,1.09
199,P,2022,0.36
199,P,2023,5.0
199,P,2024,4.75
199,Q,2020,9.76
199,Q,2021,5.03
199,Q,2022,3.57
199,Q,2023,5.62
199,Q,2024,5.2
199,"R,S,T,U",2020,-15.58
199,"R,S,T,U",2021,4.71
199,"R,S,T,U",2022,11.9
199,"R,S,T,U",2023,9.0
199,"R,S,T,U",2024,6.8
199,TOTAL,2020,-1.84
199,TOTAL,2021,2.49
199,TOTAL,2022,5.54
199,TOTAL,2023,4.46
199,TOTAL,2024,4.34
199,TANPA_MIGAS,2020,-1.84
199,TANPA_MIGAS,2021,2.49
199,TANPA_MIGAS,2022,5.54
199,TANPA_MIGAS,2023,4.46
199,TANPA_MIGAS,2024,4.34
200,A,2020,2.51
200,A,2021,1.84
200,A,2022,-3.94
200,A,2023,3.63
200,A,2024,1.1
200,B,2020,-5.9
200,B,2021,1.3
200,B,2022,5.08
200,B,2023,4.68
200,B,2024,2.45
200,C,2020,1.39
200,C,2021,6.67
200,C,2022,11.05
200,C,2023,8.28
200,C,2024,7.49
200,D,2020,-1.07
200,D,2021,3.45
200,D,2022,7.19
200,D,2023,10.31
200,D,2024,7.94
200,E,2020,3.73
200,E,2021,7.23
200,E,2022,2.13
200,E,2023,6.32
200,E,2024,3.88
200,F,2020,-6.96
200,F,2021,1.35
200,F,2022,6.41
200,F,2023,5.0
200,F,2024,6.75
200,G,2020,-4.9
200,G,2021,4.86
200,G,2022,6.06
200,G,2023,5.35
200,G,2024,5.23
200,H,2020,-5.77
200,H,2021,11.09
200,H,2022,18.3
200,H,2023,9.73
200,H,2024,11.9
200,I,2020,-8.99
200,I,2021,2.51
200,I,2022,7.46
200,I,2023,9.3
200,I,2024,6.6
200,J,2020,7.22
200,J,2021,6.41
200,J,2022,4.34
200,J,2023,4.32
200,J,2024,5.89
200,K,2020,-1.32
200,K,2021,0.19
200,K,2022,2.28
200,K,2023,4.22
200,K,2024,4.16
200,L,2020,1.65
200,L,2021,1.98
200,L,2022,3.4
200,L,2023,4.99
200,L,2024,3.74
200,"M,N",2020,-7.15
200,"M,N",2021,2.08
200,"M,N",2022,5.62
200,"M,N",2023,8.23
200,"M,N",2024,5.6
200,O,2020,-1.76
200,O,2021,-0.63
200,O,2022,0.33
200,O,2023,0.9
200,O,2024,5.51
200,P,2020,2.73
200,P,2021,1.04
200,P,2022,0.32
200,P,2023,7.29
200,P,2024,4.39
200,Q,2020,8.43
200,Q,2021,5.84
200,Q,2022,2.54
200,Q,2023,2.35
200,Q,2024,5.71
200,"R,S,T,U",2020,-15.31
200,"R,S,T,U",2021,4.38
200,"R,S,T,U",2022,13.03
200,"R,S,T,U",2023,3.77
200,"R,S,T,U",2024,5.88
200,TOTAL,2020,-0.9
200,TOTAL,2021,3.19
200,TOTAL,2022,3.24
200,TOTAL,2023,5.14
200,TOTAL,2024,4.74
200,TANPA_MIGAS,2020,-0.9
200,TANPA_MIGAS,2021,3.19
200,TANPA_MIGAS,2022,3.24
200,TANPA_MIGAS,2023,5.14
200,TANPA_MIGAS,2024,4.74
201,A,2020,0.1
201,A,2021,-0.72
201,A,2022,-1.46
201,A,2023,2.72
201,A,2024,0.31
201,B,2020,-6.16
201,B,2021,1.36
201,B,2022,7.88
201,B,2023,2.19
201,B,2024,2.39
201,C,2020,2.44
201,C,2021,9.12
201,C,2022,6.86
201,C,2023,6.93
201,C,2024,6.68
201,D,2020,0.64
201,D,2021,2.84
201,D,2022,7.07
201,D,2023,4.75
201,D,2024,9.15
201,E,2020,4.96
201,E,2021,6.74
201,E,2022,5.71
201,E,2023,2.74
201,E,2024,1.91
201,F,2020,-7.25
201,F,2021,0.24
201,F,2022,8.02
201,F,2023,3.91
201,F,2024,7.03
201,G,2020,-9.42
201,G,2021,7.46
201,G,2022,6.85
201,G,2023,5.73
201,G,2024,4.0
201,H,2020,-5.39
201,H,2021,9.48
201,H,2022,16.93
201,H,2023,10.04
201,H,2024,12.36
201,I,2020,-8.57
201,I,2021,2.36
201,I,2022,8.98
201,I,2023,8.1
201,I,2024,5.76
201,J,2020,7.8
201,J,2021,5.66
201,J,2022,5.91
201,J,2023,6.58
201,J,2024,7.38
201,K,2020,-0.39
201,K,2021,0.93
201,K,2022,1.32
201,K,2023,2.29
201,K,2024,3.81
201,L,2020,3.45
201,L,2021,2.8
201,L,2022,4.95
201,L,2023,2.2
201,L,2024,3.97
201,"M,N",2020,-6.62
201,"M,N",2021,2.28
201,"M,N",2022,5.48
201,"M,N",2023,7.81
201,"M,N",2024,7.52
201,O,2020,-2.65
201,O,2021,0.16
201,O,2022,0.56
201,O,2023,0.88
201,O,2024,8.92
201,P,2020,2.91
201,P,2021,1.61
201,P,2022,1.19
201,P,2023,6.68
201,P,2024,5.4
201,Q,2020,8.92
201,Q,2021,5.71
201,Q,2022,2.43
201,Q,2023,4.08
201,Q,2024,6.13
201,"R,S,T,U",2020,-15.18
201,"R,S,T,U",2021,3.66
201,"R,S,T,U",2022,11.13
201,"R,S,T,U",2023,9.87
201,"R,S,T,U",2024,8.38
201,TOTAL,2020,-2.17
201,TOTAL,2021,3.65
201,TOTAL,2022,4.52
201,TOTAL,2023,4.92
201,TOTAL,2024,4.71
201,TANPA_MIGAS,2020,-2.17
201,TANPA_MIGAS,2021,3.65
201,TANPA_MIGAS,2022,4.52
201,TANPA_MIGAS,2023,4.92
201,TANPA_MIGAS,2024,4.71
202,A,2020,-0.82
202,A,2021,1.51
202,A,2022,-0.63
202,A,2023,2.33
202,A,2024,-1.95
202,B,2020,-6.42
202,B,2021,0.89
202,B,2022,4.04
202,B,2023,4.2
202,B,2024,4.38
202,C,2020,-2.0
202,C,2021,3.94
202,C,2022,8.73
202,C,2023,4.86
202,C,2024,7.11
202,D,2020,0.2
202,D,2021,1.9
202,D,2022,7.43
202,D,2023,4.42
202,D,2024,2.18
202,E,2020,4.87
202,E,2021,7.66
202,E,2022,2.3
202,E,2023,3.14
202,E,2024,-0.55
202,F,2020,-6.05
202,F,2021,1.06
202,F,2022,6.39
202,F,2023,5.54
202,F,2024,6.32
202,G,2020,-8.5
202,G,2021,6.87
202,G,2022,6.69
202,G,2023,5.63
202,G,2024,4.77
202,H,2020,-4.89
202,H,2021,8.73
202,H,2022,16.47
202,H,2023,11.58
202,H,2024,11.73
202,I,2020,-9.31
202,I,2021,2.23
202,I,2022,9.56
202,I,2023,8.61
202,I,2024,6.32
202,J,2020,6.71
202,J,2021,5.84
202,J,2022,4.74
202,J,2023,6.58
202,J,2024,6.42
202,K,2020,-0.03
202,K,2021,0.56
202,K,2022,2.06
202,K,2023,3.36
202,K,2024,1.42
202,L,2020,2.95
202,L,2021,2.16
202,L,2022,5.07
202,L,2023,3.07
202,L,2024,3.67
202,"M,N",2020,-6.33
202,"M,N",2021,1.57
202,"M,N",2022,2.17
202,"M,N",2023,8.89
202,"M,N",2024,5.19
202,O,2020,-2.88
202,O,2021,-0.77
202,O,2022,0.42
202,O,2023,0.01
202,O,2024,8.39
202,P,2020,2.63
202,P,2021,1.73
202,P,2022,-2.19
202,P,2023,5.12
202,P,2024,6.15
202,Q,2020,8.14
202,Q,2021,-3.3
202,Q,2022,2.07
202,Q,2023,3.4
202,Q,2024,6.47
202,"R,S,T,U",2020,-13.83
202,"R,S,T,U",2021,4.05
202,"R,S,T,U",2022,14.69
202,"R,S,T,U",2023,9.57
202,"R,S,T,U",2024,6.94
202,TOTAL,2020,-3.09
202,TOTAL,2021,3.53
202,TOTAL,2022,5.22
202,TOTAL,2023,4.91
202,TOTAL,2024,4.86
202,TANPA_MIGAS,2020,-3.09
202,TANPA_MIGAS,2021,3.53
202,TANPA_MIGAS,2022,5.22
202,TANPA_MIGAS,2023,4.91
202,TANPA_MIGAS,2024,4.86
203,A,2020,0.06
203,A,2021,0.01
203,A,2022,0.85
203,A,2023,1.68
203,A,2024,-0.28
203,B,2020,-4.81
203,B,2021,1.57
203,B,2022,5.31
203,B,2023,4.05
203,B,2024,4.71
203,C,2020,-5.26
203,C,2021,5.45
203,C,2022,10.75
203,C,2023,5.35
203,C,2024,6.62
203,D,2020,-1.51
203,D,2021,2.22
203,D,2022,7.43
203,D,2023,4.98
203,D,2024,1.98
203,E,2020,5.01
203,E,2021,5.83
203,E,2022,0.89
203,E,2023,2.88
203,E,2024,2.6
203,F,2020,-5.0
203,F,2021,0.84
203,F,2022,7.44
203,F,2023,3.88
203,F,2024,5.99
203,G,2020,-7.25
203,G,2021,5.83
203,G,2022,6.68
203,G,2023,6.1
203,G,2024,5.52
203,H,2020,-5.8
203,H,2021,10.1
203,H,2022,17.75
203,H,2023,9.4
203,H,2024,10.19
203,I,2020,-4.13
203,I,2021,4.77
203,I,2022,8.92
203,I,2023,6.88
203,I,2024,7.14
203,J,2020,9.28
203,J,2021,6.88
203,J,2022,6.46
203,J,2023,6.21
203,J,2024,6.36
203,K,2020,-0.48
203,K,2021,1.73
203,K,2022,3.29
203,K,2023,7.9
203,K,2024,5.02
203,L,2020,2.21
203,L,2021,4.41
203,L,2022,3.69
203,L,2023,1.99
203,L,2024,4.62
203,"M,N",2020,-7.7
203,"M,N",2021,3.2
203,"M,N",2022,5.16
203,"M,N",2023,3.61
203,"M,N",2024,7.54
203,O,2020,-0.52
203,O,2021,0.22
203,O,2022,0.26
203,O,2023,1.73
203,O,2024,7.75
203,P,2020,2.95
203,P,2021,1.74
203,P,2022,1.2
203,P,2023,5.78
203,P,2024,6.44
203,Q,2020,7.44
203,Q,2021,5.68
203,Q,2022,2.37
203,Q,2023,9.91
203,Q,2024,6.67
203,"R,S,T,U",2020,-13.86
203,"R,S,T,U",2021,4.73
203,"R,S,T,U",2022,13.2
203,"R,S,T,U",2023,10.63
203,"R,S,T,U",2024,8.05
203,TOTAL,2020,-2.29
203,TOTAL,2021,3.02
203,TOTAL,2022,5.2
203,TOTAL,2023,4.45
203,TOTAL,2024,4.44
203,TANPA_MIGAS,2020,-2.29
203,TANPA_MIGAS,2021,3.02
203,TANPA_MIGAS,2022,5.2
203,TANPA_MIGAS,2023,4.45
203,TANPA_MIGAS,2024,4.44
204,A,2020,0.42
204,A,2021,0.84
204,A,2022,0.02
204,A,2023,3.03
204,A,2024,-1.73
204,B,2020,-7.2
204,B,2021,2.37
204,B,2022,1.62
204,B,2023,5.6
204,B,2024,5.92
204,C,2020,0.25
204,C,2021,2.56
204,C,2022,6.48
204,C,2023,3.86
204,C,2024,7.85
204,D,2020,0.48
204,D,2021,4.32
204,D,2022,7.56
204,D,2023,4.84
204,D,2024,4.59
204,E,2020,4.64
204,E,2021,4.6
204,E,2022,1.93
204,E,2023,3.69
204,E,2024,7.02
204,F,2020,-6.7
204,F,2021,1.14
204,F,2022,6.8
204,F,2023,7.15
204,F,2024,7.08
204,G,2020,-8.83
204,G,2021,6.15
204,G,2022,6.07
204,G,2023,5.42
204,G,2024,4.94
204,H,2020,-4.99
204,H,2021,10.06
204,H,2022,14.81
204,H,2023,9.96
204,H,2024,13.17
204,I,2020,-9.56
204,I,2021,4.15
204,I,2022,12.4
204,I,2023,9.79
204,I,2024,9.7
204,J,2020,7.57
204,J,2021,6.87
204,J,2022,7.46
204,J,2023,5.6
204,J,2024,5.7
204,K,2020,-0.77
204,K,2021,1.35
204,K,2022,3.18
204,K,2023,2.49
204,K,2024,4.24
204,L,2020,2.68
204,L,2021,2.27
204,L,2022,3.62
204,L,2023,2.7
204,L,2024,2.13
204,"M,N",2020,-7.04
204,"M,N",2021,1.05
204,"M,N",2022,4.1
204,"M,N",2023,6.93
204,"M,N",2024,5.66
204,O,2020,-2.5
204,O,2021,-0.72
204,O,2022,0.94
204,O,2023,-0.51
204,O,2024,7.52
204,P,2020,1.76
204,P,2021,1.26
204,P,2022,2.38
204,P,2023,2.3
204,P,2024,7.0
204,Q,2020,9.06
204,Q,2021,2.1
204,Q,2022,2.79
204,Q,2023,2.09
204,Q,2024,5.51
204,"R,S,T,U",2020,-14.64
204,"R,S,T,U",2021,3.4
204,"R,S,T,U",2022,14.29
204,"R,S,T,U",2023,9.22
204,"R,S,T,U",2024,6.08
204,TOTAL,2020,-2.41
204,TOTAL,2021,3.06
204,TOTAL,2022,4.9
204,TOTAL,2023,4.53
204,TOTAL,2024,4.95
204,TANPA_MIGAS,2020,-2.41
204,TANPA_MIGAS,2021,3.06
204,TANPA_MIGAS,2022,4.9
204,TANPA_MIGAS,2023,4.53
204,TANPA_MIGAS,2024,4.96
205,A,2020,-0.76
205,A,2021,-0.83
205,A,2022,3.39
205,A,2023,2.63
205,A,2024,0.89
205,B,2020,-6.84
205,B,2021,-1.5
205,B,2022,-0.87
205,B,2023,7.18
205,B,2024,4.41
205,C,2020,0.3
205,C,2021,1.58
205,C,2022,3.44
205,C,2023,3.96
205,C,2024,4.68
205,D,2020,-1.24
205,D,2021,4.1
205,D,2022,7.79
205,D,2023,3.83
205,D,2024,4.24
205,E,2020,3.54
205,E,2021,6.47
205,E,2022,0.74
205,E,2023,3.64
205,E,2024,2.51
205,F,2020,-6.07
205,F,2021,5.19
205,F,2022,7.47
205,F,2023,6.44
205,F,2024,6.61
205,G,2020,-8.16
205,G,2021,7.35
205,G,2022,6.64
205,G,2023,5.72
205,G,2024,4.92
205,H,2020,-9.37
205,H,2021,5.98
205,H,2022,18.53
205,H,2023,13.97
205,H,2024,10.27
205,I,2020,-8.72
205,I,2021,3.31
205,I,2022,11.79
205,I,2023,8.7
205,I,2024,5.69
205,J,2020,7.59
205,J,2021,6.39
205,J,2022,7.54
205,J,2023,6.37
205,J,2024,7.25
205,K,2020,-0.36
205,K,2021,1.2
205,K,2022,5.14
205,K,2023,4.76
205,K,2024,5.88
205,L,2020,3.24
205,L,2021,3.98
205,L,2022,5.86
205,L,2023,1.87
205,L,2024,4.54
205,"M,N",2020,-7.51
205,"M,N",2021,2.17
205,"M,N",2022,3.84
205,"M,N",2023,9.15
205,"M,N",2024,5.31
205,O,2020,-1.74
205,O,2021,-0.61
205,O,2022,-2.29
205,O,2023,0.02
205,O,2024,9.92
205,P,2020,3.01
205,P,2021,1.5
205,P,2022,0.12
205,P,2023,5.67
205,P,2024,6.11
205,Q,2020,9.01
205,Q,2021,4.98
205,Q,2022,-0.12
205,Q,2023,3.39
205,Q,2024,6.83
205,"R,S,T,U",2020,-13.75
205,"R,S,T,U",2021,3.76
205,"R,S,T,U",2022,9.01
205,"R,S,T,U",2023,9.59
205,"R,S,T,U",2024,9.55
205,TOTAL,2020,-2.68
205,TOTAL,2021,3.12
205,TOTAL,2022,5.13
205,TOTAL,2023,5.0
205,TOTAL,2024,4.96
205,TANPA_MIGAS,2020,-2.68
205,TANPA_MIGAS,2021,3.12
205,TANPA_MIGAS,2022,5.13
205,TANPA_MIGAS,2023,5.0
205,TANPA_MIGAS,2024,4.96
206,A,2020,-0.26
206,A,2021,0.38
206,A,2022,-0.6
206,A,2023,2.47
206,A,2024,-0.68
206,B,2020,-6.76
206,B,2021,1.74
206,B,2022,8.99
206,B,2023,6.13
206,B,2024,6.98
206,C,2020,-3.15
206,C,2021,5.87
206,C,2022,8.26
206,C,2023,7.3
206,C,2024,7.66
206,D,2020,-1.88
206,D,2021,2.77
206,D,2022,6.7
206,D,2023,6.01
206,D,2024,5.75
206,E,2020,4.19
206,E,2021,8.76
206,E,2022,3.34
206,E,2023,2.51
206,E,2024,4.87
206,F,2020,-6.0
206,F,2021,3.01
206,F,2022,7.02
206,F,2023,6.45
206,F,2024,7.22
206,G,2020,-7.83
206,G,2021,5.27
206,G,2022,6.4
206,G,2023,6.11
206,G,2024,5.65
206,H,2020,-5.82
206,H,2021,8.07
206,H,2022,16.25
206,H,2023,10.39
206,H,2024,10.79
206,I,2020,-10.46
206,I,2021,3.54
206,I,2022,10.45
206,I,2023,6.88
206,I,2024,7.29
206,J,2020,7.58
206,J,2021,6.38
206,J,2022,4.84
206,J,2023,6.46
206,J,2024,7.0
206,K,2020,0.05
206,K,2021,0.92
206,K,2022,1.93
206,K,2023,2.19
206,K,2024,3.04
206,L,2020,1.61
206,L,2021,3.33
206,L,2022,5.06
206,L,2023,3.75
206,L,2024,3.3
206,"M,N",2020,-6.76
206,"M,N",2021,1.76
206,"M,N",2022,2.34
206,"M,N",2023,9.8
206,"M,N",2024,6.15
206,O,2020,-2.17
206,O,2021,0.19
206,O,2022,0.33
206,O,2023,0.03
206,O,2024,5.79
206,P,2020,2.86
206,P,2021,0.53
206,P,2022,-0.21
206,P,2023,1.58
206,P,2024,3.61
206,Q,2020,9.17
206,Q,2021,5.1
206,Q,2022,2.87
206,Q,2023,4.18
206,Q,2024,6.15
206,"R,S,T,U",2020,-15.94
206,"R,S,T,U",2021,4.41
206,"R,S,T,U",2022,10.53
206,"R,S,T,U",2023,5.77
206,"R,S,T,U",2024,8.24
206,TOTAL,2020,-2.79
206,TOTAL,2021,3.14
206,TOTAL,2022,4.43
206,TOTAL,2023,5.0
206,TOTAL,2024,4.52
206,TANPA_MIGAS,2020,-2.79
206,TANPA_MIGAS,2021,3.14
206,TANPA_MIGAS,2022,4.43
206,TANPA_MIGAS,2023,5.0
206,TANPA_MIGAS,2024,4.52
207,A,2020,-1.07
207,A,2021,-0.11
207,A,2022,3.15
207,A,2023,2.47
207,A,2024,2.21
207,B,2020,-6.61
207,B,2021,1.15
207,B,2022,4.34
207,B,2023,3.72
207,B,2024,3.48
207,C,2020,-6.77
207,C,2021,8.08
207,C,2022,3.19
207,C,2023,5.86
207,C,2024,5.59
207,D,2020,0.53
207,D,2021,2.3
207,D,2022,6.59
207,D,2023,4.24
207,D,2024,2.9
207,E,2020,4.07
207,E,2021,7.28
207,E,2022,0.2
207,E,2023,3.75
207,E,2024,3.1
207,F,2020,-6.74
207,F,2021,2.11
207,F,2022,6.33
207,F,2023,6.12
207,F,2024,7.17
207,G,2020,-5.67
207,G,2021,8.28
207,G,2022,6.85
207,G,2023,5.63
207,G,2024,4.91
207,H,2020,-6.05
207,H,2021,7.6
207,H,2022,16.07
207,H,2023,12.13
207,H,2024,10.41
207,I,2020,-13.26
207,I,2021,3.04
207,I,2022,11.81
207,I,2023,9.68
207,I,2024,6.49
207,J,2020,10.02
207,J,2021,7.72
207,J,2022,5.87
207,J,2023,6.02
207,J,2024,6.23
207,K,2020,-0.12
207,K,2021,1.39
207,K,2022,2.66
207,K,2023,4.47
207,K,2024,4.68
207,L,2020,2.53
207,L,2021,1.94
207,L,2022,5.07
207,L,2023,2.94
207,L,2024,4.69
207,"M,N",2020,-4.78
207,"M,N",2021,2.15
207,"M,N",2022,5.51
207,"M,N",2023,10.81
207,"M,N",2024,6.77
207,O,2020,-2.22
207,O,2021,-0.06
207,O,2022,0.92
207,O,2023,1.62
207,O,2024,7.45
207,P,2020,2.5
207,P,2021,1.49
207,P,2022,1.12
207,P,2023,5.65
207,P,2024,4.63
207,Q,2020,9.29
207,Q,2021,-1.83
207,Q,2022,3.96
207,Q,2023,7.29
207,Q,2024,5.44
207,"R,S,T,U",2020,-14.15
207,"R,S,T,U",2021,4.14
207,"R,S,T,U",2022,12.02
207,"R,S,T,U",2023,6.25
207,"R,S,T,U",2024,7.41
207,TOTAL,2020,-2.98
207,TOTAL,2021,4.0
207,TOTAL,2022,4.53
207,TOTAL,2023,4.93
207,TOTAL,2024,4.86
207,TANPA_MIGAS,2020,-2.98
207,TANPA_MIGAS,2021,4.0
207,TANPA_MIGAS,2022,4.53
207,TANPA_MIGAS,2023,4.93
207,TANPA_MIGAS,2024,4.86
208,A,2020,-2.96
208,A,2021,1.71
208,A,2022,-0.85
208,A,2023,2.62
208,A,2024,-1.48
208,B,2020,-7.06
208,B,2021,1.6
208,B,2022,6.25
208,B,2023,2.38
208,B,2024,3.38
208,C,2020,-0.38
208,C,2021,8.03
208,C,2022,5.19
208,C,2023,5.34
208,C,2024,7.05
208,D,2020,-0.3
208,D,2021,1.85
208,D,2022,6.73
208,D,2023,4.26
208,D,2024,1.71
208,E,2020,5.03
208,E,2021,5.8
208,E,2022,5.37
208,E,2023,0.72
208,E,2024,4.26
208,F,2020,-5.44
208,F,2021,4.3
208,F,2022,6.52
208,F,2023,6.12
208,F,2024,8.19
208,G,2020,-6.58
208,G,2021,7.13
208,G,2022,6.87
208,G,2023,6.56
208,G,2024,6.01
208,H,2020,-12.0
208,H,2021,-0.32
208,H,2022,17.29
208,H,2023,12.19
208,H,2024,10.64
208,I,2020,-13.85
208,I,2021,4.31
208,I,2022,14.79
208,I,2023,9.69
208,I,2024,7.43
208,J,2020,8.67
208,J,2021,7.51
208,J,2022,5.29
208,J,2023,6.91
208,J,2024,7.87
208,K,2020,-0.26
208,K,2021,1.75
208,K,2022,1.66
208,K,2023,5.39
208,K,2024,4.18
208,L,2020,1.91
208,L,2021,3.11
208,L,2022,5.39
208,L,2023,2.77
208,L,2024,4.45
208,"M,N",2020,-6.13
208,"M,N",2021,2.18
208,"M,N",2022,3.95
208,"M,N",2023,8.02
208,"M,N",2024,8.36
208,O,2020,-3.68
208,O,2021,-0.86
208,O,2022,0.98
208,O,2023,2.07
208,O,2024,8.7
208,P,2020,3.13
208,P,2021,1.7
208,P,2022,0.31
208,P,2023,4.38
208,P,2024,6.3
208,Q,2020,15.55
208,Q,2021,4.65
208,Q,2022,3.48
208,Q,2023,3.93
208,Q,2024,5.4
208,"R,S,T,U",2020,-13.2
208,"R,S,T,U",2021,5.63
208,"R,S,T,U",2022,16.15
208,"R,S,T,U",2023,8.5
208,"R,S,T,U",2024,8.52
208,TOTAL,2020,-3.58
208,TOTAL,2021,4.09
208,TOTAL,2022,4.43
208,TOTAL,2023,5.03
208,TOTAL,2024,4.68
208,TANPA_MIGAS,2020,-3.58
208,TANPA_MIGAS,2021,4.09
208,TANPA_MIGAS,2022,4.43
208,TANPA_MIGAS,2023,5.03
208,TANPA_MIGAS,2024,4.68
209,A,2020,1.35
209,A,2021,2.38
209,A,2022,-1.61
209,A,2023,2.06
209,A,2024,3.54
209,B,2020,-6.24
209,B,2021,1.79
209,B,2022,5.91
209,B,2023,2.02
209,B,2024,2.05
209,C,2020,0.33
209,C,2021,3.81
209,C,2022,6.23
209,C,2023,5.02
209,C,2024,4.48
209,D,2020,0.09
209,D,2021,2.34
209,D,2022,6.72
209,D,2023,7.1
209,D,2024,6.19
209,E,2020,3.96
209,E,2021,6.31
209,E,2022,-0.8
209,E,2023,-0.29
209,E,2024,-0.53
209,F,2020,-6.1
209,F,2021,0.38
209,F,2022,6.7
209,F,2023,6.0
209,F,2024,6.05
209,G,2020,-8.23
209,G,2021,6.43
209,G,2022,6.76
209,G,2023,6.42
209,G,2024,5.8
209,H,2020,-4.87
209,H,2021,12.37
209,H,2022,14.09
209,H,2023,9.76
209,H,2024,5.41
209,I,2020,-18.18
209,I,2021,2.15
209,I,2022,11.99
209,I,2023,10.41
209,I,2024,6.04
209,J,2020,8.35
209,J,2021,6.85
209,J,2022,3.09
209,J,2023,7.31
209,J,2024,6.69
209,K,2020,-0.47
209,K,2021,1.05
209,K,2022,1.13
209,K,2023,4.69
209,K,2024,2.77
209,L,2020,2.77
209,L,2021,1.44
209,L,2022,5.25
209,L,2023,1.78
209,L,2024,1.51
209,"M,N",2020,-7.26
209,"M,N",2021,1.65
209,"M,N",2022,4.72
209,"M,N",2023,6.77
209,"M,N",2024,6.52
209,O,2020,-2.48
209,O,2021,0.61
209,O,2022,-1.53
209,O,2023,-1.28
209,O,2024,7.55
209,P,2020,2.53
209,P,2021,2.14
209,P,2022,1.93
209,P,2023,5.96
209,P,2024,6.4
209,Q,2020,8.32
209,Q,2021,4.43
209,Q,2022,1.36
209,Q,2023,4.34
209,Q,2024,5.39
209,"R,S,T,U",2020,-14.02
209,"R,S,T,U",2021,4.18
209,"R,S,T,U",2022,10.75
209,"R,S,T,U",2023,9.59
209,"R,S,T,U",2024,7.1
209,TOTAL,2020,-1.36
209,TOTAL,2021,3.49
209,TOTAL,2022,3.51
209,TOTAL,2023,4.62
209,TOTAL,2024,4.87
209,TANPA_MIGAS,2020,-1.36
209,TANPA_MIGAS,2021,3.49
209,TANPA_MIGAS,2022,3.51
209,TANPA_MIGAS,2023,4.62
209,TANPA_MIGAS,2024,4.87
210,A,2020,-2.09
210,A,2021,1.69
210,A,2022,0.34
210,A,2023,4.03
210,A,2024,1.94
210,B,2020,-6.59
210,B,2021,1.25
210,B,2022,3.48
210,B,2023,3.48
210,B,2024,1.68
210,C,2020,3.18
210,C,2021,3.74
210,C,2022,6.53
210,C,2023,5.3
210,C,2024,6.7
210,D,2020,-0.37
210,D,2021,2.04
210,D,2022,5.55
210,D,2023,2.36
210,D,2024,1.23
210,E,2020,3.91
210,E,2021,5.13
210,E,2022,-1.38
210,E,2023,4.6
210,E,2024,1.92
210,F,2020,-7.28
210,F,2021,-0.61
210,F,2022,6.04
210,F,2023,4.54
210,F,2024,3.73
210,G,2020,-8.7
210,G,2021,6.93
210,G,2022,6.07
210,G,2023,5.59
210,G,2024,4.16
210,H,2020,-7.94
210,H,2021,6.84
210,H,2022,15.6
210,H,2023,9.87
210,H,2024,10.43
210,I,2020,-13.06
210,I,2021,4.12
210,I,2022,9.26
210,I,2023,4.28
210,I,2024,8.11
210,J,2020,7.86
210,J,2021,6.31
210,J,2022,6.44
210,J,2023,6.91
210,J,2024,7.63
210,K,2020,-0.15
210,K,2021,1.1
210,K,2022,1.86
210,K,2023,5.69
210,K,2024,5.17
210,L,2020,3.03
210,L,2021,2.11
210,L,2022,4.14
210,L,2023,4.75
210,L,2024,2.47
210,"M,N",2020,-7.49
210,"M,N",2021,1.51
210,"M,N",2022,5.55
210,"M,N",2023,6.13
210,"M,N",2024,7.1
210,O,2020,-1.84
210,O,2021,-0.08
210,O,2022,1.62
210,O,2023,-1.82
210,O,2024,8.87
210,P,2020,1.92
210,P,2021,1.28
210,P,2022,0.77
210,P,2023,4.4
210,P,2024,6.43
210,Q,2020,9.22
210,Q,2021,4.81
210,Q,2022,4.7
210,Q,2023,4.76
210,Q,2024,4.48
210,"R,S,T,U",2020,-15.55
210,"R,S,T,U",2021,4.71
210,"R,S,T,U",2022,10.71
210,"R,S,T,U",2023,4.7
210,"R,S,T,U",2024,5.84
210,TOTAL,2020,-2.33
210,TOTAL,2021,3.26
210,TOTAL,2022,4.39
210,TOTAL,2023,4.9
210,TOTAL,2024,4.81
210,TANPA_MIGAS,2020,-2.33
210,TANPA_MIGAS,2021,3.26
210,TANPA_MIGAS,2022,4.39
210,TANPA_MIGAS,2023,4.9
210,TANPA_MIGAS,2024,4.81
211,A,2020,0.02
211,A,2021,1.03
211,A,2022,2.11
211,A,2023,3.33
211,A,2024,1.58
211,B,2020,-7.51
211,B,2021,-0.02
211,B,2022,3.06
211,B,2023,8.49
211,B,2024,6.35
211,C,2020,-1.14
211,C,2021,6.44
211,C,2022,5.33
211,C,2023,5.58
211,C,2024,7.16
211,D,2020,0.72
211,D,2021,1.85
211,D,2022,5.96
211,D,2023,4.74
211,D,2024,5.83
211,E,2020,3.24
211,E,2021,0.99
211,E,2022,0.44
211,E,2023,3.01
211,E,2024,-3.8
211,F,2020,-6.11
211,F,2021,2.07
211,F,2022,7.25
211,F,2023,6.28
211,F,2024,6.38
211,G,2020,-7.46
211,G,2021,6.23
211,G,2022,6.34
211,G,2023,4.96
211,G,2024,4.11
211,H,2020,-4.9
211,H,2021,8.34
211,H,2022,15.05
211,H,2023,11.64
211,H,2024,12.31
211,I,2020,-11.39
211,I,2021,2.0
211,I,2022,12.76
211,I,2023,5.57
211,I,2024,6.23
211,J,2020,6.98
211,J,2021,4.77
211,J,2022,4.44
211,J,2023,4.41
211,J,2024,6.53
211,K,2020,-0.33
211,K,2021,0.31
211,K,2022,1.84
211,K,2023,7.44
211,K,2024,5.07
211,L,2020,1.78
211,L,2021,0.85
211,L,2022,3.78
211,L,2023,4.71
211,L,2024,3.93
211,"M,N",2020,-6.61
211,"M,N",2021,1.52
211,"M,N",2022,4.32
211,"M,N",2023,8.31
211,"M,N",2024,7.94
211,O,2020,-2.21
211,O,2021,-0.37
211,O,2022,1.05
211,O,2023,0.92
211,O,2024,7.25
211,P,2020,2.41
211,P,2021,0.88
211,P,2022,0.07
211,P,2023,6.72
211,P,2024,4.74
211,Q,2020,9.61
211,Q,2021,4.74
211,Q,2022,3.56
211,Q,2023,1.17
211,Q,2024,4.5
211,"R,S,T,U",2020,-15.52
211,"R,S,T,U",2021,3.01
211,"R,S,T,U",2022,16.51
211,"R,S,T,U",2023,1.2
211,"R,S,T,U",2024,7.77
211,TOTAL,2020,-2.12
211,TOTAL,2021,3.35
211,TOTAL,2022,4.52
211,TOTAL,2023,4.73
211,TOTAL,2024,4.82
211,TANPA_MIGAS,2020,-2.12
211,TANPA_MIGAS,2021,3.35
211,TANPA_MIGAS,2022,4.52
211,TANPA_MIGAS,2023,4.73
211,TANPA_MIGAS,2024,4.82
212,A,2020,1.08
212,A,2021,-2.47
212,A,2022,0.41
212,A,2023,1.46
212,A,2024,0.72
212,B,2020,-7.43
212,B,2021,0.61
212,B,2022,4.19
212,B,2023,3.99
212,B,2024,3.19
212,C,2020,-0.32
212,C,2021,5.27
212,C,2022,5.41
212,C,2023,4.98
212,C,2024,5.47
212,D,2020,-4.12
212,D,2021,4.51
212,D,2022,8.26
212,D,2023,28.81
212,D,2024,9.35
212,E,2020,4.22
212,E,2021,5.3
212,E,2022,1.05
212,E,2023,5.15
212,E,2024,6.72
212,F,2020,-4.95
212,F,2021,0.32
212,F,2022,4.89
212,F,2023,4.57
212,F,2024,5.15
212,G,2020,-9.35
212,G,2021,9.08
212,G,2022,6.98
212,G,2023,5.76
212,G,2024,4.51
212,H,2020,-4.58
212,H,2021,6.31
212,H,2022,14.19
212,H,2023,10.41
212,H,2024,10.12
212,I,2020,-12.6
212,I,2021,2.12
212,I,2022,10.4
212,I,2023,8.73
212,I,2024,6.99
212,J,2020,9.35
212,J,2021,6.29
212,J,2022,4.34
212,J,2023,6.97
212,J,2024,7.87
212,K,2020,0.21
212,K,2021,0.97
212,K,2022,1.17
212,K,2023,3.49
212,K,2024,4.5
212,L,2020,2.8
212,L,2021,1.25
212,L,2022,4.18
212,L,2023,3.23
212,L,2024,3.26
212,"M,N",2020,-6.59
212,"M,N",2021,1.68
212,"M,N",2022,2.61
212,"M,N",2023,6.46
212,"M,N",2024,6.15
212,O,2020,-2.36
212,O,2021,-1.04
212,O,2022,-1.83
212,O,2023,0.85
212,O,2024,7.53
212,P,2020,1.75
212,P,2021,-0.17
212,P,2022,-0.96
212,P,2023,3.1
212,P,2024,5.37
212,Q,2020,12.85
212,Q,2021,4.4
212,Q,2022,4.45
212,Q,2023,4.0
212,Q,2024,5.45
212,"R,S,T,U",2020,-14.39
212,"R,S,T,U",2021,3.26
212,"R,S,T,U",2022,11.78
212,"R,S,T,U",2023,8.94
212,"R,S,T,U",2024,9.75
212,TOTAL,2020,-2.03
212,TOTAL,2021,4.34
212,TOTAL,2022,5.32
212,TOTAL,2023,5.21
212,TOTAL,2024,5.34
212,TANPA_MIGAS,2020,-2.03
212,TANPA_MIGAS,2021,4.34
212,TANPA_MIGAS,2022,5.32
212,TANPA_MIGAS,2023,5.21
212,TANPA_MIGAS,2024,5.34
213,A,2020,2.75
213,A,2021,-0.08
213,A,2022,2.27
213,A,2023,1.67
213,A,2024,1.32
213,B,2020,-29.71
213,B,2021,-7.75
213,B,2022,-47.73
213,B,2023,-19.25
213,B,2024,-5.41
213,C,2020,0.98
213,C,2021,4.9
213,C,2022,5.57
213,C,2023,4.4
213,C,2024,5.18
213,D,2020,-4.47
213,D,2021,5.89
213,D,2022,7.84
213,D,2023,33.57
213,D,2024,8.02
213,E,2020,4.57
213,E,2021,6.3
213,E,2022,0.89
213,E,2023,3.41
213,E,2024,5.06
213,F,2020,-5.72
213,F,2021,-6.83
213,F,2022,4.54
213,F,2023,5.38
213,F,2024,6.29
213,G,2020,-8.67
213,G,2021,9.58
213,G,2022,7.51
213,G,2023,5.97
213,G,2024,4.67
213,H,2020,-33.45
213,H,2021,3.14
213,H,2022,45.32
213,H,2023,22.14
213,H,2024,7.87
213,I,2020,-7.09
213,I,2021,5.77
213,I,2022,12.35
213,I,2023,7.47
213,I,2024,7.61
213,J,2020,7.57
213,J,2021,4.9
213,J,2022,4.47
213,J,2023,6.21
213,J,2024,6.49
213,K,2020,-0.6
213,K,2021,0.66
213,K,2022,2.47
213,K,2023,4.49
213,K,2024,4.95
213,L,2020,2.79
213,L,2021,1.48
213,L,2022,5.67
213,L,2023,4.04
213,L,2024,3.91
213,"M,N",2020,-7.24
213,"M,N",2021,1.54
213,"M,N",2022,1.39
213,"M,N",2023,9.91
213,"M,N",2024,7.86
213,O,2020,-2.06
213,O,2021,2.49
213,O,2022,-3.3
213,O,2023,-0.32
213,O,2024,8.48
213,P,2020,2.94
213,P,2021,0.45
213,P,2022,0.36
213,P,2023,4.95
213,P,2024,4.68
213,Q,2020,8.3
213,Q,2021,4.53
213,Q,2022,1.35
213,Q,2023,1.79
213,Q,2024,5.54
213,"R,S,T,U",2020,-15.25
213,"R,S,T,U",2021,2.75
213,"R,S,T,U",2022,10.13
213,"R,S,T,U",2023,3.37
213,"R,S,T,U",2024,9.51
213,TOTAL,2020,-3.69
213,TOTAL,2021,4.21
213,TOTAL,2022,7.53
213,TOTAL,2023,6.16
213,TOTAL,2024,5.54
213,TANPA_MIGAS,2020,-3.66
213,TANPA_MIGAS,2021,4.22
213,TANPA_MIGAS,2022,7.57
213,TANPA_MIGAS,2023,6.17
213,TANPA_MIGAS,2024,5.54
214,A,2020,0.59
214,A,2021,1.03
214,A,2022,1.38
214,A,2023,4.36
214,A,2024,0.13
214,B,2020,-3.33
214,B,2021,3.9
214,B,2022,5.99
214,B,2023,2.86
214,B,2024,0.32
214,C,2020,0.16
214,C,2021,5.35
214,C,2022,6.58
214,C,2023,5.78
214,C,2024,5.89
214,D,2020,-1.84
214,D,2021,3.1
214,D,2022,4.85
214,D,2023,6.82
214,D,2024,4.81
214,E,2020,4.47
214,E,2021,6.38
214,E,2022,3.89
214,E,2023,3.43
214,E,2024,4.58
214,F,2020,-6.19
214,F,2021,-2.08
214,F,2022,6.01
214,F,2023,2.1
214,F,2024,3.19
214,G,2020,-6.96
214,G,2021,6.99
214,G,2022,5.2
214,G,2023,5.82
214,G,2024,4.93
214,H,2020,-4.92
214,H,2021,6.4
214,H,2022,13.17
214,H,2023,10.41
214,H,2024,12.17
214,I,2020,-13.02
214,I,2021,3.34
214,I,2022,10.51
214,I,2023,6.14
214,I,2024,4.61
214,J,2020,7.53
214,J,2021,4.47
214,J,2022,4.75
214,J,2023,4.16
214,J,2024,6.51
214,K,2020,0.27
214,K,2021,0.54
214,K,2022,1.4
214,K,2023,4.9
214,K,2024,4.64
214,L,2020,2.47
214,L,2021,0.25
214,L,2022,4.53
214,L,2023,0.69
214,L,2024,3.18
214,"M,N",2020,-6.48
214,"M,N",2021,1.94
214,"M,N",2022,4.66
214,"M,N",2023,9.3
214,"M,N",2024,7.91
214,O,2020,-2.7
214,O,2021,0.15
214,O,2022,0.42
214,O,2023,-0.07
214,O,2024,7.72
214,P,2020,1.47
214,P,2021,-0.24
214,P,2022,0.69
214,P,2023,6.3
214,P,2024,5.94
214,Q,2020,9.16
214,Q,2021,0.87
214,Q,2022,4.86
214,Q,2023,7.38
214,Q,2024,4.65
214,"R,S,T,U",2020,-13.82
214,"R,S,T,U",2021,3.06
214,"R,S,T,U",2022,15.81
214,"R,S,T,U",2023,6.81
214,"R,S,T,U",2024,8.94
214,TOTAL,2020,-1.11
214,TOTAL,2021,4.12
214,TOTAL,2022,5.82
214,TOTAL,2023,5.15
214,TOTAL,2024,5.29
214,TANPA_MIGAS,2020,-1.11
214,TANPA_MIGAS,2021,4.12
214,TANPA_MIGAS,2022,5.82
214,TANPA_MIGAS,2023,5.15
214,TANPA_MIGAS,2024,5.29
215,A,2020,-0.34
215,A,2021,-0.51
215,A,2022,0.46
215,A,2023,2.98
215,A,2024,0.86
215,B,2020,-7.17
215,B,2021,0.91
215,B,2022,6.82
215,B,2023,0.17
215,B,2024,-3.6
215,C,2020,3.54
215,C,2021,2.04
215,C,2022,8.62
215,C,2023,6.72
215,C,2024,6.65
215,D,2020,-0.72
215,D,2021,5.2
215,D,2022,5.57
215,D,2023,4.16
215,D,2024,5.71
215,E,2020,4.76
215,E,2021,2.8
215,E,2022,-0.82
215,E,2023,3.82
215,E,2024,3.18
215,F,2020,-6.16
215,F,2021,3.99
215,F,2022,6.97
215,F,2023,4.94
215,F,2024,5.85
215,G,2020,-9.31
215,G,2021,6.31
215,G,2022,6.34
215,G,2023,5.78
215,G,2024,4.55
215,H,2020,-6.6
215,H,2021,8.78
215,H,2022,15.83
215,H,2023,10.5
215,H,2024,11.19
215,I,2020,-8.55
215,I,2021,1.34
215,I,2022,8.36
215,I,2023,5.84
215,I,2024,7.67
215,J,2020,6.76
215,J,2021,5.48
215,J,2022,3.52
215,J,2023,3.17
215,J,2024,7.64
215,K,2020,0.1
215,K,2021,1.43
215,K,2022,1.69
215,K,2023,2.5
215,K,2024,4.78
215,L,2020,2.15
215,L,2021,2.58
215,L,2022,5.03
215,L,2023,4.47
215,L,2024,5.82
215,"M,N",2020,-7.18
215,"M,N",2021,1.97
215,"M,N",2022,7.09
215,"M,N",2023,1.14
215,"M,N",2024,7.0
215,O,2020,-1.86
215,O,2021,0.42
215,O,2022,0.97
215,O,2023,-0.06
215,O,2024,7.78
215,P,2020,5.31
215,P,2021,3.11
215,P,2022,2.04
215,P,2023,4.36
215,P,2024,3.61
215,Q,2020,9.24
215,Q,2021,5.97
215,Q,2022,8.62
215,Q,2023,5.68
215,Q,2024,5.51
215,"R,S,T,U",2020,-14.99
215,"R,S,T,U",2021,3.73
215,"R,S,T,U",2022,9.03
215,"R,S,T,U",2023,14.45
215,"R,S,T,U",2024,8.73
215,TOTAL,2020,-1.98
215,TOTAL,2021,3.24
215,TOTAL,2022,5.37
215,TOTAL,2023,5.04
215,TOTAL,2024,5.15
215,TANPA_MIGAS,2020,-1.98
215,TANPA_MIGAS,2021,3.24
215,TANPA_MIGAS,2022,5.37
215,TANPA_MIGAS,2023,5.04
215,TANPA_MIGAS,2024,5.15
216,A,2020,1.57
216,A,2021,1.67
216,A,2022,-0.5
216,A,2023,4.64
216,A,2024,1.57
216,B,2020,-6.51
216,B,2021,1.84
216,B,2022,5.49
216,B,2023,6.29
216,B,2024,4.5
216,C,2020,-1.43
216,C,2021,6.03
216,C,2022,11.69
216,C,2023,5.2
216,C,2024,6.67
216,D,2020,-1.24
216,D,2021,3.02
216,D,2022,7.41
216,D,2023,8.58
216,D,2024,4.86
216,E,2020,4.25
216,E,2021,6.38
216,E,2022,6.27
216,E,2023,3.64
216,E,2024,3.68
216,F,2020,-6.03
216,F,2021,2.96
216,F,2022,7.63
216,F,2023,5.85
216,F,2024,6.68
216,G,2020,-4.73
216,G,2021,5.34
216,G,2022,5.27
216,G,2023,5.77
216,G,2024,4.9
216,H,2020,-6.41
216,H,2021,9.8
216,H,2022,15.81
216,H,2023,12.16
216,H,2024,11.25
216,I,2020,-7.2
216,I,2021,4.88
216,I,2022,7.29
216,I,2023,8.85
216,I,2024,7.85
216,J,2020,7.61
216,J,2021,6.19
216,J,2022,5.47
216,J,2023,6.98
216,J,2024,7.21
216,K,2020,-0.95
216,K,2021,0.55
216,K,2022,2.96
216,K,2023,3.81
216,K,2024,4.63
216,L,2020,2.49
216,L,2021,1.93
216,L,2022,5.45
216,L,2023,3.13
216,L,2024,2.63
216,"M,N",2020,-6.64
216,"M,N",2021,2.02
216,"M,N",2022,3.3
216,"M,N",2023,8.96
216,"M,N",2024,7.32
216,O,2020,-1.86
216,O,2021,0.58
216,O,2022,1.46
216,O,2023,-0.13
216,O,2024,6.32
216,P,2020,1.36
216,P,2021,0.64
216,P,2022,0.86
216,P,2023,5.74
216,P,2024,5.04
216,Q,2020,10.08
216,Q,2021,5.65
216,Q,2022,4.48
216,Q,2023,4.64
216,Q,2024,5.66
216,"R,S,T,U",2020,-13.45
216,"R,S,T,U",2021,4.59
216,"R,S,T,U",2022,11.02
216,"R,S,T,U",2023,9.28
216,"R,S,T,U",2024,7.96
216,TOTAL,2020,-1.71
216,TOTAL,2021,3.61
216,TOTAL,2022,4.84
216,TOTAL,2023,5.4
216,TOTAL,2024,4.93
216,TANPA_MIGAS,2020,-1.71
216,TANPA_MIGAS,2021,3.61
216,TANPA_MIGAS,2022,4.84
216,TANPA_MIGAS,2023,5.4
216,TANPA_MIGAS,2024,4.93
217,A,2020,1.13
217,A,2021,1.63
217,A,2022,-4.05
217,A,2023,3.42
217,A,2024,0.14
217,B,2020,-6.35
217,B,2021,-0.03
217,B,2022,1.85
217,B,2023,6.92
217,B,2024,1.55
217,C,2020,12.85
217,C,2021,6.79
217,C,2022,13.31
217,C,2023,8.48
217,C,2024,5.01
217,D,2020,-1.49
217,D,2021,4.67
217,D,2022,6.55
217,D,2023,8.59
217,D,2024,5.88
217,E,2020,3.51
217,E,2021,7.79
217,E,2022,7.22
217,E,2023,5.15
217,E,2024,4.31
217,F,2020,-6.15
217,F,2021,0.76
217,F,2022,7.64
217,F,2023,6.36
217,F,2024,5.52
217,G,2020,-5.75
217,G,2021,5.65
217,G,2022,5.76
217,G,2023,4.84
217,G,2024,5.81
217,H,2020,-5.23
217,H,2021,9.43
217,H,2022,16.9
217,H,2023,10.58
217,H,2024,11.82
217,I,2020,-8.03
217,I,2021,5.89
217,I,2022,10.02
217,I,2023,8.76
217,I,2024,8.41
217,J,2020,7.31
217,J,2021,5.43
217,J,2022,4.71
217,J,2023,6.24
217,J,2024,4.82
217,K,2020,-1.09
217,K,2021,0.91
217,K,2022,4.64
217,K,2023,6.22
217,K,2024,5.96
217,L,2020,3.69
217,L,2021,2.74
217,L,2022,5.51
217,L,2023,6.91
217,L,2024,3.62
217,"M,N",2020,-7.38
217,"M,N",2021,1.35
217,"M,N",2022,3.72
217,"M,N",2023,3.76
217,"M,N",2024,10.37
217,O,2020,-2.2
217,O,2021,1.74
217,O,2022,-0.11
217,O,2023,0.04
217,O,2024,9.77
217,P,2020,1.5
217,P,2021,0.5
217,P,2022,3.68
217,P,2023,-0.05
217,P,2024,7.91
217,Q,2020,9.28
217,Q,2021,-5.77
217,Q,2022,3.53
217,Q,2023,4.54
217,Q,2024,4.61
217,"R,S,T,U",2020,-14.39
217,"R,S,T,U",2021,3.11
217,"R,S,T,U",2022,17.17
217,"R,S,T,U",2023,3.3
217,"R,S,T,U",2024,8.79
217,TOTAL,2020,-0.12
217,TOTAL,2021,3.32
217,TOTAL,2022,4.32
217,TOTAL,2023,5.12
217,TOTAL,2024,4.68
217,TANPA_MIGAS,2020,-0.12
217,TANPA_MIGAS,2021,3.32
217,TANPA_MIGAS,2022,4.32
217,TANPA_MIGAS,2023,5.12
217,TANPA_MIGAS,2024,4.68
218,A,2020,2.42
218,A,2021,-0.09
218,A,2022,-0.5
218,A,2023,-0.54
218,A,2024,1.41
218,B,2020,-7.11
218,B,2021,4.32
218,B,2022,0.43
218,B,2023,1.78
218,B,2024,0.13
218,C,2020,-1.92
218,C,2021,5.18
218,C,2022,9.8
218,C,2023,8.92
218,C,2024,4.5
218,D,2020,-0.43
218,D,2021,2.08
218,D,2022,7.21
218,D,2023,26.71
218,D,2024,6.89
218,E,2020,4.47
218,E,2021,4.85
218,E,2022,5.66
218,E,2023,3.6
218,E,2024,5.72
218,F,2020,-7.04
218,F,2021,4.53
218,F,2022,5.64
218,F,2023,6.05
218,F,2024,5.64
218,G,2020,-5.4
218,G,2021,5.62
218,G,2022,5.49
218,G,2023,5.62
218,G,2024,4.55
218,H,2020,-6.26
218,H,2021,10.04
218,H,2022,16.95
218,H,2023,10.77
218,H,2024,12.07
218,I,2020,-12.33
218,I,2021,2.98
218,I,2022,11.18
218,I,2023,11.65
218,I,2024,7.32
218,J,2020,7.3
218,J,2021,5.56
218,J,2022,3.97
218,J,2023,6.51
218,J,2024,7.06
218,K,2020,-1.28
218,K,2021,-0.33
218,K,2022,0.91
218,K,2023,3.15
218,K,2024,5.02
218,L,2020,3.14
218,L,2021,2.15
218,L,2022,4.82
218,L,2023,2.82
218,L,2024,2.99
218,"M,N",2020,-6.36
218,"M,N",2021,1.02
218,"M,N",2022,1.8
218,"M,N",2023,8.23
218,"M,N",2024,6.76
218,O,2020,-1.14
218,O,2021,-1.02
218,O,2022,-1.85
218,O,2023,0.09
218,O,2024,7.57
218,P,2020,2.85
218,P,2021,4.58
218,P,2022,0.19
218,P,2023,4.94
218,P,2024,7.01
218,Q,2020,8.93
218,Q,2021,5.53
218,Q,2022,3.12
218,Q,2023,3.42
218,Q,2024,5.94
218,"R,S,T,U",2020,-14.72
218,"R,S,T,U",2021,5.06
218,"R,S,T,U",2022,12.97
218,"R,S,T,U",2023,9.38
218,"R,S,T,U",2024,8.18
218,TOTAL,2020,-1.64
218,TOTAL,2021,3.04
218,TOTAL,2022,3.89
218,TOTAL,2023,4.47
218,TOTAL,2024,4.79
218,TANPA_MIGAS,2020,-1.64
218,TANPA_MIGAS,2021,3.04
218,TANPA_MIGAS,2022,3.89
218,TANPA_MIGAS,2023,4.47
218,TANPA_MIGAS,2024,4.79
219,A,2020,0.94
219,A,2021,-0.43
219,A,2022,-1.85
219,A,2023,2.05
219,A,2024,1.02
219,B,2020,-5.27
219,B,2021,1.57
219,B,2022,4.62
219,B,2023,3.78
219,B,2024,4.07
219,C,2020,-4.7
219,C,2021,5.98
219,C,2022,9.12
219,C,2023,6.69
219,C,2024,6.09
219,D,2020,-1.26
219,D,2021,4.35
219,D,2022,5.2
219,D,2023,6.26
219,D,2024,5.52
219,E,2020,4.34
219,E,2021,7.78
219,E,2022,3.53
219,E,2023,4.17
219,E,2024,4.95
219,F,2020,-6.58
219,F,2021,1.76
219,F,2022,7.17
219,F,2023,7.21
219,F,2024,6.72
219,G,2020,-4.78
219,G,2021,5.31
219,G,2022,5.66
219,G,2023,5.73
219,G,2024,5.13
219,H,2020,-5.69
219,H,2021,10.39
219,H,2022,17.97
219,H,2023,9.29
219,H,2024,11.86
219,I,2020,-8.46
219,I,2021,4.53
219,I,2022,9.23
219,I,2023,5.9
219,I,2024,8.51
219,J,2020,7.31
219,J,2021,5.68
219,J,2022,2.48
219,J,2023,4.88
219,J,2024,5.7
219,K,2020,-1.05
219,K,2021,0.33
219,K,2022,1.18
219,K,2023,1.65
219,K,2024,4.21
219,L,2020,2.85
219,L,2021,0.58
219,L,2022,3.61
219,L,2023,2.14
219,L,2024,3.33
219,"M,N",2020,-6.3
219,"M,N",2021,1.61
219,"M,N",2022,0.2
219,"M,N",2023,2.86
219,"M,N",2024,7.53
219,O,2020,-2.21
219,O,2021,0.14
219,O,2022,0.47
219,O,2023,0.71
219,O,2024,7.29
219,P,2020,1.92
219,P,2021,0.41
219,P,2022,0.86
219,P,2023,5.84
219,P,2024,4.48
219,Q,2020,9.21
219,Q,2021,6.0
219,Q,2022,2.38
219,Q,2023,3.99
219,Q,2024,5.04
219,"R,S,T,U",2020,-14.21
219,"R,S,T,U",2021,6.22
219,"R,S,T,U",2022,11.34
219,"R,S,T,U",2023,7.54
219,"R,S,T,U",2024,9.99
219,TOTAL,2020,-1.69
219,TOTAL,2021,2.55
219,TOTAL,2022,3.19
219,TOTAL,2023,4.49
219,TOTAL,2024,4.64
219,TANPA_MIGAS,2020,-1.69
219,TANPA_MIGAS,2021,2.55
219,TANPA_MIGAS,2022,3.19
219,TANPA_MIGAS,2023,4.49
219,TANPA_MIGAS,2024,4.64
220,A,2020,0.65
220,A,2021,-1.21
220,A,2022,2.79
220,A,2023,3.67
220,A,2024,0.22
220,B,2020,0.02
220,B,2021,-11.61
220,B,2022,-15.5
220,B,2023,-0.12
220,B,2024,-2.01
220,C,2020,-0.67
220,C,2021,2.86
220,C,2022,6.38
220,C,2023,5.26
220,C,2024,8.72
220,D,2020,-0.69
220,D,2021,2.34
220,D,2022,7.56
220,D,2023,11.78
220,D,2024,8.83
220,E,2020,5.43
220,E,2021,6.82
220,E,2022,0.92
220,E,2023,5.02
220,E,2024,5.51
220,F,2020,-2.45
220,F,2021,3.89
220,F,2022,7.98
220,F,2023,4.51
220,F,2024,6.1
220,G,2020,-8.26
220,G,2021,7.34
220,G,2022,7.38
220,G,2023,5.64
220,G,2024,5.12
220,H,2020,-6.34
220,H,2021,9.73
220,H,2022,19.27
220,H,2023,14.4
220,H,2024,12.48
220,I,2020,-8.27
220,I,2021,3.93
220,I,2022,13.51
220,I,2023,8.08
220,I,2024,8.72
220,J,2020,8.57
220,J,2021,7.26
220,J,2022,5.09
220,J,2023,6.55
220,J,2024,5.39
220,K,2020,-0.01
220,K,2021,1.22
220,K,2022,3.61
220,K,2023,4.28
220,K,2024,5.09
220,L,2020,2.57
220,L,2021,2.8
220,L,2022,5.9
220,L,2023,5.68
220,L,2024,3.68
220,"M,N",2020,-7.41
220,"M,N",2021,2.45
220,"M,N",2022,5.89
220,"M,N",2023,8.58
220,"M,N",2024,7.62
220,O,2020,-1.42
220,O,2021,0.3
220,O,2022,1.09
220,O,2023,0.98
220,O,2024,7.97
220,P,2020,1.98
220,P,2021,1.02
220,P,2022,1.05
220,P,2023,5.14
220,P,2024,5.18
220,Q,2020,10.12
220,Q,2021,5.2
220,Q,2022,3.86
220,Q,2023,2.3
220,Q,2024,5.59
220,"R,S,T,U",2020,-15.95
220,"R,S,T,U",2021,3.33
220,"R,S,T,U",2022,10.33
220,"R,S,T,U",2023,8.19
220,"R,S,T,U",2024,8.27
220,TOTAL,2020,-0.4
220,TOTAL,2021,-5.54
220,TOTAL,2022,-6.16
220,TOTAL,2023,2.47
220,TOTAL,2024,1.67
220,TANPA_MIGAS,2020,-1.09
220,TANPA_MIGAS,2021,3.55
220,TANPA_MIGAS,2022,6.04
220,TANPA_MIGAS,2023,5.17
220,TANPA_MIGAS,2024,5.15
221,A,2020,-1.39
221,A,2021,1.37
221,A,2022,1.89
221,A,2023,0.74
221,A,2024,2.18
221,B,2020,-4.84
221,B,2021,0.18
221,B,2022,4.41
221,B,2023,7.51
221,B,2024,3.2
221,C,2020,-11.44
221,C,2021,2.97
221,C,2022,17.71
221,C,2023,3.39
221,C,2024,1.83
221,D,2020,-0.93
221,D,2021,1.13
221,D,2022,2.55
221,D,2023,0.97
221,D,2024,9.38
221,E,2020,3.69
221,E,2021,6.29
221,E,2022,3.3
221,E,2023,4.88
221,E,2024,6.09
221,F,2020,-3.39
221,F,2021,-1.31
221,F,2022,5.44
221,F,2023,5.69
221,F,2024,6.23
221,G,2020,-9.69
221,G,2021,8.38
221,G,2022,7.4
221,G,2023,5.5
221,G,2024,4.46
221,H,2020,-5.07
221,H,2021,7.77
221,H,2022,15.53
221,H,2023,10.6
221,H,2024,11.67
221,I,2020,-9.34
221,I,2021,2.43
221,I,2022,8.58
221,I,2023,8.69
221,I,2024,5.63
221,J,2020,8.88
221,J,2021,8.16
221,J,2022,8.37
221,J,2023,8.46
221,J,2024,7.67
221,K,2020,0.03
221,K,2021,0.79
221,K,2022,0.71
221,K,2023,2.1
221,K,2024,6.06
221,L,2020,1.86
221,L,2021,3.23
221,L,2022,4.01
221,L,2023,4.54
221,L,2024,5.22
221,"M,N",2020,-6.48
221,"M,N",2021,2.18
221,"M,N",2022,2.23
221,"M,N",2023,3.33
221,"M,N",2024,9.49
221,O,2020,-1.72
221,O,2021,0.43
221,O,2022,1.13
221,O,2023,1.39
221,O,2024,7.83
221,P,2020,1.96
221,P,2021,0.41
221,P,2022,1.3
221,P,2023,4.01
221,P,2024,6.79
221,Q,2020,8.7
221,Q,2021,5.62
221,Q,2022,3.32
221,Q,2023,5.63
221,Q,2024,4.31
221,"R,S,T,U",2020,-13.99
221,"R,S,T,U",2021,5.76
221,"R,S,T,U",2022,10.24
221,"R,S,T,U",2023,10.51
221,"R,S,T,U",2024,9.2
221,TOTAL,2020,-5.85
221,TOTAL,2021,3.0
221,TOTAL,2022,8.88
221,TOTAL,2023,4.37
221,TOTAL,2024,3.86
221,TANPA_MIGAS,2020,-5.86
221,TANPA_MIGAS,2021,3.15
221,TANPA_MIGAS,2022,9.08
221,TANPA_MIGAS,2023,4.27
221,TANPA_MIGAS,2024,3.92
222,A,2020,-0.16
222,A,2021,-1.37
222,A,2022,3.94
222,A,2023,-1.37
222,A,2024,0.11
222,B,2020,-6.57
222,B,2021,8.47
222,B,2022,9.88
222,B,2023,19.43
222,B,2024,0.52
222,C,2020,-2.08
222,C,2021,7.2
222,C,2022,7.98
222,C,2023,6.71
222,C,2024,7.66
222,D,2020,-1.12
222,D,2021,4.87
222,D,2022,7.74
222,D,2023,8.34
222,D,2024,3.73
222,E,2020,4.26
222,E,2021,5.02
222,E,2022,0.94
222,E,2023,5.94
222,E,2024,9.47
222,F,2020,-7.19
222,F,2021,4.05
222,F,2022,6.8
222,F,2023,7.27
222,F,2024,8.04
222,G,2020,-9.15
222,G,2021,7.03
222,G,2022,6.91
222,G,2023,5.77
222,G,2024,5.08
222,H,2020,-6.19
222,H,2021,9.15
222,H,2022,15.82
222,H,2023,10.72
222,H,2024,12.24
222,I,2020,-8.33
222,I,2021,2.86
222,I,2022,9.74
222,I,2023,10.99
222,I,2024,9.79
222,J,2020,7.81
222,J,2021,7.68
222,J,2022,5.41
222,J,2023,7.75
222,J,2024,6.6
222,K,2020,-0.04
222,K,2021,0.31
222,K,2022,1.52
222,K,2023,4.69
222,K,2024,6.02
222,L,2020,2.98
222,L,2021,4.27
222,L,2022,6.5
222,L,2023,4.39
222,L,2024,5.85
222,"M,N",2020,-6.79
222,"M,N",2021,3.33
222,"M,N",2022,3.17
222,"M,N",2023,7.68
222,"M,N",2024,8.44
222,O,2020,-0.06
222,O,2021,0.68
222,O,2022,-0.89
222,O,2023,0.32
222,O,2024,5.77
222,P,2020,2.83
222,P,2021,1.96
222,P,2022,0.57
222,P,2023,6.25
222,P,2024,6.82
222,Q,2020,8.74
222,Q,2021,5.75
222,Q,2022,0.76
222,Q,2023,4.73
222,Q,2024,8.77
222,"R,S,T,U",2020,-14.77
222,"R,S,T,U",2021,4.35
222,"R,S,T,U",2022,13.7
222,"R,S,T,U",2023,10.65
222,"R,S,T,U",2024,9.32
222,TOTAL,2020,-2.65
222,TOTAL,2021,3.43
222,TOTAL,2022,5.56
222,TOTAL,2023,4.28
222,TOTAL,2024,4.81
222,TANPA_MIGAS,2020,-2.65
222,TANPA_MIGAS,2021,3.43
222,TANPA_MIGAS,2022,5.56
222,TANPA_MIGAS,2023,4.28
222,TANPA_MIGAS,2024,4.81
223,A,2020,-0.82
223,A,2021,-3.01
223,A,2022,3.17
223,A,2023,3.2
223,A,2024,1.63
223,B,2020,-12.82
223,B,2021,1.44
223,B,2022,7.81
223,B,2023,-0.98
223,B,2024,-5.49
223,C,2020,-1.32
223,C,2021,4.41
223,C,2022,8.74
223,C,2023,4.74
223,C,2024,6.32
223,D,2020,-0.09
223,D,2021,2.37
223,D,2022,6.12
223,D,2023,3.58
223,D,2024,6.12
223,E,2020,3.67
223,E,2021,10.22
223,E,2022,3.51
223,E,2023,4.73
223,E,2024,4.86
223,F,2020,-6.66
223,F,2021,1.99
223,F,2022,5.43
223,F,2023,5.51
223,F,2024,4.42
223,G,2020,-10.13
223,G,2021,7.24
223,G,2022,7.31
223,G,2023,5.76
223,G,2024,4.58
223,H,2020,-5.46
223,H,2021,3.39
223,H,2022,13.96
223,H,2023,11.98
223,H,2024,8.71
223,I,2020,-9.59
223,I,2021,4.33
223,I,2022,8.93
223,I,2023,6.88
223,I,2024,6.83
223,J,2020,8.28
223,J,2021,6.97
223,J,2022,3.97
223,J,2023,6.8
223,J,2024,6.95
223,K,2020,-0.78
223,K,2021,0.34
223,K,2022,2.13
223,K,2023,4.25
223,K,2024,5.54
223,L,2020,1.54
223,L,2021,4.45
223,L,2022,5.68
223,L,2023,3.77
223,L,2024,3.61
223,"M,N",2020,1.94
223,"M,N",2021,2.28
223,"M,N",2022,5.05
223,"M,N",2023,7.63
223,"M,N",2024,7.91
223,O,2020,-0.4
223,O,2021,0.76
223,O,2022,0.36
223,O,2023,1.09
223,O,2024,8.88
223,P,2020,2.8
223,P,2021,2.24
223,P,2022,0.25
223,P,2023,6.69
223,P,2024,4.83
223,Q,2020,8.98
223,Q,2021,4.68
223,Q,2022,-2.15
223,Q,2023,3.78
223,Q,2024,6.48
223,"R,S,T,U",2020,-14.98
223,"R,S,T,U",2021,5.53
223,"R,S,T,U",2022,19.0
223,"R,S,T,U",2023,4.78
223,"R,S,T,U",2024,7.39
223,TOTAL,2020,-3.68
223,TOTAL,2021,3.79
223,TOTAL,2022,7.38
223,TOTAL,2023,4.62
223,TOTAL,2024,4.79
223,TANPA_MIGAS,2020,-2.76
223,TANPA_MIGAS,2021,4.04
223,TANPA_MIGAS,2022,7.27
223,TANPA_MIGAS,2023,5.17
223,TANPA_MIGAS,2024,5.72
224,A,2020,1.41
224,A,2021,-2.05
224,A,2022,2.68
224,A,2023,-4.01
224,A,2024,-10.41
224,B,2020,-13.07
224,B,2021,-14.62
224,B,2022,-22.18
224,B,2023,-6.44
224,B,2024,-1.31
224,C,2020,-9.69
224,C,2021,2.66
224,C,2022,9.86
224,C,2023,7.09
224,C,2024,9.15
224,D,2020,-0.04
224,D,2021,2.18
224,D,2022,6.32
224,D,2023,10.67
224,D,2024,7.52
224,E,2020,3.53
224,E,2021,7.25
224,E,2022,5.61
224,E,2023,6.22
224,E,2024,8.98
224,F,2020,-6.89
224,F,2021,2.07
224,F,2022,6.89
224,F,2023,5.51
224,F,2024,8.22
224,G,2020,-7.93
224,G,2021,8.01
224,G,2022,6.97
224,G,2023,5.95
224,G,2024,5.28
224,H,2020,-9.27
224,H,2021,4.81
224,H,2022,19.55
224,H,2023,11.36
224,H,2024,11.48
224,I,2020,-7.63
224,I,2021,3.51
224,I,2022,7.41
224,I,2023,10.02
224,I,2024,9.16
224,J,2020,8.31
224,J,2021,6.22
224,J,2022,4.07
224,J,2023,7.77
224,J,2024,7.87
224,K,2020,-0.48
224,K,2021,1.19
224,K,2022,2.64
224,K,2023,3.91
224,K,2024,5.18
224,L,2020,2.54
224,L,2021,2.28
224,L,2022,5.42
224,L,2023,2.93
224,L,2024,8.57
224,"M,N",2020,-6.46
224,"M,N",2021,1.59
224,"M,N",2022,0.08
224,"M,N",2023,3.06
224,"M,N",2024,7.9
224,O,2020,-2.36
224,O,2021,-0.28
224,O,2022,2.5
224,O,2023,-2.73
224,O,2024,6.54
224,P,2020,1.9
224,P,2021,0.55
224,P,2022,0.67
224,P,2023,6.0
224,P,2024,5.43
224,Q,2020,9.27
224,Q,2021,6.04
224,Q,2022,2.67
224,Q,2023,3.9
224,Q,2024,4.36
224,"R,S,T,U",2020,-15.61
224,"R,S,T,U",2021,3.54
224,"R,S,T,U",2022,11.33
224,"R,S,T,U",2023,4.49
224,"R,S,T,U",2024,7.63
224,TOTAL,2020,-5.59
224,TOTAL,2021,-2.07
224,TOTAL,2022,-1.12
224,TOTAL,2023,1.2
224,TOTAL,2024,1.94
224,TANPA_MIGAS,2020,-2.73
224,TANPA_MIGAS,2021,2.34
224,TANPA_MIGAS,2022,5.04
224,TANPA_MIGAS,2023,2.88
224,TANPA_MIGAS,2024,2.64
225,A,2020,4.03
225,A,2021,-1.12
225,A,2022,3.96
225,A,2023,-1.51
225,A,2024,-5.43
225,B,2020,-2.67
225,B,2021,-5.17
225,B,2022,-8.42
225,B,2023,-3.25
225,B,2024,-4.76
225,C,2020,-1.75
225,C,2021,0.85
225,C,2022,8.58
225,C,2023,6.61
225,C,2024,7.54
225,D,2020,-1.37
225,D,2021,2.98
225,D,2022,5.61
225,D,2023,2.86
225,D,2024,10.19
225,E,2020,4.59
225,E,2021,5.38
225,E,2022,6.65
225,E,2023,2.45
225,E,2024,3.9
225,F,2020,-3.83
225,F,2021,2.13
225,F,2022,6.26
225,F,2023,9.24
225,F,2024,9.65
225,G,2020,-5.53
225,G,2021,3.42
225,G,2022,5.57
225,G,2023,6.04
225,G,2024,5.77
225,H,2020,-6.17
225,H,2021,6.55
225,H,2022,14.62
225,H,2023,12.08
225,H,2024,12.23
225,I,2020,-7.6
225,I,2021,2.84
225,I,2022,9.8
225,I,2023,7.88
225,I,2024,4.35
225,J,2020,12.18
225,J,2021,6.09
225,J,2022,3.22
225,J,2023,6.94
225,J,2024,5.65
225,K,2020,-0.17
225,K,2021,1.93
225,K,2022,2.39
225,K,2023,2.54
225,K,2024,2.92
225,L,2020,2.64
225,L,2021,3.69
225,L,2022,3.58
225,L,2023,3.86
225,L,2024,4.89
225,"M,N",2020,-7.75
225,"M,N",2021,0.5
225,"M,N",2022,1.21
225,"M,N",2023,13.72
225,"M,N",2024,8.93
225,O,2020,-2.59
225,O,2021,0.02
225,O,2022,1.7
225,O,2023,1.1
225,O,2024,8.78
225,P,2020,3.59
225,P,2021,1.97
225,P,2022,0.81
225,P,2023,5.54
225,P,2024,6.35
225,Q,2020,9.08
225,Q,2021,5.93
225,Q,2022,3.46
225,Q,2023,3.04
225,Q,2024,4.43
225,"R,S,T,U",2020,-10.53
225,"R,S,T,U",2021,3.31
225,"R,S,T,U",2022,11.58
225,"R,S,T,U",2023,10.26
225,"R,S,T,U",2024,6.64
225,TOTAL,2020,-0.29
225,TOTAL,2021,0.22
225,TOTAL,2022,2.31
225,TOTAL,2023,2.56
225,TOTAL,2024,1.71
225,TANPA_MIGAS,2020,-0.11
225,TANPA_MIGAS,2021,1.52
225,TANPA_MIGAS,2022,5.27
225,TANPA_MIGAS,2023,4.53
225,TANPA_MIGAS,2024,3.23
226,A,2020,0.72
226,A,2021,1.5
226,A,2022,3.21
226,A,2023,2.68
226,A,2024,0.92
226,B,2020,-6.4
226,B,2021,-0.61
226,B,2022,3.48
226,B,2023,16.06
226,B,2024,6.46
226,C,2020,-3.47
226,C,2021,4.74
226,C,2022,7.53
226,C,2023,6.95
226,C,2024,6.32
226,D,2020,-1.66
226,D,2021,3.64
226,D,2022,6.18
226,D,2023,6.88
226,D,2024,7.03
226,E,2020,4.08
226,E,2021,5.97
226,E,2022,4.83
226,E,2023,6.05
226,E,2024,4.2
226,F,2020,-7.15
226,F,2021,2.68
226,F,2022,4.78
226,F,2023,8.04
226,F,2024,8.95
226,G,2020,-7.98
226,G,2021,6.76
226,G,2022,6.34
226,G,2023,5.62
226,G,2024,5.88
226,H,2020,-6.74
226,H,2021,8.17
226,H,2022,15.47
226,H,2023,11.02
226,H,2024,13.32
226,I,2020,-8.9
226,I,2021,2.51
226,I,2022,9.9
226,I,2023,7.58
226,I,2024,6.06
226,J,2020,7.23
226,J,2021,6.74
226,J,2022,4.55
226,J,2023,5.02
226,J,2024,4.09
226,K,2020,-0.22
226,K,2021,1.36
226,K,2022,2.23
226,K,2023,5.67
226,K,2024,4.25
226,L,2020,1.01
226,L,2021,0.65
226,L,2022,5.01
226,L,2023,3.3
226,L,2024,4.73
226,"M,N",2020,-6.13
226,"M,N",2021,2.13
226,"M,N",2022,-0.2
226,"M,N",2023,10.79
226,"M,N",2024,5.13
226,O,2020,-1.19
226,O,2021,0.19
226,O,2022,1.98
226,O,2023,0.19
226,O,2024,6.07
226,P,2020,2.41
226,P,2021,1.24
226,P,2022,1.18
226,P,2023,2.02
226,P,2024,6.1
226,Q,2020,8.39
226,Q,2021,4.99
226,Q,2022,2.75
226,Q,2023,3.5
226,Q,2024,5.98
226,"R,S,T,U",2020,-15.0
226,"R,S,T,U",2021,3.98
226,"R,S,T,U",2022,10.75
226,"R,S,T,U",2023,1.79
226,"R,S,T,U",2024,7.38
226,TOTAL,2020,-2.54
226,TOTAL,2021,3.41
226,TOTAL,2022,4.66
226,TOTAL,2023,4.96
226,TOTAL,2024,4.88
226,TANPA_MIGAS,2020,-2.54
226,TANPA_MIGAS,2021,3.41
226,TANPA_MIGAS,2022,4.66
226,TANPA_MIGAS,2023,4.96
226,TANPA_MIGAS,2024,4.88
227,A,2020,0.78
227,A,2021,2.07
227,A,2022,3.67
227,A,2023,2.87
227,A,2024,0.24
227,B,2020,-0.6
227,B,2021,-1.95
227,B,2022,-4.29
227,B,2023,7.16
227,B,2024,0.43
227,C,2020,-1.49
227,C,2021,5.55
227,C,2022,7.89
227,C,2023,6.42
227,C,2024,8.26
227,D,2020,-2.43
227,D,2021,3.67
227,D,2022,6.73
227,D,2023,7.1
227,D,2024,7.1
227,E,2020,3.95
227,E,2021,5.53
227,E,2022,5.13
227,E,2023,2.72
227,E,2024,3.85
227,F,2020,-6.49
227,F,2021,3.53
227,F,2022,7.61
227,F,2023,9.97
227,F,2024,12.11
227,G,2020,-7.56
227,G,2021,7.24
227,G,2022,5.77
227,G,2023,5.57
227,G,2024,5.95
227,H,2020,-8.82
227,H,2021,7.24
227,H,2022,18.92
227,H,2023,10.3
227,H,2024,9.67
227,I,2020,-11.1
227,I,2021,2.88
227,I,2022,10.89
227,I,2023,11.47
227,I,2024,8.42
227,J,2020,9.07
227,J,2021,6.8
227,J,2022,4.32
227,J,2023,6.2
227,J,2024,7.58
227,K,2020,-0.04
227,K,2021,1.13
227,K,2022,3.5
227,K,2023,4.14
227,K,2024,4.46
227,L,2020,2.59
227,L,2021,2.1
227,L,2022,5.62
227,L,2023,3.71
227,L,2024,3.89
227,"M,N",2020,-6.94
227,"M,N",2021,4.49
227,"M,N",2022,2.23
227,"M,N",2023,5.3
227,"M,N",2024,3.54
227,O,2020,-1.94
227,O,2021,2.13
227,O,2022,1.13
227,O,2023,0.65
227,O,2024,6.23
227,P,2020,1.95
227,P,2021,3.34
227,P,2022,2.89
227,P,2023,5.62
227,P,2024,5.53
227,Q,2020,9.82
227,Q,2021,6.78
227,Q,2022,6.84
227,Q,2023,3.56
227,Q,2024,3.37
227,"R,S,T,U",2020,-15.53
227,"R,S,T,U",2021,5.87
227,"R,S,T,U",2022,15.12
227,"R,S,T,U",2023,10.83
227,"R,S,T,U",2024,8.54
227,TOTAL,2020,-1.13
227,TOTAL,2021,2.61
227,TOTAL,2022,3.11
227,TOTAL,2023,5.35
227,TOTAL,2024,3.77
227,TANPA_MIGAS,2020,-1.46
227,TANPA_MIGAS,2021,3.6
227,TANPA_MIGAS,2022,5.02
227,TANPA_MIGAS,2023,4.81
227,TANPA_MIGAS,2024,4.64
228,A,2020,2.9
228,A,2021,0.09
228,A,2022,-0.31
228,A,2023,0.45
228,A,2024,0.65
228,B,2020,-7.63
228,B,2021,-1.06
228,B,2022,1.6
228,B,2023,1.78
228,B,2024,-5.24
228,C,2020,-6.37
228,C,2021,1.51
228,C,2022,2.94
228,C,2023,0.62
228,C,2024,2.94
228,D,2020,-0.05
228,D,2021,1.59
228,D,2022,8.43
228,D,2023,4.17
228,D,2024,2.48
228,E,2020,4.58
228,E,2021,6.07
228,E,2022,6.91
228,E,2023,5.26
228,E,2024,4.8
228,F,2020,-6.95
228,F,2021,3.67
228,F,2022,7.79
228,F,2023,8.77
228,F,2024,2.6
228,G,2020,-12.45
228,G,2021,9.81
228,G,2022,8.61
228,G,2023,6.02
228,G,2024,4.26
228,H,2020,-0.68
228,H,2021,6.21
228,H,2022,18.15
228,H,2023,9.66
228,H,2024,10.43
228,I,2020,-10.27
228,I,2021,3.3
228,I,2022,13.37
228,I,2023,9.97
228,I,2024,8.15
228,J,2020,17.82
228,J,2021,5.75
228,J,2022,5.33
228,J,2023,9.17
228,J,2024,6.5
228,K,2020,0.44
228,K,2021,1.87
228,K,2022,3.53
228,K,2023,2.13
228,K,2024,5.09
228,L,2020,2.0
228,L,2021,0.3
228,L,2022,5.1
228,L,2023,0.92
228,L,2024,2.52
228,"M,N",2020,-7.04
228,"M,N",2021,0.39
228,"M,N",2022,3.99
228,"M,N",2023,6.25
228,"M,N",2024,6.25
228,O,2020,-2.29
228,O,2021,0.39
228,O,2022,1.72
228,O,2023,4.03
228,O,2024,2.9
228,P,2020,3.16
228,P,2021,-1.31
228,P,2022,1.18
228,P,2023,2.86
228,P,2024,8.13
228,Q,2020,9.94
228,Q,2021,5.53
228,Q,2022,2.07
228,Q,2023,1.52
228,Q,2024,3.23
228,"R,S,T,U",2020,-14.33
228,"R,S,T,U",2021,1.41
228,"R,S,T,U",2022,15.64
228,"R,S,T,U",2023,6.38
228,"R,S,T,U",2024,8.58
228,TOTAL,2020,-6.25
228,TOTAL,2021,2.5
228,TOTAL,2022,3.96
228,TOTAL,2023,1.92
228,TOTAL,2024,3.43
228,TANPA_MIGAS,2020,-6.25
228,TANPA_MIGAS,2021,2.5
228,TANPA_MIGAS,2022,3.96
228,TANPA_MIGAS,2023,1.92
228,TANPA_MIGAS,2024,3.43
229,A,2020,0.17
229,A,2021,1.8
229,A,2022,-6.97
229,A,2023,1.54
229,A,2024,-7.19
229,B,2020,-5.92
229,B,2021,-3.38
229,B,2022,-9.73
229,B,2023,0.73
229,B,2024,-20.4
229,C,2020,-2.91
229,C,2021,4.28
229,C,2022,6.63
229,C,2023,2.57
229,C,2024,5.11
229,D,2020,-0.18
229,D,2021,2.3
229,D,2022,7.47
229,D,2023,5.36
229,D,2024,2.75
229,E,2020,4.9
229,E,2021,5.38
229,E,2022,4.9
229,E,2023,5.39
229,E,2024,3.6
229,F,2020,-6.3
229,F,2021,1.18
229,F,2022,7.46
229,F,2023,6.5
229,F,2024,5.96
229,G,2020,-6.71
229,G,2021,6.89
229,G,2022,6.87
229,G,2023,4.69
229,G,2024,5.08
229,H,2020,-5.45
229,H,2021,5.61
229,H,2022,13.24
229,H,2023,9.94
229,H,2024,6.53
229,I,2020,-9.29
229,I,2021,6.3
229,I,2022,9.08
229,I,2023,8.2
229,I,2024,6.51
229,J,2020,7.06
229,J,2021,5.93
229,J,2022,2.39
229,J,2023,6.45
229,J,2024,5.11
229,K,2020,0.36
229,K,2021,0.59
229,K,2022,3.79
229,K,2023,3.12
229,K,2024,4.9
229,L,2020,2.21
229,L,2021,4.34
229,L,2022,3.88
229,L,2023,3.35
229,L,2024,3.77
229,"M,N",2020,-6.95
229,"M,N",2021,1.7
229,"M,N",2022,4.68
229,"M,N",2023,5.97
229,"M,N",2024,6.18
229,O,2020,-1.04
229,O,2021,0.28
229,O,2022,2.47
229,O,2023,0.75
229,O,2024,6.79
229,P,2020,3.67
229,P,2021,1.13
229,P,2022,0.88
229,P,2023,6.39
229,P,2024,6.42
229,Q,2020,9.85
229,Q,2021,6.34
229,Q,2022,0.56
229,Q,2023,6.17
229,Q,2024,2.4
229,"R,S,T,U",2020,-11.31
229,"R,S,T,U",2021,6.24
229,"R,S,T,U",2022,11.25
229,"R,S,T,U",2023,12.46
229,"R,S,T,U",2024,9.84
229,TOTAL,2020,-2.28
229,TOTAL,2021,4.28
229,TOTAL,2022,5.22
229,TOTAL,2023,5.29
229,TOTAL,2024,5.33
229,TANPA_MIGAS,2020,-2.28
229,TANPA_MIGAS,2021,4.28
229,TANPA_MIGAS,2022,5.22
229,TANPA_MIGAS,2023,5.29
229,TANPA_MIGAS,2024,5.33
230,A,2020,-0.46
230,A,2021,1.5
230,A,2022,0.97
230,A,2023,0.77
230,A,2024,-6.61
230,B,2020,-3.97
230,B,2021,-2.61
230,B,2022,2.84
230,B,2023,5.32
230,B,2024,-11.05
230,C,2020,-0.48
230,C,2021,3.05
230,C,2022,6.74
230,C,2023,6.07
230,C,2024,5.13
230,D,2020,1.82
230,D,2021,3.76
230,D,2022,7.28
230,D,2023,10.64
230,D,2024,2.43
230,E,2020,2.08
230,E,2021,3.6
230,E,2022,0.69
230,E,2023,3.94
230,E,2024,-3.15
230,F,2020,-0.63
230,F,2021,1.07
230,F,2022,6.96
230,F,2023,6.44
230,F,2024,5.12
230,G,2020,-6.3
230,G,2021,8.21
230,G,2022,6.78
230,G,2023,5.61
230,G,2024,4.69
230,H,2020,-13.11
230,H,2021,8.01
230,H,2022,16.65
230,H,2023,10.76
230,H,2024,12.63
230,I,2020,-10.99
230,I,2021,1.87
230,I,2022,11.7
230,I,2023,8.8
230,I,2024,7.71
230,J,2020,12.05
230,J,2021,5.34
230,J,2022,4.42
230,J,2023,8.14
230,J,2024,5.97
230,K,2020,1.71
230,K,2021,0.44
230,K,2022,2.65
230,K,2023,4.09
230,K,2024,6.74
230,L,2020,1.65
230,L,2021,2.49
230,L,2022,3.12
230,L,2023,2.77
230,L,2024,3.8
230,"M,N",2020,0.94
230,"M,N",2021,1.88
230,"M,N",2022,4.12
230,"M,N",2023,8.32
230,"M,N",2024,7.39
230,O,2020,-0.98
230,O,2021,-0.83
230,O,2022,0.56
230,O,2023,1.15
230,O,2024,4.13
230,P,2020,3.09
230,P,2021,0.3
230,P,2022,0.46
230,P,2023,4.73
230,P,2024,5.08
230,Q,2020,9.36
230,Q,2021,5.45
230,Q,2022,1.6
230,Q,2023,4.57
230,Q,2024,4.17
230,"R,S,T,U",2020,-13.65
230,"R,S,T,U",2021,2.79
230,"R,S,T,U",2022,13.39
230,"R,S,T,U",2023,7.19
230,"R,S,T,U",2024,8.67
230,TOTAL,2020,-2.26
230,TOTAL,2021,4.21
230,TOTAL,2022,6.32
230,TOTAL,2023,6.07
230,TOTAL,2024,5.41
230,TANPA_MIGAS,2020,-2.26
230,TANPA_MIGAS,2021,4.21
230,TANPA_MIGAS,2022,6.32
230,TANPA_MIGAS,2023,6.07
230,TANPA_MIGAS,2024,5.41
231,A,2020,-0.99
231,A,2021,-4.59
231,A,2022,7.86
231,A,2023,6.52
231,A,2024,-3.87
231,B,2020,
231,B,2021,
231,B,2022,
231,B,2023,
231,B,2024,
231,C,2020,-4.7
231,C,2021,3.45
231,C,2022,6.03
231,C,2023,6.72
231,C,2024,3.92
231,D,2020,-1.28
231,D,2021,2.89
231,D,2022,7.84
231,D,2023,5.68
231,D,2024,1.41
231,E,2020,4.23
231,E,2021,5.32
231,E,2022,2.59
231,E,2023,1.42
231,E,2024,4.63
231,F,2020,-6.45
231,F,2021,0.99
231,F,2022,5.13
231,F,2023,6.64
231,F,2024,6.78
231,G,2020,-5.74
231,G,2021,6.1
231,G,2022,6.08
231,G,2023,5.43
231,G,2024,4.82
231,H,2020,-5.48
231,H,2021,8.85
231,H,2022,13.3
231,H,2023,8.03
231,H,2024,8.27
231,I,2020,-8.43
231,I,2021,2.18
231,I,2022,7.16
231,I,2023,6.39
231,I,2024,7.64
231,J,2020,7.34
231,J,2021,5.93
231,J,2022,3.41
231,J,2023,6.09
231,J,2024,5.53
231,K,2020,-0.15
231,K,2021,1.09
231,K,2022,0.68
231,K,2023,4.93
231,K,2024,3.47
231,L,2020,2.85
231,L,2021,2.31
231,L,2022,4.54
231,L,2023,4.68
231,L,2024,2.51
231,"M,N",2020,-6.59
231,"M,N",2021,2.25
231,"M,N",2022,-0.73
231,"M,N",2023,16.02
231,"M,N",2024,7.42
231,O,2020,-3.7
231,O,2021,0.23
231,O,2022,-0.31
231,O,2023,0.38
231,O,2024,9.66
231,P,2020,3.61
231,P,2021,1.94
231,P,2022,0.16
231,P,2023,4.91
231,P,2024,4.13
231,Q,2020,9.08
231,Q,2021,7.59
231,Q,2022,0.31
231,Q,2023,5.79
231,Q,2024,5.9
231,"R,S,T,U",2020,-15.09
231,"R,S,T,U",2021,4.51
231,"R,S,T,U",2022,11.05
231,"R,S,T,U",2023,6.12
231,"R,S,T,U",2024,7.27
231,TOTAL,2020,-3.64
231,TOTAL,2021,4.06
231,TOTAL,2022,6.12
231,TOTAL,2023,6.04
231,TOTAL,2024,5.15
231,TANPA_MIGAS,2020,-3.64
231,TANPA_MIGAS,2021,4.06
231,TANPA_MIGAS,2022,6.12
231,TANPA_MIGAS,2023,6.04
231,TANPA_MIGAS,2024,5.15
232,A,2020,11.05
232,A,2021,-3.18
232,A,2022,3.95
232,A,2023,2.4
232,A,2024,2.91
232,B,2020,-6.38
232,B,2021,-3.55
232,B,2022,-99.85
232,B,2023,-72.83
232,B,2024,-0.24
232,C,2020,-7.68
232,C,2021,2.77
232,C,2022,8.22
232,C,2023,5.78
232,C,2024,3.52
232,D,2020,0.01
232,D,2021,2.3
232,D,2022,7.47
232,D,2023,2.32
232,D,2024,7.05
232,E,2020,4.78
232,E,2021,2.76
232,E,2022,-2.09
232,E,2023,6.53
232,E,2024,8.31
232,F,2020,-7.14
232,F,2021,0.45
232,F,2022,4.11
232,F,2023,4.03
232,F,2024,4.41
232,G,2020,-7.31
232,G,2021,6.17
232,G,2022,7.84
232,G,2023,5.74
232,G,2024,5.09
232,H,2020,-6.37
232,H,2021,8.15
232,H,2022,18.57
232,H,2023,10.33
232,H,2024,11.09
232,I,2020,-10.32
232,I,2021,2.87
232,I,2022,7.82
232,I,2023,7.6
232,I,2024,7.28
232,J,2020,7.75
232,J,2021,5.93
232,J,2022,1.13
232,J,2023,8.64
232,J,2024,4.03
232,K,2020,-0.21
232,K,2021,0.7
232,K,2022,2.77
232,K,2023,3.75
232,K,2024,3.65
232,L,2020,1.71
232,L,2021,0.97
232,L,2022,3.16
232,L,2023,2.76
232,L,2024,4.65
232,"M,N",2020,-6.07
232,"M,N",2021,2.11
232,"M,N",2022,-0.16
232,"M,N",2023,8.09
232,"M,N",2024,10.38
232,O,2020,-2.84
232,O,2021,-0.31
232,O,2022,0.28
232,O,2023,0.21
232,O,2024,7.76
232,P,2020,3.25
232,P,2021,0.36
232,P,2022,0.75
232,P,2023,4.2
232,P,2024,6.16
232,Q,2020,8.69
232,Q,2021,2.61
232,Q,2022,0.72
232,Q,2023,-2.13
232,Q,2024,8.18
232,"R,S,T,U",2020,-14.82
232,"R,S,T,U",2021,3.25
232,"R,S,T,U",2022,7.71
232,"R,S,T,U",2023,2.88
232,"R,S,T,U",2024,13.89
232,TOTAL,2020,-4.33
232,TOTAL,2021,3.64
232,TOTAL,2022,6.22
232,TOTAL,2023,5.65
232,TOTAL,2024,5.45
232,TANPA_MIGAS,2020,-4.33
232,TANPA_MIGAS,2021,3.64
232,TANPA_MIGAS,2022,6.22
232,TANPA_MIGAS,2023,5.65
232,TANPA_MIGAS,2024,5.45
233,A,2020,8.16
233,A,2021,-2.41
233,A,2022,-3.09
233,A,2023,-7.06
233,A,2024,-2.29
233,B,2020,
233,B,2021,
233,B,2022,
233,B,2023,
233,B,2024,
233,C,2020,-3.55
233,C,2021,2.98
233,C,2022,6.06
233,C,2023,-13.91
233,C,2024,3.44
233,D,2020,-0.33
233,D,2021,2.56
233,D,2022,5.79
233,D,2023,5.24
233,D,2024,4.95
233,E,2020,4.39
233,E,2021,6.17
233,E,2022,1.61
233,E,2023,3.43
233,E,2024,1.22
233,F,2020,-6.26
233,F,2021,0.86
233,F,2022,6.86
233,F,2023,0.43
233,F,2024,4.24
233,G,2020,-9.2
233,G,2021,6.54
233,G,2022,6.42
233,G,2023,5.53
233,G,2024,3.54
233,H,2020,-6.43
233,H,2021,5.91
233,H,2022,15.19
233,H,2023,10.71
233,H,2024,9.74
233,I,2020,-8.16
233,I,2021,1.45
233,I,2022,7.75
233,I,2023,8.99
233,I,2024,5.51
233,J,2020,7.87
233,J,2021,5.6
233,J,2022,4.46
233,J,2023,6.0
233,J,2024,7.92
233,K,2020,0.02
233,K,2021,0.51
233,K,2022,0.63
233,K,2023,2.75
233,K,2024,6.8
233,L,2020,3.27
233,L,2021,0.25
233,L,2022,3.7
233,L,2023,3.0
233,L,2024,5.55
233,"M,N",2020,-7.24
233,"M,N",2021,0.87
233,"M,N",2022,1.54
233,"M,N",2023,7.54
233,"M,N",2024,5.84
233,O,2020,-2.42
233,O,2021,-0.2
233,O,2022,0.41
233,O,2023,0.67
233,O,2024,5.17
233,P,2020,2.88
233,P,2021,0.31
233,P,2022,1.57
233,P,2023,3.57
233,P,2024,5.85
233,Q,2020,8.06
233,Q,2021,3.94
233,Q,2022,0.7
233,Q,2023,5.45
233,Q,2024,6.33
233,"R,S,T,U",2020,-14.5
233,"R,S,T,U",2021,3.71
233,"R,S,T,U",2022,14.81
233,"R,S,T,U",2023,4.91
233,"R,S,T,U",2024,8.35
233,TOTAL,2020,-3.69
233,TOTAL,2021,3.65
233,TOTAL,2022,5.56
233,TOTAL,2023,2.79
233,TOTAL,2024,5.32
233,TANPA_MIGAS,2020,-3.69
233,TANPA_MIGAS,2021,3.65
233,TANPA_MIGAS,2022,5.56
233,TANPA_MIGAS,2023,2.79
233,TANPA_MIGAS,2024,5.32
234,A,2020,11.57
234,A,2021,-7.26
234,A,2022,-5.67
234,A,2023,4.79
234,A,2024,5.04
234,B,2020,-5.65
234,B,2021,-4.12
234,B,2022,-8.49
234,B,2023,-5.53
234,B,2024,-29.43
234,C,2020,-23.84
234,C,2021,7.1
234,C,2022,2.17
234,C,2023,7.98
234,C,2024,6.36
234,D,2020,1.98
234,D,2021,2.95
234,D,2022,7.95
234,D,2023,5.38
234,D,2024,6.39
234,E,2020,4.86
234,E,2021,6.28
234,E,2022,3.5
234,E,2023,4.21
234,E,2024,4.81
234,F,2020,-4.71
234,F,2021,-0.9
234,F,2022,8.24
234,F,2023,4.83
234,F,2024,8.06
234,G,2020,-11.18
234,G,2021,10.16
234,G,2022,7.98
234,G,2023,5.6
234,G,2024,4.59
234,H,2020,-4.38
234,H,2021,7.17
234,H,2022,16.9
234,H,2023,11.64
234,H,2024,10.95
234,I,2020,-7.98
234,I,2021,3.21
234,I,2022,9.96
234,I,2023,6.93
234,I,2024,7.6
234,J,2020,16.12
234,J,2021,4.75
234,J,2022,5.94
234,J,2023,6.17
234,J,2024,4.93
234,K,2020,-0.66
234,K,2021,0.47
234,K,2022,0.32
234,K,2023,2.82
234,K,2024,3.87
234,L,2020,0.33
234,L,2021,1.19
234,L,2022,5.09
234,L,2023,4.35
234,L,2024,3.91
234,"M,N",2020,-3.18
234,"M,N",2021,0.77
234,"M,N",2022,5.26
234,"M,N",2023,6.12
234,"M,N",2024,8.37
234,O,2020,-2.23
234,O,2021,-0.99
234,O,2022,-0.43
234,O,2023,0.51
234,O,2024,7.1
234,P,2020,1.97
234,P,2021,0.54
234,P,2022,0.59
234,P,2023,3.17
234,P,2024,5.96
234,Q,2020,9.98
234,Q,2021,5.46
234,Q,2022,3.29
234,Q,2023,3.2
234,Q,2024,5.1
234,"R,S,T,U",2020,-10.68
234,"R,S,T,U",2021,4.08
234,"R,S,T,U",2022,12.11
234,"R,S,T,U",2023,9.39
234,"R,S,T,U",2024,7.18
234,TOTAL,2020,-5.34
234,TOTAL,2021,4.79
234,TOTAL,2022,5.52
234,TOTAL,2023,5.8
234,TOTAL,2024,5.73
234,TANPA_MIGAS,2020,-5.34
234,TANPA_MIGAS,2021,4.79
234,TANPA_MIGAS,2022,5.52
234,TANPA_MIGAS,2023,5.8
234,TANPA_MIGAS,2024,5.73
235,A,2020,-4.9
235,A,2021,1.11
235,A,2022,3.46
235,A,2023,0.51
235,A,2024,-6.06
235,B,2020,-6.34
235,B,2021,0.08
235,B,2022,-1.98
235,B,2023,-6.54
235,B,2024,1.54
235,C,2020,-1.15
235,C,2021,3.9
235,C,2022,6.55
235,C,2023,3.34
235,C,2024,5.48
235,D,2020,-6.25
235,D,2021,6.1
235,D,2022,8.03
235,D,2023,30.84
235,D,2024,5.87
235,E,2020,4.02
235,E,2021,5.63
235,E,2022,2.13
235,E,2023,2.41
235,E,2024,2.17
235,F,2020,-5.39
235,F,2021,4.38
235,F,2022,6.4
235,F,2023,5.02
235,F,2024,7.01
235,G,2020,-8.57
235,G,2021,7.37
235,G,2022,6.95
235,G,2023,5.48
235,G,2024,4.13
235,H,2020,-4.98
235,H,2021,2.04
235,H,2022,14.14
235,H,2023,11.16
235,H,2024,9.03
235,I,2020,-10.87
235,I,2021,2.08
235,I,2022,8.48
235,I,2023,7.84
235,I,2024,7.38
235,J,2020,7.19
235,J,2021,6.0
235,J,2022,3.14
235,J,2023,6.76
235,J,2024,6.54
235,K,2020,0.23
235,K,2021,0.49
235,K,2022,1.68
235,K,2023,4.05
235,K,2024,3.73
235,L,2020,2.0
235,L,2021,1.63
235,L,2022,4.07
235,L,2023,2.42
235,L,2024,2.38
235,"M,N",2020,-7.11
235,"M,N",2021,1.97
235,"M,N",2022,5.75
235,"M,N",2023,8.3
235,"M,N",2024,7.82
235,O,2020,-2.33
235,O,2021,-0.12
235,O,2022,0.16
235,O,2023,0.06
235,O,2024,9.88
235,P,2020,2.75
235,P,2021,0.59
235,P,2022,0.08
235,P,2023,4.47
235,P,2024,5.13
235,Q,2020,8.75
235,Q,2021,5.17
235,Q,2022,1.62
235,Q,2023,3.97
235,Q,2024,5.67
235,"R,S,T,U",2020,-16.3
235,"R,S,T,U",2021,2.76
235,"R,S,T,U",2022,13.26
235,"R,S,T,U",2023,9.28
235,"R,S,T,U",2024,8.26
235,TOTAL,2020,-4.85
235,TOTAL,2021,4.29
235,TOTAL,2022,6.51
235,TOTAL,2023,5.7
235,TOTAL,2024,5.76
235,TANPA_MIGAS,2020,-4.85
235,TANPA_MIGAS,2021,4.29
235,TANPA_MIGAS,2022,6.51
235,TANPA_MIGAS,2023,5.7
235,TANPA_MIGAS,2024,5.76
236,A,2020,1.74
236,A,2021,1.19
236,A,2022,3.47
236,A,2023,4.8
236,A,2024,-1.1
236,B,2020,-6.86
236,B,2021,0.98
236,B,2022,6.4
236,B,2023,0.03
236,B,2024,-12.55
236,C,2020,-2.02
236,C,2021,7.6
236,C,2022,9.94
236,C,2023,6.82
236,C,2024,8.6
236,D,2020,1.22
236,D,2021,2.31
236,D,2022,7.4
236,D,2023,3.97
236,D,2024,-7.07
236,E,2020,4.32
236,E,2021,4.48
236,E,2022,3.73
236,E,2023,4.18
236,E,2024,3.6
236,F,2020,-6.49
236,F,2021,2.8
236,F,2022,7.99
236,F,2023,7.01
236,F,2024,6.0
236,G,2020,-7.34
236,G,2021,5.95
236,G,2022,5.7
236,G,2023,5.78
236,G,2024,4.88
236,H,2020,-2.68
236,H,2021,5.89
236,H,2022,13.32
236,H,2023,8.73
236,H,2024,12.33
236,I,2020,-21.88
236,I,2021,4.37
236,I,2022,8.88
236,I,2023,7.46
236,I,2024,6.31
236,J,2020,8.79
236,J,2021,5.82
236,J,2022,5.05
236,J,2023,4.24
236,J,2024,4.77
236,K,2020,-0.56
236,K,2021,0.37
236,K,2022,2.0
236,K,2023,2.33
236,K,2024,3.58
236,L,2020,2.78
236,L,2021,2.26
236,L,2022,3.15
236,L,2023,3.56
236,L,2024,6.96
236,"M,N",2020,-6.09
236,"M,N",2021,0.6
236,"M,N",2022,5.13
236,"M,N",2023,3.63
236,"M,N",2024,5.1
236,O,2020,-2.85
236,O,2021,-1.06
236,O,2022,0.67
236,O,2023,0.31
236,O,2024,4.8
236,P,2020,2.65
236,P,2021,0.85
236,P,2022,0.62
236,P,2023,4.54
236,P,2024,4.5
236,Q,2020,9.06
236,Q,2021,3.12
236,Q,2022,3.16
236,Q,2023,3.76
236,Q,2024,4.57
236,"R,S,T,U",2020,-15.95
236,"R,S,T,U",2021,5.75
236,"R,S,T,U",2022,9.02
236,"R,S,T,U",2023,9.92
236,"R,S,T,U",2024,7.28
236,TOTAL,2020,-6.46
236,TOTAL,2021,4.04
236,TOTAL,2022,6.18
236,TOTAL,2023,6.2
236,TOTAL,2024,5.04
236,TANPA_MIGAS,2020,-6.46
236,TANPA_MIGAS,2021,4.04
236,TANPA_MIGAS,2022,6.18
236,TANPA_MIGAS,2023,6.2
236,TANPA_MIGAS,2024,5.04
237,A,2020,164.73
237,A,2021,167.44
237,A,2022,175.89
237,A,2023,186.14
237,A,2024,191.69
237,B,2020,146.98
237,B,2021,149.81
237,B,2022,155.28
237,B,2023,161.42
237,B,2024,161.92
237,C,2020,142.08
237,C,2021,148.26
237,C,2022,153.96
237,C,2023,160.88
237,C,2024,167.05
237,D,2020,118.81
237,D,2021,120.23
237,D,2022,121.71
237,D,2023,124.3
237,D,2024,124.79
237,E,2020,131.59
237,E,2021,131.99
237,E,2022,135.53
237,E,2023,136.38
237,E,2024,136.96
237,F,2020,144.75
237,F,2021,146.65
237,F,2022,153.42
237,F,2023,155.23
237,F,2024,155.08
237,G,2020,139.51
237,G,2021,141.1
237,G,2022,147.48
237,G,2023,152.59
237,G,2024,155.64
237,H,2020,133.07
237,H,2021,134.27
237,H,2022,141.99
237,H,2023,155.35
237,H,2024,157.34
237,I,2020,145.6
237,I,2021,153.82
237,I,2022,159.62
237,I,2023,164.19
237,I,2024,167.96
237,J,2020,113.72
237,J,2021,113.8
237,J,2022,114.3
237,J,2023,115.87
237,J,2024,116.8
237,K,2020,149.3
237,K,2021,152.38
237,K,2022,161.78
237,K,2023,166.71
237,K,2024,167.5
237,L,2020,133.72
237,L,2021,135.71
237,L,2022,138.03
237,L,2023,143.65
237,L,2024,144.82
237,"M,N",2020,142.19
237,"M,N",2021,143.78
237,"M,N",2022,149.05
237,"M,N",2023,153.35
237,"M,N",2024,156.08
237,O,2020,152.29
237,O,2021,151.28
237,O,2022,154.62
237,O,2023,160.56
237,O,2024,162.93
237,P,2020,137.68
237,P,2021,137.74
237,P,2022,140.03
237,P,2023,143.47
237,P,2024,145.13
237,Q,2020,133.62
237,Q,2021,135.68
237,Q,2022,139.95
237,Q,2023,146.42
237,Q,2024,148.11
237,"R,S,T,U",2020,138.64
237,"R,S,T,U",2021,141.77
237,"R,S,T,U",2022,147.13
237,"R,S,T,U",2023,154.84
237,"R,S,T,U",2024,158.71
237,TOTAL,2020,145.65
237,TOTAL,2021,147.48
237,TOTAL,2022,153.44
237,TOTAL,2023,159.17
237,TOTAL,2024,161.69
237,TANPA_MIGAS,2020,145.65
237,TANPA_MIGAS,2021,147.48
237,TANPA_MIGAS,2022,153.44
237,TANPA_MIGAS,2023,159.17
237,TANPA_MIGAS,2024,161.69
238,A,2020,162.6
238,A,2021,162.33
238,A,2022,172.77
238,A,2023,184.39
238,A,2024,190.25
238,B,2020,146.34
238,B,2021,149.71
238,B,2022,153.11
238,B,2023,158.47
238,B,2024,159.84
238,C,2020,144.26
238,C,2021,149.11
238,C,2022,157.8
238,C,2023,168.2
238,C,2024,175.03
238,D,2020,132.3
238,D,2021,133.47
238,D,2022,136.02
238,D,2023,138.93
238,D,2024,139.66
238,E,2020,128.57
238,E,2021,130.0
238,E,2022,136.39
238,E,2023,138.74
238,E,2024,140.57
238,F,2020,145.98
238,F,2021,148.43
238,F,2022,156.84
238,F,2023,161.4
238,F,2024,163.26
238,G,2020,139.27
238,G,2021,141.66
238,G,2022,148.35
238,G,2023,153.94
238,G,2024,156.29
238,H,2020,142.83
238,H,2021,145.6
238,H,2022,153.63
238,H,2023,168.45
238,H,2024,170.31
238,I,2020,147.03
238,I,2021,154.47
238,I,2022,160.43
238,I,2023,166.66
238,I,2024,171.0
238,J,2020,109.15
238,J,2021,109.59
238,J,2022,111.16
238,J,2023,111.56
238,J,2024,112.95
238,K,2020,150.68
238,K,2021,156.31
238,K,2022,168.07
238,K,2023,173.11
238,K,2024,176.29
238,L,2020,134.92
238,L,2021,135.19
238,L,2022,137.43
238,L,2023,138.58
238,L,2024,140.31
238,"M,N",2020,146.07
238,"M,N",2021,147.81
238,"M,N",2022,152.19
238,"M,N",2023,158.54
238,"M,N",2024,166.92
238,O,2020,159.22
238,O,2021,160.57
238,O,2022,166.78
238,O,2023,170.0
238,O,2024,179.22
238,P,2020,141.02
238,P,2021,138.54
238,P,2022,141.06
238,P,2023,145.49
238,P,2024,147.81
238,Q,2020,139.0
238,Q,2021,141.15
238,Q,2022,146.72
238,Q,2023,147.71
238,Q,2024,152.52
238,"R,S,T,U",2020,135.28
238,"R,S,T,U",2021,138.06
238,"R,S,T,U",2022,143.25
238,"R,S,T,U",2023,150.06
238,"R,S,T,U",2024,155.49
238,TOTAL,2020,144.78
238,TOTAL,2021,146.03
238,TOTAL,2022,152.57
238,TOTAL,2023,159.09
238,TOTAL,2024,162.71
238,TANPA_MIGAS,2020,144.78
238,TANPA_MIGAS,2021,146.03
238,TANPA_MIGAS,2022,152.57
238,TANPA_MIGAS,2023,159.09
238,TANPA_MIGAS,2024,162.71
239,A,2020,168.85
239,A,2021,171.63
239,A,2022,181.69
239,A,2023,193.26
239,A,2024,197.53
239,B,2020,148.79
239,B,2021,151.53
239,B,2022,157.64
239,B,2023,162.84
239,B,2024,162.87
239,C,2020,142.98
239,C,2021,146.83
239,C,2022,152.12
239,C,2023,156.63
239,C,2024,165.06
239,D,2020,124.48
239,D,2021,126.2
239,D,2022,128.51
239,D,2023,130.24
239,D,2024,130.35
239,E,2020,126.88
239,E,2021,127.03
239,E,2022,132.87
239,E,2023,133.81
239,E,2024,134.76
239,F,2020,142.15
239,F,2021,143.63
239,F,2022,151.27
239,F,2023,155.17
239,F,2024,155.91
239,G,2020,136.52
239,G,2021,137.94
239,G,2022,145.19
239,G,2023,150.36
239,G,2024,153.07
239,H,2020,140.14
239,H,2021,141.05
239,H,2022,149.68
239,H,2023,162.0
239,H,2024,163.69
239,I,2020,150.31
239,I,2021,157.75
239,I,2022,162.98
239,I,2023,168.86
239,I,2024,172.75
239,J,2020,115.22
239,J,2021,115.54
239,J,2022,116.4
239,J,2023,117.54
239,J,2024,118.44
239,K,2020,146.5
239,K,2021,147.31
239,K,2022,154.69
239,K,2023,158.65
239,K,2024,161.08
239,L,2020,133.41
239,L,2021,133.8
239,L,2022,136.07
239,L,2023,137.85
239,L,2024,139.06
239,"M,N",2020,150.21
239,"M,N",2021,152.37
239,"M,N",2022,157.34
239,"M,N",2023,161.39
239,"M,N",2024,164.11
239,O,2020,157.56
239,O,2021,157.06
239,O,2022,161.64
239,O,2023,167.48
239,O,2024,180.25
239,P,2020,138.51
239,P,2021,136.54
239,P,2022,138.97
239,P,2023,142.97
239,P,2024,146.24
239,Q,2020,128.74
239,Q,2021,130.46
239,Q,2022,135.47
239,Q,2023,139.76
239,Q,2024,140.58
239,"R,S,T,U",2020,135.88
239,"R,S,T,U",2021,138.73
239,"R,S,T,U",2022,143.89
239,"R,S,T,U",2023,150.39
239,"R,S,T,U",2024,155.02
239,TOTAL,2020,146.49
239,TOTAL,2021,148.15
239,TOTAL,2022,154.17
239,TOTAL,2023,160.01
239,TOTAL,2024,163.72
239,TANPA_MIGAS,2020,146.49
239,TANPA_MIGAS,2021,148.15
239,TANPA_MIGAS,2022,154.17
239,TANPA_MIGAS,2023,160.01
239,TANPA_MIGAS,2024,163.72
240,A,2020,163.83
240,A,2021,167.51
240,A,2022,179.03
240,A,2023,188.6
240,A,2024,194.08
240,B,2020,155.97
240,B,2021,158.64
240,B,2022,165.08
240,B,2023,171.55
240,B,2024,171.55
240,C,2020,145.82
240,C,2021,150.58
240,C,2022,156.35
240,C,2023,162.06
240,C,2024,166.6
240,D,2020,120.62
240,D,2021,122.21
240,D,2022,124.37
240,D,2023,125.46
240,D,2024,125.49
240,E,2020,131.83
240,E,2021,129.21
240,E,2022,133.76
240,E,2023,135.66
240,E,2024,136.95
240,F,2020,149.64
240,F,2021,151.37
240,F,2022,160.32
240,F,2023,165.5
240,F,2024,167.21
240,G,2020,136.3
240,G,2021,137.57
240,G,2022,144.91
240,G,2023,150.05
240,G,2024,152.9
240,H,2020,139.47
240,H,2021,139.28
240,H,2022,147.49
240,H,2023,160.31
240,H,2024,161.84
240,I,2020,145.82
240,I,2021,152.9
240,I,2022,159.98
240,I,2023,164.21
240,I,2024,168.41
240,J,2020,111.49
240,J,2021,112.04
240,J,2022,112.9
240,J,2023,114.25
240,J,2024,115.36
240,K,2020,145.94
240,K,2021,148.14
240,K,2022,155.76
240,K,2023,158.69
240,K,2024,161.03
240,L,2020,135.66
240,L,2021,135.97
240,L,2022,139.04
240,L,2023,140.45
240,L,2024,141.79
240,"M,N",2020,148.14
240,"M,N",2021,149.9
240,"M,N",2022,154.66
240,"M,N",2023,159.59
240,"M,N",2024,162.55
240,O,2020,163.11
240,O,2021,162.31
240,O,2022,165.13
240,O,2023,170.02
240,O,2024,177.17
240,P,2020,139.37
240,P,2021,137.44
240,P,2022,139.57
240,P,2023,143.28
240,P,2024,145.35
240,Q,2020,133.05
240,Q,2021,134.96
240,Q,2022,135.43
240,Q,2023,139.19
240,Q,2024,141.92
240,"R,S,T,U",2020,135.78
240,"R,S,T,U",2021,138.75
240,"R,S,T,U",2022,143.11
240,"R,S,T,U",2023,148.52
240,"R,S,T,U",2024,151.69
240,TOTAL,2020,144.49
240,TOTAL,2021,146.64
240,TOTAL,2022,153.14
240,TOTAL,2023,158.64
240,TOTAL,2024,161.64
240,TANPA_MIGAS,2020,144.49
240,TANPA_MIGAS,2021,146.64
240,TANPA_MIGAS,2022,153.14
240,TANPA_MIGAS,2023,158.64
240,TANPA_MIGAS,2024,161.64
241,A,2020,159.61
241,A,2021,161.58
241,A,2022,164.27
241,A,2023,172.7
241,A,2024,182.47
241,B,2020,146.39
241,B,2021,149.99
241,B,2022,155.41
241,B,2023,160.62
241,B,2024,165.05
241,C,2020,140.06
241,C,2021,142.35
241,C,2022,147.14
241,C,2023,152.45
241,C,2024,158.7
241,D,2020,114.34
241,D,2021,111.87
241,D,2022,112.27
241,D,2023,114.43
241,D,2024,115.94
241,E,2020,117.96
241,E,2021,118.36
241,E,2022,120.75
241,E,2023,124.46
241,E,2024,126.64
241,F,2020,136.89
241,F,2021,137.29
241,F,2022,139.0
241,F,2023,146.49
241,F,2024,149.84
241,G,2020,139.3
241,G,2021,140.81
241,G,2022,145.72
241,G,2023,153.43
241,G,2024,159.0
241,H,2020,140.87
241,H,2021,141.24
241,H,2022,142.49
241,H,2023,150.7
241,H,2024,161.61
241,I,2020,137.22
241,I,2021,139.82
241,I,2022,144.59
241,I,2023,149.04
241,I,2024,154.9
241,J,2020,106.54
241,J,2021,106.79
241,J,2022,107.71
241,J,2023,107.82
241,J,2024,110.44
241,K,2020,145.49
241,K,2021,146.09
241,K,2022,147.86
241,K,2023,154.91
241,K,2024,160.47
241,L,2020,132.54
241,L,2021,134.76
241,L,2022,137.72
241,L,2023,140.52
241,L,2024,141.45
241,"M,N",2020,138.76
241,"M,N",2021,142.44
241,"M,N",2022,143.24
241,"M,N",2023,147.84
241,"M,N",2024,151.46
241,O,2020,147.65
241,O,2021,153.78
241,O,2022,153.57
241,O,2023,155.32
241,O,2024,159.2
241,P,2020,135.15
241,P,2021,136.76
241,P,2022,136.86
241,P,2023,138.95
241,P,2024,142.82
241,Q,2020,125.01
241,Q,2021,125.99
241,Q,2022,126.75
241,Q,2023,131.71
241,Q,2024,136.95
241,"R,S,T,U",2020,126.58
241,"R,S,T,U",2021,128.5
241,"R,S,T,U",2022,132.63
241,"R,S,T,U",2023,137.83
241,"R,S,T,U",2024,143.74
241,TOTAL,2020,142.76
241,TOTAL,2021,144.41
241,TOTAL,2022,147.16
241,TOTAL,2023,153.05
241,TOTAL,2024,158.97
241,TANPA_MIGAS,2020,142.76
241,TANPA_MIGAS,2021,144.41
241,TANPA_MIGAS,2022,147.16
241,TANPA_MIGAS,2023,153.05
241,TANPA_MIGAS,2024,158.97
242,A,2020,155.49
242,A,2021,157.42
242,A,2022,162.47
242,A,2023,171.04
242,A,2024,178.95
242,B,2020,159.39
242,B,2021,162.11
242,B,2022,167.5
242,B,2023,172.18
242,B,2024,178.63
242,C,2020,142.7
242,C,2021,143.59
242,C,2022,146.97
242,C,2023,154.24
242,C,2024,162.23
242,D,2020,127.87
242,D,2021,126.69
242,D,2022,127.3
242,D,2023,128.28
242,D,2024,129.41
242,E,2020,129.17
242,E,2021,129.48
242,E,2022,130.38
242,E,2023,136.45
242,E,2024,139.41
242,F,2020,137.43
242,F,2021,138.04
242,F,2022,139.13
242,F,2023,144.3
242,F,2024,147.84
242,G,2020,133.81
242,G,2021,135.59
242,G,2022,140.1
242,G,2023,147.33
242,G,2024,152.43
242,H,2020,137.37
242,H,2021,138.11
242,H,2022,138.78
242,H,2023,146.41
242,H,2024,159.79
242,I,2020,153.16
242,I,2021,155.15
242,I,2022,161.29
242,I,2023,167.95
242,I,2024,176.05
242,J,2020,112.64
242,J,2021,113.36
242,J,2022,113.42
242,J,2023,114.62
242,J,2024,116.76
242,K,2020,143.84
242,K,2021,144.04
242,K,2022,146.22
242,K,2023,154.6
242,K,2024,159.05
242,L,2020,136.51
242,L,2021,137.48
242,L,2022,138.87
242,L,2023,140.49
242,L,2024,141.96
242,"M,N",2020,141.36
242,"M,N",2021,143.89
242,"M,N",2022,145.48
242,"M,N",2023,150.4
242,"M,N",2024,155.96
242,O,2020,151.34
242,O,2021,157.65
242,O,2022,157.24
242,O,2023,161.83
242,O,2024,165.03
242,P,2020,141.93
242,P,2021,143.38
242,P,2022,141.49
242,P,2023,143.02
242,P,2024,145.24
242,Q,2020,133.54
242,Q,2021,134.78
242,Q,2022,136.48
242,Q,2023,146.85
242,Q,2024,155.78
242,"R,S,T,U",2020,132.91
242,"R,S,T,U",2021,134.7
242,"R,S,T,U",2022,138.64
242,"R,S,T,U",2023,144.74
242,"R,S,T,U",2024,152.62
242,TOTAL,2020,141.07
242,TOTAL,2021,142.6
242,TOTAL,2022,145.4
242,TOTAL,2023,151.46
242,TOTAL,2024,157.28
242,TANPA_MIGAS,2020,141.07
242,TANPA_MIGAS,2021,142.6
242,TANPA_MIGAS,2022,145.4
242,TANPA_MIGAS,2023,151.46
242,TANPA_MIGAS,2024,157.29
243,A,2020,159.83
243,A,2021,162.78
243,A,2022,171.87
243,A,2023,181.58
243,A,2024,188.49
243,B,2020,153.73
243,B,2021,157.07
243,B,2022,160.64
243,B,2023,165.94
243,B,2024,167.25
243,C,2020,157.73
243,C,2021,161.63
243,C,2022,168.76
243,C,2023,177.3
243,C,2024,184.32
243,D,2020,129.55
243,D,2021,129.63
243,D,2022,131.82
243,D,2023,133.78
243,D,2024,133.29
243,E,2020,145.85
243,E,2021,146.98
243,E,2022,152.89
243,E,2023,154.94
243,E,2024,155.63
243,F,2020,157.9
243,F,2021,160.28
243,F,2022,167.13
243,F,2023,170.45
243,F,2024,172.08
243,G,2020,150.29
243,G,2021,152.58
243,G,2022,161.11
243,G,2023,167.13
243,G,2024,170.37
243,H,2020,155.77
243,H,2021,155.65
243,H,2022,170.02
243,H,2023,186.73
243,H,2024,189.51
243,I,2020,149.71
243,I,2021,156.23
243,I,2022,161.42
243,I,2023,169.56
243,I,2024,175.42
243,J,2020,117.14
243,J,2021,117.47
243,J,2022,118.0
243,J,2023,118.76
243,J,2024,121.2
243,K,2020,160.05
243,K,2021,162.58
243,K,2022,174.08
243,K,2023,178.71
243,K,2024,181.3
243,L,2020,143.46
243,L,2021,144.86
243,L,2022,146.56
243,L,2023,148.92
243,L,2024,151.8
243,"M,N",2020,154.08
243,"M,N",2021,155.78
243,"M,N",2022,160.12
243,"M,N",2023,165.13
243,"M,N",2024,169.13
243,O,2020,174.14
243,O,2021,173.89
243,O,2022,176.41
243,O,2023,181.63
243,O,2024,186.91
243,P,2020,147.41
243,P,2021,147.57
243,P,2022,149.09
243,P,2023,155.08
243,P,2024,159.39
243,Q,2020,141.89
243,Q,2021,143.72
243,Q,2022,148.47
243,Q,2023,154.97
243,Q,2024,157.38
243,"R,S,T,U",2020,140.39
243,"R,S,T,U",2021,143.22
243,"R,S,T,U",2022,148.3
243,"R,S,T,U",2023,156.38
243,"R,S,T,U",2024,161.27
243,TOTAL,2020,153.32
243,TOTAL,2021,155.99
243,TOTAL,2022,162.78
243,TOTAL,2023,169.48
243,TOTAL,2024,174.12
243,TANPA_MIGAS,2020,153.32
243,TANPA_MIGAS,2021,155.99
243,TANPA_MIGAS,2022,162.78
243,TANPA_MIGAS,2023,169.48
243,TANPA_MIGAS,2024,174.12
244,A,2020,156.05
244,A,2021,160.07
244,A,2022,169.49
244,A,2023,177.27
244,A,2024,186.08
244,B,2020,152.11
244,B,2021,156.09
244,B,2022,160.92
244,B,2023,169.81
244,B,2024,169.86
244,C,2020,141.67
244,C,2021,144.94
244,C,2022,150.84
244,C,2023,158.12
244,C,2024,162.88
244,D,2020,123.09
244,D,2021,124.28
244,D,2022,127.52
244,D,2023,129.8
244,D,2024,130.06
244,E,2020,123.26
244,E,2021,122.96
244,E,2022,126.68
244,E,2023,128.42
244,E,2024,129.43
244,F,2020,159.63
244,F,2021,159.78
244,F,2022,164.41
244,F,2023,167.44
244,F,2024,169.2
244,G,2020,135.63
244,G,2021,139.4
244,G,2022,146.59
244,G,2023,151.69
244,G,2024,155.03
244,H,2020,135.86
244,H,2021,134.85
244,H,2022,142.89
244,H,2023,155.85
244,H,2024,156.44
244,I,2020,139.34
244,I,2021,145.69
244,I,2022,151.31
244,I,2023,159.17
244,I,2024,164.25
244,J,2020,108.54
244,J,2021,108.65
244,J,2022,109.28
244,J,2023,111.26
244,J,2024,111.89
244,K,2020,148.39
244,K,2021,151.6
244,K,2022,160.07
244,K,2023,165.1
244,K,2024,166.86
244,L,2020,140.38
244,L,2021,141.43
244,L,2022,143.37
244,L,2023,146.35
244,L,2024,148.54
244,"M,N",2020,147.38
244,"M,N",2021,149.05
244,"M,N",2022,152.77
244,"M,N",2023,159.01
244,"M,N",2024,162.75
244,O,2020,159.27
244,O,2021,159.07
244,O,2022,161.08
244,O,2023,168.06
244,O,2024,176.55
244,P,2020,142.24
244,P,2021,141.1
244,P,2022,142.69
244,P,2023,147.89
244,P,2024,151.32
244,Q,2020,141.18
244,Q,2021,143.36
244,Q,2022,148.55
244,Q,2023,153.15
244,Q,2024,154.32
244,"R,S,T,U",2020,142.91
244,"R,S,T,U",2021,147.13
244,"R,S,T,U",2022,153.64
244,"R,S,T,U",2023,160.58
244,"R,S,T,U",2024,162.86
244,TOTAL,2020,146.18
244,TOTAL,2021,148.87
244,TOTAL,2022,155.18
244,TOTAL,2023,161.53
244,TOTAL,2024,166.06
244,TANPA_MIGAS,2020,146.18
244,TANPA_MIGAS,2021,148.87
244,TANPA_MIGAS,2022,155.18
244,TANPA_MIGAS,2023,161.53
244,TANPA_MIGAS,2024,166.06
245,A,2020,147.26
245,A,2021,151.93
245,A,2022,159.89
245,A,2023,167.28
245,A,2024,176.17
245,B,2020,130.24
245,B,2021,134.82
245,B,2022,139.23
245,B,2023,142.79
245,B,2024,142.15
245,C,2020,139.02
245,C,2021,145.85
245,C,2022,151.27
245,C,2023,155.14
245,C,2024,159.38
245,D,2020,127.87
245,D,2021,129.65
245,D,2022,132.93
245,D,2023,134.97
245,D,2024,135.85
245,E,2020,144.92
245,E,2021,146.18
245,E,2022,150.64
245,E,2023,155.07
245,E,2024,155.31
245,F,2020,161.87
245,F,2021,164.95
245,F,2022,168.83
245,F,2023,171.67
245,F,2024,173.83
245,G,2020,149.92
245,G,2021,152.74
245,G,2022,160.71
245,G,2023,166.04
245,G,2024,169.93
245,H,2020,159.03
245,H,2021,159.63
245,H,2022,169.27
245,H,2023,184.01
245,H,2024,186.37
245,I,2020,153.01
245,I,2021,158.22
245,I,2022,164.25
245,I,2023,173.8
245,I,2024,179.26
245,J,2020,118.09
245,J,2021,118.55
245,J,2022,119.5
245,J,2023,120.13
245,J,2024,120.79
245,K,2020,154.09
245,K,2021,158.61
245,K,2022,170.1
245,K,2023,173.61
245,K,2024,176.68
245,L,2020,138.22
245,L,2021,138.84
245,L,2022,141.97
245,L,2023,143.6
245,L,2024,145.47
245,"M,N",2020,160.11
245,"M,N",2021,162.48
245,"M,N",2022,168.28
245,"M,N",2023,173.17
245,"M,N",2024,176.43
245,O,2020,151.71
245,O,2021,150.79
245,O,2022,153.44
245,O,2023,159.29
245,O,2024,166.91
245,P,2020,158.21
245,P,2021,158.38
245,P,2022,160.19
245,P,2023,162.98
245,P,2024,166.46
245,Q,2020,149.3
245,Q,2021,152.44
245,Q,2022,156.39
245,Q,2023,161.55
245,Q,2024,163.44
245,"R,S,T,U",2020,134.39
245,"R,S,T,U",2021,138.94
245,"R,S,T,U",2022,145.48
245,"R,S,T,U",2023,150.17
245,"R,S,T,U",2024,153.96
245,TOTAL,2020,144.6
245,TOTAL,2021,148.24
245,TOTAL,2022,153.99
245,TOTAL,2023,158.86
245,TOTAL,2024,163.37
245,TANPA_MIGAS,2020,144.6
245,TANPA_MIGAS,2021,148.24
245,TANPA_MIGAS,2022,153.99
245,TANPA_MIGAS,2023,158.86
245,TANPA_MIGAS,2024,163.37
246,A,2020,161.07
246,A,2021,164.6
246,A,2022,172.82
246,A,2023,181.07
246,A,2024,188.8
246,B,2020,140.21
246,B,2021,145.39
246,B,2022,148.12
246,B,2023,152.06
246,B,2024,154.25
246,C,2020,144.86
246,C,2021,150.65
246,C,2022,156.93
246,C,2023,163.23
246,C,2024,169.09
246,D,2020,120.07
246,D,2021,120.92
246,D,2022,123.47
246,D,2023,127.17
246,D,2024,128.08
246,E,2020,133.16
246,E,2021,133.32
246,E,2022,136.02
246,E,2023,139.57
246,E,2024,139.62
246,F,2020,165.06
246,F,2021,165.64
246,F,2022,169.81
246,F,2023,172.65
246,F,2024,174.2
246,G,2020,154.25
246,G,2021,156.79
246,G,2022,165.82
246,G,2023,170.68
246,G,2024,174.79
246,H,2020,162.87
246,H,2021,163.95
246,H,2022,174.52
246,H,2023,187.05
246,H,2024,190.69
246,I,2020,156.7
246,I,2021,161.93
246,I,2022,167.75
246,I,2023,172.34
246,I,2024,180.44
246,J,2020,114.44
246,J,2021,114.6
246,J,2022,115.62
246,J,2023,116.87
246,J,2024,118.59
246,K,2020,147.2
246,K,2021,151.48
246,K,2022,160.35
246,K,2023,163.63
246,K,2024,166.94
246,L,2020,144.32
246,L,2021,144.58
246,L,2022,147.16
246,L,2023,149.42
246,L,2024,151.14
246,"M,N",2020,149.07
246,"M,N",2021,151.15
246,"M,N",2022,155.53
246,"M,N",2023,160.06
246,"M,N",2024,201.5
246,O,2020,165.38
246,O,2021,164.42
246,O,2022,167.68
246,O,2023,174.36
246,O,2024,186.39
246,P,2020,137.82
246,P,2021,136.8
246,P,2022,138.84
246,P,2023,142.2
246,P,2024,145.06
246,Q,2020,136.36
246,Q,2021,138.38
246,Q,2022,143.98
246,Q,2023,148.57
246,Q,2024,149.5
246,"R,S,T,U",2020,146.9
246,"R,S,T,U",2021,150.71
246,"R,S,T,U",2022,156.03
246,"R,S,T,U",2023,163.24
246,"R,S,T,U",2024,167.99
246,TOTAL,2020,152.18
246,TOTAL,2021,154.88
246,TOTAL,2022,161.01
246,TOTAL,2023,166.47
246,TOTAL,2024,171.01
246,TANPA_MIGAS,2020,152.18
246,TANPA_MIGAS,2021,154.88
246,TANPA_MIGAS,2022,161.01
246,TANPA_MIGAS,2023,166.47
246,TANPA_MIGAS,2024,171.01
247,A,2020,159.45
247,A,2021,162.5
247,A,2022,172.74
247,A,2023,180.12
247,A,2024,187.55
247,B,2020,147.72
247,B,2021,150.71
247,B,2022,156.08
247,B,2023,163.0
247,B,2024,163.03
247,C,2020,147.2
247,C,2021,153.06
247,C,2022,162.27
247,C,2023,168.16
247,C,2024,170.94
247,D,2020,126.64
247,D,2021,129.86
247,D,2022,131.54
247,D,2023,133.48
247,D,2024,133.39
247,E,2020,127.77
247,E,2021,129.99
247,E,2022,134.71
247,E,2023,137.21
247,E,2024,137.77
247,F,2020,165.1
247,F,2021,167.22
247,F,2022,176.91
247,F,2023,182.2
247,F,2024,183.63
247,G,2020,140.43
247,G,2021,143.7
247,G,2022,151.07
247,G,2023,156.48
247,G,2024,159.63
247,H,2020,140.43
247,H,2021,139.17
247,H,2022,146.33
247,H,2023,157.97
247,H,2024,159.34
247,I,2020,152.89
247,I,2021,158.08
247,I,2022,164.83
247,I,2023,169.39
247,I,2024,172.99
247,J,2020,113.93
247,J,2021,114.05
247,J,2022,115.18
247,J,2023,116.21
247,J,2024,116.95
247,K,2020,145.65
247,K,2021,149.41
247,K,2022,158.81
247,K,2023,164.05
247,K,2024,165.48
247,L,2020,137.38
247,L,2021,138.52
247,L,2022,140.41
247,L,2023,142.99
247,L,2024,145.58
247,"M,N",2020,156.75
247,"M,N",2021,160.34
247,"M,N",2022,163.92
247,"M,N",2023,167.92
247,"M,N",2024,171.28
247,O,2020,159.42
247,O,2021,158.57
247,O,2022,162.16
247,O,2023,165.81
247,O,2024,170.0
247,P,2020,139.76
247,P,2021,140.05
247,P,2022,141.7
247,P,2023,145.81
247,P,2024,149.53
247,Q,2020,134.52
247,Q,2021,137.71
247,Q,2022,142.22
247,Q,2023,145.31
247,Q,2024,146.04
247,"R,S,T,U",2020,131.71
247,"R,S,T,U",2021,134.8
247,"R,S,T,U",2022,141.85
247,"R,S,T,U",2023,146.87
247,"R,S,T,U",2024,149.14
247,TOTAL,2020,148.2
247,TOTAL,2021,151.22
247,TOTAL,2022,158.93
247,TOTAL,2023,164.33
247,TOTAL,2024,167.9
247,TANPA_MIGAS,2020,148.2
247,TANPA_MIGAS,2021,151.22
247,TANPA_MIGAS,2022,158.93
247,TANPA_MIGAS,2023,164.33
247,TANPA_MIGAS,2024,167.9
248,A,2020,170.47
248,A,2021,175.55
248,A,2022,185.17
248,A,2023,193.45
248,A,2024,200.9
248,B,2020,153.65
248,B,2021,159.4
248,B,2022,163.62
248,B,2023,167.11
248,B,2024,167.46
248,C,2020,149.14
248,C,2021,155.05
248,C,2022,164.28
248,C,2023,173.26
248,C,2024,177.78
248,D,2020,122.26
248,D,2021,121.94
248,D,2022,123.66
248,D,2023,125.58
248,D,2024,125.99
248,E,2020,134.3
248,E,2021,134.8
248,E,2022,139.12
248,E,2023,142.69
248,E,2024,144.03
248,F,2020,143.6
248,F,2021,145.37
248,F,2022,152.26
248,F,2023,157.33
248,F,2024,158.27
248,G,2020,144.22
248,G,2021,148.76
248,G,2022,156.2
248,G,2023,161.57
248,G,2024,164.66
248,H,2020,148.48
248,H,2021,147.13
248,H,2022,155.16
248,H,2023,168.1
248,H,2024,169.41
248,I,2020,158.12
248,I,2021,162.5
248,I,2022,168.44
248,I,2023,171.25
248,I,2024,173.99
248,J,2020,110.36
248,J,2021,110.84
248,J,2022,111.31
248,J,2023,113.03
248,J,2024,114.28
248,K,2020,151.24
248,K,2021,155.34
248,K,2022,164.45
248,K,2023,168.33
248,K,2024,171.14
248,L,2020,133.03
248,L,2021,133.65
248,L,2022,135.7
248,L,2023,138.08
248,L,2024,139.95
248,"M,N",2020,152.23
248,"M,N",2021,155.38
248,"M,N",2022,158.69
248,"M,N",2023,161.84
248,"M,N",2024,165.21
248,O,2020,162.47
248,O,2021,162.23
248,O,2022,166.69
248,O,2023,172.41
248,O,2024,182.44
248,P,2020,139.79
248,P,2021,140.77
248,P,2022,142.05
248,P,2023,145.79
248,P,2024,154.02
248,Q,2020,137.43
248,Q,2021,138.81
248,Q,2022,143.17
248,Q,2023,148.78
248,Q,2024,150.27
248,"R,S,T,U",2020,141.09
248,"R,S,T,U",2021,145.0
248,"R,S,T,U",2022,152.1
248,"R,S,T,U",2023,158.21
248,"R,S,T,U",2024,161.41
248,TOTAL,2020,150.89
248,TOTAL,2021,154.57
248,TOTAL,2022,161.54
248,TOTAL,2023,167.95
248,TOTAL,2024,172.16
248,TANPA_MIGAS,2020,150.89
248,TANPA_MIGAS,2021,154.57
248,TANPA_MIGAS,2022,161.54
248,TANPA_MIGAS,2023,167.95
248,TANPA_MIGAS,2024,172.16
249,A,2020,155.84
249,A,2021,160.16
249,A,2022,170.37
249,A,2023,176.28
249,A,2024,183.94
249,B,2020,139.88
249,B,2021,143.77
249,B,2022,147.15
249,B,2023,152.37
249,B,2024,153.08
249,C,2020,143.84
249,C,2021,148.01
249,C,2022,155.19
249,C,2023,164.26
249,C,2024,169.23
249,D,2020,132.88
249,D,2021,133.79
249,D,2022,136.32
249,D,2023,137.92
249,D,2024,136.64
249,E,2020,136.11
249,E,2021,136.99
249,E,2022,142.95
249,E,2023,145.2
249,E,2024,146.19
249,F,2020,138.91
249,F,2021,140.41
249,F,2022,144.44
249,F,2023,147.98
249,F,2024,149.55
249,G,2020,145.22
249,G,2021,148.62
249,G,2022,155.63
249,G,2023,161.83
249,G,2024,165.84
249,H,2020,154.5
249,H,2021,153.59
249,H,2022,161.32
249,H,2023,175.11
249,H,2024,176.46
249,I,2020,162.49
249,I,2021,170.04
249,I,2022,176.49
249,I,2023,185.01
249,I,2024,188.35
249,J,2020,110.47
249,J,2021,110.56
249,J,2022,111.03
249,J,2023,111.71
249,J,2024,112.6
249,K,2020,157.78
249,K,2021,162.26
249,K,2022,172.15
249,K,2023,175.89
249,K,2024,177.85
249,L,2020,140.71
249,L,2021,141.56
249,L,2022,143.3
249,L,2023,144.89
249,L,2024,145.99
249,"M,N",2020,164.63
249,"M,N",2021,166.58
249,"M,N",2022,170.23
249,"M,N",2023,175.15
249,"M,N",2024,182.39
249,O,2020,164.77
249,O,2021,163.82
249,O,2022,166.85
249,O,2023,173.94
249,O,2024,181.85
249,P,2020,150.35
249,P,2021,149.41
249,P,2022,151.3
249,P,2023,154.55
249,P,2024,156.26
249,Q,2020,137.96
249,Q,2021,140.07
249,Q,2022,144.3
249,Q,2023,147.32
249,Q,2024,148.89
249,"R,S,T,U",2020,137.64
249,"R,S,T,U",2021,141.7
249,"R,S,T,U",2022,148.07
249,"R,S,T,U",2023,153.22
249,"R,S,T,U",2024,156.82
249,TOTAL,2020,147.26
249,TOTAL,2021,150.46
249,TOTAL,2022,157.4
249,TOTAL,2023,163.59
249,TOTAL,2024,168.21
249,TANPA_MIGAS,2020,147.26
249,TANPA_MIGAS,2021,150.46
249,TANPA_MIGAS,2022,157.4
249,TANPA_MIGAS,2023,163.59
249,TANPA_MIGAS,2024,168.21
250,A,2020,166.57
250,A,2021,169.45
250,A,2022,178.71
250,A,2023,187.78
250,A,2024,194.68
250,B,2020,159.11
250,B,2021,166.09
250,B,2022,171.59
250,B,2023,176.26
250,B,2024,177.41
250,C,2020,138.7
250,C,2021,145.31
250,C,2022,151.87
250,C,2023,156.64
250,C,2024,160.83
250,D,2020,167.51
250,D,2021,177.04
250,D,2022,180.24
250,D,2023,182.96
250,D,2024,185.54
250,E,2020,129.48
250,E,2021,132.18
250,E,2022,136.84
250,E,2023,138.93
250,E,2024,139.81
250,F,2020,146.1
250,F,2021,147.49
250,F,2022,152.92
250,F,2023,153.59
250,F,2024,155.74
250,G,2020,138.33
250,G,2021,141.89
250,G,2022,149.73
250,G,2023,154.66
250,G,2024,157.84
250,H,2020,148.76
250,H,2021,149.24
250,H,2022,157.28
250,H,2023,170.45
250,H,2024,171.69
250,I,2020,152.61
250,I,2021,159.34
250,I,2022,165.57
250,I,2023,171.43
250,I,2024,175.43
250,J,2020,107.87
250,J,2021,107.92
250,J,2022,109.02
250,J,2023,109.66
250,J,2024,110.83
250,K,2020,152.9
250,K,2021,158.19
250,K,2022,167.43
250,K,2023,170.82
250,K,2024,173.59
250,L,2020,137.67
250,L,2021,138.66
250,L,2022,139.65
250,L,2023,141.01
250,L,2024,141.91
250,"M,N",2020,156.53
250,"M,N",2021,161.04
250,"M,N",2022,164.44
250,"M,N",2023,167.6
250,"M,N",2024,170.54
250,O,2020,162.92
250,O,2021,162.09
250,O,2022,164.96
250,O,2023,174.66
250,O,2024,186.06
250,P,2020,144.88
250,P,2021,144.5
250,P,2022,145.72
250,P,2023,149.49
250,P,2024,153.44
250,Q,2020,133.85
250,Q,2021,135.08
250,Q,2022,138.77
250,Q,2023,142.43
250,Q,2024,144.93
250,"R,S,T,U",2020,135.16
250,"R,S,T,U",2021,139.66
250,"R,S,T,U",2022,144.19
250,"R,S,T,U",2023,149.93
250,"R,S,T,U",2024,155.34
250,TOTAL,2020,141.14
250,TOTAL,2021,146.01
250,TOTAL,2022,152.32
250,TOTAL,2023,156.76
250,TOTAL,2024,160.53
250,TANPA_MIGAS,2020,141.15
250,TANPA_MIGAS,2021,146.02
250,TANPA_MIGAS,2022,152.32
250,TANPA_MIGAS,2023,156.77
250,TANPA_MIGAS,2024,160.54
251,A,2020,164.84
251,A,2021,168.61
251,A,2022,170.54
251,A,2023,180.77
251,A,2024,188.94
251,B,2020,120.68
251,B,2021,112.41
251,B,2022,135.15
251,B,2023,187.39
251,B,2024,173.02
251,C,2020,136.04
251,C,2021,139.11
251,C,2022,143.84
251,C,2023,152.69
251,C,2024,158.64
251,D,2020,163.52
251,D,2021,163.66
251,D,2022,165.53
251,D,2023,169.72
251,D,2024,173.56
251,E,2020,115.7
251,E,2021,117.4
251,E,2022,119.41
251,E,2023,120.75
251,E,2024,121.79
251,F,2020,136.8
251,F,2021,140.1
251,F,2022,141.14
251,F,2023,147.78
251,F,2024,148.85
251,G,2020,146.5
251,G,2021,152.4
251,G,2022,156.05
251,G,2023,164.72
251,G,2024,171.06
251,H,2020,236.06
251,H,2021,225.75
251,H,2022,225.41
251,H,2023,282.08
251,H,2024,313.13
251,I,2020,142.14
251,I,2021,144.7
251,I,2022,151.76
251,I,2023,157.23
251,I,2024,161.96
251,J,2020,112.76
251,J,2021,113.04
251,J,2022,113.12
251,J,2023,113.97
251,J,2024,114.19
251,K,2020,152.03
251,K,2021,152.82
251,K,2022,157.95
251,K,2023,172.85
251,K,2024,176.76
251,L,2020,138.95
251,L,2021,141.34
251,L,2022,141.82
251,L,2023,143.04
251,L,2024,144.86
251,"M,N",2020,148.8
251,"M,N",2021,152.4
251,"M,N",2022,155.01
251,"M,N",2023,157.99
251,"M,N",2024,160.88
251,O,2020,162.54
251,O,2021,169.38
251,O,2022,168.89
251,O,2023,172.64
251,O,2024,178.93
251,P,2020,144.19
251,P,2021,146.61
251,P,2022,146.4
251,P,2023,148.63
251,P,2024,151.84
251,Q,2020,134.22
251,Q,2021,136.75
251,Q,2022,140.38
251,Q,2023,144.91
251,Q,2024,149.33
251,"R,S,T,U",2020,134.24
251,"R,S,T,U",2021,136.74
251,"R,S,T,U",2022,140.39
251,"R,S,T,U",2023,146.3
251,"R,S,T,U",2024,153.0
251,TOTAL,2020,145.35
251,TOTAL,2021,145.77
251,TOTAL,2022,149.4
251,TOTAL,2023,161.74
251,TOTAL,2024,170.05
251,TANPA_MIGAS,2020,145.38
251,TANPA_MIGAS,2021,145.8
251,TANPA_MIGAS,2022,149.41
251,TANPA_MIGAS,2023,161.74
251,TANPA_MIGAS,2024,170.05
252,A,2020,167.92
252,A,2021,170.4
252,A,2022,181.46
252,A,2023,190.39
252,A,2024,196.29
252,B,2020,158.81
252,B,2021,163.35
252,B,2022,165.79
252,B,2023,171.1
252,B,2024,169.31
252,C,2020,139.05
252,C,2021,143.32
252,C,2022,149.97
252,C,2023,156.24
252,C,2024,162.05
252,D,2020,130.69
252,D,2021,133.13
252,D,2022,134.47
252,D,2023,135.41
252,D,2024,134.75
252,E,2020,124.9
252,E,2021,125.96
252,E,2022,130.19
252,E,2023,132.92
252,E,2024,134.94
252,F,2020,150.41
252,F,2021,151.6
252,F,2022,151.5
252,F,2023,152.55
252,F,2024,155.27
252,G,2020,142.15
252,G,2021,144.42
252,G,2022,151.4
252,G,2023,157.13
252,G,2024,161.31
252,H,2020,151.99
252,H,2021,152.56
252,H,2022,160.18
252,H,2023,171.84
252,H,2024,173.53
252,I,2020,157.13
252,I,2021,162.01
252,I,2022,166.58
252,I,2023,173.41
252,I,2024,178.87
252,J,2020,112.51
252,J,2021,112.91
252,J,2022,113.87
252,J,2023,115.14
252,J,2024,116.53
252,K,2020,153.08
252,K,2021,157.65
252,K,2022,164.7
252,K,2023,167.23
252,K,2024,168.26
252,L,2020,140.22
252,L,2021,141.59
252,L,2022,143.07
252,L,2023,144.72
252,L,2024,148.42
252,"M,N",2020,153.92
252,"M,N",2021,158.1
252,"M,N",2022,161.87
252,"M,N",2023,165.7
252,"M,N",2024,169.11
252,O,2020,164.13
252,O,2021,163.49
252,O,2022,165.4
252,O,2023,167.86
252,O,2024,171.59
252,P,2020,143.26
252,P,2021,142.64
252,P,2022,144.42
252,P,2023,146.2
252,P,2024,147.71
252,Q,2020,139.66
252,Q,2021,143.46
252,Q,2022,147.49
252,Q,2023,151.29
252,Q,2024,152.89
252,"R,S,T,U",2020,131.8
252,"R,S,T,U",2021,136.86
252,"R,S,T,U",2022,141.93
252,"R,S,T,U",2023,146.95
252,"R,S,T,U",2024,149.37
252,TOTAL,2020,141.72
252,TOTAL,2021,144.76
252,TOTAL,2022,150.39
252,TOTAL,2023,155.81
252,TOTAL,2024,160.4
252,TANPA_MIGAS,2020,141.72
252,TANPA_MIGAS,2021,144.76
252,TANPA_MIGAS,2022,150.39
252,TANPA_MIGAS,2023,155.81
252,TANPA_MIGAS,2024,160.41
253,A,2020,167.27
253,A,2021,169.73
253,A,2022,181.35
253,A,2023,191.56
253,A,2024,200.22
253,B,2020,154.6
253,B,2021,157.35
253,B,2022,166.78
253,B,2023,175.91
253,B,2024,175.51
253,C,2020,140.38
253,C,2021,143.67
253,C,2022,149.58
253,C,2023,155.86
253,C,2024,160.42
253,D,2020,122.48
253,D,2021,129.13
253,D,2022,130.44
253,D,2023,133.1
253,D,2024,134.35
253,E,2020,143.56
253,E,2021,144.41
253,E,2022,149.75
253,E,2023,152.05
253,E,2024,153.09
253,F,2020,156.21
253,F,2021,157.62
253,F,2022,165.16
253,F,2023,168.58
253,F,2024,172.11
253,G,2020,140.34
253,G,2021,143.08
253,G,2022,150.45
253,G,2023,155.41
253,G,2024,158.24
253,H,2020,146.58
253,H,2021,146.77
253,H,2022,156.93
253,H,2023,171.17
253,H,2024,173.66
253,I,2020,147.93
253,I,2021,154.15
253,I,2022,160.21
253,I,2023,166.28
253,I,2024,171.35
253,J,2020,113.92
253,J,2021,114.45
253,J,2022,115.17
253,J,2023,116.11
253,J,2024,117.11
253,K,2020,155.76
253,K,2021,157.78
253,K,2022,167.79
253,K,2023,173.51
253,K,2024,178.6
253,L,2020,131.12
253,L,2021,131.37
253,L,2022,134.17
253,L,2023,137.15
253,L,2024,139.75
253,"M,N",2020,128.33
253,"M,N",2021,130.66
253,"M,N",2022,134.78
253,"M,N",2023,140.98
253,"M,N",2024,147.76
253,O,2020,148.5
253,O,2021,148.35
253,O,2022,153.07
253,O,2023,160.24
253,O,2024,168.22
253,P,2020,137.09
253,P,2021,138.08
253,P,2022,139.34
253,P,2023,141.06
253,P,2024,146.08
253,Q,2020,131.08
253,Q,2021,132.99
253,Q,2022,139.09
253,Q,2023,144.27
253,Q,2024,147.11
253,"R,S,T,U",2020,129.71
253,"R,S,T,U",2021,132.74
253,"R,S,T,U",2022,138.01
253,"R,S,T,U",2023,141.96
253,"R,S,T,U",2024,145.22
253,TOTAL,2020,144.16
253,TOTAL,2021,146.21
253,TOTAL,2022,152.68
253,TOTAL,2023,158.16
253,TOTAL,2024,162.2
253,TANPA_MIGAS,2020,144.16
253,TANPA_MIGAS,2021,146.21
253,TANPA_MIGAS,2022,152.68
253,TANPA_MIGAS,2023,158.16
253,TANPA_MIGAS,2024,162.2
254,A,2020,154.37
254,A,2021,155.41
254,A,2022,165.47
254,A,2023,172.53
254,A,2024,180.43
254,B,2020,157.07
254,B,2021,161.55
254,B,2022,165.1
254,B,2023,170.7
254,B,2024,171.46
254,C,2020,146.89
254,C,2021,153.36
254,C,2022,160.55
254,C,2023,167.29
254,C,2024,172.82
254,D,2020,140.62
254,D,2021,144.52
254,D,2022,146.58
254,D,2023,148.96
254,D,2024,150.44
254,E,2020,137.38
254,E,2021,139.59
254,E,2022,144.02
254,E,2023,146.25
254,E,2024,148.19
254,F,2020,155.49
254,F,2021,158.03
254,F,2022,167.52
254,F,2023,170.45
254,F,2024,173.17
254,G,2020,144.34
254,G,2021,148.35
254,G,2022,155.9
254,G,2023,161.7
254,G,2024,164.33
254,H,2020,147.6
254,H,2021,148.61
254,H,2022,157.48
254,H,2023,173.29
254,H,2024,176.6
254,I,2020,144.56
254,I,2021,150.05
254,I,2022,154.28
254,I,2023,160.81
254,I,2024,163.86
254,J,2020,117.01
254,J,2021,117.25
254,J,2022,118.87
254,J,2023,120.27
254,J,2024,123.26
254,K,2020,138.12
254,K,2021,142.91
254,K,2022,150.31
254,K,2023,154.94
254,K,2024,160.04
254,L,2020,137.85
254,L,2021,138.9
254,L,2022,140.57
254,L,2023,142.21
254,L,2024,143.36
254,"M,N",2020,142.8
254,"M,N",2021,144.27
254,"M,N",2022,149.43
254,"M,N",2023,153.6
254,"M,N",2024,156.96
254,O,2020,161.72
254,O,2021,161.23
254,O,2022,165.04
254,O,2023,170.93
254,O,2024,175.65
254,P,2020,152.27
254,P,2021,152.44
254,P,2022,154.66
254,P,2023,157.94
254,P,2024,159.16
254,Q,2020,142.49
254,Q,2021,145.06
254,Q,2022,149.56
254,Q,2023,155.14
254,Q,2024,155.27
254,"R,S,T,U",2020,136.17
254,"R,S,T,U",2021,139.72
254,"R,S,T,U",2022,144.4
254,"R,S,T,U",2023,150.29
254,"R,S,T,U",2024,155.52
254,TOTAL,2020,147.86
254,TOTAL,2021,150.5
254,TOTAL,2022,157.7
254,TOTAL,2023,163.35
254,TOTAL,2024,167.8
254,TANPA_MIGAS,2020,147.86
254,TANPA_MIGAS,2021,150.5
254,TANPA_MIGAS,2022,157.7
254,TANPA_MIGAS,2023,163.35
254,TANPA_MIGAS,2024,167.8
255,A,2020,158.23
255,A,2021,156.55
255,A,2022,168.51
255,A,2023,177.87
255,A,2024,184.22
255,B,2020,146.47
255,B,2021,149.82
255,B,2022,154.63
255,B,2023,157.36
255,B,2024,157.2
255,C,2020,142.52
255,C,2021,149.02
255,C,2022,154.16
255,C,2023,160.12
255,C,2024,165.21
255,D,2020,141.27
255,D,2021,144.49
255,D,2022,147.1
255,D,2023,149.89
255,D,2024,150.07
255,E,2020,123.3
255,E,2021,124.35
255,E,2022,128.0
255,E,2023,129.53
255,E,2024,131.07
255,F,2020,154.46
255,F,2021,156.22
255,F,2022,163.95
255,F,2023,166.46
255,F,2024,169.33
255,G,2020,146.26
255,G,2021,150.39
255,G,2022,158.43
255,G,2023,165.44
255,G,2024,169.36
255,H,2020,149.79
255,H,2021,149.96
255,H,2022,157.83
255,H,2023,171.86
255,H,2024,173.69
255,I,2020,138.34
255,I,2021,144.45
255,I,2022,148.91
255,I,2023,154.66
255,I,2024,158.76
255,J,2020,112.33
255,J,2021,112.57
255,J,2022,114.17
255,J,2023,114.93
255,J,2024,115.7
255,K,2020,136.4
255,K,2021,141.7
255,K,2022,154.83
255,K,2023,159.24
255,K,2024,160.51
255,L,2020,136.8
255,L,2021,137.96
255,L,2022,139.11
255,L,2023,140.52
255,L,2024,141.8
255,"M,N",2020,151.15
255,"M,N",2021,153.95
255,"M,N",2022,156.3
255,"M,N",2023,161.61
255,"M,N",2024,164.56
255,O,2020,160.58
255,O,2021,160.34
255,O,2022,162.02
255,O,2023,166.36
255,O,2024,174.19
255,P,2020,132.49
255,P,2021,132.07
255,P,2022,133.1
255,P,2023,135.8
255,P,2024,137.84
255,Q,2020,128.9
255,Q,2021,131.9
255,Q,2022,136.91
255,Q,2023,141.61
255,Q,2024,142.38
255,"R,S,T,U",2020,128.74
255,"R,S,T,U",2021,132.47
255,"R,S,T,U",2022,136.96
255,"R,S,T,U",2023,141.71
255,"R,S,T,U",2024,143.71
255,TOTAL,2020,145.8
255,TOTAL,2021,147.43
255,TOTAL,2022,154.27
255,TOTAL,2023,160.0
255,TOTAL,2024,163.84
255,TANPA_MIGAS,2020,145.8
255,TANPA_MIGAS,2021,147.43
255,TANPA_MIGAS,2022,154.27
255,TANPA_MIGAS,2023,160.0
255,TANPA_MIGAS,2024,163.85
256,A,2020,159.47
256,A,2021,161.73
256,A,2022,172.38
256,A,2023,182.11
256,A,2024,187.72
256,B,2020,151.75
256,B,2021,156.88
256,B,2022,159.95
256,B,2023,165.73
256,B,2024,165.39
256,C,2020,142.14
256,C,2021,146.25
256,C,2022,151.52
256,C,2023,156.63
256,C,2024,161.24
256,D,2020,123.45
256,D,2021,124.02
256,D,2022,126.35
256,D,2023,128.5
256,D,2024,128.18
256,E,2020,107.8
256,E,2021,108.47
256,E,2022,112.77
256,E,2023,114.08
256,E,2024,114.47
256,F,2020,136.41
256,F,2021,137.75
256,F,2022,143.68
256,F,2023,144.32
256,F,2024,147.46
256,G,2020,139.6
256,G,2021,141.79
256,G,2022,148.54
256,G,2023,153.76
256,G,2024,155.97
256,H,2020,137.82
256,H,2021,138.87
256,H,2022,147.21
256,H,2023,161.54
256,H,2024,165.21
256,I,2020,146.06
256,I,2021,152.12
256,I,2022,157.62
256,I,2023,163.23
256,I,2024,168.23
256,J,2020,112.36
256,J,2021,112.66
256,J,2022,113.26
256,J,2023,114.19
256,J,2024,114.92
256,K,2020,143.15
256,K,2021,147.45
256,K,2022,156.79
256,K,2023,160.36
256,K,2024,164.13
256,L,2020,134.74
256,L,2021,135.56
256,L,2022,136.43
256,L,2023,138.33
256,L,2024,139.65
256,"M,N",2020,147.08
256,"M,N",2021,149.45
256,"M,N",2022,153.43
256,"M,N",2023,156.99
256,"M,N",2024,158.91
256,O,2020,157.84
256,O,2021,157.58
256,O,2022,161.9
256,O,2023,169.12
256,O,2024,178.51
256,P,2020,136.41
256,P,2021,135.5
256,P,2022,136.39
256,P,2023,141.83
256,P,2024,145.55
256,Q,2020,142.77
256,Q,2021,145.31
256,Q,2022,150.14
256,Q,2023,156.71
256,Q,2024,159.92
256,"R,S,T,U",2020,137.75
256,"R,S,T,U",2021,141.16
256,"R,S,T,U",2022,146.41
256,"R,S,T,U",2023,150.7
256,"R,S,T,U",2024,152.28
256,TOTAL,2020,144.17
256,TOTAL,2021,145.99
256,TOTAL,2022,152.05
256,TOTAL,2023,157.4
256,TOTAL,2024,161.06
256,TANPA_MIGAS,2020,144.17
256,TANPA_MIGAS,2021,145.99
256,TANPA_MIGAS,2022,152.05
256,TANPA_MIGAS,2023,157.4
256,TANPA_MIGAS,2024,161.06
257,A,2020,172.33
257,A,2021,170.01
257,A,2022,182.07
257,A,2023,192.82
257,A,2024,198.56
257,B,2020,145.8
257,B,2021,149.7
257,B,2022,155.08
257,B,2023,162.29
257,B,2024,161.75
257,C,2020,153.9
257,C,2021,158.91
257,C,2022,164.06
257,C,2023,169.13
257,C,2024,174.26
257,D,2020,144.17
257,D,2021,146.35
257,D,2022,148.94
257,D,2023,150.89
257,D,2024,151.11
257,E,2020,133.54
257,E,2021,133.43
257,E,2022,135.79
257,E,2023,136.19
257,E,2024,137.43
257,F,2020,145.07
257,F,2021,146.61
257,F,2022,153.67
257,F,2023,156.29
257,F,2024,157.98
257,G,2020,138.96
257,G,2021,140.44
257,G,2022,147.6
257,G,2023,153.01
257,G,2024,155.44
257,H,2020,143.02
257,H,2021,144.24
257,H,2022,152.74
257,H,2023,165.16
257,H,2024,166.06
257,I,2020,141.82
257,I,2021,148.36
257,I,2022,153.67
257,I,2023,160.18
257,I,2024,164.36
257,J,2020,113.78
257,J,2021,114.46
257,J,2022,115.8
257,J,2023,116.22
257,J,2024,117.09
257,K,2020,148.86
257,K,2021,153.91
257,K,2022,163.69
257,K,2023,167.84
257,K,2024,168.83
257,L,2020,136.79
257,L,2021,137.02
257,L,2022,139.16
257,L,2023,143.3
257,L,2024,143.98
257,"M,N",2020,143.94
257,"M,N",2021,144.75
257,"M,N",2022,149.59
257,"M,N",2023,151.87
257,"M,N",2024,154.33
257,O,2020,160.37
257,O,2021,159.27
257,O,2022,162.72
257,O,2023,168.03
257,O,2024,176.8
257,P,2020,139.92
257,P,2021,138.58
257,P,2022,140.59
257,P,2023,143.4
257,P,2024,145.2
257,Q,2020,141.64
257,Q,2021,143.85
257,Q,2022,148.49
257,Q,2023,150.72
257,Q,2024,151.52
257,"R,S,T,U",2020,136.41
257,"R,S,T,U",2021,139.55
257,"R,S,T,U",2022,144.58
257,"R,S,T,U",2023,148.97
257,"R,S,T,U",2024,150.37
257,TOTAL,2020,150.38
257,TOTAL,2021,150.57
257,TOTAL,2022,157.42
257,TOTAL,2023,163.2
257,TOTAL,2024,166.36
257,TANPA_MIGAS,2020,150.38
257,TANPA_MIGAS,2021,150.57
257,TANPA_MIGAS,2022,157.42
257,TANPA_MIGAS,2023,163.2
257,TANPA_MIGAS,2024,166.36
258,A,2020,165.91
258,A,2021,166.14
258,A,2022,178.36
258,A,2023,184.88
258,A,2024,190.35
258,B,2020,73.22
258,B,2021,115.66
258,B,2022,175.33
258,B,2023,155.97
258,B,2024,158.91
258,C,2020,142.65
258,C,2021,149.88
258,C,2022,156.54
258,C,2023,162.95
258,C,2024,169.25
258,D,2020,126.35
258,D,2021,130.49
258,D,2022,133.03
258,D,2023,135.56
258,D,2024,135.46
258,E,2020,123.17
258,E,2021,124.68
258,E,2022,128.66
258,E,2023,129.77
258,E,2024,131.32
258,F,2020,138.51
258,F,2021,139.94
258,F,2022,146.05
258,F,2023,147.02
258,F,2024,149.45
258,G,2020,136.42
258,G,2021,139.83
258,G,2022,146.53
258,G,2023,150.24
258,G,2024,154.03
258,H,2020,156.82
258,H,2021,157.33
258,H,2022,170.4
258,H,2023,185.69
258,H,2024,188.97
258,I,2020,140.13
258,I,2021,147.41
258,I,2022,152.88
258,I,2023,156.55
258,I,2024,160.71
258,J,2020,109.88
258,J,2021,110.41
258,J,2022,112.34
258,J,2023,112.82
258,J,2024,114.67
258,K,2020,137.75
258,K,2021,141.54
258,K,2022,149.74
258,K,2023,152.42
258,K,2024,155.78
258,L,2020,126.66
258,L,2021,127.65
258,L,2022,130.18
258,L,2023,132.81
258,L,2024,136.39
258,"M,N",2020,142.27
258,"M,N",2021,145.2
258,"M,N",2022,150.67
258,"M,N",2023,156.76
258,"M,N",2024,161.01
258,O,2020,167.66
258,O,2021,166.89
258,O,2022,168.23
258,O,2023,171.71
258,O,2024,178.3
258,P,2020,131.48
258,P,2021,132.73
258,P,2022,134.42
258,P,2023,137.72
258,P,2024,142.06
258,Q,2020,129.77
258,Q,2021,132.11
258,Q,2022,137.09
258,Q,2023,141.47
258,Q,2024,146.59
258,"R,S,T,U",2020,132.82
258,"R,S,T,U",2021,137.69
258,"R,S,T,U",2022,142.73
258,"R,S,T,U",2023,150.29
258,"R,S,T,U",2024,154.46
258,TOTAL,2020,100.8
258,TOTAL,2021,127.89
258,TOTAL,2022,162.65
258,TOTAL,2023,154.75
258,TOTAL,2024,158.15
258,TANPA_MIGAS,2020,142.76
258,TANPA_MIGAS,2021,144.41
258,TANPA_MIGAS,2022,150.68
258,TANPA_MIGAS,2023,154.45
258,TANPA_MIGAS,2024,158.38
259,A,2020,172.99
259,A,2021,176.82
259,A,2022,189.27
259,A,2023,199.54
259,A,2024,206.15
259,B,2020,149.73
259,B,2021,161.93
259,B,2022,174.35
259,B,2023,177.52
259,B,2024,178.5
259,C,2020,130.72
259,C,2021,135.8
259,C,2022,143.53
259,C,2023,151.83
259,C,2024,156.15
259,D,2020,133.27
259,D,2021,140.98
259,D,2022,143.72
259,D,2023,145.94
259,D,2024,145.01
259,E,2020,136.9
259,E,2021,138.65
259,E,2022,143.61
259,E,2023,146.2
259,E,2024,147.51
259,F,2020,161.66
259,F,2021,164.37
259,F,2022,169.78
259,F,2023,173.99
259,F,2024,178.03
259,G,2020,145.43
259,G,2021,148.01
259,G,2022,155.34
259,G,2023,163.59
259,G,2024,167.27
259,H,2020,158.73
259,H,2021,158.74
259,H,2022,167.62
259,H,2023,183.67
259,H,2024,184.82
259,I,2020,152.37
259,I,2021,160.11
259,I,2022,165.64
259,I,2023,172.56
259,I,2024,180.83
259,J,2020,110.69
259,J,2021,111.36
259,J,2022,113.18
259,J,2023,114.53
259,J,2024,117.12
259,K,2020,153.48
259,K,2021,158.0
259,K,2022,167.05
259,K,2023,171.81
259,K,2024,176.2
259,L,2020,142.78
259,L,2021,143.77
259,L,2022,145.81
259,L,2023,149.84
259,L,2024,152.5
259,"M,N",2020,149.12
259,"M,N",2021,150.0
259,"M,N",2022,155.86
259,"M,N",2023,162.62
259,"M,N",2024,169.35
259,O,2020,160.11
259,O,2021,159.15
259,O,2022,165.66
259,O,2023,173.2
259,O,2024,177.69
259,P,2020,143.82
259,P,2021,143.47
259,P,2022,145.23
259,P,2023,148.58
259,P,2024,154.33
259,Q,2020,143.69
259,Q,2021,146.54
259,Q,2022,151.23
259,Q,2023,157.14
259,Q,2024,163.6
259,"R,S,T,U",2020,147.31
259,"R,S,T,U",2021,152.52
259,"R,S,T,U",2022,158.38
259,"R,S,T,U",2023,164.57
259,"R,S,T,U",2024,168.42
259,TOTAL,2020,145.94
259,TOTAL,2021,149.85
259,TOTAL,2022,157.0
259,TOTAL,2023,163.77
259,TOTAL,2024,167.8
259,TANPA_MIGAS,2020,146.79
259,TANPA_MIGAS,2021,150.18
259,TANPA_MIGAS,2022,156.77
259,TANPA_MIGAS,2023,163.82
259,TANPA_MIGAS,2024,167.85
260,A,2020,159.51
260,A,2021,161.44
260,A,2022,171.17
260,A,2023,179.41
260,A,2024,182.04
260,B,2020,162.05
260,B,2021,168.76
260,B,2022,174.6
260,B,2023,179.6
260,B,2024,179.82
260,C,2020,145.11
260,C,2021,151.41
260,C,2022,156.65
260,C,2023,163.13
260,C,2024,168.02
260,D,2020,128.7
260,D,2021,133.42
260,D,2022,135.56
260,D,2023,138.01
260,D,2024,138.12
260,E,2020,136.59
260,E,2021,137.23
260,E,2022,141.68
260,E,2023,143.88
260,E,2024,145.04
260,F,2020,148.05
260,F,2021,148.12
260,F,2022,154.8
260,F,2023,157.63
260,F,2024,158.89
260,G,2020,137.59
260,G,2021,140.3
260,G,2022,148.82
260,G,2023,153.95
260,G,2024,156.61
260,H,2020,144.06
260,H,2021,143.35
260,H,2022,152.34
260,H,2023,166.72
260,H,2024,168.51
260,I,2020,151.83
260,I,2021,160.23
260,I,2022,166.87
260,I,2023,174.04
260,I,2024,177.4
260,J,2020,111.23
260,J,2021,111.64
260,J,2022,112.96
260,J,2023,113.65
260,J,2024,115.17
260,K,2020,148.8
260,K,2021,153.39
260,K,2022,164.29
260,K,2023,169.68
260,K,2024,171.89
260,L,2020,143.62
260,L,2021,144.63
260,L,2022,147.2
260,L,2023,149.24
260,L,2024,151.05
260,"M,N",2020,144.75
260,"M,N",2021,148.72
260,"M,N",2022,152.74
260,"M,N",2023,156.83
260,"M,N",2024,159.25
260,O,2020,151.49
260,O,2021,151.08
260,O,2022,162.71
260,O,2023,167.28
260,O,2024,175.56
260,P,2020,133.58
260,P,2021,134.14
260,P,2022,135.52
260,P,2023,137.9
260,P,2024,140.22
260,Q,2020,133.33
260,Q,2021,135.82
260,Q,2022,141.76
260,Q,2023,144.67
260,Q,2024,147.15
260,"R,S,T,U",2020,134.38
260,"R,S,T,U",2021,138.32
260,"R,S,T,U",2022,143.81
260,"R,S,T,U",2023,151.25
260,"R,S,T,U",2024,157.33
260,TOTAL,2020,145.22
260,TOTAL,2021,147.13
260,TOTAL,2022,154.31
260,TOTAL,2023,159.32
260,TOTAL,2024,161.8
260,TANPA_MIGAS,2020,145.22
260,TANPA_MIGAS,2021,147.13
260,TANPA_MIGAS,2022,154.31
260,TANPA_MIGAS,2023,159.32
260,TANPA_MIGAS,2024,161.8
261,A,2020,172.17
261,A,2021,174.47
261,A,2022,184.51
261,A,2023,193.05
261,A,2024,196.03
261,B,2020,93.21
261,B,2021,115.27
261,B,2022,146.58
261,B,2023,130.49
261,B,2024,131.78
261,C,2020,139.58
261,C,2021,145.08
261,C,2022,149.62
261,C,2023,156.39
261,C,2024,160.25
261,D,2020,125.58
261,D,2021,122.71
261,D,2022,124.1
261,D,2023,125.17
261,D,2024,123.78
261,E,2020,138.51
261,E,2021,139.46
261,E,2022,144.5
261,E,2023,146.95
261,E,2024,149.06
261,F,2020,136.91
261,F,2021,137.01
261,F,2022,144.29
261,F,2023,147.8
261,F,2024,149.39
261,G,2020,145.47
261,G,2021,147.94
261,G,2022,156.85
261,G,2023,162.55
261,G,2024,165.96
261,H,2020,150.88
261,H,2021,150.21
261,H,2022,157.34
261,H,2023,167.85
261,H,2024,170.6
261,I,2020,154.05
261,I,2021,161.96
261,I,2022,169.46
261,I,2023,177.28
261,I,2024,181.12
261,J,2020,117.75
261,J,2021,118.28
261,J,2022,119.38
261,J,2023,120.75
261,J,2024,121.91
261,K,2020,149.92
261,K,2021,155.21
261,K,2022,168.14
261,K,2023,172.23
261,K,2024,174.93
261,L,2020,135.44
261,L,2021,139.46
261,L,2022,142.08
261,L,2023,144.16
261,L,2024,145.93
261,"M,N",2020,148.19
261,"M,N",2021,149.96
261,"M,N",2022,154.53
261,"M,N",2023,158.94
261,"M,N",2024,161.53
261,O,2020,167.36
261,O,2021,166.27
261,O,2022,171.37
261,O,2023,178.87
261,O,2024,187.25
261,P,2020,138.17
261,P,2021,139.37
261,P,2022,141.81
261,P,2023,145.3
261,P,2024,147.69
261,Q,2020,136.34
261,Q,2021,139.83
261,Q,2022,146.89
261,Q,2023,151.65
261,Q,2024,153.2
261,"R,S,T,U",2020,146.86
261,"R,S,T,U",2021,152.12
261,"R,S,T,U",2022,158.87
261,"R,S,T,U",2023,166.59
261,"R,S,T,U",2024,171.37
261,TOTAL,2020,137.55
261,TOTAL,2021,142.77
261,TOTAL,2022,150.65
261,TOTAL,2023,154.85
261,TOTAL,2024,158.13
261,TANPA_MIGAS,2020,142.46
261,TANPA_MIGAS,2021,146.04
261,TANPA_MIGAS,2022,151.67
261,TANPA_MIGAS,2023,157.68
261,TANPA_MIGAS,2024,160.87
262,A,2020,159.48
262,A,2021,162.42
262,A,2022,173.5
262,A,2023,179.6
262,A,2024,184.38
262,B,2020,88.9
262,B,2021,125.74
262,B,2022,172.77
262,B,2023,151.89
262,B,2024,150.78
262,C,2020,144.58
262,C,2021,148.7
262,C,2022,154.73
262,C,2023,160.56
262,C,2024,167.09
262,D,2020,121.94
262,D,2021,122.23
262,D,2022,124.93
262,D,2023,129.52
262,D,2024,130.38
262,E,2020,152.68
262,E,2021,153.3
262,E,2022,160.05
262,E,2023,163.89
262,E,2024,167.35
262,F,2020,156.93
262,F,2021,157.28
262,F,2022,167.04
262,F,2023,171.51
262,F,2024,173.69
262,G,2020,141.69
262,G,2021,143.88
262,G,2022,151.23
262,G,2023,160.7
262,G,2024,162.75
262,H,2020,140.95
262,H,2021,140.79
262,H,2022,148.42
262,H,2023,160.24
262,H,2024,162.08
262,I,2020,146.96
262,I,2021,154.67
262,I,2022,161.66
262,I,2023,171.89
262,I,2024,179.65
262,J,2020,107.73
262,J,2021,108.04
262,J,2022,110.22
262,J,2023,115.97
262,J,2024,121.65
262,K,2020,137.62
262,K,2021,140.17
262,K,2022,149.12
262,K,2023,152.89
262,K,2024,155.16
262,L,2020,132.66
262,L,2021,133.62
262,L,2022,135.62
262,L,2023,140.54
262,L,2024,146.42
262,"M,N",2020,151.83
262,"M,N",2021,153.61
262,"M,N",2022,157.13
262,"M,N",2023,157.39
262,"M,N",2024,159.89
262,O,2020,177.88
262,O,2021,177.44
262,O,2022,182.94
262,O,2023,193.64
262,O,2024,204.17
262,P,2020,140.48
262,P,2021,140.65
262,P,2022,142.51
262,P,2023,144.85
262,P,2024,146.98
262,Q,2020,126.54
262,Q,2021,127.18
262,Q,2022,134.25
262,Q,2023,145.72
262,Q,2024,148.37
262,"R,S,T,U",2020,129.41
262,"R,S,T,U",2021,133.09
262,"R,S,T,U",2022,138.61
262,"R,S,T,U",2023,141.13
262,"R,S,T,U",2024,145.44
262,TOTAL,2020,132.97
262,TOTAL,2021,144.33
262,TOTAL,2022,160.17
262,TOTAL,2023,161.62
262,TOTAL,2024,164.25
262,TANPA_MIGAS,2020,148.46
262,TANPA_MIGAS,2021,149.83
262,TANPA_MIGAS,2022,157.41
262,TANPA_MIGAS,2023,163.55
262,TANPA_MIGAS,2024,166.83
263,A,2020,159.92
263,A,2021,161.87
263,A,2022,173.26
263,A,2023,179.57
263,A,2024,184.15
263,B,2020,112.05
263,B,2021,131.88
263,B,2022,172.23
263,B,2023,166.08
263,B,2024,168.09
263,C,2020,138.78
263,C,2021,143.41
263,C,2022,149.02
263,C,2023,154.26
263,C,2024,160.66
263,D,2020,129.68
263,D,2021,135.59
263,D,2022,139.93
263,D,2023,143.08
263,D,2024,143.6
263,E,2020,135.87
263,E,2021,139.76
263,E,2022,144.95
263,E,2023,146.6
263,E,2024,147.29
263,F,2020,149.17
263,F,2021,149.24
263,F,2022,157.71
263,F,2023,162.79
263,F,2024,165.05
263,G,2020,148.19
263,G,2021,152.01
263,G,2022,159.36
263,G,2023,165.34
263,G,2024,168.16
263,H,2020,143.54
263,H,2021,143.61
263,H,2022,151.33
263,H,2023,165.43
263,H,2024,167.31
263,I,2020,141.88
263,I,2021,148.68
263,I,2022,152.8
263,I,2023,157.01
263,I,2024,159.71
263,J,2020,112.94
263,J,2021,113.64
263,J,2022,114.61
263,J,2023,116.54
263,J,2024,117.28
263,K,2020,150.83
263,K,2021,152.44
263,K,2022,158.34
263,K,2023,162.86
263,K,2024,164.79
263,L,2020,135.91
263,L,2021,140.94
263,L,2022,142.9
263,L,2023,145.46
263,L,2024,147.11
263,"M,N",2020,153.35
263,"M,N",2021,154.24
263,"M,N",2022,158.42
263,"M,N",2023,160.54
263,"M,N",2024,162.52
263,O,2020,158.47
263,O,2021,157.21
263,O,2022,159.04
263,O,2023,167.93
263,O,2024,172.71
263,P,2020,147.58
263,P,2021,148.19
263,P,2022,149.62
263,P,2023,152.1
263,P,2024,153.17
263,Q,2020,144.87
263,Q,2021,145.89
263,Q,2022,149.73
263,Q,2023,154.31
263,Q,2024,155.06
263,"R,S,T,U",2020,141.05
263,"R,S,T,U",2021,144.02
263,"R,S,T,U",2022,148.9
263,"R,S,T,U",2023,157.36
263,"R,S,T,U",2024,162.17
263,TOTAL,2020,142.2
263,TOTAL,2021,147.58
263,TOTAL,2022,160.81
263,TOTAL,2023,164.14
263,TOTAL,2024,166.71
263,TANPA_MIGAS,2020,149.93
263,TANPA_MIGAS,2021,151.8
263,TANPA_MIGAS,2022,159.11
263,TANPA_MIGAS,2023,164.55
263,TANPA_MIGAS,2024,167.36
264,A,2020,169.77
264,A,2021,175.22
264,A,2022,185.52
264,A,2023,191.35
264,A,2024,198.96
264,B,2020,151.85
264,B,2021,156.19
264,B,2022,160.66
264,B,2023,165.79
264,B,2024,169.73
264,C,2020,150.54
264,C,2021,156.35
264,C,2022,162.19
264,C,2023,171.43
264,C,2024,179.99
264,D,2020,129.71
264,D,2021,131.42
264,D,2022,133.79
264,D,2023,136.12
264,D,2024,136.6
264,E,2020,127.48
264,E,2021,127.3
264,E,2022,130.28
264,E,2023,131.67
264,E,2024,132.96
264,F,2020,149.4
264,F,2021,150.65
264,F,2022,157.04
264,F,2023,159.35
264,F,2024,161.38
264,G,2020,144.47
264,G,2021,146.22
264,G,2022,153.39
264,G,2023,159.17
264,G,2024,162.2
264,H,2020,139.4
264,H,2021,139.38
264,H,2022,147.15
264,H,2023,160.25
264,H,2024,161.71
264,I,2020,148.92
264,I,2021,155.86
264,I,2022,161.06
264,I,2023,166.7
264,I,2024,169.98
264,J,2020,115.79
264,J,2021,116.4
264,J,2022,117.93
264,J,2023,119.82
264,J,2024,121.77
264,K,2020,153.63
264,K,2021,156.12
264,K,2022,163.91
264,K,2023,170.17
264,K,2024,176.64
264,L,2020,138.07
264,L,2021,138.76
264,L,2022,141.83
264,L,2023,144.61
264,L,2024,146.78
264,"M,N",2020,136.26
264,"M,N",2021,137.94
264,"M,N",2022,141.68
264,"M,N",2023,146.72
264,"M,N",2024,151.63
264,O,2020,159.48
264,O,2021,159.11
264,O,2022,161.83
264,O,2023,167.69
264,O,2024,174.57
264,P,2020,140.91
264,P,2021,141.46
264,P,2022,143.49
264,P,2023,149.07
264,P,2024,153.3
264,Q,2020,137.87
264,Q,2021,138.38
264,Q,2022,144.03
264,Q,2023,146.84
264,Q,2024,147.66
264,"R,S,T,U",2020,134.18
264,"R,S,T,U",2021,137.16
264,"R,S,T,U",2022,142.11
264,"R,S,T,U",2023,152.22
264,"R,S,T,U",2024,155.65
264,TOTAL,2020,151.06
264,TOTAL,2021,153.61
264,TOTAL,2022,160.11
264,TOTAL,2023,165.35
264,TOTAL,2024,169.81
264,TANPA_MIGAS,2020,151.06
264,TANPA_MIGAS,2021,153.61
264,TANPA_MIGAS,2022,160.11
264,TANPA_MIGAS,2023,165.35
264,TANPA_MIGAS,2024,169.81
265,A,2020,167.26
265,A,2021,171.39
265,A,2022,183.6
265,A,2023,192.19
265,A,2024,197.16
265,B,2020,99.55
265,B,2021,120.64
265,B,2022,164.33
265,B,2023,149.7
265,B,2024,148.05
265,C,2020,142.3
265,C,2021,147.01
265,C,2022,152.18
265,C,2023,158.5
265,C,2024,163.7
265,D,2020,126.68
265,D,2021,127.35
265,D,2022,129.18
265,D,2023,132.32
265,D,2024,133.13
265,E,2020,120.47
265,E,2021,121.67
265,E,2022,124.98
265,E,2023,126.68
265,E,2024,128.74
265,F,2020,142.5
265,F,2021,143.18
265,F,2022,151.79
265,F,2023,156.63
265,F,2024,159.0
265,G,2020,137.73
265,G,2021,141.05
265,G,2022,148.44
265,G,2023,154.07
265,G,2024,157.09
265,H,2020,134.07
265,H,2021,133.37
265,H,2022,140.12
265,H,2023,150.35
265,H,2024,152.52
265,I,2020,127.02
265,I,2021,133.63
265,I,2022,139.45
265,I,2023,142.85
265,I,2024,144.88
265,J,2020,115.69
265,J,2021,116.29
265,J,2022,117.8
265,J,2023,119.69
265,J,2024,120.95
265,K,2020,139.65
265,K,2021,143.03
265,K,2022,151.63
265,K,2023,156.18
265,K,2024,159.32
265,L,2020,127.44
265,L,2021,128.3
265,L,2022,131.14
265,L,2023,134.41
265,L,2024,136.9
265,"M,N",2020,141.26
265,"M,N",2021,143.05
265,"M,N",2022,146.76
265,"M,N",2023,153.47
265,"M,N",2024,159.11
265,O,2020,168.84
265,O,2021,168.63
265,O,2022,171.09
265,O,2023,181.49
265,O,2024,187.32
265,P,2020,143.06
265,P,2021,143.63
265,P,2022,145.79
265,P,2023,149.92
265,P,2024,152.85
265,Q,2020,132.83
265,Q,2021,133.64
265,Q,2022,139.8
265,Q,2023,143.49
265,Q,2024,148.1
265,"R,S,T,U",2020,131.67
265,"R,S,T,U",2021,136.38
265,"R,S,T,U",2022,142.15
265,"R,S,T,U",2023,149.87
265,"R,S,T,U",2024,155.49
265,TOTAL,2020,139.09
265,TOTAL,2021,146.1
265,TOTAL,2022,161.59
265,TOTAL,2023,163.71
265,TOTAL,2024,166.05
265,TANPA_MIGAS,2020,149.83
265,TANPA_MIGAS,2021,152.47
265,TANPA_MIGAS,2022,160.43
265,TANPA_MIGAS,2023,166.66
265,TANPA_MIGAS,2024,169.74
266,A,2020,163.8
266,A,2021,171.96
266,A,2022,181.12
266,A,2023,188.65
266,A,2024,199.5
266,B,2020,134.57
266,B,2021,140.43
266,B,2022,145.5
266,B,2023,150.44
266,B,2024,152.57
266,C,2020,161.63
266,C,2021,169.59
266,C,2022,176.11
266,C,2023,180.62
266,C,2024,184.54
266,D,2020,126.79
266,D,2021,126.82
266,D,2022,129.46
266,D,2023,131.95
266,D,2024,132.6
266,E,2020,129.8
266,E,2021,130.95
266,E,2022,137.14
266,E,2023,143.46
266,E,2024,145.94
266,F,2020,150.29
266,F,2021,152.62
266,F,2022,161.22
266,F,2023,166.57
266,F,2024,167.97
266,G,2020,140.11
266,G,2021,143.13
266,G,2022,151.36
266,G,2023,157.06
266,G,2024,161.1
266,H,2020,149.68
266,H,2021,149.53
266,H,2022,157.13
266,H,2023,169.8
266,H,2024,171.26
266,I,2020,151.04
266,I,2021,156.85
266,I,2022,162.67
266,I,2023,170.3
266,I,2024,174.9
266,J,2020,108.04
266,J,2021,108.97
266,J,2022,110.0
266,J,2023,111.41
266,J,2024,113.13
266,K,2020,151.24
266,K,2021,154.7
266,K,2022,166.12
266,K,2023,173.14
266,K,2024,175.5
266,L,2020,131.0
266,L,2021,131.72
266,L,2022,134.01
266,L,2023,136.29
266,L,2024,138.46
266,"M,N",2020,153.42
266,"M,N",2021,156.69
266,"M,N",2022,162.45
266,"M,N",2023,168.04
266,"M,N",2024,171.18
266,O,2020,162.34
266,O,2021,161.52
266,O,2022,167.63
266,O,2023,177.47
266,O,2024,200.07
266,P,2020,142.48
266,P,2021,142.69
266,P,2022,143.86
266,P,2023,146.11
266,P,2024,149.16
266,Q,2020,138.61
266,Q,2021,139.83
266,Q,2022,145.23
266,Q,2023,151.39
266,Q,2024,153.47
266,"R,S,T,U",2020,137.23
266,"R,S,T,U",2021,142.14
266,"R,S,T,U",2022,149.66
266,"R,S,T,U",2023,158.73
266,"R,S,T,U",2024,162.45
266,TOTAL,2020,156.93
266,TOTAL,2021,163.57
266,TOTAL,2022,169.93
266,TOTAL,2023,174.33
266,TOTAL,2024,178.05
266,TANPA_MIGAS,2020,156.93
266,TANPA_MIGAS,2021,163.57
266,TANPA_MIGAS,2022,169.93
266,TANPA_MIGAS,2023,174.33
266,TANPA_MIGAS,2024,178.05
267,A,2020,161.75
267,A,2021,163.89
267,A,2022,174.9
267,A,2023,183.58
267,A,2024,185.67
267,B,2020,143.0
267,B,2021,144.51
267,B,2022,149.83
267,B,2023,154.05
267,B,2024,154.49
267,C,2020,151.67
267,C,2021,158.46
267,C,2022,165.01
267,C,2023,170.6
267,C,2024,176.08
267,D,2020,131.84
267,D,2021,132.27
267,D,2022,135.06
267,D,2023,137.61
267,D,2024,137.13
267,E,2020,118.06
267,E,2021,121.25
267,E,2022,125.73
267,E,2023,128.66
267,E,2024,131.65
267,F,2020,149.95
267,F,2021,152.32
267,F,2022,158.69
267,F,2023,164.14
267,F,2024,172.06
267,G,2020,142.26
267,G,2021,144.77
267,G,2022,155.08
267,G,2023,160.46
267,G,2024,162.6
267,H,2020,148.84
267,H,2021,149.03
267,H,2022,158.58
267,H,2023,170.52
267,H,2024,175.15
267,I,2020,147.04
267,I,2021,153.93
267,I,2022,160.96
267,I,2023,168.35
267,I,2024,175.89
267,J,2020,114.47
267,J,2021,114.99
267,J,2022,116.59
267,J,2023,117.94
267,J,2024,119.59
267,K,2020,149.66
267,K,2021,154.12
267,K,2022,166.3
267,K,2023,171.4
267,K,2024,172.91
267,L,2020,133.76
267,L,2021,134.51
267,L,2022,135.95
267,L,2023,137.78
267,L,2024,140.05
267,"M,N",2020,136.93
267,"M,N",2021,140.2
267,"M,N",2022,143.16
267,"M,N",2023,146.97
267,"M,N",2024,148.83
267,O,2020,155.6
267,O,2021,155.16
267,O,2022,157.05
267,O,2023,164.16
267,O,2024,175.62
267,P,2020,149.41
267,P,2021,150.07
267,P,2022,151.63
267,P,2023,154.85
267,P,2024,160.33
267,Q,2020,140.08
267,Q,2021,140.65
267,Q,2022,145.22
267,Q,2023,150.26
267,Q,2024,150.63
267,"R,S,T,U",2020,136.43
267,"R,S,T,U",2021,140.35
267,"R,S,T,U",2022,146.2
267,"R,S,T,U",2023,150.4
267,"R,S,T,U",2024,153.28
267,TOTAL,2020,142.04
267,TOTAL,2021,144.45
267,TOTAL,2022,151.19
267,TOTAL,2023,156.07
267,TOTAL,2024,159.89
267,TANPA_MIGAS,2020,142.04
267,TANPA_MIGAS,2021,144.45
267,TANPA_MIGAS,2022,151.19
267,TANPA_MIGAS,2023,156.07
267,TANPA_MIGAS,2024,159.89
268,A,2020,167.99
268,A,2021,167.81
268,A,2022,176.9
268,A,2023,189.47
268,A,2024,195.4
268,B,2020,157.92
268,B,2021,156.77
268,B,2022,159.75
268,B,2023,168.26
268,B,2024,169.05
268,C,2020,160.02
268,C,2021,166.23
268,C,2022,172.46
268,C,2023,179.36
268,C,2024,184.98
268,D,2020,124.79
268,D,2021,126.93
268,D,2022,129.92
268,D,2023,131.38
268,D,2024,131.45
268,E,2020,120.46
268,E,2021,124.63
268,E,2022,128.24
268,E,2023,130.34
268,E,2024,132.68
268,F,2020,135.79
268,F,2021,136.96
268,F,2022,143.2
268,F,2023,147.48
268,F,2024,150.11
268,G,2020,133.18
268,G,2021,135.34
268,G,2022,142.44
268,G,2023,147.43
268,G,2024,150.43
268,H,2020,136.17
268,H,2021,136.28
268,H,2022,145.18
268,H,2023,159.64
268,H,2024,160.06
268,I,2020,149.92
268,I,2021,154.19
268,I,2022,159.07
268,I,2023,163.78
268,I,2024,165.91
268,J,2020,108.75
268,J,2021,109.48
268,J,2022,111.53
268,J,2023,112.89
268,J,2024,113.98
268,K,2020,157.7
268,K,2021,161.98
268,K,2022,175.19
268,K,2023,182.09
268,K,2024,183.72
268,L,2020,133.38
268,L,2021,134.64
268,L,2022,135.85
268,L,2023,137.25
268,L,2024,138.58
268,"M,N",2020,150.56
268,"M,N",2021,151.73
268,"M,N",2022,154.48
268,"M,N",2023,158.33
268,"M,N",2024,160.4
268,O,2020,160.31
268,O,2021,159.0
268,O,2022,161.31
268,O,2023,169.0
268,O,2024,176.31
268,P,2020,144.16
268,P,2021,145.48
268,P,2022,147.26
268,P,2023,149.55
268,P,2024,152.02
268,Q,2020,130.81
268,Q,2021,131.79
268,Q,2022,136.67
268,Q,2023,140.47
268,Q,2024,140.95
268,"R,S,T,U",2020,126.43
268,"R,S,T,U",2021,130.07
268,"R,S,T,U",2022,135.83
268,"R,S,T,U",2023,141.51
268,"R,S,T,U",2024,144.31
268,TOTAL,2020,141.07
268,TOTAL,2021,143.72
268,TOTAL,2022,149.63
268,TOTAL,2023,154.78
268,TOTAL,2024,157.98
268,TANPA_MIGAS,2020,141.07
268,TANPA_MIGAS,2021,143.72
268,TANPA_MIGAS,2022,149.63
268,TANPA_MIGAS,2023,154.78
268,TANPA_MIGAS,2024,157.98
269,A,2020,151.56
269,A,2021,155.64
269,A,2022,166.69
269,A,2023,173.65
269,A,2024,180.93
269,B,2020,
269,B,2021,
269,B,2022,
269,B,2023,
269,B,2024,
269,C,2020,130.22
269,C,2021,134.83
269,C,2022,139.83
269,C,2023,145.47
269,C,2024,150.26
269,D,2020,139.08
269,D,2021,140.37
269,D,2022,143.92
269,D,2023,145.46
269,D,2024,144.55
269,E,2020,118.94
269,E,2021,119.63
269,E,2022,124.63
269,E,2023,127.55
269,E,2024,132.46
269,F,2020,127.0
269,F,2021,127.94
269,F,2022,134.38
269,F,2023,138.32
269,F,2024,143.08
269,G,2020,145.18
269,G,2021,148.17
269,G,2022,155.17
269,G,2023,161.14
269,G,2024,165.2
269,H,2020,133.28
269,H,2021,132.79
269,H,2022,140.08
269,H,2023,151.44
269,H,2024,152.16
269,I,2020,153.05
269,I,2021,160.88
269,I,2022,167.24
269,I,2023,174.12
269,I,2024,181.53
269,J,2020,109.86
269,J,2021,109.98
269,J,2022,110.3
269,J,2023,112.08
269,J,2024,112.81
269,K,2020,152.02
269,K,2021,155.83
269,K,2022,166.33
269,K,2023,173.0
269,K,2024,174.37
269,L,2020,135.43
269,L,2021,136.21
269,L,2022,138.2
269,L,2023,139.85
269,L,2024,141.65
269,"M,N",2020,139.02
269,"M,N",2021,140.52
269,"M,N",2022,146.56
269,"M,N",2023,151.4
269,"M,N",2024,159.97
269,O,2020,159.55
269,O,2021,159.02
269,O,2022,159.92
269,O,2023,169.36
269,O,2024,177.08
269,P,2020,135.1
269,P,2021,134.26
269,P,2022,135.91
269,P,2023,138.54
269,P,2024,141.15
269,Q,2020,132.56
269,Q,2021,134.24
269,Q,2022,138.06
269,Q,2023,143.55
269,Q,2024,146.72
269,"R,S,T,U",2020,130.84
269,"R,S,T,U",2021,134.85
269,"R,S,T,U",2022,140.59
269,"R,S,T,U",2023,145.16
269,"R,S,T,U",2024,147.75
269,TOTAL,2020,137.82
269,TOTAL,2021,139.93
269,TOTAL,2022,145.74
269,TOTAL,2023,151.95
269,TOTAL,2024,155.41
269,TANPA_MIGAS,2020,137.82
269,TANPA_MIGAS,2021,139.93
269,TANPA_MIGAS,2022,145.74
269,TANPA_MIGAS,2023,151.95
269,TANPA_MIGAS,2024,155.41
270,A,2020,154.29
270,A,2021,155.41
270,A,2022,165.31
270,A,2023,172.7
270,A,2024,175.98
270,B,2020,148.42
270,B,2021,157.15
270,B,2022,159.65
270,B,2023,164.93
270,B,2024,169.03
270,C,2020,145.84
270,C,2021,151.32
270,C,2022,157.64
270,C,2023,165.76
270,C,2024,169.67
270,D,2020,118.68
270,D,2021,121.13
270,D,2022,122.47
270,D,2023,122.55
270,D,2024,122.69
270,E,2020,121.18
270,E,2021,121.82
270,E,2022,123.92
270,E,2023,125.13
270,E,2024,126.24
270,F,2020,138.49
270,F,2021,141.06
270,F,2022,147.0
270,F,2023,147.46
270,F,2024,149.3
270,G,2020,145.61
270,G,2021,147.98
270,G,2022,155.43
270,G,2023,161.38
270,G,2024,164.69
270,H,2020,146.18
270,H,2021,147.48
270,H,2022,164.71
270,H,2023,184.82
270,H,2024,187.88
270,I,2020,152.84
270,I,2021,157.4
270,I,2022,163.54
270,I,2023,167.9
270,I,2024,172.72
270,J,2020,110.93
270,J,2021,111.29
270,J,2022,112.62
270,J,2023,113.51
270,J,2024,114.5
270,K,2020,140.86
270,K,2021,143.48
270,K,2022,149.52
270,K,2023,154.28
270,K,2024,156.45
270,L,2020,140.5
270,L,2021,141.47
270,L,2022,143.14
270,L,2023,145.46
270,L,2024,146.67
270,"M,N",2020,142.17
270,"M,N",2021,146.41
270,"M,N",2022,151.92
270,"M,N",2023,156.53
270,"M,N",2024,160.93
270,O,2020,152.62
270,O,2021,152.03
270,O,2022,160.27
270,O,2023,165.14
270,O,2024,172.57
270,P,2020,137.8
270,P,2021,138.61
270,P,2022,139.74
270,P,2023,144.8
270,P,2024,147.64
270,Q,2020,127.76
270,Q,2021,129.99
270,Q,2022,137.9
270,Q,2023,146.49
270,Q,2024,150.68
270,"R,S,T,U",2020,138.13
270,"R,S,T,U",2021,142.73
270,"R,S,T,U",2022,150.34
270,"R,S,T,U",2023,160.18
270,"R,S,T,U",2024,168.69
270,TOTAL,2020,141.02
270,TOTAL,2021,143.56
270,TOTAL,2022,150.47
270,TOTAL,2023,156.69
270,TOTAL,2024,160.15
270,TANPA_MIGAS,2020,141.02
270,TANPA_MIGAS,2021,143.56
270,TANPA_MIGAS,2022,150.47
270,TANPA_MIGAS,2023,156.69
270,TANPA_MIGAS,2024,160.15
271,A,2020,160.13
271,A,2021,155.85
271,A,2022,170.18
271,A,2023,178.38
271,A,2024,183.04
271,B,2020,
271,B,2021,
271,B,2022,
271,B,2023,
271,B,2024,
271,C,2020,148.8
271,C,2021,151.33
271,C,2022,156.56
271,C,2023,156.83
271,C,2024,164.01
271,D,2020,115.22
271,D,2021,116.87
271,D,2022,117.77
271,D,2023,118.52
271,D,2024,119.44
271,E,2020,108.04
271,E,2021,109.19
271,E,2022,114.18
271,E,2023,116.91
271,E,2024,118.05
271,F,2020,132.48
271,F,2021,133.82
271,F,2022,141.21
271,F,2023,144.06
271,F,2024,144.27
271,G,2020,138.62
271,G,2021,141.26
271,G,2022,148.94
271,G,2023,154.14
271,G,2024,157.04
271,H,2020,140.87
271,H,2021,141.88
271,H,2022,151.33
271,H,2023,163.72
271,H,2024,165.92
271,I,2020,150.4
271,I,2021,158.81
271,I,2022,167.52
271,I,2023,173.31
271,I,2024,177.86
271,J,2020,108.18
271,J,2021,108.79
271,J,2022,109.9
271,J,2023,110.83
271,J,2024,112.59
271,K,2020,155.46
271,K,2021,160.36
271,K,2022,172.57
271,K,2023,176.32
271,K,2024,177.97
271,L,2020,140.23
271,L,2021,140.51
271,L,2022,143.15
271,L,2023,146.34
271,L,2024,148.23
271,"M,N",2020,149.64
271,"M,N",2021,150.51
271,"M,N",2022,156.61
271,"M,N",2023,159.62
271,"M,N",2024,162.29
271,O,2020,158.84
271,O,2021,158.75
271,O,2022,162.62
271,O,2023,167.38
271,O,2024,171.65
271,P,2020,145.2
271,P,2021,145.05
271,P,2022,146.96
271,P,2023,149.96
271,P,2024,151.84
271,Q,2020,136.22
271,Q,2021,139.31
271,Q,2022,144.31
271,Q,2023,147.47
271,Q,2024,148.66
271,"R,S,T,U",2020,132.75
271,"R,S,T,U",2021,137.66
271,"R,S,T,U",2022,142.45
271,"R,S,T,U",2023,147.68
271,"R,S,T,U",2024,149.79
271,TOTAL,2020,137.21
271,TOTAL,2021,139.37
271,TOTAL,2022,145.38
271,TOTAL,2023,148.87
271,TOTAL,2024,151.44
271,TANPA_MIGAS,2020,137.21
271,TANPA_MIGAS,2021,139.37
271,TANPA_MIGAS,2022,145.38
271,TANPA_MIGAS,2023,148.87
271,TANPA_MIGAS,2024,151.44
272,A,2020,142.9
272,A,2021,138.89
272,A,2022,149.48
272,A,2023,157.41
272,A,2024,162.82
272,B,2020,142.18
272,B,2021,146.0
272,B,2022,149.08
272,B,2023,153.93
272,B,2024,157.12
272,C,2020,124.47
272,C,2021,129.55
272,C,2022,134.09
272,C,2023,138.44
272,C,2024,141.38
272,D,2020,130.77
272,D,2021,129.62
272,D,2022,132.09
272,D,2023,133.7
272,D,2024,134.54
272,E,2020,130.25
272,E,2021,131.63
272,E,2022,135.38
272,E,2023,137.63
272,E,2024,138.61
272,F,2020,129.55
272,F,2021,131.83
272,F,2022,140.32
272,F,2023,144.95
272,F,2024,147.56
272,G,2020,148.28
272,G,2021,150.91
272,G,2022,158.74
272,G,2023,164.31
272,G,2024,167.68
272,H,2020,149.98
272,H,2021,151.43
272,H,2022,161.41
272,H,2023,175.26
272,H,2024,178.25
272,I,2020,128.56
272,I,2021,134.89
272,I,2022,138.94
272,I,2023,144.25
272,I,2024,149.99
272,J,2020,111.92
272,J,2021,112.94
272,J,2022,113.08
272,J,2023,115.1
272,J,2024,116.93
272,K,2020,151.18
272,K,2021,154.66
272,K,2022,166.95
272,K,2023,171.01
272,K,2024,174.67
272,L,2020,144.72
272,L,2021,145.33
272,L,2022,147.27
272,L,2023,149.59
272,L,2024,150.68
272,"M,N",2020,130.45
272,"M,N",2021,133.39
272,"M,N",2022,136.8
272,"M,N",2023,139.22
272,"M,N",2024,141.37
272,O,2020,143.62
272,O,2021,143.48
272,O,2022,146.23
272,O,2023,149.05
272,O,2024,157.35
272,P,2020,141.52
272,P,2021,141.3
272,P,2022,143.27
272,P,2023,147.07
272,P,2024,151.71
272,Q,2020,138.5
272,Q,2021,140.4
272,Q,2022,143.9
272,Q,2023,148.84
272,Q,2024,150.77
272,"R,S,T,U",2020,135.61
272,"R,S,T,U",2021,139.08
272,"R,S,T,U",2022,143.45
272,"R,S,T,U",2023,148.61
272,"R,S,T,U",2024,152.67
272,TOTAL,2020,134.45
272,TOTAL,2021,136.99
272,TOTAL,2022,142.26
272,TOTAL,2023,146.68
272,TOTAL,2024,149.96
272,TANPA_MIGAS,2020,134.45
272,TANPA_MIGAS,2021,136.99
272,TANPA_MIGAS,2022,142.26
272,TANPA_MIGAS,2023,146.68
272,TANPA_MIGAS,2024,149.96
273,A,2020,162.29
273,A,2021,165.61
273,A,2022,171.45
273,A,2023,178.1
273,A,2024,179.1
273,B,2020,164.12
273,B,2021,168.18
273,B,2022,174.88
273,B,2023,182.2
273,B,2024,173.18
273,C,2020,140.63
273,C,2021,143.05
273,C,2022,149.03
273,C,2023,154.97
273,C,2024,159.79
273,D,2020,154.35
273,D,2021,157.15
273,D,2022,165.02
273,D,2023,171.51
273,D,2024,172.5
273,E,2020,130.87
273,E,2021,131.01
273,E,2022,137.17
273,E,2023,139.02
273,E,2024,139.76
273,F,2020,135.38
273,F,2021,137.94
273,F,2022,144.04
273,F,2023,145.04
273,F,2024,146.81
273,G,2020,140.35
273,G,2021,143.2
273,G,2022,151.17
273,G,2023,156.37
273,G,2024,159.8
273,H,2020,152.97
273,H,2021,153.55
273,H,2022,159.84
273,H,2023,169.86
273,H,2024,172.87
273,I,2020,152.75
273,I,2021,159.76
273,I,2022,164.71
273,I,2023,171.22
273,I,2024,175.58
273,J,2020,112.66
273,J,2021,112.76
273,J,2022,113.26
273,J,2023,114.06
273,J,2024,114.91
273,K,2020,151.75
273,K,2021,158.14
273,K,2022,172.79
273,K,2023,175.36
273,K,2024,176.86
273,L,2020,139.58
273,L,2021,141.24
273,L,2022,142.67
273,L,2023,144.45
273,L,2024,145.34
273,"M,N",2020,160.4
273,"M,N",2021,162.05
273,"M,N",2022,166.2
273,"M,N",2023,170.56
273,"M,N",2024,173.87
273,O,2020,173.27
273,O,2021,175.01
273,O,2022,178.41
273,O,2023,179.29
273,O,2024,187.16
273,P,2020,146.36
273,P,2021,147.03
273,P,2022,148.64
273,P,2023,151.08
273,P,2024,153.3
273,Q,2020,137.9
273,Q,2021,140.26
273,Q,2022,145.62
273,Q,2023,151.5
273,Q,2024,153.4
273,"R,S,T,U",2020,141.99
273,"R,S,T,U",2021,146.59
273,"R,S,T,U",2022,152.39
273,"R,S,T,U",2023,163.08
273,"R,S,T,U",2024,165.67
273,TOTAL,2020,141.84
273,TOTAL,2021,144.76
273,TOTAL,2022,150.97
273,TOTAL,2023,155.83
273,TOTAL,2024,159.13
273,TANPA_MIGAS,2020,141.84
273,TANPA_MIGAS,2021,144.76
273,TANPA_MIGAS,2022,150.97
273,TANPA_MIGAS,2023,155.83
273,TANPA_MIGAS,2024,159.13
274,A,2020,162.26
274,A,2021,165.67
274,A,2022,173.06
274,A,2023,181.76
274,A,2024,190.12
274,B,2020,155.89
274,B,2021,158.2
274,B,2022,164.81
274,B,2023,165.25
274,B,2024,168.08
274,C,2020,162.13
274,C,2021,170.59
274,C,2022,175.81
274,C,2023,183.39
274,C,2024,190.65
274,D,2020,118.43
274,D,2021,118.87
274,D,2022,121.49
274,D,2023,123.37
274,D,2024,123.71
274,E,2020,123.1
274,E,2021,123.61
274,E,2022,127.3
274,E,2023,130.64
274,E,2024,131.38
274,F,2020,150.31
274,F,2021,151.82
274,F,2022,162.15
274,F,2023,171.13
274,F,2024,173.09
274,G,2020,138.55
274,G,2021,140.69
274,G,2022,147.31
274,G,2023,152.51
274,G,2024,156.37
274,H,2020,131.25
274,H,2021,131.58
274,H,2022,138.48
274,H,2023,149.5
274,H,2024,152.57
274,I,2020,161.35
274,I,2021,165.98
274,I,2022,171.76
274,I,2023,177.92
274,I,2024,184.23
274,J,2020,111.24
274,J,2021,111.59
274,J,2022,112.91
274,J,2023,114.65
274,J,2024,116.95
274,K,2020,152.81
274,K,2021,155.29
274,K,2022,165.85
274,K,2023,170.91
274,K,2024,175.04
274,L,2020,140.88
274,L,2021,141.81
274,L,2022,143.27
274,L,2023,146.61
274,L,2024,149.81
274,"M,N",2020,141.32
274,"M,N",2021,145.27
274,"M,N",2022,148.49
274,"M,N",2023,152.11
274,"M,N",2024,153.9
274,O,2020,152.87
274,O,2021,152.48
274,O,2022,153.18
274,O,2023,159.07
274,O,2024,167.83
274,P,2020,140.12
274,P,2021,139.57
274,P,2022,140.8
274,P,2023,145.77
274,P,2024,149.84
274,Q,2020,138.76
274,Q,2021,142.89
274,Q,2022,147.88
274,Q,2023,155.53
274,Q,2024,156.18
274,"R,S,T,U",2020,134.49
274,"R,S,T,U",2021,137.75
274,"R,S,T,U",2022,142.02
274,"R,S,T,U",2023,147.18
274,"R,S,T,U",2024,151.13
274,TOTAL,2020,144.36
274,TOTAL,2021,146.81
274,TOTAL,2022,152.6
274,TOTAL,2023,158.66
274,TOTAL,2024,163.04
274,TANPA_MIGAS,2020,144.36
274,TANPA_MIGAS,2021,146.81
274,TANPA_MIGAS,2022,152.6
274,TANPA_MIGAS,2023,158.66
274,TANPA_MIGAS,2024,163.04
275,A,2020,0.87
275,A,2021,1.65
275,A,2022,5.04
275,A,2023,5.83
275,A,2024,2.98
275,B,2020,0.56
275,B,2021,1.93
275,B,2022,3.65
275,B,2023,3.96
275,B,2024,0.31
275,C,2020,1.59
275,C,2021,4.35
275,C,2022,3.85
275,C,2023,4.49
275,C,2024,3.84
275,D,2020,-0.09
275,D,2021,1.2
275,D,2022,1.23
275,D,2023,2.13
275,D,2024,0.39
275,E,2020,0.07
275,E,2021,0.3
275,E,2022,2.69
275,E,2023,0.62
275,E,2024,0.43
275,F,2020,0.06
275,F,2021,1.31
275,F,2022,4.61
275,F,2023,1.18
275,F,2024,-0.1
275,G,2020,0.32
275,G,2021,1.14
275,G,2022,4.52
275,G,2023,3.46
275,G,2024,2.0
275,H,2020,0.11
275,H,2021,0.9
275,H,2022,5.74
275,H,2023,9.41
275,H,2024,1.29
275,I,2020,1.34
275,I,2021,5.64
275,I,2022,3.77
275,I,2023,2.87
275,I,2024,2.29
275,J,2020,0.39
275,J,2021,0.08
275,J,2022,0.44
275,J,2023,1.37
275,J,2024,0.81
275,K,2020,0.05
275,K,2021,2.06
275,K,2022,6.17
275,K,2023,3.05
275,K,2024,0.47
275,L,2020,0.32
275,L,2021,1.49
275,L,2022,1.71
275,L,2023,4.07
275,L,2024,0.82
275,"M,N",2020,0.59
275,"M,N",2021,1.12
275,"M,N",2022,3.67
275,"M,N",2023,2.89
275,"M,N",2024,1.78
275,O,2020,3.3
275,O,2021,-0.66
275,O,2022,2.21
275,O,2023,3.84
275,O,2024,1.48
275,P,2020,0.27
275,P,2021,0.04
275,P,2022,1.66
275,P,2023,2.46
275,P,2024,1.16
275,Q,2020,0.85
275,Q,2021,1.54
275,Q,2022,3.15
275,Q,2023,4.62
275,Q,2024,1.16
275,"R,S,T,U",2020,0.63
275,"R,S,T,U",2021,2.26
275,"R,S,T,U",2022,3.78
275,"R,S,T,U",2023,5.24
275,"R,S,T,U",2024,2.5
275,TOTAL,2020,0.74
275,TOTAL,2021,1.26
275,TOTAL,2022,4.04
275,TOTAL,2023,3.74
275,TOTAL,2024,1.58
275,TANPA_MIGAS,2020,0.74
275,TANPA_MIGAS,2021,1.26
275,TANPA_MIGAS,2022,4.04
275,TANPA_MIGAS,2023,3.74
275,TANPA_MIGAS,2024,1.58
276,A,2020,0.88
276,A,2021,-0.16
276,A,2022,6.43
276,A,2023,6.73
276,A,2024,3.17
276,B,2020,1.59
276,B,2021,2.3
276,B,2022,2.27
276,B,2023,3.5
276,B,2024,0.87
276,C,2020,2.12
276,C,2021,3.36
276,C,2022,5.83
276,C,2023,6.59
276,C,2024,4.06
276,D,2020,-0.59
276,D,2021,0.89
276,D,2022,1.9
276,D,2023,2.14
276,D,2024,0.52
276,E,2020,0.84
276,E,2021,1.12
276,E,2022,4.92
276,E,2023,1.72
276,E,2024,1.32
276,F,2020,0.57
276,F,2021,1.68
276,F,2022,5.67
276,F,2023,2.91
276,F,2024,1.15
276,G,2020,1.56
276,G,2021,1.72
276,G,2022,4.72
276,G,2023,3.77
276,G,2024,1.53
276,H,2020,0.84
276,H,2021,1.94
276,H,2022,5.52
276,H,2023,9.64
276,H,2024,1.11
276,I,2020,1.09
276,I,2021,5.06
276,I,2022,3.86
276,I,2023,3.88
276,I,2024,2.61
276,J,2020,0.32
276,J,2021,0.4
276,J,2022,1.43
276,J,2023,0.36
276,J,2024,1.24
276,K,2020,2.46
276,K,2021,3.74
276,K,2022,7.52
276,K,2023,3.0
276,K,2024,1.84
276,L,2020,-0.92
276,L,2021,0.2
276,L,2022,1.66
276,L,2023,0.83
276,L,2024,1.25
276,"M,N",2020,0.74
276,"M,N",2021,1.19
276,"M,N",2022,2.96
276,"M,N",2023,4.17
276,"M,N",2024,5.29
276,O,2020,3.86
276,O,2021,0.85
276,O,2022,3.87
276,O,2023,1.93
276,O,2024,5.42
276,P,2020,-0.02
276,P,2021,-1.76
276,P,2022,1.82
276,P,2023,3.15
276,P,2024,1.59
276,Q,2020,0.88
276,Q,2021,1.55
276,Q,2022,3.94
276,Q,2023,0.68
276,Q,2024,3.25
276,"R,S,T,U",2020,0.37
276,"R,S,T,U",2021,2.06
276,"R,S,T,U",2022,3.76
276,"R,S,T,U",2023,4.76
276,"R,S,T,U",2024,3.61
276,TOTAL,2020,1.05
276,TOTAL,2021,0.87
276,TOTAL,2022,4.48
276,TOTAL,2023,4.27
276,TOTAL,2024,2.28
276,TANPA_MIGAS,2020,1.05
276,TANPA_MIGAS,2021,0.87
276,TANPA_MIGAS,2022,4.48
276,TANPA_MIGAS,2023,4.27
276,TANPA_MIGAS,2024,2.28
277,A,2020,1.6
277,A,2021,1.64
277,A,2022,5.86
277,A,2023,6.37
277,A,2024,2.21
277,B,2020,0.56
277,B,2021,1.84
277,B,2022,4.04
277,B,2023,3.29
277,B,2024,0.02
277,C,2020,0.5
277,C,2021,2.69
277,C,2022,3.61
277,C,2023,2.96
277,C,2024,5.38
277,D,2020,-0.11
277,D,2021,1.38
277,D,2022,1.83
277,D,2023,1.34
277,D,2024,0.08
277,E,2020,0.07
277,E,2021,0.12
277,E,2022,4.6
277,E,2023,0.71
277,E,2024,0.71
277,F,2020,0.04
277,F,2021,1.04
277,F,2022,5.31
277,F,2023,2.58
277,F,2024,0.48
277,G,2020,0.79
277,G,2021,1.04
277,G,2022,5.26
277,G,2023,3.56
277,G,2024,1.8
277,H,2020,0.13
277,H,2021,0.65
277,H,2022,6.12
277,H,2023,8.23
277,H,2024,1.04
277,I,2020,1.22
277,I,2021,4.94
277,I,2022,3.32
277,I,2023,3.61
277,I,2024,2.31
277,J,2020,0.39
277,J,2021,0.28
277,J,2022,0.74
277,J,2023,0.99
277,J,2024,0.76
277,K,2020,0.09
277,K,2021,0.55
277,K,2022,5.01
277,K,2023,2.56
277,K,2024,1.53
277,L,2020,0.32
277,L,2021,0.29
277,L,2022,1.69
277,L,2023,1.31
277,L,2024,0.88
277,"M,N",2020,0.59
277,"M,N",2021,1.44
277,"M,N",2022,3.26
277,"M,N",2023,2.57
277,"M,N",2024,1.68
277,O,2020,2.71
277,O,2021,-0.32
277,O,2022,2.91
277,O,2023,3.61
277,O,2024,7.63
277,P,2020,0.27
277,P,2021,-1.42
277,P,2022,1.78
277,P,2023,2.88
277,P,2024,2.29
277,Q,2020,0.85
277,Q,2021,1.34
277,Q,2022,3.84
277,Q,2023,3.17
277,Q,2024,0.59
277,"R,S,T,U",2020,0.67
277,"R,S,T,U",2021,2.09
277,"R,S,T,U",2022,3.73
277,"R,S,T,U",2023,4.51
277,"R,S,T,U",2024,3.08
277,TOTAL,2020,0.9
277,TOTAL,2021,1.13
277,TOTAL,2022,4.06
277,TOTAL,2023,3.79
277,TOTAL,2024,2.32
277,TANPA_MIGAS,2020,0.9
277,TANPA_MIGAS,2021,1.13
277,TANPA_MIGAS,2022,4.06
277,TANPA_MIGAS,2023,3.79
277,TANPA_MIGAS,2024,2.32
278,A,2020,0.69
278,A,2021,2.24
278,A,2022,6.88
278,A,2023,5.35
278,A,2024,2.9
278,B,2020,0.82
278,B,2021,1.71
278,B,2022,4.06
278,B,2023,3.92
278,B,2024,0.0
278,C,2020,0.53
278,C,2021,3.26
278,C,2022,3.83
278,C,2023,3.65
278,C,2024,2.8
278,D,2020,-0.15
278,D,2021,1.32
278,D,2022,1.77
278,D,2023,0.88
278,D,2024,0.03
278,E,2020,0.07
278,E,2021,-1.98
278,E,2022,3.52
278,E,2023,1.42
278,E,2024,0.95
278,F,2020,0.06
278,F,2021,1.16
278,F,2022,5.92
278,F,2023,3.23
278,F,2024,1.03
278,G,2020,0.97
278,G,2021,0.93
278,G,2022,5.33
278,G,2023,3.55
278,G,2024,1.9
278,H,2020,-0.15
278,H,2021,-0.14
278,H,2022,5.9
278,H,2023,8.69
278,H,2024,0.96
278,I,2020,0.67
278,I,2021,4.85
278,I,2022,4.64
278,I,2023,2.64
278,I,2024,2.56
278,J,2020,0.39
278,J,2021,0.49
278,J,2022,0.77
278,J,2023,1.19
278,J,2024,0.97
278,K,2020,0.12
278,K,2021,1.5
278,K,2022,5.15
278,K,2023,1.88
278,K,2024,1.47
278,L,2020,0.32
278,L,2021,0.23
278,L,2022,2.26
278,L,2023,1.02
278,L,2024,0.96
278,"M,N",2020,0.58
278,"M,N",2021,1.19
278,"M,N",2022,3.17
278,"M,N",2023,3.19
278,"M,N",2024,1.85
278,O,2020,3.08
278,O,2021,-0.49
278,O,2022,1.74
278,O,2023,2.96
278,O,2024,4.21
278,P,2020,0.27
278,P,2021,-1.38
278,P,2022,1.55
278,P,2023,2.66
278,P,2024,1.44
278,Q,2020,0.85
278,Q,2021,1.44
278,Q,2022,0.35
278,Q,2023,2.77
278,Q,2024,1.96
278,"R,S,T,U",2020,0.59
278,"R,S,T,U",2021,2.18
278,"R,S,T,U",2022,3.14
278,"R,S,T,U",2023,3.78
278,"R,S,T,U",2024,2.14
278,TOTAL,2020,0.59
278,TOTAL,2021,1.49
278,TOTAL,2022,4.43
278,TOTAL,2023,3.59
278,TOTAL,2024,1.89
278,TANPA_MIGAS,2020,0.59
278,TANPA_MIGAS,2021,1.49
278,TANPA_MIGAS,2022,4.43
278,TANPA_MIGAS,2023,3.59
278,TANPA_MIGAS,2024,1.89
279,A,2020,1.23
279,A,2021,1.66
279,A,2022,5.14
279,A,2023,5.66
279,A,2024,2.97
279,B,2020,2.46
279,B,2021,3.62
279,B,2022,3.35
279,B,2023,2.76
279,B,2024,0.74
279,C,2020,1.63
279,C,2021,3.37
279,C,2022,3.61
279,C,2023,4.1
279,C,2024,3.68
279,D,2020,-2.16
279,D,2021,0.36
279,D,2022,1.92
279,D,2023,1.32
279,D,2024,-0.24
279,E,2020,0.34
279,E,2021,2.02
279,E,2022,3.07
279,E,2023,1.75
279,E,2024,2.13
279,F,2020,0.29
279,F,2021,1.25
279,F,2022,5.39
279,F,2023,2.28
279,F,2024,0.96
279,G,2020,1.08
279,G,2021,3.49
279,G,2022,5.29
279,G,2023,3.63
279,G,2024,1.6
279,H,2020,0.27
279,H,2021,0.88
279,H,2022,5.76
279,H,2023,7.24
279,H,2024,1.05
279,I,2020,1.9
279,I,2021,3.41
279,I,2022,3.08
279,I,2023,3.93
279,I,2024,1.86
279,J,2020,0.23
279,J,2021,0.86
279,J,2022,0.11
279,J,2023,2.42
279,J,2024,0.87
279,K,2020,0.41
279,K,2021,1.22
279,K,2022,4.76
279,K,2023,3.59
279,K,2024,0.74
279,L,2020,1.68
279,L,2021,2.19
279,L,2022,2.03
279,L,2023,0.67
279,L,2024,0.8
279,"M,N",2020,2.65
279,"M,N",2021,0.56
279,"M,N",2022,3.22
279,"M,N",2023,2.45
279,"M,N",2024,0.89
279,O,2020,4.15
279,O,2021,-0.13
279,O,2022,1.14
279,O,2023,2.5
279,O,2024,2.95
279,P,2020,1.19
279,P,2021,0.07
279,P,2022,1.53
279,P,2023,2.79
279,P,2024,0.91
279,Q,2020,0.79
279,Q,2021,0.6
279,Q,2022,3.91
279,Q,2023,3.98
279,Q,2024,0.91
279,"R,S,T,U",2020,1.52
279,"R,S,T,U",2021,3.22
279,"R,S,T,U",2022,3.92
279,"R,S,T,U",2023,4.29
279,"R,S,T,U",2024,2.46
279,TOTAL,2020,1.16
279,TOTAL,2021,1.9
279,TOTAL,2022,4.0
279,TOTAL,2023,3.87
279,TOTAL,2024,1.91
279,TANPA_MIGAS,2020,1.16
279,TANPA_MIGAS,2021,1.9
279,TANPA_MIGAS,2022,4.0
279,TANPA_MIGAS,2023,3.87
279,TANPA_MIGAS,2024,1.91
280,A,2020,1.24
280,A,2021,3.21
280,A,2022,5.28
280,A,2023,4.62
280,A,2024,4.93
280,B,2020,1.71
280,B,2021,3.32
280,B,2022,2.79
280,B,2023,3.75
280,B,2024,0.68
280,C,2020,0.62
280,C,2021,2.35
280,C,2022,4.94
280,C,2023,5.18
280,C,2024,4.45
280,D,2020,-0.92
280,D,2021,0.48
280,D,2022,0.77
280,D,2023,0.88
280,D,2024,0.09
280,E,2020,0.24
280,E,2021,0.69
280,E,2022,4.66
280,E,2023,2.17
280,E,2024,0.12
280,F,2020,0.45
280,F,2021,0.79
280,F,2022,3.71
280,F,2023,2.45
280,F,2024,0.6
280,G,2020,1.33
280,G,2021,3.33
280,G,2022,5.16
280,G,2023,3.46
280,G,2024,2.14
280,H,2020,0.54
280,H,2021,0.49
280,H,2022,5.49
280,H,2023,9.14
280,H,2024,2.57
280,I,2020,1.3
280,I,2021,3.96
280,I,2022,4.13
280,I,2023,4.82
280,I,2024,3.81
280,J,2020,0.63
280,J,2021,0.06
280,J,2022,1.05
280,J,2023,1.87
280,J,2024,0.75
280,K,2020,0.14
280,K,2021,1.51
280,K,2022,5.73
280,K,2023,2.88
280,K,2024,1.06
280,L,2020,0.71
280,L,2021,1.01
280,L,2022,1.17
280,L,2023,1.05
280,L,2024,4.77
280,"M,N",2020,1.79
280,"M,N",2021,1.11
280,"M,N",2022,3.38
280,"M,N",2023,3.7
280,"M,N",2024,1.33
280,O,2020,4.17
280,O,2021,-0.26
280,O,2022,2.92
280,O,2023,1.97
280,O,2024,3.13
280,P,2020,1.02
280,P,2021,-1.31
280,P,2022,1.08
280,P,2023,1.55
280,P,2024,0.01
280,Q,2020,0.93
280,Q,2021,1.26
280,Q,2022,7.6
280,Q,2023,6.08
280,Q,2024,1.99
280,"R,S,T,U",2020,1.35
280,"R,S,T,U",2021,2.93
280,"R,S,T,U",2022,4.4
280,"R,S,T,U",2023,5.44
280,"R,S,T,U",2024,2.41
280,TOTAL,2020,1.08
280,TOTAL,2021,1.97
280,TOTAL,2022,4.16
280,TOTAL,2023,3.85
280,TOTAL,2024,2.84
280,TANPA_MIGAS,2020,1.08
280,TANPA_MIGAS,2021,1.97
280,TANPA_MIGAS,2022,4.16
280,TANPA_MIGAS,2023,3.85
280,TANPA_MIGAS,2024,2.83
281,A,2020,1.26
281,A,2021,1.84
281,A,2022,5.58
281,A,2023,5.65
281,A,2024,3.81
281,B,2020,2.37
281,B,2021,2.17
281,B,2022,2.27
281,B,2023,3.3
281,B,2024,0.79
281,C,2020,1.38
281,C,2021,2.47
281,C,2022,4.41
281,C,2023,5.06
281,C,2024,3.96
281,D,2020,-1.51
281,D,2021,0.06
281,D,2022,1.69
281,D,2023,1.49
281,D,2024,-0.37
281,E,2020,0.78
281,E,2021,0.77
281,E,2022,4.02
281,E,2023,1.34
281,E,2024,0.45
281,F,2020,0.38
281,F,2021,1.51
281,F,2022,4.27
281,F,2023,1.99
281,F,2024,0.95
281,G,2020,1.03
281,G,2021,1.53
281,G,2022,5.59
281,G,2023,3.74
281,G,2024,1.94
281,H,2020,-2.77
281,H,2021,-0.08
281,H,2022,9.23
281,H,2023,9.83
281,H,2024,1.49
281,I,2020,1.18
281,I,2021,4.35
281,I,2022,3.33
281,I,2023,5.04
281,I,2024,3.46
281,J,2020,0.88
281,J,2021,0.29
281,J,2022,0.45
281,J,2023,0.65
281,J,2024,2.06
281,K,2020,-0.19
281,K,2021,1.58
281,K,2022,7.07
281,K,2023,2.66
281,K,2024,1.45
281,L,2020,2.01
281,L,2021,0.98
281,L,2022,1.17
281,L,2023,1.61
281,L,2024,1.93
281,"M,N",2020,1.88
281,"M,N",2021,1.1
281,"M,N",2022,2.79
281,"M,N",2023,3.13
281,"M,N",2024,2.42
281,O,2020,4.1
281,O,2021,-0.14
281,O,2022,1.45
281,O,2023,2.96
281,O,2024,2.9
281,P,2020,1.77
281,P,2021,0.11
281,P,2022,1.03
281,P,2023,4.02
281,P,2024,2.78
281,Q,2020,1.32
281,Q,2021,1.29
281,Q,2022,3.3
281,Q,2023,4.38
281,Q,2024,1.56
281,"R,S,T,U",2020,0.31
281,"R,S,T,U",2021,2.02
281,"R,S,T,U",2022,3.55
281,"R,S,T,U",2023,5.45
281,"R,S,T,U",2024,3.13
281,TOTAL,2020,1.06
281,TOTAL,2021,1.74
281,TOTAL,2022,4.35
281,TOTAL,2023,4.12
281,TOTAL,2024,2.73
281,TANPA_MIGAS,2020,1.06
281,TANPA_MIGAS,2021,1.74
281,TANPA_MIGAS,2022,4.35
281,TANPA_MIGAS,2023,4.12
281,TANPA_MIGAS,2024,2.73
282,A,2020,1.19
282,A,2021,2.58
282,A,2022,5.88
282,A,2023,4.59
282,A,2024,4.97
282,B,2020,1.71
282,B,2021,2.62
282,B,2022,3.09
282,B,2023,5.53
282,B,2024,0.03
282,C,2020,0.44
282,C,2021,2.31
282,C,2022,4.08
282,C,2023,4.82
282,C,2024,3.01
282,D,2020,-0.65
282,D,2021,0.97
282,D,2022,2.6
282,D,2023,1.79
282,D,2024,0.2
282,E,2020,0.24
282,E,2021,-0.24
282,E,2022,3.03
282,E,2023,1.37
282,E,2024,0.79
282,F,2020,0.45
282,F,2021,0.09
282,F,2022,2.9
282,F,2023,1.85
282,F,2024,1.05
282,G,2020,1.76
282,G,2021,2.77
282,G,2022,5.16
282,G,2023,3.47
282,G,2024,2.2
282,H,2020,0.76
282,H,2021,-0.75
282,H,2022,5.97
282,H,2023,9.07
282,H,2024,0.38
282,I,2020,0.68
282,I,2021,4.55
282,I,2022,3.86
282,I,2023,5.19
282,I,2024,3.19
282,J,2020,0.34
282,J,2021,0.1
282,J,2022,0.58
282,J,2023,1.81
282,J,2024,0.56
282,K,2020,0.18
282,K,2021,2.16
282,K,2022,5.59
282,K,2023,3.14
282,K,2024,1.07
282,L,2020,0.71
282,L,2021,0.75
282,L,2022,1.37
282,L,2023,2.08
282,L,2024,1.5
282,"M,N",2020,1.78
282,"M,N",2021,1.13
282,"M,N",2022,2.49
282,"M,N",2023,4.08
282,"M,N",2024,2.35
282,O,2020,5.13
282,O,2021,-0.13
282,O,2022,1.26
282,O,2023,4.34
282,O,2024,5.05
282,P,2020,1.02
282,P,2021,-0.8
282,P,2022,1.12
282,P,2023,3.64
282,P,2024,2.32
282,Q,2020,0.83
282,Q,2021,1.54
282,Q,2022,3.62
282,Q,2023,3.1
282,Q,2024,0.76
282,"R,S,T,U",2020,1.32
282,"R,S,T,U",2021,2.95
282,"R,S,T,U",2022,4.43
282,"R,S,T,U",2023,4.51
282,"R,S,T,U",2024,1.42
282,TOTAL,2020,1.11
282,TOTAL,2021,1.84
282,TOTAL,2022,4.24
282,TOTAL,2023,4.09
282,TOTAL,2024,2.81
282,TANPA_MIGAS,2020,1.11
282,TANPA_MIGAS,2021,1.84
282,TANPA_MIGAS,2022,4.24
282,TANPA_MIGAS,2023,4.09
282,TANPA_MIGAS,2024,2.81
283,A,2020,1.5
283,A,2021,3.17
283,A,2022,5.24
283,A,2023,4.62
283,A,2024,5.31
283,B,2020,2.34
283,B,2021,3.52
283,B,2022,3.27
283,B,2023,2.55
283,B,2024,-0.45
283,C,2020,2.53
283,C,2021,4.92
283,C,2022,3.71
283,C,2023,2.56
283,C,2024,2.74
283,D,2020,-0.14
283,D,2021,1.39
283,D,2022,2.53
283,D,2023,1.53
283,D,2024,0.65
283,E,2020,0.9
283,E,2021,0.87
283,E,2022,3.05
283,E,2023,2.94
283,E,2024,0.15
283,F,2020,0.65
283,F,2021,1.9
283,F,2022,2.35
283,F,2023,1.68
283,F,2024,1.26
283,G,2020,1.32
283,G,2021,1.88
283,G,2022,5.22
283,G,2023,3.32
283,G,2024,2.34
283,H,2020,0.7
283,H,2021,0.37
283,H,2022,6.04
283,H,2023,8.71
283,H,2024,1.28
283,I,2020,2.03
283,I,2021,3.4
283,I,2022,3.81
283,I,2023,5.81
283,I,2024,3.14
283,J,2020,0.36
283,J,2021,0.39
283,J,2022,0.8
283,J,2023,0.53
283,J,2024,0.55
283,K,2020,0.21
283,K,2021,2.93
283,K,2022,7.25
283,K,2023,2.06
283,K,2024,1.77
283,L,2020,1.18
283,L,2021,0.45
283,L,2022,2.25
283,L,2023,1.15
283,L,2024,1.3
283,"M,N",2020,2.24
283,"M,N",2021,1.48
283,"M,N",2022,3.57
283,"M,N",2023,2.91
283,"M,N",2024,1.89
283,O,2020,3.8
283,O,2021,-0.6
283,O,2022,1.75
283,O,2023,3.81
283,O,2024,4.79
283,P,2020,1.83
283,P,2021,0.11
283,P,2022,1.14
283,P,2023,1.74
283,P,2024,2.13
283,Q,2020,1.67
283,Q,2021,2.1
283,Q,2022,2.59
283,Q,2023,3.3
283,Q,2024,1.17
283,"R,S,T,U",2020,1.61
283,"R,S,T,U",2021,3.39
283,"R,S,T,U",2022,4.7
283,"R,S,T,U",2023,3.22
283,"R,S,T,U",2024,2.52
283,TOTAL,2020,1.49
283,TOTAL,2021,2.52
283,TOTAL,2022,3.88
283,TOTAL,2023,3.16
283,TOTAL,2024,2.84
283,TANPA_MIGAS,2020,1.49
283,TANPA_MIGAS,2021,2.52
283,TANPA_MIGAS,2022,3.88
283,TANPA_MIGAS,2023,3.16
283,TANPA_MIGAS,2024,2.84
284,A,2020,1.12
284,A,2021,2.19
284,A,2022,4.99
284,A,2023,4.78
284,A,2024,4.27
284,B,2020,2.44
284,B,2021,3.7
284,B,2022,1.87
284,B,2023,2.66
284,B,2024,1.44
284,C,2020,1.13
284,C,2021,4.0
284,C,2022,4.17
284,C,2023,4.01
284,C,2024,3.59
284,D,2020,-0.86
284,D,2021,0.7
284,D,2022,2.11
284,D,2023,2.99
284,D,2024,0.72
284,E,2020,0.24
284,E,2021,0.12
284,E,2022,2.03
284,E,2023,2.61
284,E,2024,0.03
284,F,2020,0.08
284,F,2021,0.35
284,F,2022,2.52
284,F,2023,1.67
284,F,2024,0.9
284,G,2020,0.2
284,G,2021,1.65
284,G,2022,5.76
284,G,2023,2.93
284,G,2024,2.41
284,H,2020,-0.48
284,H,2021,0.66
284,H,2022,6.45
284,H,2023,7.18
284,H,2024,1.95
284,I,2020,0.78
284,I,2021,3.34
284,I,2022,3.6
284,I,2023,2.74
284,I,2024,4.7
284,J,2020,0.32
284,J,2021,0.14
284,J,2022,0.89
284,J,2023,1.08
284,J,2024,1.47
284,K,2020,0.22
284,K,2021,2.91
284,K,2022,5.85
284,K,2023,2.04
284,K,2024,2.02
284,L,2020,0.71
284,L,2021,0.18
284,L,2022,1.79
284,L,2023,1.53
284,L,2024,1.15
284,"M,N",2020,1.78
284,"M,N",2021,1.39
284,"M,N",2022,2.9
284,"M,N",2023,2.91
284,"M,N",2024,25.89
284,O,2020,5.12
284,O,2021,-0.58
284,O,2022,1.98
284,O,2023,3.99
284,O,2024,6.9
284,P,2020,1.02
284,P,2021,-0.74
284,P,2022,1.49
284,P,2023,2.42
284,P,2024,2.01
284,Q,2020,0.77
284,Q,2021,1.48
284,Q,2022,4.05
284,Q,2023,3.19
284,Q,2024,0.62
284,"R,S,T,U",2020,0.59
284,"R,S,T,U",2021,2.59
284,"R,S,T,U",2022,3.53
284,"R,S,T,U",2023,4.62
284,"R,S,T,U",2024,2.91
284,TOTAL,2020,0.62
284,TOTAL,2021,1.78
284,TOTAL,2022,3.96
284,TOTAL,2023,3.39
284,TOTAL,2024,2.73
284,TANPA_MIGAS,2020,0.62
284,TANPA_MIGAS,2021,1.78
284,TANPA_MIGAS,2022,3.96
284,TANPA_MIGAS,2023,3.39
284,TANPA_MIGAS,2024,2.73
285,A,2020,1.3
285,A,2021,1.92
285,A,2022,6.3
285,A,2023,4.27
285,A,2024,4.12
285,B,2020,2.64
285,B,2021,2.02
285,B,2022,3.56
285,B,2023,4.43
285,B,2024,0.02
285,C,2020,2.5
285,C,2021,3.98
285,C,2022,6.01
285,C,2023,3.63
285,C,2024,1.65
285,D,2020,1.28
285,D,2021,2.54
285,D,2022,1.3
285,D,2023,1.47
285,D,2024,-0.07
285,E,2020,1.25
285,E,2021,1.74
285,E,2022,3.63
285,E,2023,1.86
285,E,2024,0.41
285,F,2020,1.16
285,F,2021,1.28
285,F,2022,5.8
285,F,2023,2.99
285,F,2024,0.78
285,G,2020,2.37
285,G,2021,2.33
285,G,2022,5.13
285,G,2023,3.58
285,G,2024,2.01
285,H,2020,1.62
285,H,2021,-0.9
285,H,2022,5.15
285,H,2023,7.96
285,H,2024,0.87
285,I,2020,1.23
285,I,2021,3.39
285,I,2022,4.27
285,I,2023,2.77
285,I,2024,2.12
285,J,2020,0.18
285,J,2021,0.1
285,J,2022,0.99
285,J,2023,0.9
285,J,2024,0.64
285,K,2020,0.78
285,K,2021,2.58
285,K,2022,6.29
285,K,2023,3.3
285,K,2024,0.87
285,L,2020,2.19
285,L,2021,0.83
285,L,2022,1.37
285,L,2023,1.83
285,L,2024,1.82
285,"M,N",2020,2.91
285,"M,N",2021,2.29
285,"M,N",2022,2.23
285,"M,N",2023,2.44
285,"M,N",2024,2.0
285,O,2020,5.58
285,O,2021,-0.54
285,O,2022,2.27
285,O,2023,2.25
285,O,2024,2.53
285,P,2020,1.87
285,P,2021,0.2
285,P,2022,1.18
285,P,2023,2.91
285,P,2024,2.55
285,Q,2020,1.67
285,Q,2021,2.37
285,Q,2022,3.28
285,Q,2023,2.17
285,Q,2024,0.5
285,"R,S,T,U",2020,1.91
285,"R,S,T,U",2021,2.35
285,"R,S,T,U",2022,5.22
285,"R,S,T,U",2023,3.54
285,"R,S,T,U",2024,1.55
285,TOTAL,2020,1.8
285,TOTAL,2021,2.04
285,TOTAL,2022,5.1
285,TOTAL,2023,3.4
285,TOTAL,2024,2.17
285,TANPA_MIGAS,2020,1.8
285,TANPA_MIGAS,2021,2.04
285,TANPA_MIGAS,2022,5.1
285,TANPA_MIGAS,2023,3.4
285,TANPA_MIGAS,2024,2.17
286,A,2020,2.13
286,A,2021,2.98
286,A,2022,5.48
286,A,2023,4.47
286,A,2024,3.85
286,B,2020,2.64
286,B,2021,3.74
286,B,2022,2.65
286,B,2023,2.13
286,B,2024,0.21
286,C,2020,1.98
286,C,2021,3.96
286,C,2022,5.95
286,C,2023,5.47
286,C,2024,2.61
286,D,2020,-1.78
286,D,2021,-0.26
286,D,2022,1.41
286,D,2023,1.55
286,D,2024,0.33
286,E,2020,0.4
286,E,2021,0.37
286,E,2022,3.21
286,E,2023,2.57
286,E,2024,0.94
286,F,2020,0.35
286,F,2021,1.23
286,F,2022,4.74
286,F,2023,3.33
286,F,2024,0.6
286,G,2020,1.47
286,G,2021,3.15
286,G,2022,5.0
286,G,2023,3.44
286,G,2024,1.91
286,H,2020,-0.02
286,H,2021,-0.91
286,H,2022,5.46
286,H,2023,8.34
286,H,2024,0.78
286,I,2020,0.69
286,I,2021,2.77
286,I,2022,3.65
286,I,2023,1.67
286,I,2024,1.6
286,J,2020,0.26
286,J,2021,0.44
286,J,2022,0.43
286,J,2023,1.54
286,J,2024,1.11
286,K,2020,-0.02
286,K,2021,2.71
286,K,2022,5.86
286,K,2023,2.36
286,K,2024,1.67
286,L,2020,1.68
286,L,2021,0.46
286,L,2022,1.54
286,L,2023,1.75
286,L,2024,1.35
286,"M,N",2020,2.74
286,"M,N",2021,2.07
286,"M,N",2022,2.13
286,"M,N",2023,1.99
286,"M,N",2024,2.08
286,O,2020,4.53
286,O,2021,-0.15
286,O,2022,2.75
286,O,2023,3.44
286,O,2024,5.82
286,P,2020,1.83
286,P,2021,0.7
286,P,2022,0.9
286,P,2023,2.64
286,P,2024,5.64
286,Q,2020,1.15
286,Q,2021,1.0
286,Q,2022,3.14
286,Q,2023,3.92
286,Q,2024,1.01
286,"R,S,T,U",2020,1.91
286,"R,S,T,U",2021,2.77
286,"R,S,T,U",2022,4.9
286,"R,S,T,U",2023,4.02
286,"R,S,T,U",2024,2.02
286,TOTAL,2020,1.53
286,TOTAL,2021,2.44
286,TOTAL,2022,4.5
286,TOTAL,2023,3.97
286,TOTAL,2024,2.51
286,TANPA_MIGAS,2020,1.53
286,TANPA_MIGAS,2021,2.44
286,TANPA_MIGAS,2022,4.5
286,TANPA_MIGAS,2023,3.97
286,TANPA_MIGAS,2024,2.51
287,A,2020,1.89
287,A,2021,2.77
287,A,2022,6.38
287,A,2023,3.47
287,A,2024,4.34
287,B,2020,1.71
287,B,2021,2.78
287,B,2022,2.35
287,B,2023,3.55
287,B,2024,0.46
287,C,2020,0.63
287,C,2021,2.9
287,C,2022,4.85
287,C,2023,5.84
287,C,2024,3.03
287,D,2020,-0.94
287,D,2021,0.69
287,D,2022,1.89
287,D,2023,1.17
287,D,2024,-0.93
287,E,2020,0.24
287,E,2021,0.64
287,E,2022,4.35
287,E,2023,1.57
287,E,2024,0.69
287,F,2020,0.46
287,F,2021,1.08
287,F,2022,2.87
287,F,2023,2.45
287,F,2024,1.06
287,G,2020,1.52
287,G,2021,2.35
287,G,2022,4.71
287,G,2023,3.99
287,G,2024,2.48
287,H,2020,0.87
287,H,2021,-0.59
287,H,2022,5.04
287,H,2023,8.55
287,H,2024,0.77
287,I,2020,1.01
287,I,2021,4.64
287,I,2022,3.8
287,I,2023,4.83
287,I,2024,1.81
287,J,2020,0.22
287,J,2021,0.08
287,J,2022,0.42
287,J,2023,0.62
287,J,2024,0.79
287,K,2020,0.2
287,K,2021,2.84
287,K,2022,6.09
287,K,2023,2.17
287,K,2024,1.11
287,L,2020,0.64
287,L,2021,0.6
287,L,2022,1.23
287,L,2023,1.11
287,L,2024,0.76
287,"M,N",2020,1.82
287,"M,N",2021,1.18
287,"M,N",2022,2.19
287,"M,N",2023,2.89
287,"M,N",2024,4.13
287,O,2020,4.89
287,O,2021,-0.58
287,O,2022,1.85
287,O,2023,4.25
287,O,2024,4.55
287,P,2020,1.01
287,P,2021,-0.63
287,P,2022,1.26
287,P,2023,2.15
287,P,2024,1.11
287,Q,2020,0.77
287,Q,2021,1.53
287,Q,2022,3.02
287,Q,2023,2.09
287,Q,2024,1.07
287,"R,S,T,U",2020,1.28
287,"R,S,T,U",2021,2.95
287,"R,S,T,U",2022,4.49
287,"R,S,T,U",2023,3.47
287,"R,S,T,U",2024,2.35
287,TOTAL,2020,1.29
287,TOTAL,2021,2.17
287,TOTAL,2022,4.62
287,TOTAL,2023,3.93
287,TOTAL,2024,2.83
287,TANPA_MIGAS,2020,1.29
287,TANPA_MIGAS,2021,2.17
287,TANPA_MIGAS,2022,4.62
287,TANPA_MIGAS,2023,3.93
287,TANPA_MIGAS,2024,2.83
288,A,2020,0.86
288,A,2021,1.73
288,A,2022,5.47
288,A,2023,5.07
288,A,2024,3.68
288,B,2020,2.77
288,B,2021,4.38
288,B,2022,3.31
288,B,2023,2.72
288,B,2024,0.66
288,C,2020,2.36
288,C,2021,4.76
288,C,2022,4.52
288,C,2023,3.13
288,C,2024,2.68
288,D,2020,3.78
288,D,2021,5.69
288,D,2022,1.81
288,D,2023,1.51
288,D,2024,1.41
288,E,2020,2.05
288,E,2021,2.08
288,E,2022,3.53
288,E,2023,1.53
288,E,2024,0.63
288,F,2020,0.78
288,F,2021,0.95
288,F,2022,3.68
288,F,2023,0.44
288,F,2024,1.4
288,G,2020,3.27
288,G,2021,2.57
288,G,2022,5.53
288,G,2023,3.29
288,G,2024,2.05
288,H,2020,1.76
288,H,2021,0.33
288,H,2022,5.39
288,H,2023,8.37
288,H,2024,0.73
288,I,2020,-0.85
288,I,2021,4.41
288,I,2022,3.91
288,I,2023,3.54
288,I,2024,2.33
288,J,2020,0.22
288,J,2021,0.05
288,J,2022,1.02
288,J,2023,0.58
288,J,2024,1.07
288,K,2020,1.91
288,K,2021,3.46
288,K,2022,5.84
288,K,2023,2.02
288,K,2024,1.62
288,L,2020,2.75
288,L,2021,0.71
288,L,2022,0.72
288,L,2023,0.97
288,L,2024,0.64
288,"M,N",2020,3.66
288,"M,N",2021,2.88
288,"M,N",2022,2.11
288,"M,N",2023,1.92
288,"M,N",2024,1.75
288,O,2020,4.24
288,O,2021,-0.51
288,O,2022,1.77
288,O,2023,5.88
288,O,2024,6.53
288,P,2020,1.41
288,P,2021,-0.26
288,P,2022,0.85
288,P,2023,2.59
288,P,2024,2.64
288,Q,2020,0.16
288,Q,2021,0.92
288,Q,2022,2.73
288,Q,2023,2.63
288,Q,2024,1.75
288,"R,S,T,U",2020,1.55
288,"R,S,T,U",2021,3.33
288,"R,S,T,U",2022,3.24
288,"R,S,T,U",2023,3.98
288,"R,S,T,U",2024,3.61
288,TOTAL,2020,1.87
288,TOTAL,2021,3.45
288,TOTAL,2022,4.32
288,TOTAL,2023,2.92
288,TOTAL,2024,2.4
288,TANPA_MIGAS,2020,1.87
288,TANPA_MIGAS,2021,3.45
288,TANPA_MIGAS,2022,4.32
288,TANPA_MIGAS,2023,2.92
288,TANPA_MIGAS,2024,2.4
289,A,2020,2.28
289,A,2021,1.15
289,A,2022,6.0
289,A,2023,4.52
289,A,2024,1.22
289,B,2020,-6.85
289,B,2021,20.23
289,B,2022,38.65
289,B,2023,-7.67
289,B,2024,-0.15
289,C,2020,2.26
289,C,2021,3.4
289,C,2022,6.15
289,C,2023,3.89
289,C,2024,3.04
289,D,2020,0.09
289,D,2021,1.14
289,D,2022,2.53
289,D,2023,2.26
289,D,2024,0.94
289,E,2020,1.47
289,E,2021,1.71
289,E,2022,1.12
289,E,2023,0.86
289,E,2024,1.99
289,F,2020,2.41
289,F,2021,0.74
289,F,2022,4.7
289,F,2023,0.72
289,F,2024,1.73
289,G,2020,4.03
289,G,2021,2.39
289,G,2022,5.56
289,G,2023,3.85
289,G,2024,2.34
289,H,2020,-4.37
289,H,2021,-0.15
289,H,2022,25.14
289,H,2023,11.0
289,H,2024,2.51
289,I,2020,1.8
289,I,2021,4.88
289,I,2022,3.6
289,I,2023,3.01
289,I,2024,3.28
289,J,2020,0.25
289,J,2021,0.07
289,J,2022,0.76
289,J,2023,0.19
289,J,2024,1.16
289,K,2020,0.52
289,K,2021,3.36
289,K,2022,9.43
289,K,2023,2.26
289,K,2024,1.67
289,L,2020,1.72
289,L,2021,0.34
289,L,2022,0.86
289,L,2023,1.27
289,L,2024,1.36
289,"M,N",2020,2.42
289,"M,N",2021,1.71
289,"M,N",2022,1.92
289,"M,N",2023,1.83
289,"M,N",2024,2.79
289,O,2020,4.21
289,O,2021,-0.29
289,O,2022,2.22
289,O,2023,3.64
289,O,2024,5.69
289,P,2020,1.68
289,P,2021,-0.15
289,P,2022,1.52
289,P,2023,2.16
289,P,2024,2.31
289,Q,2020,1.89
289,Q,2021,2.65
289,Q,2022,3.23
289,Q,2023,3.05
289,Q,2024,1.61
289,"R,S,T,U",2020,1.86
289,"R,S,T,U",2021,2.67
289,"R,S,T,U",2022,4.21
289,"R,S,T,U",2023,4.58
289,"R,S,T,U",2024,2.86
289,TOTAL,2020,0.29
289,TOTAL,2021,2.48
289,TOTAL,2022,8.27
289,TOTAL,2023,5.14
289,TOTAL,2024,2.78
289,TANPA_MIGAS,2020,0.29
289,TANPA_MIGAS,2021,2.47
289,TANPA_MIGAS,2022,8.25
289,TANPA_MIGAS,2023,5.14
289,TANPA_MIGAS,2024,2.78
290,A,2020,1.04
290,A,2021,1.48
290,A,2022,6.49
290,A,2023,4.92
290,A,2024,3.1
290,B,2020,1.28
290,B,2021,2.86
290,B,2022,1.49
290,B,2023,3.2
290,B,2024,-1.04
290,C,2020,0.65
290,C,2021,3.07
290,C,2022,4.64
290,C,2023,4.18
290,C,2024,3.72
290,D,2020,0.42
290,D,2021,1.86
290,D,2022,1.01
290,D,2023,0.7
290,D,2024,-0.49
290,E,2020,0.45
290,E,2021,0.85
290,E,2022,3.36
290,E,2023,2.1
290,E,2024,1.52
290,F,2020,-1.71
290,F,2021,0.79
290,F,2022,-0.07
290,F,2023,0.7
290,F,2024,1.78
290,G,2020,2.42
290,G,2021,1.6
290,G,2022,4.83
290,G,2023,3.79
290,G,2024,2.66
290,H,2020,1.23
290,H,2021,0.37
290,H,2022,5.0
290,H,2023,7.28
290,H,2024,0.98
290,I,2020,-0.49
290,I,2021,3.1
290,I,2022,2.82
290,I,2023,4.1
290,I,2024,3.14
290,J,2020,0.53
290,J,2021,0.35
290,J,2022,0.85
290,J,2023,1.11
290,J,2024,1.21
290,K,2020,0.43
290,K,2021,2.98
290,K,2022,4.47
290,K,2023,1.54
290,K,2024,0.62
290,L,2020,1.06
290,L,2021,0.98
290,L,2022,1.05
290,L,2023,1.15
290,L,2024,2.56
290,"M,N",2020,3.43
290,"M,N",2021,2.71
290,"M,N",2022,2.39
290,"M,N",2023,2.36
290,"M,N",2024,2.06
290,O,2020,4.64
290,O,2021,-0.39
290,O,2022,1.17
290,O,2023,1.49
290,O,2024,2.22
290,P,2020,1.31
290,P,2021,-0.43
290,P,2022,1.25
290,P,2023,1.23
290,P,2024,1.03
290,Q,2020,2.11
290,Q,2021,2.72
290,Q,2022,2.81
290,Q,2023,2.57
290,Q,2024,1.06
290,"R,S,T,U",2020,1.97
290,"R,S,T,U",2021,3.84
290,"R,S,T,U",2022,3.7
290,"R,S,T,U",2023,3.54
290,"R,S,T,U",2024,1.65
290,TOTAL,2020,0.57
290,TOTAL,2021,2.15
290,TOTAL,2022,3.89
290,TOTAL,2023,3.6
290,TOTAL,2024,2.95
290,TANPA_MIGAS,2020,0.57
290,TANPA_MIGAS,2021,2.15
290,TANPA_MIGAS,2022,3.89
290,TANPA_MIGAS,2023,3.6
290,TANPA_MIGAS,2024,2.95
291,A,2020,0.61
291,A,2021,1.47
291,A,2022,6.84
291,A,2023,5.63
291,A,2024,4.52
291,B,2020,0.56
291,B,2021,1.79
291,B,2022,5.99
291,B,2023,5.47
291,B,2024,-0.23
291,C,2020,0.76
291,C,2021,2.35
291,C,2022,4.11
291,C,2023,4.2
291,C,2024,2.92
291,D,2020,-0.15
291,D,2021,5.44
291,D,2022,1.01
291,D,2023,2.04
291,D,2024,0.94
291,E,2020,0.07
291,E,2021,0.59
291,E,2022,3.7
291,E,2023,1.54
291,E,2024,0.68
291,F,2020,0.05
291,F,2021,0.9
291,F,2022,4.79
291,F,2023,2.07
291,F,2024,2.09
291,G,2020,0.96
291,G,2021,1.96
291,G,2022,5.15
291,G,2023,3.3
291,G,2024,1.82
291,H,2020,-0.71
291,H,2021,0.13
291,H,2022,6.93
291,H,2023,9.07
291,H,2024,1.45
291,I,2020,1.25
291,I,2021,4.21
291,I,2022,3.93
291,I,2023,3.79
291,I,2024,3.05
291,J,2020,0.39
291,J,2021,0.46
291,J,2022,0.63
291,J,2023,0.81
291,J,2024,0.87
291,K,2020,0.07
291,K,2021,1.3
291,K,2022,6.34
291,K,2023,3.41
291,K,2024,2.93
291,L,2020,0.32
291,L,2021,0.19
291,L,2022,2.14
291,L,2023,2.22
291,L,2024,1.9
291,"M,N",2020,0.59
291,"M,N",2021,1.82
291,"M,N",2022,3.15
291,"M,N",2023,4.6
291,"M,N",2024,4.81
291,O,2020,3.12
291,O,2021,-0.1
291,O,2022,3.18
291,O,2023,4.69
291,O,2024,4.98
291,P,2020,0.27
291,P,2021,0.73
291,P,2022,0.91
291,P,2023,1.23
291,P,2024,3.56
291,Q,2020,0.85
291,Q,2021,1.46
291,Q,2022,4.59
291,Q,2023,3.72
291,Q,2024,1.97
291,"R,S,T,U",2020,0.64
291,"R,S,T,U",2021,2.33
291,"R,S,T,U",2022,3.98
291,"R,S,T,U",2023,2.86
291,"R,S,T,U",2024,2.29
291,TOTAL,2020,0.55
291,TOTAL,2021,1.42
291,TOTAL,2022,4.43
291,TOTAL,2023,3.59
291,TOTAL,2024,2.55
291,TANPA_MIGAS,2020,0.55
291,TANPA_MIGAS,2021,1.42
291,TANPA_MIGAS,2022,4.43
291,TANPA_MIGAS,2023,3.59
291,TANPA_MIGAS,2024,2.55
292,A,2020,1.66
292,A,2021,0.67
292,A,2022,6.47
292,A,2023,4.27
292,A,2024,4.58
292,B,2020,1.7
292,B,2021,2.85
292,B,2022,2.2
292,B,2023,3.39
292,B,2024,0.44
292,C,2020,2.05
292,C,2021,4.41
292,C,2022,4.69
292,C,2023,4.2
292,C,2024,3.31
292,D,2020,1.38
292,D,2021,2.78
292,D,2022,1.42
292,D,2023,1.62
292,D,2024,0.99
292,E,2020,1.24
292,E,2021,1.61
292,E,2022,3.17
292,E,2023,1.55
292,E,2024,1.32
292,F,2020,1.58
292,F,2021,1.63
292,F,2022,6.01
292,F,2023,1.75
292,F,2024,1.6
292,G,2020,1.01
292,G,2021,2.78
292,G,2022,5.09
292,G,2023,3.72
292,G,2024,1.63
292,H,2020,1.15
292,H,2021,0.68
292,H,2022,5.97
292,H,2023,10.04
292,H,2024,1.91
292,I,2020,1.62
292,I,2021,3.8
292,I,2022,2.82
292,I,2023,4.24
292,I,2024,1.9
292,J,2020,0.2
292,J,2021,0.2
292,J,2022,1.38
292,J,2023,1.18
292,J,2024,2.48
292,K,2020,1.37
292,K,2021,3.47
292,K,2022,5.17
292,K,2023,3.08
292,K,2024,3.3
292,L,2020,1.3
292,L,2021,0.76
292,L,2022,1.21
292,L,2023,1.17
292,L,2024,0.8
292,"M,N",2020,1.69
292,"M,N",2021,1.03
292,"M,N",2022,3.58
292,"M,N",2023,2.79
292,"M,N",2024,2.19
292,O,2020,4.2
292,O,2021,-0.31
292,O,2022,2.37
292,O,2023,3.57
292,O,2024,2.76
292,P,2020,1.75
292,P,2021,0.11
292,P,2022,1.46
292,P,2023,2.12
292,P,2024,0.77
292,Q,2020,1.21
292,Q,2021,1.81
292,Q,2022,3.1
292,Q,2023,3.73
292,Q,2024,0.09
292,"R,S,T,U",2020,1.4
292,"R,S,T,U",2021,2.61
292,"R,S,T,U",2022,3.35
292,"R,S,T,U",2023,4.08
292,"R,S,T,U",2024,3.47
292,TOTAL,2020,1.55
292,TOTAL,2021,1.78
292,TOTAL,2022,4.79
292,TOTAL,2023,3.58
292,TOTAL,2024,2.73
292,TANPA_MIGAS,2020,1.55
292,TANPA_MIGAS,2021,1.78
292,TANPA_MIGAS,2022,4.79
292,TANPA_MIGAS,2023,3.58
292,TANPA_MIGAS,2024,2.73
293,A,2020,1.08
293,A,2021,-1.06
293,A,2022,7.64
293,A,2023,5.55
293,A,2024,3.57
293,B,2020,1.1
293,B,2021,2.29
293,B,2022,3.21
293,B,2023,1.77
293,B,2024,-0.1
293,C,2020,0.46
293,C,2021,4.56
293,C,2022,3.45
293,C,2023,3.87
293,C,2024,3.17
293,D,2020,1.05
293,D,2021,2.28
293,D,2022,1.81
293,D,2023,1.9
293,D,2024,0.12
293,E,2020,0.26
293,E,2021,0.85
293,E,2022,2.94
293,E,2023,1.2
293,E,2024,1.19
293,F,2020,0.24
293,F,2021,1.14
293,F,2022,4.95
293,F,2023,1.53
293,F,2024,1.72
293,G,2020,3.55
293,G,2021,2.82
293,G,2022,5.34
293,G,2023,4.43
293,G,2024,2.37
293,H,2020,2.15
293,H,2021,0.12
293,H,2022,5.25
293,H,2023,8.89
293,H,2024,1.07
293,I,2020,1.12
293,I,2021,4.42
293,I,2022,3.09
293,I,2023,3.86
293,I,2024,2.65
293,J,2020,0.35
293,J,2021,0.22
293,J,2022,1.42
293,J,2023,0.66
293,J,2024,0.67
293,K,2020,1.39
293,K,2021,3.89
293,K,2022,9.27
293,K,2023,2.85
293,K,2024,0.79
293,L,2020,2.24
293,L,2021,0.85
293,L,2022,0.84
293,L,2023,1.01
293,L,2024,0.91
293,"M,N",2020,2.53
293,"M,N",2021,1.85
293,"M,N",2022,1.52
293,"M,N",2023,3.4
293,"M,N",2024,1.82
293,O,2020,4.39
293,O,2021,-0.15
293,O,2022,1.05
293,O,2023,2.68
293,O,2024,4.7
293,P,2020,1.35
293,P,2021,-0.32
293,P,2022,0.78
293,P,2023,2.03
293,P,2024,1.5
293,Q,2020,1.69
293,Q,2021,2.33
293,Q,2022,3.8
293,Q,2023,3.44
293,Q,2024,0.54
293,"R,S,T,U",2020,1.26
293,"R,S,T,U",2021,2.9
293,"R,S,T,U",2022,3.38
293,"R,S,T,U",2023,3.47
293,"R,S,T,U",2024,1.42
293,TOTAL,2020,1.36
293,TOTAL,2021,1.12
293,TOTAL,2022,4.64
293,TOTAL,2023,3.71
293,TOTAL,2024,2.4
293,TANPA_MIGAS,2020,1.36
293,TANPA_MIGAS,2021,1.12
293,TANPA_MIGAS,2022,4.64
293,TANPA_MIGAS,2023,3.71
293,TANPA_MIGAS,2024,2.41
294,A,2020,1.34
294,A,2021,1.42
294,A,2022,6.58
294,A,2023,5.64
294,A,2024,3.08
294,B,2020,1.71
294,B,2021,3.38
294,B,2022,1.96
294,B,2023,3.62
294,B,2024,-0.21
294,C,2020,0.96
294,C,2021,2.89
294,C,2022,3.61
294,C,2023,3.37
294,C,2024,2.94
294,D,2020,-0.95
294,D,2021,0.46
294,D,2022,1.88
294,D,2023,1.7
294,D,2024,-0.25
294,E,2020,0.24
294,E,2021,0.62
294,E,2022,3.96
294,E,2023,1.16
294,E,2024,0.34
294,F,2020,0.44
294,F,2021,0.99
294,F,2022,4.3
294,F,2023,0.45
294,F,2024,2.18
294,G,2020,1.81
294,G,2021,1.57
294,G,2022,4.76
294,G,2023,3.51
294,G,2024,1.44
294,H,2020,0.7
294,H,2021,0.76
294,H,2022,6.0
294,H,2023,9.74
294,H,2024,2.27
294,I,2020,0.75
294,I,2021,4.15
294,I,2022,3.61
294,I,2023,3.56
294,I,2024,3.07
294,J,2020,1.07
294,J,2021,0.27
294,J,2022,0.53
294,J,2023,0.82
294,J,2024,0.64
294,K,2020,0.18
294,K,2021,3.01
294,K,2022,6.33
294,K,2023,2.28
294,K,2024,2.35
294,L,2020,0.71
294,L,2021,0.61
294,L,2022,0.64
294,L,2023,1.39
294,L,2024,0.96
294,"M,N",2020,1.79
294,"M,N",2021,1.61
294,"M,N",2022,2.67
294,"M,N",2023,2.32
294,"M,N",2024,1.22
294,O,2020,2.02
294,O,2021,-0.16
294,O,2022,2.74
294,O,2023,4.46
294,O,2024,5.55
294,P,2020,1.02
294,P,2021,-0.66
294,P,2022,0.66
294,P,2023,3.99
294,P,2024,2.62
294,Q,2020,1.21
294,Q,2021,1.78
294,Q,2022,3.32
294,Q,2023,4.38
294,Q,2024,2.04
294,"R,S,T,U",2020,1.37
294,"R,S,T,U",2021,2.47
294,"R,S,T,U",2022,3.72
294,"R,S,T,U",2023,2.93
294,"R,S,T,U",2024,1.05
294,TOTAL,2020,1.24
294,TOTAL,2021,1.27
294,TOTAL,2022,4.15
294,TOTAL,2023,3.52
294,TOTAL,2024,2.32
294,TANPA_MIGAS,2020,1.24
294,TANPA_MIGAS,2021,1.27
294,TANPA_MIGAS,2022,4.15
294,TANPA_MIGAS,2023,3.52
294,TANPA_MIGAS,2024,2.32
295,A,2020,0.95
295,A,2021,-1.35
295,A,2022,7.09
295,A,2023,5.9
295,A,2024,2.98
295,B,2020,1.12
295,B,2021,2.68
295,B,2022,3.59
295,B,2023,4.65
295,B,2024,-0.33
295,C,2020,0.78
295,C,2021,3.25
295,C,2022,3.25
295,C,2023,3.09
295,C,2024,3.03
295,D,2020,-0.12
295,D,2021,1.51
295,D,2022,1.77
295,D,2023,1.31
295,D,2024,0.15
295,E,2020,0.07
295,E,2021,-0.09
295,E,2022,1.77
295,E,2023,0.3
295,E,2024,0.91
295,F,2020,0.05
295,F,2021,1.06
295,F,2022,4.82
295,F,2023,1.7
295,F,2024,1.08
295,G,2020,1.22
295,G,2021,1.06
295,G,2022,5.1
295,G,2023,3.67
295,G,2024,1.59
295,H,2020,-0.17
295,H,2021,0.85
295,H,2022,5.89
295,H,2023,8.13
295,H,2024,0.55
295,I,2020,0.94
295,I,2021,4.61
295,I,2022,3.58
295,I,2023,4.23
295,I,2024,2.61
295,J,2020,0.39
295,J,2021,0.6
295,J,2022,1.17
295,J,2023,0.36
295,J,2024,0.75
295,K,2020,0.04
295,K,2021,3.39
295,K,2022,6.36
295,K,2023,2.54
295,K,2024,0.59
295,L,2020,0.32
295,L,2021,0.17
295,L,2022,1.56
295,L,2023,2.98
295,L,2024,0.47
295,"M,N",2020,0.58
295,"M,N",2021,0.56
295,"M,N",2022,3.35
295,"M,N",2023,1.52
295,"M,N",2024,1.61
295,O,2020,3.59
295,O,2021,-0.69
295,O,2022,2.17
295,O,2023,3.27
295,O,2024,5.22
295,P,2020,0.27
295,P,2021,-0.96
295,P,2022,1.45
295,P,2023,2.0
295,P,2024,1.26
295,Q,2020,0.85
295,Q,2021,1.56
295,Q,2022,3.22
295,Q,2023,1.51
295,Q,2024,0.53
295,"R,S,T,U",2020,0.63
295,"R,S,T,U",2021,2.31
295,"R,S,T,U",2022,3.6
295,"R,S,T,U",2023,3.04
295,"R,S,T,U",2024,0.94
295,TOTAL,2020,0.91
295,TOTAL,2021,0.13
295,TOTAL,2022,4.55
295,TOTAL,2023,3.67
295,TOTAL,2024,1.93
295,TANPA_MIGAS,2020,0.91
295,TANPA_MIGAS,2021,0.13
295,TANPA_MIGAS,2022,4.55
295,TANPA_MIGAS,2023,3.67
295,TANPA_MIGAS,2024,1.93
296,A,2020,0.81
296,A,2021,0.14
296,A,2022,7.35
296,A,2023,3.66
296,A,2024,2.96
296,B,2020,-20.83
296,B,2021,57.95
296,B,2022,51.59
296,B,2023,-11.04
296,B,2024,1.88
296,C,2020,2.48
296,C,2021,5.07
296,C,2022,4.44
296,C,2023,4.1
296,C,2024,3.87
296,D,2020,1.46
296,D,2021,3.27
296,D,2022,1.95
296,D,2023,1.9
296,D,2024,-0.07
296,E,2020,1.09
296,E,2021,1.22
296,E,2022,3.19
296,E,2023,0.87
296,E,2024,1.19
296,F,2020,1.32
296,F,2021,1.04
296,F,2022,4.36
296,F,2023,0.66
296,F,2024,1.65
296,G,2020,3.47
296,G,2021,2.5
296,G,2022,4.8
296,G,2023,2.53
296,G,2024,2.52
296,H,2020,1.0
296,H,2021,0.33
296,H,2022,8.3
296,H,2023,8.98
296,H,2024,1.77
296,I,2020,1.73
296,I,2021,5.2
296,I,2022,3.71
296,I,2023,2.4
296,I,2024,2.66
296,J,2020,0.3
296,J,2021,0.48
296,J,2022,1.75
296,J,2023,0.42
296,J,2024,1.64
296,K,2020,1.08
296,K,2021,2.75
296,K,2022,5.79
296,K,2023,1.79
296,K,2024,2.2
296,L,2020,2.88
296,L,2021,0.78
296,L,2022,1.99
296,L,2023,2.02
296,L,2024,2.7
296,"M,N",2020,2.73
296,"M,N",2021,2.05
296,"M,N",2022,3.77
296,"M,N",2023,4.04
296,"M,N",2024,2.71
296,O,2020,4.32
296,O,2021,-0.46
296,O,2022,0.81
296,O,2023,2.06
296,O,2024,3.84
296,P,2020,0.87
296,P,2021,0.95
296,P,2022,1.28
296,P,2023,2.45
296,P,2024,3.15
296,Q,2020,1.07
296,Q,2021,1.8
296,Q,2022,3.77
296,Q,2023,3.2
296,Q,2024,3.62
296,"R,S,T,U",2020,1.97
296,"R,S,T,U",2021,3.66
296,"R,S,T,U",2022,3.66
296,"R,S,T,U",2023,5.29
296,"R,S,T,U",2024,2.78
296,TOTAL,2020,-9.61
296,TOTAL,2021,26.88
296,TOTAL,2022,27.19
296,TOTAL,2023,-4.86
296,TOTAL,2024,2.2
296,TANPA_MIGAS,2020,1.64
296,TANPA_MIGAS,2021,1.15
296,TANPA_MIGAS,2022,4.34
296,TANPA_MIGAS,2023,2.5
296,TANPA_MIGAS,2024,2.54
297,A,2020,1.32
297,A,2021,2.22
297,A,2022,7.04
297,A,2023,5.43
297,A,2024,3.31
297,B,2020,0.77
297,B,2021,8.15
297,B,2022,7.67
297,B,2023,1.82
297,B,2024,0.55
297,C,2020,1.8
297,C,2021,3.89
297,C,2022,5.69
297,C,2023,5.78
297,C,2024,2.84
297,D,2020,4.14
297,D,2021,5.79
297,D,2022,1.94
297,D,2023,1.54
297,D,2024,-0.64
297,E,2020,1.12
297,E,2021,1.27
297,E,2022,3.57
297,E,2023,1.8
297,E,2024,0.9
297,F,2020,1.27
297,F,2021,1.67
297,F,2022,3.29
297,F,2023,2.48
297,F,2024,2.32
297,G,2020,2.82
297,G,2021,1.78
297,G,2022,4.95
297,G,2023,5.31
297,G,2024,2.25
297,H,2020,1.97
297,H,2021,0.01
297,H,2022,5.59
297,H,2023,9.57
297,H,2024,0.63
297,I,2020,2.67
297,I,2021,5.08
297,I,2022,3.46
297,I,2023,4.18
297,I,2024,4.8
297,J,2020,0.66
297,J,2021,0.61
297,J,2022,1.64
297,J,2023,1.19
297,J,2024,2.26
297,K,2020,1.86
297,K,2021,2.94
297,K,2022,5.73
297,K,2023,2.85
297,K,2024,2.55
297,L,2020,1.43
297,L,2021,0.69
297,L,2022,1.42
297,L,2023,2.77
297,L,2024,1.77
297,"M,N",2020,1.29
297,"M,N",2021,0.59
297,"M,N",2022,3.9
297,"M,N",2023,4.34
297,"M,N",2024,4.14
297,O,2020,3.99
297,O,2021,-0.6
297,O,2022,4.09
297,O,2023,4.55
297,O,2024,2.59
297,P,2020,1.49
297,P,2021,-0.25
297,P,2022,1.23
297,P,2023,2.31
297,P,2024,3.87
297,Q,2020,1.42
297,Q,2021,1.98
297,Q,2022,3.21
297,Q,2023,3.9
297,Q,2024,4.11
297,"R,S,T,U",2020,1.16
297,"R,S,T,U",2021,3.54
297,"R,S,T,U",2022,3.84
297,"R,S,T,U",2023,3.91
297,"R,S,T,U",2024,2.34
297,TOTAL,2020,1.85
297,TOTAL,2021,2.68
297,TOTAL,2022,4.77
297,TOTAL,2023,4.31
297,TOTAL,2024,2.46
297,TANPA_MIGAS,2020,2.02
297,TANPA_MIGAS,2021,2.31
297,TANPA_MIGAS,2022,4.38
297,TANPA_MIGAS,2023,4.5
297,TANPA_MIGAS,2024,2.46
298,A,2020,1.04
298,A,2021,1.21
298,A,2022,6.03
298,A,2023,4.81
298,A,2024,1.47
298,B,2020,2.32
298,B,2021,4.14
298,B,2022,3.46
298,B,2023,2.87
298,B,2024,0.12
298,C,2020,1.31
298,C,2021,4.34
298,C,2022,3.46
298,C,2023,4.14
298,C,2024,3.0
298,D,2020,1.6
298,D,2021,3.66
298,D,2022,1.6
298,D,2023,1.81
298,D,2024,0.08
298,E,2020,0.5
298,E,2021,0.47
298,E,2022,3.25
298,E,2023,1.55
298,E,2024,0.81
298,F,2020,1.32
298,F,2021,0.05
298,F,2022,4.51
298,F,2023,1.83
298,F,2024,0.8
298,G,2020,2.31
298,G,2021,1.97
298,G,2022,6.08
298,G,2023,3.44
298,G,2024,1.73
298,H,2020,0.66
298,H,2021,-0.49
298,H,2022,6.27
298,H,2023,9.44
298,H,2024,1.07
298,I,2020,1.75
298,I,2021,5.53
298,I,2022,4.14
298,I,2023,4.3
298,I,2024,1.93
298,J,2020,0.06
298,J,2021,0.36
298,J,2022,1.18
298,J,2023,0.61
298,J,2024,1.34
298,K,2020,1.31
298,K,2021,3.09
298,K,2022,7.1
298,K,2023,3.28
298,K,2024,1.3
298,L,2020,2.08
298,L,2021,0.7
298,L,2022,1.78
298,L,2023,1.39
298,L,2024,1.21
298,"M,N",2020,2.08
298,"M,N",2021,2.74
298,"M,N",2022,2.7
298,"M,N",2023,2.68
298,"M,N",2024,1.54
298,O,2020,1.99
298,O,2021,-0.27
298,O,2022,7.7
298,O,2023,2.81
298,O,2024,4.95
298,P,2020,0.61
298,P,2021,0.42
298,P,2022,1.03
298,P,2023,1.76
298,P,2024,1.68
298,Q,2020,1.41
298,Q,2021,1.86
298,Q,2022,4.38
298,Q,2023,2.05
298,Q,2024,1.72
298,"R,S,T,U",2020,1.09
298,"R,S,T,U",2021,2.93
298,"R,S,T,U",2022,3.97
298,"R,S,T,U",2023,5.17
298,"R,S,T,U",2024,4.02
298,TOTAL,2020,1.28
298,TOTAL,2021,1.31
298,TOTAL,2022,4.88
298,TOTAL,2023,3.25
298,TOTAL,2024,1.55
298,TANPA_MIGAS,2020,1.28
298,TANPA_MIGAS,2021,1.31
298,TANPA_MIGAS,2022,4.88
298,TANPA_MIGAS,2023,3.25
298,TANPA_MIGAS,2024,1.55
299,A,2020,1.34
299,A,2021,1.34
299,A,2022,5.75
299,A,2023,4.63
299,A,2024,1.55
299,B,2020,-13.3
299,B,2021,23.66
299,B,2022,27.17
299,B,2023,-10.98
299,B,2024,0.99
299,C,2020,1.3
299,C,2021,3.95
299,C,2022,3.13
299,C,2023,4.52
299,C,2024,2.47
299,D,2020,-3.69
299,D,2021,-2.29
299,D,2022,1.13
299,D,2023,0.86
299,D,2024,-1.11
299,E,2020,0.24
299,E,2021,0.69
299,E,2022,3.61
299,E,2023,1.7
299,E,2024,1.43
299,F,2020,0.45
299,F,2021,0.07
299,F,2022,5.32
299,F,2023,2.43
299,F,2024,1.08
299,G,2020,1.83
299,G,2021,1.7
299,G,2022,6.02
299,G,2023,3.64
299,G,2024,2.1
299,H,2020,0.5
299,H,2021,-0.44
299,H,2022,4.75
299,H,2023,6.68
299,H,2024,1.64
299,I,2020,1.41
299,I,2021,5.14
299,I,2022,4.63
299,I,2023,4.62
299,I,2024,2.17
299,J,2020,0.96
299,J,2021,0.46
299,J,2022,0.93
299,J,2023,1.14
299,J,2024,0.96
299,K,2020,0.23
299,K,2021,3.53
299,K,2022,8.33
299,K,2023,2.43
299,K,2024,1.57
299,L,2020,0.71
299,L,2021,2.97
299,L,2022,1.88
299,L,2023,1.46
299,L,2024,1.23
299,"M,N",2020,1.79
299,"M,N",2021,1.2
299,"M,N",2022,3.05
299,"M,N",2023,2.85
299,"M,N",2024,1.63
299,O,2020,4.64
299,O,2021,-0.65
299,O,2022,3.06
299,O,2023,4.37
299,O,2024,4.69
299,P,2020,1.02
299,P,2021,0.87
299,P,2022,1.75
299,P,2023,2.46
299,P,2024,1.64
299,Q,2020,0.86
299,Q,2021,2.56
299,Q,2022,5.05
299,Q,2023,3.24
299,Q,2024,1.02
299,"R,S,T,U",2020,1.36
299,"R,S,T,U",2021,3.58
299,"R,S,T,U",2022,4.44
299,"R,S,T,U",2023,4.85
299,"R,S,T,U",2024,2.87
299,TOTAL,2020,0.36
299,TOTAL,2021,3.8
299,TOTAL,2022,5.52
299,TOTAL,2023,2.79
299,TOTAL,2024,2.11
299,TANPA_MIGAS,2020,1.15
299,TANPA_MIGAS,2021,2.51
299,TANPA_MIGAS,2022,3.86
299,TANPA_MIGAS,2023,3.96
299,TANPA_MIGAS,2024,2.02
300,A,2020,1.31
300,A,2021,1.84
300,A,2022,6.82
300,A,2023,3.51
300,A,2024,2.67
300,B,2020,-9.77
300,B,2021,41.44
300,B,2022,37.4
300,B,2023,-12.08
300,B,2024,-0.73
300,C,2020,0.53
300,C,2021,2.85
300,C,2022,4.05
300,C,2023,3.77
300,C,2024,4.06
300,D,2020,-0.95
300,D,2021,0.24
300,D,2022,2.2
300,D,2023,3.68
300,D,2024,0.66
300,E,2020,0.24
300,E,2021,0.4
300,E,2022,4.4
300,E,2023,2.4
300,E,2024,2.12
300,F,2020,0.46
300,F,2021,0.22
300,F,2022,6.2
300,F,2023,2.68
300,F,2024,1.27
300,G,2020,2.11
300,G,2021,1.55
300,G,2022,5.11
300,G,2023,6.27
300,G,2024,1.27
300,H,2020,0.68
300,H,2021,-0.11
300,H,2022,5.42
300,H,2023,7.97
300,H,2024,1.15
300,I,2020,1.5
300,I,2021,5.25
300,I,2022,4.52
300,I,2023,6.33
300,I,2024,4.51
300,J,2020,0.73
300,J,2021,0.29
300,J,2022,2.02
300,J,2023,5.22
300,J,2024,4.89
300,K,2020,0.19
300,K,2021,1.86
300,K,2022,6.38
300,K,2023,2.53
300,K,2024,1.48
300,L,2020,0.71
300,L,2021,0.72
300,L,2022,1.5
300,L,2023,3.63
300,L,2024,4.18
300,"M,N",2020,1.79
300,"M,N",2021,1.17
300,"M,N",2022,2.29
300,"M,N",2023,0.17
300,"M,N",2024,1.59
300,O,2020,4.95
300,O,2021,-0.25
300,O,2022,3.1
300,O,2023,5.85
300,O,2024,5.44
300,P,2020,1.02
300,P,2021,0.12
300,P,2022,1.33
300,P,2023,1.64
300,P,2024,1.48
300,Q,2020,0.72
300,Q,2021,0.51
300,Q,2022,5.55
300,Q,2023,8.55
300,Q,2024,1.82
300,"R,S,T,U",2020,1.35
300,"R,S,T,U",2021,2.85
300,"R,S,T,U",2022,4.14
300,"R,S,T,U",2023,1.82
300,"R,S,T,U",2024,3.05
300,TOTAL,2020,0.01
300,TOTAL,2021,8.54
300,TOTAL,2022,10.97
300,TOTAL,2023,0.9
300,TOTAL,2024,1.63
300,TANPA_MIGAS,2020,1.34
300,TANPA_MIGAS,2021,0.92
300,TANPA_MIGAS,2022,5.06
300,TANPA_MIGAS,2023,3.9
300,TANPA_MIGAS,2024,2.0
301,A,2020,1.38
301,A,2021,1.22
301,A,2022,7.04
301,A,2023,3.64
301,A,2024,2.55
301,B,2020,-4.94
301,B,2021,17.7
301,B,2022,30.59
301,B,2023,-3.57
301,B,2024,1.21
301,C,2020,1.92
301,C,2021,3.34
301,C,2022,3.91
301,C,2023,3.52
301,C,2024,4.15
301,D,2020,2.58
301,D,2021,4.56
301,D,2022,3.2
301,D,2023,2.25
301,D,2024,0.36
301,E,2020,1.12
301,E,2021,2.86
301,E,2022,3.71
301,E,2023,1.14
301,E,2024,0.47
301,F,2020,0.43
301,F,2021,0.05
301,F,2022,5.67
301,F,2023,3.22
301,F,2024,1.39
301,G,2020,2.3
301,G,2021,2.57
301,G,2022,4.84
301,G,2023,3.75
301,G,2024,1.71
301,H,2020,1.72
301,H,2021,0.05
301,H,2022,5.38
301,H,2023,9.32
301,H,2024,1.14
301,I,2020,1.41
301,I,2021,4.79
301,I,2022,2.77
301,I,2023,2.76
301,I,2024,1.72
301,J,2020,0.42
301,J,2021,0.62
301,J,2022,0.85
301,J,2023,1.68
301,J,2024,0.64
301,K,2020,1.15
301,K,2021,1.06
301,K,2022,3.87
301,K,2023,2.86
301,K,2024,1.18
301,L,2020,0.98
301,L,2021,3.7
301,L,2022,1.39
301,L,2023,1.79
301,L,2024,1.14
301,"M,N",2020,1.29
301,"M,N",2021,0.58
301,"M,N",2022,2.71
301,"M,N",2023,1.34
301,"M,N",2024,1.23
301,O,2020,4.61
301,O,2021,-0.8
301,O,2022,1.17
301,O,2023,5.59
301,O,2024,2.85
301,P,2020,1.49
301,P,2021,0.42
301,P,2022,0.96
301,P,2023,1.66
301,P,2024,0.7
301,Q,2020,0.97
301,Q,2021,0.71
301,Q,2022,2.63
301,Q,2023,3.06
301,Q,2024,0.49
301,"R,S,T,U",2020,1.16
301,"R,S,T,U",2021,2.1
301,"R,S,T,U",2022,3.39
301,"R,S,T,U",2023,5.68
301,"R,S,T,U",2024,3.05
301,TOTAL,2020,0.57
301,TOTAL,2021,3.78
301,TOTAL,2022,8.96
301,TOTAL,2023,2.07
301,TOTAL,2024,1.56
301,TANPA_MIGAS,2020,1.55
301,TANPA_MIGAS,2021,1.24
301,TANPA_MIGAS,2022,4.82
301,TANPA_MIGAS,2023,3.42
301,TANPA_MIGAS,2024,1.71
302,A,2020,1.51
302,A,2021,3.21
302,A,2022,5.88
302,A,2023,3.14
302,A,2024,3.98
302,B,2020,1.71
302,B,2021,2.86
302,B,2022,2.86
302,B,2023,3.19
302,B,2024,2.38
302,C,2020,0.88
302,C,2021,3.85
302,C,2022,3.74
302,C,2023,5.7
302,C,2024,4.99
302,D,2020,-0.38
302,D,2021,1.32
302,D,2022,1.8
302,D,2023,1.75
302,D,2024,0.35
302,E,2020,0.25
302,E,2021,-0.14
302,E,2022,2.35
302,E,2023,1.06
302,E,2024,0.98
302,F,2020,0.45
302,F,2021,0.83
302,F,2022,4.24
302,F,2023,1.47
302,F,2024,1.27
302,G,2020,0.68
302,G,2021,1.21
302,G,2022,4.9
302,G,2023,3.77
302,G,2024,1.91
302,H,2020,0.71
302,H,2021,-0.01
302,H,2022,5.57
302,H,2023,8.91
302,H,2024,0.91
302,I,2020,1.27
302,I,2021,4.66
302,I,2022,3.33
302,I,2023,3.5
302,I,2024,1.97
302,J,2020,0.33
302,J,2021,0.52
302,J,2022,1.31
302,J,2023,1.61
302,J,2024,1.62
302,K,2020,0.22
302,K,2021,1.62
302,K,2022,4.99
302,K,2023,3.82
302,K,2024,3.8
302,L,2020,0.71
302,L,2021,0.51
302,L,2022,2.21
302,L,2023,1.96
302,L,2024,1.5
302,"M,N",2020,1.78
302,"M,N",2021,1.24
302,"M,N",2022,2.71
302,"M,N",2023,3.55
302,"M,N",2024,3.35
302,O,2020,4.21
302,O,2021,-0.23
302,O,2022,1.71
302,O,2023,3.63
302,O,2024,4.1
302,P,2020,1.02
302,P,2021,0.39
302,P,2022,1.44
302,P,2023,3.89
302,P,2024,2.83
302,Q,2020,0.47
302,Q,2021,0.37
302,Q,2022,4.08
302,Q,2023,1.95
302,Q,2024,0.56
302,"R,S,T,U",2020,1.35
302,"R,S,T,U",2021,2.22
302,"R,S,T,U",2022,3.61
302,"R,S,T,U",2023,7.11
302,"R,S,T,U",2024,2.25
302,TOTAL,2020,1.19
302,TOTAL,2021,1.69
302,TOTAL,2022,4.23
302,TOTAL,2023,3.27
302,TOTAL,2024,2.7
302,TANPA_MIGAS,2020,1.19
302,TANPA_MIGAS,2021,1.69
302,TANPA_MIGAS,2022,4.23
302,TANPA_MIGAS,2023,3.27
302,TANPA_MIGAS,2024,2.7
303,A,2020,1.12
303,A,2021,2.46
303,A,2022,7.13
303,A,2023,4.68
303,A,2024,2.59
303,B,2020,-9.53
303,B,2021,21.19
303,B,2022,36.21
303,B,2023,-8.9
303,B,2024,-1.1
303,C,2020,1.47
303,C,2021,3.31
303,C,2022,3.52
303,C,2023,4.15
303,C,2024,3.28
303,D,2020,-0.41
303,D,2021,0.53
303,D,2022,1.44
303,D,2023,2.43
303,D,2024,0.62
303,E,2020,0.75
303,E,2021,0.99
303,E,2022,2.72
303,E,2023,1.37
303,E,2024,1.62
303,F,2020,1.88
303,F,2021,0.48
303,F,2022,6.01
303,F,2023,3.19
303,F,2024,1.51
303,G,2020,1.84
303,G,2021,2.41
303,G,2022,5.24
303,G,2023,3.8
303,G,2024,1.96
303,H,2020,1.1
303,H,2021,-0.52
303,H,2022,5.06
303,H,2023,7.3
303,H,2024,1.45
303,I,2020,0.8
303,I,2021,5.2
303,I,2022,4.36
303,I,2023,2.44
303,I,2024,1.42
303,J,2020,0.82
303,J,2021,0.52
303,J,2022,1.3
303,J,2023,1.6
303,J,2024,1.06
303,K,2020,0.36
303,K,2021,2.42
303,K,2022,6.01
303,K,2023,3.0
303,K,2024,2.01
303,L,2020,1.57
303,L,2021,0.68
303,L,2022,2.21
303,L,2023,2.49
303,L,2024,1.85
303,"M,N",2020,1.4
303,"M,N",2021,1.27
303,"M,N",2022,2.59
303,"M,N",2023,4.57
303,"M,N",2024,3.68
303,O,2020,3.6
303,O,2021,-0.12
303,O,2022,1.46
303,O,2023,6.08
303,O,2024,3.21
303,P,2020,0.11
303,P,2021,0.4
303,P,2022,1.5
303,P,2023,2.84
303,P,2024,1.95
303,Q,2020,0.13
303,Q,2021,0.61
303,Q,2022,4.6
303,Q,2023,2.64
303,Q,2024,3.21
303,"R,S,T,U",2020,1.16
303,"R,S,T,U",2021,3.58
303,"R,S,T,U",2022,4.24
303,"R,S,T,U",2023,5.42
303,"R,S,T,U",2024,3.75
303,TOTAL,2020,-0.52
303,TOTAL,2021,5.04
303,TOTAL,2022,10.6
303,TOTAL,2023,1.32
303,TOTAL,2024,1.43
303,TANPA_MIGAS,2020,1.38
303,TANPA_MIGAS,2021,1.76
303,TANPA_MIGAS,2022,5.22
303,TANPA_MIGAS,2023,3.88
303,TANPA_MIGAS,2024,1.85
304,A,2020,2.74
304,A,2021,4.98
304,A,2022,5.33
304,A,2023,4.16
304,A,2024,5.76
304,B,2020,2.64
304,B,2021,4.36
304,B,2022,3.61
304,B,2023,3.4
304,B,2024,1.42
304,C,2020,1.67
304,C,2021,4.93
304,C,2022,3.84
304,C,2023,2.56
304,C,2024,2.17
304,D,2020,-1.99
304,D,2021,0.03
304,D,2022,2.08
304,D,2023,1.92
304,D,2024,0.5
304,E,2020,0.4
304,E,2021,0.88
304,E,2022,4.73
304,E,2023,4.61
304,E,2024,1.73
304,F,2020,0.35
304,F,2021,1.55
304,F,2022,5.64
304,F,2023,3.32
304,F,2024,0.84
304,G,2020,1.13
304,G,2021,2.16
304,G,2022,5.75
304,G,2023,3.77
304,G,2024,2.57
304,H,2020,0.57
304,H,2021,-0.1
304,H,2022,5.08
304,H,2023,8.07
304,H,2024,0.86
304,I,2020,1.18
304,I,2021,3.85
304,I,2022,3.71
304,I,2023,4.69
304,I,2024,2.7
304,J,2020,0.36
304,J,2021,0.86
304,J,2022,0.94
304,J,2023,1.28
304,J,2024,1.55
304,K,2020,-0.15
304,K,2021,2.29
304,K,2022,7.38
304,K,2023,4.22
304,K,2024,1.36
304,L,2020,1.68
304,L,2021,0.55
304,L,2022,1.74
304,L,2023,1.7
304,L,2024,1.6
304,"M,N",2020,2.74
304,"M,N",2021,2.14
304,"M,N",2022,3.67
304,"M,N",2023,3.44
304,"M,N",2024,1.87
304,O,2020,4.53
304,O,2021,-0.51
304,O,2022,3.78
304,O,2023,5.87
304,O,2024,12.73
304,P,2020,1.83
304,P,2021,0.15
304,P,2022,0.82
304,P,2023,1.57
304,P,2024,2.09
304,Q,2020,1.71
304,Q,2021,0.88
304,Q,2022,3.86
304,Q,2023,4.25
304,Q,2024,1.37
304,"R,S,T,U",2020,1.91
304,"R,S,T,U",2021,3.57
304,"R,S,T,U",2022,5.3
304,"R,S,T,U",2023,6.06
304,"R,S,T,U",2024,2.35
304,TOTAL,2020,1.43
304,TOTAL,2021,4.24
304,TOTAL,2022,3.89
304,TOTAL,2023,2.59
304,TOTAL,2024,2.14
304,TANPA_MIGAS,2020,1.43
304,TANPA_MIGAS,2021,4.24
304,TANPA_MIGAS,2022,3.89
304,TANPA_MIGAS,2023,2.59
304,TANPA_MIGAS,2024,2.14
305,A,2020,1.17
305,A,2021,1.32
305,A,2022,6.72
305,A,2023,4.96
305,A,2024,1.14
305,B,2020,0.88
305,B,2021,1.06
305,B,2022,3.68
305,B,2023,2.82
305,B,2024,0.29
305,C,2020,2.16
305,C,2021,4.48
305,C,2022,4.13
305,C,2023,3.39
305,C,2024,3.21
305,D,2020,-2.09
305,D,2021,0.33
305,D,2022,2.11
305,D,2023,1.89
305,D,2024,-0.35
305,E,2020,0.35
305,E,2021,2.7
305,E,2022,3.7
305,E,2023,2.33
305,E,2024,2.32
305,F,2020,0.34
305,F,2021,1.58
305,F,2022,4.18
305,F,2023,3.43
305,F,2024,4.82
305,G,2020,1.13
305,G,2021,1.76
305,G,2022,7.12
305,G,2023,3.47
305,G,2024,1.33
305,H,2020,0.29
305,H,2021,0.13
305,H,2022,6.41
305,H,2023,7.53
305,H,2024,2.72
305,I,2020,1.95
305,I,2021,4.68
305,I,2022,4.57
305,I,2023,4.59
305,I,2024,4.48
305,J,2020,1.07
305,J,2021,0.45
305,J,2022,1.39
305,J,2023,1.16
305,J,2024,1.4
305,K,2020,-0.03
305,K,2021,2.98
305,K,2022,7.9
305,K,2023,3.06
305,K,2024,0.88
305,L,2020,1.67
305,L,2021,0.56
305,L,2022,1.07
305,L,2023,1.34
305,L,2024,1.65
305,"M,N",2020,2.66
305,"M,N",2021,2.39
305,"M,N",2022,2.11
305,"M,N",2023,2.66
305,"M,N",2024,1.27
305,O,2020,3.83
305,O,2021,-0.28
305,O,2022,1.22
305,O,2023,4.52
305,O,2024,6.98
305,P,2020,1.86
305,P,2021,0.44
305,P,2022,1.04
305,P,2023,2.12
305,P,2024,3.54
305,Q,2020,1.15
305,Q,2021,0.41
305,Q,2022,3.25
305,Q,2023,3.47
305,Q,2024,0.25
305,"R,S,T,U",2020,1.19
305,"R,S,T,U",2021,2.88
305,"R,S,T,U",2022,4.16
305,"R,S,T,U",2023,2.87
305,"R,S,T,U",2024,1.91
305,TOTAL,2020,1.08
305,TOTAL,2021,1.69
305,TOTAL,2022,4.66
305,TOTAL,2023,3.23
305,TOTAL,2024,2.44
305,TANPA_MIGAS,2020,1.08
305,TANPA_MIGAS,2021,1.69
305,TANPA_MIGAS,2022,4.66
305,TANPA_MIGAS,2023,3.23
305,TANPA_MIGAS,2024,2.44
306,A,2020,0.59
306,A,2021,-0.11
306,A,2022,5.42
306,A,2023,7.11
306,A,2024,3.13
306,B,2020,2.73
306,B,2021,-0.73
306,B,2022,1.9
306,B,2023,5.33
306,B,2024,0.48
306,C,2020,2.63
306,C,2021,3.88
306,C,2022,3.75
306,C,2023,4.0
306,C,2024,3.13
306,D,2020,-0.24
306,D,2021,1.71
306,D,2022,2.36
306,D,2023,1.13
306,D,2024,0.05
306,E,2020,1.58
306,E,2021,3.46
306,E,2022,2.9
306,E,2023,1.64
306,E,2024,1.8
306,F,2020,2.06
306,F,2021,0.86
306,F,2022,4.56
306,F,2023,2.99
306,F,2024,1.78
306,G,2020,0.94
306,G,2021,1.62
306,G,2022,5.24
306,G,2023,3.51
306,G,2024,2.03
306,H,2020,0.0
306,H,2021,0.08
306,H,2022,6.54
306,H,2023,9.96
306,H,2024,0.26
306,I,2020,-0.88
306,I,2021,2.85
306,I,2022,3.16
306,I,2023,2.96
306,I,2024,1.3
306,J,2020,0.86
306,J,2021,0.67
306,J,2022,1.87
306,J,2023,1.22
306,J,2024,0.96
306,K,2020,1.36
306,K,2021,2.71
306,K,2022,8.16
306,K,2023,3.93
306,K,2024,0.9
306,L,2020,1.47
306,L,2021,0.95
306,L,2022,0.9
306,L,2023,1.03
306,L,2024,0.97
306,"M,N",2020,1.42
306,"M,N",2021,0.78
306,"M,N",2022,1.81
306,"M,N",2023,2.49
306,"M,N",2024,1.31
306,O,2020,2.83
306,O,2021,-0.82
306,O,2022,1.45
306,O,2023,4.77
306,O,2024,4.32
306,P,2020,1.8
306,P,2021,0.92
306,P,2022,1.23
306,P,2023,1.56
306,P,2024,1.65
306,Q,2020,0.98
306,Q,2021,0.75
306,Q,2022,3.7
306,Q,2023,2.78
306,Q,2024,0.34
306,"R,S,T,U",2020,0.13
306,"R,S,T,U",2021,2.87
306,"R,S,T,U",2022,4.43
306,"R,S,T,U",2023,4.19
306,"R,S,T,U",2024,1.97
306,TOTAL,2020,1.46
306,TOTAL,2021,1.88
306,TOTAL,2022,4.11
306,TOTAL,2023,3.44
306,TOTAL,2024,2.07
306,TANPA_MIGAS,2020,1.46
306,TANPA_MIGAS,2021,1.88
306,TANPA_MIGAS,2022,4.11
306,TANPA_MIGAS,2023,3.44
306,TANPA_MIGAS,2024,2.07
307,A,2020,1.49
307,A,2021,2.69
307,A,2022,7.1
307,A,2023,4.18
307,A,2024,4.19
307,B,2020,
307,B,2021,
307,B,2022,
307,B,2023,
307,B,2024,
307,C,2020,1.29
307,C,2021,3.55
307,C,2022,3.7
307,C,2023,4.03
307,C,2024,3.3
307,D,2020,-0.53
307,D,2021,0.93
307,D,2022,2.53
307,D,2023,1.07
307,D,2024,-0.63
307,E,2020,0.24
307,E,2021,0.58
307,E,2022,4.18
307,E,2023,2.34
307,E,2024,3.85
307,F,2020,0.45
307,F,2021,0.74
307,F,2022,5.03
307,F,2023,2.93
307,F,2024,3.45
307,G,2020,1.75
307,G,2021,2.06
307,G,2022,4.72
307,G,2023,3.85
307,G,2024,2.52
307,H,2020,0.78
307,H,2021,-0.36
307,H,2022,5.49
307,H,2023,8.11
307,H,2024,0.48
307,I,2020,1.27
307,I,2021,5.11
307,I,2022,3.95
307,I,2023,4.11
307,I,2024,4.26
307,J,2020,1.14
307,J,2021,0.11
307,J,2022,0.29
307,J,2023,1.62
307,J,2024,0.65
307,K,2020,0.19
307,K,2021,2.51
307,K,2022,6.73
307,K,2023,4.01
307,K,2024,0.79
307,L,2020,0.71
307,L,2021,0.58
307,L,2022,1.46
307,L,2023,1.19
307,L,2024,1.29
307,"M,N",2020,1.79
307,"M,N",2021,1.08
307,"M,N",2022,4.3
307,"M,N",2023,3.3
307,"M,N",2024,5.66
307,O,2020,5.13
307,O,2021,-0.33
307,O,2022,0.56
307,O,2023,5.9
307,O,2024,4.55
307,P,2020,1.02
307,P,2021,-0.63
307,P,2022,1.23
307,P,2023,1.94
307,P,2024,1.88
307,Q,2020,1.21
307,Q,2021,1.26
307,Q,2022,2.85
307,Q,2023,3.98
307,Q,2024,2.21
307,"R,S,T,U",2020,1.35
307,"R,S,T,U",2021,3.07
307,"R,S,T,U",2022,4.25
307,"R,S,T,U",2023,3.25
307,"R,S,T,U",2024,1.79
307,TOTAL,2020,1.27
307,TOTAL,2021,1.53
307,TOTAL,2022,4.15
307,TOTAL,2023,4.26
307,TOTAL,2024,2.27
307,TANPA_MIGAS,2020,1.27
307,TANPA_MIGAS,2021,1.53
307,TANPA_MIGAS,2022,4.15
307,TANPA_MIGAS,2023,4.26
307,TANPA_MIGAS,2024,2.27
308,A,2020,0.64
308,A,2021,0.72
308,A,2022,6.37
308,A,2023,4.47
308,A,2024,1.9
308,B,2020,4.23
308,B,2021,5.88
308,B,2022,1.59
308,B,2023,3.31
308,B,2024,2.49
308,C,2020,2.2
308,C,2021,3.76
308,C,2022,4.18
308,C,2023,5.15
308,C,2024,2.36
308,D,2020,0.69
308,D,2021,2.07
308,D,2022,1.11
308,D,2023,0.06
308,D,2024,0.11
308,E,2020,0.69
308,E,2021,0.53
308,E,2022,1.73
308,E,2023,0.98
308,E,2024,0.89
308,F,2020,3.67
308,F,2021,1.85
308,F,2022,4.21
308,F,2023,0.31
308,F,2024,1.25
308,G,2020,1.54
308,G,2021,1.63
308,G,2022,5.03
308,G,2023,3.83
308,G,2024,2.05
308,H,2020,1.35
308,H,2021,0.89
308,H,2022,11.69
308,H,2023,12.21
308,H,2024,1.65
308,I,2020,2.32
308,I,2021,2.98
308,I,2022,3.91
308,I,2023,2.66
308,I,2024,2.87
308,J,2020,0.42
308,J,2021,0.33
308,J,2022,1.19
308,J,2023,0.79
308,J,2024,0.87
308,K,2020,0.56
308,K,2021,1.86
308,K,2022,4.22
308,K,2023,3.18
308,K,2024,1.4
308,L,2020,0.69
308,L,2021,0.69
308,L,2022,1.18
308,L,2023,1.62
308,L,2024,0.84
308,"M,N",2020,3.67
308,"M,N",2021,2.98
308,"M,N",2022,3.76
308,"M,N",2023,3.04
308,"M,N",2024,2.81
308,O,2020,4.0
308,O,2021,-0.39
308,O,2022,5.43
308,O,2023,3.04
308,O,2024,4.5
308,P,2020,2.86
308,P,2021,0.59
308,P,2022,0.82
308,P,2023,3.62
308,P,2024,1.96
308,Q,2020,1.34
308,Q,2021,1.74
308,Q,2022,6.09
308,Q,2023,6.23
308,Q,2024,2.87
308,"R,S,T,U",2020,1.65
308,"R,S,T,U",2021,3.33
308,"R,S,T,U",2022,5.33
308,"R,S,T,U",2023,6.54
308,"R,S,T,U",2024,5.32
308,TOTAL,2020,1.49
308,TOTAL,2021,1.81
308,TOTAL,2022,4.81
308,TOTAL,2023,4.14
308,TOTAL,2024,2.2
308,TANPA_MIGAS,2020,1.49
308,TANPA_MIGAS,2021,1.81
308,TANPA_MIGAS,2022,4.81
308,TANPA_MIGAS,2023,4.14
308,TANPA_MIGAS,2024,2.2
309,A,2020,0.99
309,A,2021,-2.67
309,A,2022,9.19
309,A,2023,4.82
309,A,2024,2.61
309,B,2020,
309,B,2021,
309,B,2022,
309,B,2023,
309,B,2024,
309,C,2020,0.76
309,C,2021,1.7
309,C,2022,3.46
309,C,2023,0.18
309,C,2024,4.58
309,D,2020,0.14
309,D,2021,1.44
309,D,2022,0.76
309,D,2023,0.64
309,D,2024,0.78
309,E,2020,0.59
309,E,2021,1.06
309,E,2022,4.57
309,E,2023,2.39
309,E,2024,0.97
309,F,2020,0.82
309,F,2021,1.01
309,F,2022,5.52
309,F,2023,2.02
309,F,2024,0.15
309,G,2020,0.77
309,G,2021,1.91
309,G,2022,5.43
309,G,2023,3.49
309,G,2024,1.88
309,H,2020,-0.52
309,H,2021,0.71
309,H,2022,6.67
309,H,2023,8.19
309,H,2024,1.35
309,I,2020,2.02
309,I,2021,5.59
309,I,2022,5.49
309,I,2023,3.46
309,I,2024,2.62
309,J,2020,0.21
309,J,2021,0.56
309,J,2022,1.03
309,J,2023,0.85
309,J,2024,1.58
309,K,2020,-0.31
309,K,2021,3.15
309,K,2022,7.62
309,K,2023,2.17
309,K,2024,0.94
309,L,2020,1.33
309,L,2021,0.2
309,L,2022,1.87
309,L,2023,2.23
309,L,2024,1.29
309,"M,N",2020,1.25
309,"M,N",2021,0.58
309,"M,N",2022,4.05
309,"M,N",2023,1.92
309,"M,N",2024,1.67
309,O,2020,3.1
309,O,2021,-0.06
309,O,2022,2.44
309,O,2023,2.92
309,O,2024,2.55
309,P,2020,1.77
309,P,2021,-0.11
309,P,2022,1.32
309,P,2023,2.04
309,P,2024,1.25
309,Q,2020,1.57
309,Q,2021,2.27
309,Q,2022,3.59
309,Q,2023,2.19
309,Q,2024,0.81
309,"R,S,T,U",2020,1.95
309,"R,S,T,U",2021,3.7
309,"R,S,T,U",2022,3.48
309,"R,S,T,U",2023,3.67
309,"R,S,T,U",2024,1.43
309,TOTAL,2020,0.58
309,TOTAL,2021,1.57
309,TOTAL,2022,4.32
309,TOTAL,2023,2.4
309,TOTAL,2024,1.73
309,TANPA_MIGAS,2020,0.58
309,TANPA_MIGAS,2021,1.57
309,TANPA_MIGAS,2022,4.32
309,TANPA_MIGAS,2023,2.4
309,TANPA_MIGAS,2024,1.73
310,A,2020,1.19
310,A,2021,-2.81
310,A,2022,7.62
310,A,2023,5.31
310,A,2024,3.43
310,B,2020,2.61
310,B,2021,2.68
310,B,2022,2.11
310,B,2023,3.25
310,B,2024,2.07
310,C,2020,2.1
310,C,2021,4.09
310,C,2022,3.5
310,C,2023,3.25
310,C,2024,2.12
310,D,2020,0.33
310,D,2021,-0.88
310,D,2022,1.91
310,D,2023,1.21
310,D,2024,0.63
310,E,2020,-0.17
310,E,2021,1.06
310,E,2022,2.85
310,E,2023,1.66
310,E,2024,0.72
310,F,2020,0.45
310,F,2021,1.76
310,F,2022,6.44
310,F,2023,3.3
310,F,2024,1.8
310,G,2020,1.93
310,G,2021,1.77
310,G,2022,5.19
310,G,2023,3.51
310,G,2024,2.05
310,H,2020,0.11
310,H,2021,0.97
310,H,2022,6.59
310,H,2023,8.58
310,H,2024,1.71
310,I,2020,1.89
310,I,2021,4.93
310,I,2022,3.01
310,I,2023,3.82
310,I,2024,3.98
310,J,2020,1.02
310,J,2021,0.92
310,J,2022,0.12
310,J,2023,1.79
310,J,2024,1.59
310,K,2020,0.0
310,K,2021,2.31
310,K,2022,7.94
310,K,2023,2.43
310,K,2024,2.14
310,L,2020,1.72
310,L,2021,0.42
310,L,2022,1.34
310,L,2023,1.57
310,L,2024,0.73
310,"M,N",2020,2.8
310,"M,N",2021,2.25
310,"M,N",2022,2.55
310,"M,N",2023,1.77
310,"M,N",2024,1.55
310,O,2020,5.67
310,O,2021,-0.1
310,O,2022,1.92
310,O,2023,1.93
310,O,2024,5.56
310,P,2020,1.91
310,P,2021,-0.16
310,P,2022,1.4
310,P,2023,2.65
310,P,2024,3.16
310,Q,2020,1.89
310,Q,2021,1.37
310,Q,2022,2.49
310,Q,2023,3.43
310,Q,2024,1.3
310,"R,S,T,U",2020,2.55
310,"R,S,T,U",2021,2.56
310,"R,S,T,U",2022,3.14
310,"R,S,T,U",2023,3.6
310,"R,S,T,U",2024,2.73
310,TOTAL,2020,1.24
310,TOTAL,2021,1.89
310,TOTAL,2022,3.85
310,TOTAL,2023,3.11
310,TOTAL,2024,2.23
310,TANPA_MIGAS,2020,1.24
310,TANPA_MIGAS,2021,1.89
310,TANPA_MIGAS,2022,3.85
310,TANPA_MIGAS,2023,3.11
310,TANPA_MIGAS,2024,2.23
311,A,2020,0.73
311,A,2021,2.05
311,A,2022,3.52
311,A,2023,3.88
311,A,2024,0.56
311,B,2020,1.72
311,B,2021,2.48
311,B,2022,3.98
311,B,2023,4.18
311,B,2024,-4.95
311,C,2020,-0.5
311,C,2021,1.73
311,C,2022,4.18
311,C,2023,3.99
311,C,2024,3.11
311,D,2020,1.03
311,D,2021,1.81
311,D,2022,5.01
311,D,2023,3.93
311,D,2024,0.58
311,E,2020,0.24
311,E,2021,0.1
311,E,2022,4.7
311,E,2023,1.35
311,E,2024,0.53
311,F,2020,0.52
311,F,2021,1.89
311,F,2022,4.42
311,F,2023,0.7
311,F,2024,1.22
311,G,2020,1.37
311,G,2021,2.03
311,G,2022,5.56
311,G,2023,3.44
311,G,2024,2.19
311,H,2020,0.37
311,H,2021,0.38
311,H,2022,4.1
311,H,2023,6.27
311,H,2024,1.77
311,I,2020,0.56
311,I,2021,4.59
311,I,2022,3.1
311,I,2023,3.95
311,I,2024,2.54
311,J,2020,0.8
311,J,2021,0.09
311,J,2022,0.44
311,J,2023,0.71
311,J,2024,0.75
311,K,2020,-1.01
311,K,2021,4.21
311,K,2022,9.26
311,K,2023,1.49
311,K,2024,0.86
311,L,2020,0.71
311,L,2021,1.19
311,L,2022,1.01
311,L,2023,1.25
311,L,2024,0.61
311,"M,N",2020,1.79
311,"M,N",2021,1.03
311,"M,N",2022,2.56
311,"M,N",2023,2.63
311,"M,N",2024,1.94
311,O,2020,4.71
311,O,2021,1.0
311,O,2022,1.95
311,O,2023,0.49
311,O,2024,4.39
311,P,2020,1.02
311,P,2021,0.45
311,P,2022,1.1
311,P,2023,1.64
311,P,2024,1.47
311,Q,2020,1.01
311,Q,2021,1.71
311,Q,2022,3.82
311,Q,2023,4.04
311,Q,2024,1.25
311,"R,S,T,U",2020,1.31
311,"R,S,T,U",2021,3.24
311,"R,S,T,U",2022,3.95
311,"R,S,T,U",2023,7.01
311,"R,S,T,U",2024,1.59
311,TOTAL,2020,0.4
311,TOTAL,2021,2.06
311,TOTAL,2022,4.29
311,TOTAL,2023,3.22
311,TOTAL,2024,2.12
311,TANPA_MIGAS,2020,0.4
311,TANPA_MIGAS,2021,2.06
311,TANPA_MIGAS,2022,4.29
311,TANPA_MIGAS,2023,3.22
311,TANPA_MIGAS,2024,2.12
312,A,2020,1.32
312,A,2021,2.1
312,A,2022,4.46
312,A,2023,5.02
312,A,2024,4.6
312,B,2020,0.82
312,B,2021,1.48
312,B,2022,4.17
312,B,2023,0.27
312,B,2024,1.71
312,C,2020,4.89
312,C,2021,5.22
312,C,2022,3.06
312,C,2023,4.31
312,C,2024,3.96
312,D,2020,-1.07
312,D,2021,0.37
312,D,2022,2.21
312,D,2023,1.54
312,D,2024,0.27
312,E,2020,0.67
312,E,2021,0.42
312,E,2022,2.98
312,E,2023,2.63
312,E,2024,0.56
312,F,2020,0.33
312,F,2021,1.0
312,F,2022,6.81
312,F,2023,5.54
312,F,2024,1.15
312,G,2020,1.14
312,G,2021,1.54
312,G,2022,4.7
312,G,2023,3.53
312,G,2024,2.53
312,H,2020,-1.6
312,H,2021,0.25
312,H,2022,5.24
312,H,2023,7.95
312,H,2024,2.05
312,I,2020,-1.61
312,I,2021,2.86
312,I,2022,3.48
312,I,2023,3.59
312,I,2024,3.54
312,J,2020,0.84
312,J,2021,0.32
312,J,2022,1.18
312,J,2023,1.54
312,J,2024,2.01
312,K,2020,-0.2
312,K,2021,1.63
312,K,2022,6.8
312,K,2023,3.05
312,K,2024,2.42
312,L,2020,0.7
312,L,2021,0.66
312,L,2022,1.03
312,L,2023,2.32
312,L,2024,2.19
312,"M,N",2020,3.38
312,"M,N",2021,2.8
312,"M,N",2022,2.21
312,"M,N",2023,2.44
312,"M,N",2024,1.18
312,O,2020,2.85
312,O,2021,-0.26
312,O,2022,0.45
312,O,2023,3.85
312,O,2024,5.51
312,P,2020,1.3
312,P,2021,-0.4
312,P,2022,0.89
312,P,2023,3.53
312,P,2024,2.8
312,Q,2020,2.34
312,Q,2021,2.97
312,Q,2022,3.5
312,Q,2023,5.17
312,Q,2024,0.42
312,"R,S,T,U",2020,0.38
312,"R,S,T,U",2021,2.43
312,"R,S,T,U",2022,3.1
312,"R,S,T,U",2023,3.64
312,"R,S,T,U",2024,2.68
312,TOTAL,2020,0.53
312,TOTAL,2021,1.7
312,TOTAL,2022,3.94
312,TOTAL,2023,3.98
312,TOTAL,2024,2.76
312,TANPA_MIGAS,2020,0.53
312,TANPA_MIGAS,2021,1.7
312,TANPA_MIGAS,2022,3.94
312,TANPA_MIGAS,2023,3.98
312,TANPA_MIGAS,2024,2.76
