halaman_pdf,kode_wilayah,nama_pdf,tahun,nilai
69,3501,Kab. Pacitan,2020,15785.2
69,3501,Kab. Pacitan,2021,16381.24
69,3501,Kab. Pacitan,2022,17986.47
69,3501,Kab. Pacitan,2023,19490.5
69,3501,Kab. Pacitan,2024,20656.58
69,3502,Kab. Ponorogo,2020,20513.38
69,3502,Kab. Ponorogo,2021,21350.01
69,3502,Kab. Ponorogo,2022,23028.25
69,3502,Kab. Ponorogo,2023,25247.78
69,3502,Kab. Ponorogo,2024,27047.08
69,3503,Kab. Trenggalek,2020,18314.46
69,3503,Kab. Trenggalek,2021,19198.25
69,3503,Kab. Trenggalek,2022,20882.31
69,3503,Kab. Trenggalek,2023,22740.05
69,3503,Kab. Trenggalek,2024,24364.74
69,3504,Kab. Tulungagung,2020,38225.99
69,3504,Kab. Tulungagung,2021,40166.67
69,3504,Kab. Tulungagung,2022,44133.48
69,3504,Kab. Tulungagung,2023,47964.44
69,3504,Kab. Tulungagung,2024,51246.65
69,3505,Kab. Blitar,2020,36023.96
69,3505,Kab. Blitar,2021,37819.73
69,3505,Kab. Blitar,2022,41379.31
69,3505,Kab. Blitar,2023,44891.73
69,3505,Kab. Blitar,2024,47779.19
69,3506,Kab. Kediri,2020,40626.77
69,3506,Kab. Kediri,2021,42692.71
69,3506,Kab. Kediri,2022,46650.03
69,3506,Kab. Kediri,2023,50638.15
69,3506,Kab. Kediri,2024,54649.67
69,3507,Kab. Malang,2020,102027.83
69,3507,Kab. Malang,2021,107036.38
69,3507,Kab. Malang,2022,117422.03
69,3507,Kab. Malang,2023,128373.22
69,3507,Kab. Malang,2024,138423.17
69,3508,Kab. Lumajang,2020,32062.01
69,3508,Kab. Lumajang,2021,33678.62
69,3508,Kab. Lumajang,2022,36663.73
69,3508,Kab. Lumajang,2023,40072.78
69,3508,Kab. Lumajang,2024,43059.45
69,3509,Kab. Jember,2020,76039.98
69,3509,Kab. Jember,2021,81068.84
69,3509,Kab. Jember,2022,88030.45
69,3509,Kab. Jember,2023,95289.79
69,3509,Kab. Jember,2024,102757.71
69,3510,Kab. Banyuwangi,2020,81102.88
69,3510,Kab. Banyuwangi,2021,85918.57
69,3510,Kab. Banyuwangi,2022,93278.95
69,3510,Kab. Banyuwangi,2023,101296.62
69,3510,Kab. Banyuwangi,2024,108922.59
69,3511,Kab. Bondowoso,2020,19935.59
69,3511,Kab. Bondowoso,2021,21052.23
69,3511,Kab. Bondowoso,2022,22901.86
69,3511,Kab. Bondowoso,2023,24773.36
69,3511,Kab. Bondowoso,2024,26543.06
69,3512,Kab. Situbondo,2020,20041.85
69,3512,Kab. Situbondo,2021,21200.85
69,3512,Kab. Situbondo,2022,23128.64
69,3512,Kab. Situbondo,2023,25224.98
69,3512,Kab. Situbondo,2024,27101.63
69,3513,Kab. Probolinggo,2020,33721.07
69,3513,Kab. Probolinggo,2021,35605.52
69,3513,Kab. Probolinggo,2022,38932.78
69,3513,Kab. Probolinggo,2023,42376.92
69,3513,Kab. Probolinggo,2024,45675.15
69,3514,Kab. Pasuruan,2020,145592.02
69,3514,Kab. Pasuruan,2021,157150.73
69,3514,Kab. Pasuruan,2022,172654.17
69,3514,Kab. Pasuruan,2023,186946.17
69,3514,Kab. Pasuruan,2024,201665.14
69,3515,Kab. Sidoarjo,2020,197240.69
69,3515,Kab. Sidoarjo,2021,210650.18
69,3515,Kab. Sidoarjo,2022,245227.46
69,3515,Kab. Sidoarjo,2023,273698.07
69,3515,Kab. Sidoarjo,2024,296887.11
69,3516,Kab. Mojokerto,2020,81940.86
69,3516,Kab. Mojokerto,2021,87145.02
69,3516,Kab. Mojokerto,2022,95798.11
69,3516,Kab. Mojokerto,2023,104364.24
69,3516,Kab. Mojokerto,2024,113129.71
69,3517,Kab. Jombang,2020,39870.88
69,3517,Kab. Jombang,2021,41747.22
69,3517,Kab. Jombang,2022,45935.67
69,3517,Kab. Jombang,2023,49984.48
69,3517,Kab. Jombang,2024,53898.91
69,3518,Kab. Nganjuk,2020,26601.16
69,3518,Kab. Nganjuk,2021,28053.33
69,3518,Kab. Nganjuk,2022,30819.75
69,3518,Kab. Nganjuk,2023,33646.95
69,3518,Kab. Nganjuk,2024,36270.56
69,3519,Kab. Madiun,2020,19166.56
69,3519,Kab. Madiun,2021,20024.41
69,3519,Kab. Madiun,2022,21859.38
69,3519,Kab. Madiun,2023,23833.01
69,3519,Kab. Madiun,2024,25548.56
69,3520,Kab. Magetan,2020,18771.76
69,3520,Kab. Magetan,2021,19587.87
69,3520,Kab. Magetan,2022,21194.74
69,3520,Kab. Magetan,2023,22922.28
69,3520,Kab. Magetan,2024,24577.3
69,3521,Kab. Ngawi,2020,20270.97
69,3521,Kab. Ngawi,2021,20814.46
69,3521,Kab. Ngawi,2022,22454.95
69,3521,Kab. Ngawi,2023,24324.65
69,3521,Kab. Ngawi,2024,25944.84
69,3522,Kab. Bojonegoro,2020,70258.51
69,3522,Kab. Bojonegoro,2021,84200.91
69,3522,Kab. Bojonegoro,2022,100492.89
69,3522,Kab. Bojonegoro,2023,97971.82
69,3522,Kab. Bojonegoro,2024,101794.09
69,3523,Kab. Tuban,2020,62323.07
69,3523,Kab. Tuban,2021,65911.73
69,3523,Kab. Tuban,2022,75187.65
69,3523,Kab. Tuban,2023,81860.06
69,3523,Kab. Tuban,2024,87110.99
69,3524,Kab. Lamongan,2020,39169.59
69,3524,Kab. Lamongan,2021,41042.89
69,3524,Kab. Lamongan,2022,45441.05
69,3524,Kab. Lamongan,2023,48927.3
69,3524,Kab. Lamongan,2024,52076.88
69,3525,Kab. Gresik,2020,134268.56
69,3525,Kab. Gresik,2021,144656.07
69,3525,Kab. Gresik,2022,163907.91
69,3525,Kab. Gresik,2023,176261.0
69,3525,Kab. Gresik,2024,188604.51
69,3526,Kab. Bangkalan,2020,23290.01
69,3526,Kab. Bangkalan,2021,24756.71
69,3526,Kab. Bangkalan,2022,27164.2
69,3526,Kab. Bangkalan,2023,27740.03
69,3526,Kab. Bangkalan,2024,28738.77
69,3527,Kab. Sampang,2020,19842.57
69,3527,Kab. Sampang,2021,20638.85
69,3527,Kab. Sampang,2022,23009.31
69,3527,Kab. Sampang,2023,24086.65
69,3527,Kab. Sampang,2024,24881.79
69,3528,Kab. Pamekasan,2020,16793.85
69,3528,Kab. Pamekasan,2021,17659.22
69,3528,Kab. Pamekasan,2022,19263.35
69,3528,Kab. Pamekasan,2023,20881.25
69,3528,Kab. Pamekasan,2024,22492.18
69,3529,Kab. Sumenep,2020,32750.24
69,3529,Kab. Sumenep,2021,35300.16
69,3529,Kab. Sumenep,2022,40255.32
69,3529,Kab. Sumenep,2023,42966.59
69,3529,Kab. Sumenep,2024,45222.29
69,3571,Kota Kediri,2020,132406.06
69,3571,Kota Kediri,2021,141467.12
69,3571,Kota Kediri,2022,152778.31
69,3571,Kota Kediri,2023,159736.72
69,3571,Kota Kediri,2024,168748.92
69,3572,Kota Blitar,2020,6708.14
69,3572,Kota Blitar,2021,7113.6
69,3572,Kota Blitar,2022,7833.94
69,3572,Kota Blitar,2023,8515.16
69,3572,Kota Blitar,2024,9187.7
69,3573,Kota Malang,2020,72163.19
69,3573,Kota Malang,2021,76617.34
69,3573,Kota Malang,2022,84807.43
69,3573,Kota Malang,2023,93053.43
69,3573,Kota Malang,2024,100116.87
69,3574,Kota Probolinggo,2020,11074.5
69,3574,Kota Probolinggo,2021,11699.9
69,3574,Kota Probolinggo,2022,12931.38
69,3574,Kota Probolinggo,2023,14296.47
69,3574,Kota Probolinggo,2024,15374.98
69,3575,Kota Pasuruan,2020,8047.23
69,3575,Kota Pasuruan,2021,8491.13
69,3575,Kota Pasuruan,2022,9452.82
69,3575,Kota Pasuruan,2023,10399.89
69,3575,Kota Pasuruan,2024,11208.17
69,3576,Kota Mojokerto,2020,6588.06
69,3576,Kota Mojokerto,2021,6935.63
69,3576,Kota Mojokerto,2022,7637.02
69,3576,Kota Mojokerto,2023,8038.66
69,3576,Kota Mojokerto,2024,8612.33
69,3577,Kota Madiun,2020,13519.88
69,3577,Kota Madiun,2021,14435.43
69,3577,Kota Madiun,2022,15818.61
69,3577,Kota Madiun,2023,17256.23
69,3577,Kota Madiun,2024,18653.19
69,3578,Kota Surabaya,2020,554509.46
69,3578,Kota Surabaya,2021,590227.12
69,3578,Kota Surabaya,2022,655616.22
69,3578,Kota Surabaya,2023,715294.71
69,3578,Kota Surabaya,2024,772493.61
69,3579,Kota Batu,2020,15916.8
69,3579,Kota Batu,2021,16841.14
69,3579,Kota Batu,2022,18587.6
69,3579,Kota Batu,2023,20525.42
69,3579,Kota Batu,2024,22154.31
70,3501,Kab. Pacitan,2020,15785.2
70,3501,Kab. Pacitan,2021,16381.24
70,3501,Kab. Pacitan,2022,17986.47
70,3501,Kab. Pacitan,2023,19490.5
70,3501,Kab. Pacitan,2024,20656.58
70,3502,Kab. Ponorogo,2020,20513.38
70,3502,Kab. Ponorogo,2021,21350.01
70,3502,Kab. Ponorogo,2022,23028.25
70,3502,Kab. Ponorogo,2023,25247.78
70,3502,Kab. Ponorogo,2024,27047.08
70,3503,Kab. Trenggalek,2020,18314.46
70,3503,Kab. Trenggalek,2021,19198.25
70,3503,Kab. Trenggalek,2022,20882.31
70,3503,Kab. Trenggalek,2023,22740.05
70,3503,Kab. Trenggalek,2024,24364.74
70,3504,Kab. Tulungagung,2020,38225.99
70,3504,Kab. Tulungagung,2021,40166.67
70,3504,Kab. Tulungagung,2022,44133.48
70,3504,Kab. Tulungagung,2023,47964.44
70,3504,Kab. Tulungagung,2024,51246.65
70,3505,Kab. Blitar,2020,36023.96
70,3505,Kab. Blitar,2021,37819.73
70,3505,Kab. Blitar,2022,41379.31
70,3505,Kab. Blitar,2023,44891.73
70,3505,Kab. Blitar,2024,47779.19
70,3506,Kab. Kediri,2020,40621.96
70,3506,Kab. Kediri,2021,42687.96
70,3506,Kab. Kediri,2022,46645.05
70,3506,Kab. Kediri,2023,50632.9
70,3506,Kab. Kediri,2024,54649.67
70,3507,Kab. Malang,2020,102027.28
70,3507,Kab. Malang,2021,107035.82
70,3507,Kab. Malang,2022,117421.46
70,3507,Kab. Malang,2023,128373.22
70,3507,Kab. Malang,2024,138423.17
70,3508,Kab. Lumajang,2020,32062.01
70,3508,Kab. Lumajang,2021,33678.62
70,3508,Kab. Lumajang,2022,36663.73
70,3508,Kab. Lumajang,2023,40072.78
70,3508,Kab. Lumajang,2024,43059.45
70,3509,Kab. Jember,2020,76039.98
70,3509,Kab. Jember,2021,81068.84
70,3509,Kab. Jember,2022,88030.45
70,3509,Kab. Jember,2023,95289.79
70,3509,Kab. Jember,2024,102757.71
70,3510,Kab. Banyuwangi,2020,81102.88
70,3510,Kab. Banyuwangi,2021,85918.57
70,3510,Kab. Banyuwangi,2022,93278.95
70,3510,Kab. Banyuwangi,2023,101296.62
70,3510,Kab. Banyuwangi,2024,108922.59
70,3511,Kab. Bondowoso,2020,19935.59
70,3511,Kab. Bondowoso,2021,21052.23
70,3511,Kab. Bondowoso,2022,22901.86
70,3511,Kab. Bondowoso,2023,24773.36
70,3511,Kab. Bondowoso,2024,26543.06
70,3512,Kab. Situbondo,2020,20041.85
70,3512,Kab. Situbondo,2021,21200.85
70,3512,Kab. Situbondo,2022,23128.64
70,3512,Kab. Situbondo,2023,25224.98
70,3512,Kab. Situbondo,2024,27101.63
70,3513,Kab. Probolinggo,2020,33721.07
70,3513,Kab. Probolinggo,2021,35605.52
70,3513,Kab. Probolinggo,2022,38932.78
70,3513,Kab. Probolinggo,2023,42376.92
70,3513,Kab. Probolinggo,2024,45675.15
70,3514,Kab. Pasuruan,2020,145578.76
70,3514,Kab. Pasuruan,2021,157137.34
70,3514,Kab. Pasuruan,2022,172639.95
70,3514,Kab. Pasuruan,2023,186931.67
70,3514,Kab. Pasuruan,2024,201650.25
70,3515,Kab. Sidoarjo,2020,197134.4
70,3515,Kab. Sidoarjo,2021,210528.53
70,3515,Kab. Sidoarjo,2022,245143.41
70,3515,Kab. Sidoarjo,2023,273640.5
70,3515,Kab. Sidoarjo,2024,296834.72
70,3516,Kab. Mojokerto,2020,81938.98
70,3516,Kab. Mojokerto,2021,87143.18
70,3516,Kab. Mojokerto,2022,95796.31
70,3516,Kab. Mojokerto,2023,104362.35
70,3516,Kab. Mojokerto,2024,113127.88
70,3517,Kab. Jombang,2020,39870.88
70,3517,Kab. Jombang,2021,41747.22
70,3517,Kab. Jombang,2022,45935.67
70,3517,Kab. Jombang,2023,49984.48
70,3517,Kab. Jombang,2024,53898.91
70,3518,Kab. Nganjuk,2020,26601.16
70,3518,Kab. Nganjuk,2021,28053.33
70,3518,Kab. Nganjuk,2022,30819.75
70,3518,Kab. Nganjuk,2023,33646.95
70,3518,Kab. Nganjuk,2024,36270.56
70,3519,Kab. Madiun,2020,19161.61
70,3519,Kab. Madiun,2021,20018.3
70,3519,Kab. Madiun,2022,21852.79
70,3519,Kab. Madiun,2023,23825.31
70,3519,Kab. Madiun,2024,25541.19
70,3520,Kab. Magetan,2020,18771.76
70,3520,Kab. Magetan,2021,19587.87
70,3520,Kab. Magetan,2022,21194.74
70,3520,Kab. Magetan,2023,22922.28
70,3520,Kab. Magetan,2024,24577.3
70,3521,Kab. Ngawi,2020,20269.37
70,3521,Kab. Ngawi,2021,20812.82
70,3521,Kab. Ngawi,2022,22453.27
70,3521,Kab. Ngawi,2023,24323.82
70,3521,Kab. Ngawi,2024,25944.5
70,3522,Kab. Bojonegoro,2020,39976.25
70,3522,Kab. Bojonegoro,2021,41871.02
70,3522,Kab. Bojonegoro,2022,46326.7
70,3522,Kab. Bojonegoro,2023,49943.08
70,3522,Kab. Bojonegoro,2024,53848.72
70,3523,Kab. Tuban,2020,61910.22
70,3523,Kab. Tuban,2021,65338.76
70,3523,Kab. Tuban,2022,74395.73
70,3523,Kab. Tuban,2023,81058.94
70,3523,Kab. Tuban,2024,86311.58
70,3524,Kab. Lamongan,2020,39169.59
70,3524,Kab. Lamongan,2021,41042.89
70,3524,Kab. Lamongan,2022,45441.05
70,3524,Kab. Lamongan,2023,48927.3
70,3524,Kab. Lamongan,2024,52076.88
70,3525,Kab. Gresik,2020,127707.65
70,3525,Kab. Gresik,2021,136204.37
70,3525,Kab. Gresik,2022,151747.21
70,3525,Kab. Gresik,2023,165915.22
70,3525,Kab. Gresik,2024,178948.61
70,3526,Kab. Bangkalan,2020,19586.5
70,3526,Kab. Bangkalan,2021,20228.37
70,3526,Kab. Bangkalan,2022,22323.92
70,3526,Kab. Bangkalan,2023,23861.5
70,3526,Kab. Bangkalan,2024,24981.3
70,3527,Kab. Sampang,2020,17857.9
70,3527,Kab. Sampang,2021,18355.32
70,3527,Kab. Sampang,2022,20253.38
70,3527,Kab. Sampang,2023,21893.53
70,3527,Kab. Sampang,2024,22985.92
70,3528,Kab. Pamekasan,2020,16793.85
70,3528,Kab. Pamekasan,2021,17659.22
70,3528,Kab. Pamekasan,2022,19263.35
70,3528,Kab. Pamekasan,2023,20881.25
70,3528,Kab. Pamekasan,2024,22492.18
70,3529,Kab. Sumenep,2020,28392.71
70,3529,Kab. Sumenep,2021,29934.42
70,3529,Kab. Sumenep,2022,33080.18
70,3529,Kab. Sumenep,2023,36014.82
70,3529,Kab. Sumenep,2024,38384.29
70,3571,Kota Kediri,2020,132406.06
70,3571,Kota Kediri,2021,141467.12
70,3571,Kota Kediri,2022,152778.31
70,3571,Kota Kediri,2023,159736.72
70,3571,Kota Kediri,2024,168748.92
70,3572,Kota Blitar,2020,6708.14
70,3572,Kota Blitar,2021,7113.6
70,3572,Kota Blitar,2022,7833.94
70,3572,Kota Blitar,2023,8515.16
70,3572,Kota Blitar,2024,9187.7
70,3573,Kota Malang,2020,72163.19
70,3573,Kota Malang,2021,76617.34
70,3573,Kota Malang,2022,84807.43
70,3573,Kota Malang,2023,93053.43
70,3573,Kota Malang,2024,100116.87
70,3574,Kota Probolinggo,2020,11074.5
70,3574,Kota Probolinggo,2021,11699.9
70,3574,Kota Probolinggo,2022,12931.38
70,3574,Kota Probolinggo,2023,14296.47
70,3574,Kota Probolinggo,2024,15374.98
70,3575,Kota Pasuruan,2020,8047.23
70,3575,Kota Pasuruan,2021,8491.13
70,3575,Kota Pasuruan,2022,9452.82
70,3575,Kota Pasuruan,2023,10399.89
70,3575,Kota Pasuruan,2024,11208.17
70,3576,Kota Mojokerto,2020,6588.06
70,3576,Kota Mojokerto,2021,6935.63
70,3576,Kota Mojokerto,2022,7637.02
70,3576,Kota Mojokerto,2023,8038.66
70,3576,Kota Mojokerto,2024,8612.33
70,3577,Kota Madiun,2020,13519.88
70,3577,Kota Madiun,2021,14435.43
70,3577,Kota Madiun,2022,15818.61
70,3577,Kota Madiun,2023,17256.23
70,3577,Kota Madiun,2024,18653.19
70,3578,Kota Surabaya,2020,554504.44
70,3578,Kota Surabaya,2021,590223.54
70,3578,Kota Surabaya,2022,655612.43
70,3578,Kota Surabaya,2023,715292.74
70,3578,Kota Surabaya,2024,772493.32
70,3579,Kota Batu,2020,15916.8
70,3579,Kota Batu,2021,16841.14
70,3579,Kota Batu,2022,18587.6
70,3579,Kota Batu,2023,20525.42
70,3579,Kota Batu,2024,22154.31
71,3501,Kab. Pacitan,2020,10837.87
71,3501,Kab. Pacitan,2021,11107.4
71,3501,Kab. Pacitan,2022,11722.44
71,3501,Kab. Pacitan,2023,12244.97
71,3501,Kab. Pacitan,2024,12775.82
71,3502,Kab. Ponorogo,2020,14168.62
71,3502,Kab. Ponorogo,2021,14619.97
71,3502,Kab. Ponorogo,2022,15093.71
71,3502,Kab. Ponorogo,2023,15870.05
71,3502,Kab. Ponorogo,2024,16622.78
71,3503,Kab. Trenggalek,2020,12502.39
71,3503,Kab. Trenggalek,2021,12959.02
71,3503,Kab. Trenggalek,2022,13545.41
71,3503,Kab. Trenggalek,2023,14212.06
71,3503,Kab. Trenggalek,2024,14881.55
71,3504,Kab. Tulungagung,2020,26455.76
71,3504,Kab. Tulungagung,2021,27390.42
71,3504,Kab. Tulungagung,2022,28818.91
71,3504,Kab. Tulungagung,2023,30234.61
71,3504,Kab. Tulungagung,2024,31703.89
71,3505,Kab. Blitar,2020,24945.46
71,3505,Kab. Blitar,2021,25700.02
71,3505,Kab. Blitar,2022,27037.33
71,3505,Kab. Blitar,2023,28239.86
71,3505,Kab. Blitar,2024,29493.8
71,3506,Kab. Kediri,2020,28490.95
71,3506,Kab. Kediri,2021,29361.67
71,3506,Kab. Kediri,2022,30800.71
71,3506,Kab. Kediri,2023,32195.5
71,3506,Kab. Kediri,2024,33787.64
71,3507,Kab. Malang,2020,66545.47
71,3507,Kab. Malang,2021,68619.1
71,3507,Kab. Malang,2022,72136.46
71,3507,Kab. Malang,2023,75744.29
71,3507,Kab. Malang,2024,79500.89
71,3508,Kab. Lumajang,2020,21933.79
71,3508,Kab. Lumajang,2021,22623.4
71,3508,Kab. Lumajang,2022,23626.58
71,3508,Kab. Lumajang,2023,24808.35
71,3508,Kab. Lumajang,2024,25929.92
71,3509,Kab. Jember,2020,52586.56
71,3509,Kab. Jember,2021,54688.72
71,3509,Kab. Jember,2022,57167.13
71,3509,Kab. Jember,2023,59984.0
71,3509,Kab. Jember,2024,62897.17
71,3510,Kab. Banyuwangi,2020,53295.11
71,3510,Kab. Banyuwangi,2021,55472.57
71,3510,Kab. Banyuwangi,2022,57932.55
71,3510,Kab. Banyuwangi,2023,60848.35
71,3510,Kab. Banyuwangi,2024,63693.57
71,3511,Kab. Bondowoso,2020,13451.77
71,3511,Kab. Bondowoso,2021,13921.65
71,3511,Kab. Bondowoso,2022,14410.2
71,3511,Kab. Bondowoso,2023,15075.62
71,3511,Kab. Bondowoso,2024,15809.26
71,3512,Kab. Situbondo,2020,13282.84
71,3512,Kab. Situbondo,2021,13715.83
71,3512,Kab. Situbondo,2022,14318.0
71,3512,Kab. Situbondo,2023,15018.99
71,3512,Kab. Situbondo,2024,15741.75
71,3513,Kab. Probolinggo,2020,22898.24
71,3513,Kab. Probolinggo,2021,23664.39
71,3513,Kab. Probolinggo,2022,24734.19
71,3513,Kab. Probolinggo,2023,25904.93
71,3513,Kab. Probolinggo,2024,27153.09
71,3514,Kab. Pasuruan,2020,103152.8
71,3514,Kab. Pasuruan,2021,107630.27
71,3514,Kab. Pasuruan,2022,113352.08
71,3514,Kab. Pasuruan,2023,119252.55
71,3514,Kab. Pasuruan,2024,125622.82
71,3515,Kab. Sidoarjo,2020,135305.32
71,3515,Kab. Sidoarjo,2021,141000.36
71,3515,Kab. Sidoarjo,2022,151613.88
71,3515,Kab. Sidoarjo,2023,160950.78
71,3515,Kab. Sidoarjo,2024,169867.8
71,3516,Kab. Mojokerto,2020,57818.42
71,3516,Kab. Mojokerto,2021,60198.7
71,3516,Kab. Mojokerto,2022,63699.84
71,3516,Kab. Mojokerto,2023,66982.68
71,3516,Kab. Mojokerto,2024,70527.65
71,3517,Kab. Jombang,2020,27657.58
71,3517,Kab. Jombang,2021,28553.45
71,3517,Kab. Jombang,2022,30086.17
71,3517,Kab. Jombang,2023,31602.77
71,3517,Kab. Jombang,2024,33230.48
71,3518,Kab. Nganjuk,2020,17990.36
71,3518,Kab. Nganjuk,2021,18640.68
71,3518,Kab. Nganjuk,2022,19543.18
71,3518,Kab. Nganjuk,2023,20598.57
71,3518,Kab. Nganjuk,2024,21614.91
71,3519,Kab. Madiun,2020,13146.12
71,3519,Kab. Madiun,2021,13582.73
71,3519,Kab. Madiun,2022,14169.62
71,3519,Kab. Madiun,2023,14895.81
71,3519,Kab. Madiun,2024,15593.2
71,3520,Kab. Magetan,2020,13020.89
71,3520,Kab. Magetan,2021,13417.03
71,3520,Kab. Magetan,2022,13939.15
71,3520,Kab. Magetan,2023,14562.68
71,3520,Kab. Magetan,2024,15259.86
71,3521,Kab. Ngawi,2020,13479.74
71,3521,Kab. Ngawi,2021,13823.46
71,3521,Kab. Ngawi,2022,14264.44
71,3521,Kab. Ngawi,2023,14904.51
71,3521,Kab. Ngawi,2024,15595.97
71,3522,Kab. Bojonegoro,2020,69703.42
71,3522,Kab. Bojonegoro,2021,65839.51
71,3522,Kab. Bojonegoro,2022,61782.87
71,3522,Kab. Bojonegoro,2023,63310.69
71,3522,Kab. Bojonegoro,2024,64367.43
71,3523,Kab. Tuban,2020,42705.01
71,3523,Kab. Tuban,2021,43984.69
71,3523,Kab. Tuban,2022,47890.26
71,3523,Kab. Tuban,2023,49984.23
71,3523,Kab. Tuban,2024,51913.41
71,3524,Kab. Lamongan,2020,26972.65
71,3524,Kab. Lamongan,2021,27896.54
71,3524,Kab. Lamongan,2022,29447.44
71,3524,Kab. Lamongan,2023,30709.18
71,3524,Kab. Lamongan,2024,32185.95
71,3525,Kab. Gresik,2020,97616.6
71,3525,Kab. Gresik,2021,101318.69
71,3525,Kab. Gresik,2022,108796.88
71,3525,Kab. Gresik,2023,113825.43
71,3525,Kab. Gresik,2024,119274.42
71,3526,Kab. Bangkalan,2020,17514.62
71,3526,Kab. Bangkalan,2021,17152.78
71,3526,Kab. Bangkalan,2022,16959.91
71,3526,Kab. Bangkalan,2023,17164.2
71,3526,Kab. Bangkalan,2024,17497.5
71,3527,Kab. Sampang,2020,13953.74
71,3527,Kab. Sampang,2021,13984.57
71,3527,Kab. Sampang,2022,14308.28
71,3527,Kab. Sampang,2023,14674.11
71,3527,Kab. Sampang,2024,14925.3
71,3528,Kab. Pamekasan,2020,11117.62
71,3528,Kab. Pamekasan,2021,11496.24
71,3528,Kab. Pamekasan,2022,12031.56
71,3528,Kab. Pamekasan,2023,12628.69
71,3528,Kab. Pamekasan,2024,13245.25
71,3529,Kab. Sumenep,2020,23546.51
71,3529,Kab. Sumenep,2021,24161.35
71,3529,Kab. Sumenep,2022,24912.62
71,3529,Kab. Sumenep,2023,26244.79
71,3529,Kab. Sumenep,2024,27234.39
71,3571,Kota Kediri,2020,84374.98
71,3571,Kota Kediri,2021,86485.59
71,3571,Kota Kediri,2022,89907.21
71,3571,Kota Kediri,2023,91631.35
71,3571,Kota Kediri,2024,94774.08
71,3572,Kota Blitar,2020,4722.55
71,3572,Kota Blitar,2021,4924.57
71,3572,Kota Blitar,2022,5181.61
71,3572,Kota Blitar,2023,5455.81
71,3572,Kota Blitar,2024,5746.4
71,3573,Kota Malang,2020,51154.53
71,3573,Kota Malang,2021,53309.7
71,3573,Kota Malang,2022,56678.64
71,3573,Kota Malang,2023,60119.82
71,3573,Kota Malang,2024,63373.3
71,3574,Kota Probolinggo,2020,8035.27
71,3574,Kota Probolinggo,2021,8361.14
71,3574,Kota Probolinggo,2022,8872.84
71,3574,Kota Probolinggo,2023,9408.51
71,3574,Kota Probolinggo,2024,9893.27
71,3575,Kota Pasuruan,2020,5706.6
71,3575,Kota Pasuruan,2021,5914.59
71,3575,Kota Pasuruan,2022,6282.38
71,3575,Kota Pasuruan,2023,6637.08
71,3575,Kota Pasuruan,2024,6998.74
71,3576,Kota Mojokerto,2020,4801.46
71,3576,Kota Mojokerto,2021,4976.49
71,3576,Kota Mojokerto,2022,5253.0
71,3576,Kota Mojokerto,2023,5399.62
71,3576,Kota Mojokerto,2024,5686.79
71,3577,Kota Madiun,2020,10055.91
71,3577,Kota Madiun,2021,10537.7
71,3577,Kota Madiun,2022,11119.55
71,3577,Kota Madiun,2023,11764.4
71,3577,Kota Madiun,2024,12438.92
71,3578,Kota Surabaya,2020,390936.42
71,3578,Kota Surabaya,2021,407725.83
71,3578,Kota Surabaya,2022,434268.34
71,3578,Kota Surabaya,2023,459030.72
71,3578,Kota Surabaya,2024,485448.89
71,3579,Kota Batu,2020,11025.81
71,3579,Kota Batu,2021,11471.43
71,3579,Kota Batu,2022,12180.93
71,3579,Kota Batu,2023,12936.6
71,3579,Kota Batu,2024,13588.14
72,3501,Kab. Pacitan,2020,10837.87
72,3501,Kab. Pacitan,2021,11107.4
72,3501,Kab. Pacitan,2022,11722.44
72,3501,Kab. Pacitan,2023,12244.97
72,3501,Kab. Pacitan,2024,12775.82
72,3502,Kab. Ponorogo,2020,14168.62
72,3502,Kab. Ponorogo,2021,14619.97
72,3502,Kab. Ponorogo,2022,15093.71
72,3502,Kab. Ponorogo,2023,15870.05
72,3502,Kab. Ponorogo,2024,16622.78
72,3503,Kab. Trenggalek,2020,12502.39
72,3503,Kab. Trenggalek,2021,12959.02
72,3503,Kab. Trenggalek,2022,13545.41
72,3503,Kab. Trenggalek,2023,14212.06
72,3503,Kab. Trenggalek,2024,14881.55
72,3504,Kab. Tulungagung,2020,26455.76
72,3504,Kab. Tulungagung,2021,27390.42
72,3504,Kab. Tulungagung,2022,28818.91
72,3504,Kab. Tulungagung,2023,30234.61
72,3504,Kab. Tulungagung,2024,31703.89
72,3505,Kab. Blitar,2020,24945.46
72,3505,Kab. Blitar,2021,25700.02
72,3505,Kab. Blitar,2022,27037.33
72,3505,Kab. Blitar,2023,28239.86
72,3505,Kab. Blitar,2024,29493.8
72,3506,Kab. Kediri,2020,28487.29
72,3506,Kab. Kediri,2021,29358.09
72,3506,Kab. Kediri,2022,30796.98
72,3506,Kab. Kediri,2023,32191.7
72,3506,Kab. Kediri,2024,33787.64
72,3507,Kab. Malang,2020,66545.09
72,3507,Kab. Malang,2021,68618.71
72,3507,Kab. Malang,2022,72136.06
72,3507,Kab. Malang,2023,75744.19
72,3507,Kab. Malang,2024,79500.89
72,3508,Kab. Lumajang,2020,21933.79
72,3508,Kab. Lumajang,2021,22623.4
72,3508,Kab. Lumajang,2022,23626.58
72,3508,Kab. Lumajang,2023,24808.35
72,3508,Kab. Lumajang,2024,25929.92
72,3509,Kab. Jember,2020,52586.56
72,3509,Kab. Jember,2021,54688.72
72,3509,Kab. Jember,2022,57167.13
72,3509,Kab. Jember,2023,59984.0
72,3509,Kab. Jember,2024,62897.17
72,3510,Kab. Banyuwangi,2020,53295.11
72,3510,Kab. Banyuwangi,2021,55472.57
72,3510,Kab. Banyuwangi,2022,57932.55
72,3510,Kab. Banyuwangi,2023,60848.35
72,3510,Kab. Banyuwangi,2024,63693.57
72,3511,Kab. Bondowoso,2020,13451.77
72,3511,Kab. Bondowoso,2021,13921.65
72,3511,Kab. Bondowoso,2022,14410.2
72,3511,Kab. Bondowoso,2023,15075.62
72,3511,Kab. Bondowoso,2024,15809.26
72,3512,Kab. Situbondo,2020,13282.84
72,3512,Kab. Situbondo,2021,13715.83
72,3512,Kab. Situbondo,2022,14318.0
72,3512,Kab. Situbondo,2023,15018.99
72,3512,Kab. Situbondo,2024,15741.75
72,3513,Kab. Probolinggo,2020,22898.24
72,3513,Kab. Probolinggo,2021,23664.39
72,3513,Kab. Probolinggo,2022,24734.19
72,3513,Kab. Probolinggo,2023,25904.93
72,3513,Kab. Probolinggo,2024,27153.09
72,3514,Kab. Pasuruan,2020,103138.47
72,3514,Kab. Pasuruan,2021,107615.92
72,3514,Kab. Pasuruan,2022,113336.94
72,3514,Kab. Pasuruan,2023,119237.38
72,3514,Kab. Pasuruan,2024,125606.94
72,3515,Kab. Sidoarjo,2020,135205.57
72,3515,Kab. Sidoarjo,2021,140907.54
72,3515,Kab. Sidoarjo,2022,151569.17
72,3515,Kab. Sidoarjo,2023,160916.79
72,3515,Kab. Sidoarjo,2024,169836.61
72,3516,Kab. Mojokerto,2020,57816.84
72,3516,Kab. Mojokerto,2021,60197.15
72,3516,Kab. Mojokerto,2022,63698.34
72,3516,Kab. Mojokerto,2023,66981.15
72,3516,Kab. Mojokerto,2024,70526.13
72,3517,Kab. Jombang,2020,27657.58
72,3517,Kab. Jombang,2021,28553.45
72,3517,Kab. Jombang,2022,30086.17
72,3517,Kab. Jombang,2023,31602.77
72,3517,Kab. Jombang,2024,33230.48
72,3518,Kab. Nganjuk,2020,17990.36
72,3518,Kab. Nganjuk,2021,18640.68
72,3518,Kab. Nganjuk,2022,19543.18
72,3518,Kab. Nganjuk,2023,20598.57
72,3518,Kab. Nganjuk,2024,21614.91
72,3519,Kab. Madiun,2020,13142.33
72,3519,Kab. Madiun,2021,13578.17
72,3519,Kab. Madiun,2022,14164.98
72,3519,Kab. Madiun,2023,14890.56
72,3519,Kab. Madiun,2024,15587.82
72,3520,Kab. Magetan,2020,13020.89
72,3520,Kab. Magetan,2021,13417.03
72,3520,Kab. Magetan,2022,13939.15
72,3520,Kab. Magetan,2023,14562.68
72,3520,Kab. Magetan,2024,15259.86
72,3521,Kab. Ngawi,2020,13478.6
72,3521,Kab. Ngawi,2021,13822.3
72,3521,Kab. Ngawi,2022,14263.33
72,3521,Kab. Ngawi,2023,14903.98
72,3521,Kab. Ngawi,2024,15595.75
72,3522,Kab. Bojonegoro,2020,28001.46
72,3522,Kab. Bojonegoro,2021,28994.8
72,3522,Kab. Bojonegoro,2022,30745.47
72,3522,Kab. Bojonegoro,2023,32336.23
72,3522,Kab. Bojonegoro,2024,34000.67
72,3523,Kab. Tuban,2020,42175.43
72,3523,Kab. Tuban,2021,43505.63
72,3523,Kab. Tuban,2022,47455.61
72,3523,Kab. Tuban,2023,49481.05
72,3523,Kab. Tuban,2024,51421.52
72,3524,Kab. Lamongan,2020,26972.65
72,3524,Kab. Lamongan,2021,27896.54
72,3524,Kab. Lamongan,2022,29447.44
72,3524,Kab. Lamongan,2023,30709.18
72,3524,Kab. Lamongan,2024,32185.95
72,3525,Kab. Gresik,2020,89647.4
72,3525,Kab. Gresik,2021,93268.29
72,3525,Kab. Gresik,2022,100049.21
72,3525,Kab. Gresik,2023,105220.7
72,3525,Kab. Gresik,2024,111239.03
72,3526,Kab. Bangkalan,2020,13192.84
72,3526,Kab. Bangkalan,2021,13501.07
72,3526,Kab. Bangkalan,2022,14181.59
72,3526,Kab. Bangkalan,2023,14589.62
72,3526,Kab. Bangkalan,2024,14974.51
72,3527,Kab. Sampang,2020,11910.66
72,3527,Kab. Sampang,2021,12092.0
72,3527,Kab. Sampang,2022,12729.19
72,3527,Kab. Sampang,2023,13305.45
72,3527,Kab. Sampang,2024,13734.61
72,3528,Kab. Pamekasan,2020,11117.62
72,3528,Kab. Pamekasan,2021,11496.24
72,3528,Kab. Pamekasan,2022,12031.56
72,3528,Kab. Pamekasan,2023,12628.69
72,3528,Kab. Pamekasan,2024,13245.25
72,3529,Kab. Sumenep,2020,18949.93
72,3529,Kab. Sumenep,2021,19632.82
72,3529,Kab. Sumenep,2022,20619.17
72,3529,Kab. Sumenep,2023,21610.36
72,3529,Kab. Sumenep,2024,22612.95
72,3571,Kota Kediri,2020,84374.98
72,3571,Kota Kediri,2021,86485.59
72,3571,Kota Kediri,2022,89907.21
72,3571,Kota Kediri,2023,91631.35
72,3571,Kota Kediri,2024,94774.08
72,3572,Kota Blitar,2020,4722.55
72,3572,Kota Blitar,2021,4924.57
72,3572,Kota Blitar,2022,5181.61
72,3572,Kota Blitar,2023,5455.81
72,3572,Kota Blitar,2024,5746.4
72,3573,Kota Malang,2020,51154.53
72,3573,Kota Malang,2021,53309.7
72,3573,Kota Malang,2022,56678.64
72,3573,Kota Malang,2023,60119.82
72,3573,Kota Malang,2024,63373.3
72,3574,Kota Probolinggo,2020,8035.27
72,3574,Kota Probolinggo,2021,8361.14
72,3574,Kota Probolinggo,2022,8872.84
72,3574,Kota Probolinggo,2023,9408.51
72,3574,Kota Probolinggo,2024,9893.27
72,3575,Kota Pasuruan,2020,5706.6
72,3575,Kota Pasuruan,2021,5914.59
72,3575,Kota Pasuruan,2022,6282.38
72,3575,Kota Pasuruan,2023,6637.08
72,3575,Kota Pasuruan,2024,6998.74
72,3576,Kota Mojokerto,2020,4801.46
72,3576,Kota Mojokerto,2021,4976.49
72,3576,Kota Mojokerto,2022,5253.0
72,3576,Kota Mojokerto,2023,5399.62
72,3576,Kota Mojokerto,2024,5686.79
72,3577,Kota Madiun,2020,10055.91
72,3577,Kota Madiun,2021,10537.7
72,3577,Kota Madiun,2022,11119.55
72,3577,Kota Madiun,2023,11764.4
72,3577,Kota Madiun,2024,12438.92
72,3578,Kota Surabaya,2020,390931.96
72,3578,Kota Surabaya,2021,407721.6
72,3578,Kota Surabaya,2022,434264.39
72,3578,Kota Surabaya,2023,459028.74
72,3578,Kota Surabaya,2024,485448.52
72,3579,Kota Batu,2020,11025.81
72,3579,Kota Batu,2021,11471.43
72,3579,Kota Batu,2022,12180.93
72,3579,Kota Batu,2023,12936.6
72,3579,Kota Batu,2024,13588.14
73,3501,Kab. Pacitan,2020,26972.36
73,3501,Kab. Pacitan,2021,29601.73
73,3501,Kab. Pacitan,2022,32443.47
73,3501,Kab. Pacitan,2023,35098.8
73,3501,Kab. Pacitan,2024,37153.19
73,3502,Kab. Ponorogo,2020,21653.59
73,3502,Kab. Ponorogo,2021,22432.11
73,3502,Kab. Ponorogo,2022,24094.33
73,3502,Kab. Ponorogo,2023,26313.86
73,3502,Kab. Ponorogo,2024,28087.99
73,3503,Kab. Trenggalek,2020,25087.34
73,3503,Kab. Trenggalek,2021,26160.03
73,3503,Kab. Trenggalek,2022,28309.47
73,3503,Kab. Trenggalek,2023,30681.0
73,3503,Kab. Trenggalek,2024,32725.61
73,3504,Kab. Tulungagung,2020,35142.74
73,3504,Kab. Tulungagung,2021,36688.29
73,3504,Kab. Tulungagung,2022,40068.67
73,3504,Kab. Tulungagung,2023,43296.9
73,3504,Kab. Tulungagung,2024,46008.7
73,3505,Kab. Blitar,2020,29489.6
73,3505,Kab. Blitar,2021,30683.28
73,3505,Kab. Blitar,2022,33284.65
73,3505,Kab. Blitar,2023,35811.68
73,3505,Kab. Blitar,2024,37810.61
73,3506,Kab. Kediri,2020,24884.58
73,3506,Kab. Kediri,2021,25867.0
73,3506,Kab. Kediri,2022,28034.79
73,3506,Kab. Kediri,2023,30192.65
73,3506,Kab. Kediri,2024,32338.69
73,3507,Kab. Malang,2020,38495.23
73,3507,Kab. Malang,2021,40056.73
73,3507,Kab. Malang,2022,43581.34
73,3507,Kab. Malang,2023,47272.21
73,3507,Kab. Malang,2024,50593.39
73,3508,Kab. Lumajang,2020,28707.02
73,3508,Kab. Lumajang,2021,29938.76
73,3508,Kab. Lumajang,2022,32383.73
73,3508,Kab. Lumajang,2023,35178.07
73,3508,Kab. Lumajang,2024,37578.64
73,3509,Kab. Jember,2020,30022.94
73,3509,Kab. Jember,2021,31780.99
73,3509,Kab. Jember,2022,34264.52
73,3509,Kab. Jember,2023,36836.81
73,3509,Kab. Jember,2024,39464.26
73,3510,Kab. Banyuwangi,2020,47566.92
73,3510,Kab. Banyuwangi,2021,49896.15
73,3510,Kab. Banyuwangi,2022,53822.42
73,3510,Kab. Banyuwangi,2023,58085.92
73,3510,Kab. Banyuwangi,2024,62085.63
73,3511,Kab. Bondowoso,2020,25705.73
73,3511,Kab. Bondowoso,2021,27009.25
73,3511,Kab. Bondowoso,2022,29216.58
73,3511,Kab. Bondowoso,2023,31432.05
73,3511,Kab. Bondowoso,2024,33500.9
73,3512,Kab. Situbondo,2020,29244.18
73,3512,Kab. Situbondo,2021,30765.38
73,3512,Kab. Situbondo,2022,33367.49
73,3512,Kab. Situbondo,2023,36189.55
73,3512,Kab. Situbondo,2024,38676.88
73,3513,Kab. Probolinggo,2020,29280.1
73,3513,Kab. Probolinggo,2021,30708.29
73,3513,Kab. Probolinggo,2022,33323.39
73,3513,Kab. Probolinggo,2023,36006.17
73,3513,Kab. Probolinggo,2024,38536.56
73,3514,Kab. Pasuruan,2020,90746.88
73,3514,Kab. Pasuruan,2021,97170.79
73,3514,Kab. Pasuruan,2022,105849.75
73,3514,Kab. Pasuruan,2023,113682.69
73,3514,Kab. Pasuruan,2024,121689.11
73,3515,Kab. Sidoarjo,2020,94817.64
73,3515,Kab. Sidoarjo,2021,100251.94
73,3515,Kab. Sidoarjo,2022,115389.27
73,3515,Kab. Sidoarjo,2023,127381.65
73,3515,Kab. Sidoarjo,2024,136721.09
73,3516,Kab. Mojokerto,2020,73335.46
73,3516,Kab. Mojokerto,2021,77339.67
73,3516,Kab. Mojokerto,2022,84307.35
73,3516,Kab. Mojokerto,2023,91112.0
73,3516,Kab. Mojokerto,2024,98010.85
73,3517,Kab. Jombang,2020,30303.38
73,3517,Kab. Jombang,2021,31448.66
73,3517,Kab. Jombang,2022,34292.3
73,3517,Kab. Jombang,2023,36990.72
73,3517,Kab. Jombang,2024,39553.12
73,3518,Kab. Nganjuk,2020,24134.34
73,3518,Kab. Nganjuk,2021,25279.62
73,3518,Kab. Nganjuk,2022,27583.24
73,3518,Kab. Nganjuk,2023,29916.56
73,3518,Kab. Nganjuk,2024,32047.45
73,3519,Kab. Madiun,2020,25811.05
73,3519,Kab. Madiun,2021,26801.6
73,3519,Kab. Madiun,2022,29109.82
73,3519,Kab. Madiun,2023,31587.94
73,3519,Kab. Madiun,2024,33712.39
73,3520,Kab. Magetan,2020,28023.83
73,3520,Kab. Magetan,2021,29080.72
73,3520,Kab. Magetan,2022,31275.4
73,3520,Kab. Magetan,2023,33627.24
73,3520,Kab. Magetan,2024,35853.1
73,3521,Kab. Ngawi,2020,23322.73
73,3521,Kab. Ngawi,2021,23838.33
73,3521,Kab. Ngawi,2022,25602.26
73,3521,Kab. Ngawi,2023,27619.27
73,3521,Kab. Ngawi,2024,29346.51
73,3522,Kab. Bojonegoro,2020,54048.0
73,3522,Kab. Bojonegoro,2021,64424.32
73,3522,Kab. Bojonegoro,2022,76507.25
73,3522,Kab. Bojonegoro,2023,74242.16
73,3522,Kab. Bojonegoro,2024,76808.4
73,3523,Kab. Tuban,2020,52084.9
73,3523,Kab. Tuban,2021,54739.46
73,3523,Kab. Tuban,2022,62058.7
73,3523,Kab. Tuban,2023,67175.83
73,3523,Kab. Tuban,2024,71099.12
73,3524,Kab. Lamongan,2020,29220.55
73,3524,Kab. Lamongan,2021,30373.05
73,3524,Kab. Lamongan,2022,33398.56
73,3524,Kab. Lamongan,2023,35725.69
73,3524,Kab. Lamongan,2024,37787.61
73,3525,Kab. Gresik,2020,102622.77
73,3525,Kab. Gresik,2021,109418.33
73,3525,Kab. Gresik,2022,122650.13
73,3525,Kab. Gresik,2023,130526.96
73,3525,Kab. Gresik,2024,138271.17
73,3526,Kab. Bangkalan,2020,22038.21
73,3526,Kab. Bangkalan,2021,23147.71
73,3526,Kab. Bangkalan,2022,25134.32
73,3526,Kab. Bangkalan,2023,25408.14
73,3526,Kab. Bangkalan,2024,26066.4
73,3527,Kab. Sampang,2020,20502.97
73,3527,Kab. Sampang,2021,21064.05
73,3527,Kab. Sampang,2022,23186.08
73,3527,Kab. Sampang,2023,23978.2
73,3527,Kab. Sampang,2024,24483.83
73,3528,Kab. Pamekasan,2020,19778.6
73,3528,Kab. Pamekasan,2021,20596.44
73,3528,Kab. Pamekasan,2022,22225.65
73,3528,Kab. Pamekasan,2023,23842.11
73,3528,Kab. Pamekasan,2024,25423.6
73,3529,Kab. Sumenep,2020,29166.21
73,3529,Kab. Sumenep,2021,31177.33
73,3529,Kab. Sumenep,2022,35324.21
73,3529,Kab. Sumenep,2023,37473.5
73,3529,Kab. Sumenep,2024,39215.02
73,3571,Kota Kediri,2020,462198.7
73,3571,Kota Kediri,2021,489293.98
73,3571,Kota Kediri,2022,522857.06
73,3571,Kota Kediri,2023,541067.74
73,3571,Kota Kediri,2024,565840.5
73,3572,Kota Blitar,2020,45090.1
73,3572,Kota Blitar,2021,47329.32
73,3572,Kota Blitar,2022,51593.38
73,3572,Kota Blitar,2023,55523.25
73,3572,Kota Blitar,2024,59326.36
73,3573,Kota Malang,2020,85539.52
73,3573,Kota Malang,2021,90159.9
73,3573,Kota Malang,2022,98884.88
73,3573,Kota Malang,2023,107541.79
73,3573,Kota Malang,2024,114721.62
73,3574,Kota Probolinggo,2020,46301.58
73,3574,Kota Probolinggo,2021,48406.11
73,3574,Kota Probolinggo,2022,52920.9
73,3574,Kota Probolinggo,2023,57885.14
73,3574,Kota Probolinggo,2024,61613.55
73,3575,Kota Pasuruan,2020,38773.98
73,3575,Kota Pasuruan,2021,40372.03
73,3575,Kota Pasuruan,2022,44302.5
73,3575,Kota Pasuruan,2023,48057.75
73,3575,Kota Pasuruan,2024,51087.4
73,3576,Kota Mojokerto,2020,49840.43
73,3576,Kota Mojokerto,2021,51961.64
73,3576,Kota Mojokerto,2022,56648.18
73,3576,Kota Mojokerto,2023,59061.31
73,3576,Kota Mojokerto,2024,62683.92
73,3577,Kota Madiun,2020,69463.12
73,3577,Kota Madiun,2021,73502.01
73,3577,Kota Madiun,2022,79816.6
73,3577,Kota Madiun,2023,86285.03
73,3577,Kota Madiun,2024,92449.18
73,3578,Kota Surabaya,2020,193009.87
73,3578,Kota Surabaya,2021,204410.63
73,3578,Kota Surabaya,2022,226080.41
73,3578,Kota Surabaya,2023,245684.76
73,3578,Kota Surabaya,2024,264371.89
73,3579,Kota Batu,2020,74883.55
73,3579,Kota Batu,2021,78330.9
73,3579,Kota Batu,2022,85413.51
73,3579,Kota Batu,2023,93214.32
73,3579,Kota Batu,2024,99487.2
74,3501,Kab. Pacitan,2020,26972.36
74,3501,Kab. Pacitan,2021,27932.27
74,3501,Kab. Pacitan,2022,30627.25
74,3501,Kab. Pacitan,2023,33148.63
74,3501,Kab. Pacitan,2024,35096.28
74,3502,Kab. Ponorogo,2020,21653.59
74,3502,Kab. Ponorogo,2021,22432.11
74,3502,Kab. Ponorogo,2022,24094.33
74,3502,Kab. Ponorogo,2023,26313.86
74,3502,Kab. Ponorogo,2024,28087.99
74,3503,Kab. Trenggalek,2020,25087.34
74,3503,Kab. Trenggalek,2021,26160.03
74,3503,Kab. Trenggalek,2022,28309.47
74,3503,Kab. Trenggalek,2023,30681.0
74,3503,Kab. Trenggalek,2024,32725.61
74,3504,Kab. Tulungagung,2020,35142.74
74,3504,Kab. Tulungagung,2021,36688.29
74,3504,Kab. Tulungagung,2022,40068.67
74,3504,Kab. Tulungagung,2023,43296.9
74,3504,Kab. Tulungagung,2024,46008.7
74,3505,Kab. Blitar,2020,29489.6
74,3505,Kab. Blitar,2021,30683.28
74,3505,Kab. Blitar,2022,33284.65
74,3505,Kab. Blitar,2023,35811.68
74,3505,Kab. Blitar,2024,37810.61
74,3506,Kab. Kediri,2020,24881.64
74,3506,Kab. Kediri,2021,25864.13
74,3506,Kab. Kediri,2022,28031.8
74,3506,Kab. Kediri,2023,30189.52
74,3506,Kab. Kediri,2024,32338.69
74,3507,Kab. Malang,2020,38495.02
74,3507,Kab. Malang,2021,40056.52
74,3507,Kab. Malang,2022,43581.13
74,3507,Kab. Malang,2023,47272.21
74,3507,Kab. Malang,2024,50593.39
74,3508,Kab. Lumajang,2020,28707.02
74,3508,Kab. Lumajang,2021,29938.76
74,3508,Kab. Lumajang,2022,32383.73
74,3508,Kab. Lumajang,2023,35178.07
74,3508,Kab. Lumajang,2024,37578.64
74,3509,Kab. Jember,2020,30022.94
74,3509,Kab. Jember,2021,31780.99
74,3509,Kab. Jember,2022,34264.52
74,3509,Kab. Jember,2023,36836.81
74,3509,Kab. Jember,2024,39464.26
74,3510,Kab. Banyuwangi,2020,47566.92
74,3510,Kab. Banyuwangi,2021,49896.15
74,3510,Kab. Banyuwangi,2022,53822.42
74,3510,Kab. Banyuwangi,2023,58085.92
74,3510,Kab. Banyuwangi,2024,62085.63
74,3511,Kab. Bondowoso,2020,25705.73
74,3511,Kab. Bondowoso,2021,27009.25
74,3511,Kab. Bondowoso,2022,29216.58
74,3511,Kab. Bondowoso,2023,31432.05
74,3511,Kab. Bondowoso,2024,33500.9
74,3512,Kab. Situbondo,2020,29244.18
74,3512,Kab. Situbondo,2021,30765.38
74,3512,Kab. Situbondo,2022,33367.49
74,3512,Kab. Situbondo,2023,36189.55
74,3512,Kab. Situbondo,2024,38676.88
74,3513,Kab. Probolinggo,2020,29280.1
74,3513,Kab. Probolinggo,2021,30708.29
74,3513,Kab. Probolinggo,2022,33323.39
74,3513,Kab. Probolinggo,2023,36006.17
74,3513,Kab. Probolinggo,2024,38536.56
74,3514,Kab. Pasuruan,2020,90738.61
74,3514,Kab. Pasuruan,2021,97162.51
74,3514,Kab. Pasuruan,2022,105841.03
74,3514,Kab. Pasuruan,2023,113673.87
74,3514,Kab. Pasuruan,2024,121680.13
74,3515,Kab. Sidoarjo,2020,94766.54
74,3515,Kab. Sidoarjo,2021,100194.05
74,3515,Kab. Sidoarjo,2022,115349.72
74,3515,Kab. Sidoarjo,2023,127354.85
74,3515,Kab. Sidoarjo,2024,136696.96
74,3516,Kab. Mojokerto,2020,73333.77
74,3516,Kab. Mojokerto,2021,77338.03
74,3516,Kab. Mojokerto,2022,84305.77
74,3516,Kab. Mojokerto,2023,91110.35
74,3516,Kab. Mojokerto,2024,98009.27
74,3517,Kab. Jombang,2020,30303.38
74,3517,Kab. Jombang,2021,31448.66
74,3517,Kab. Jombang,2022,34292.3
74,3517,Kab. Jombang,2023,36990.72
74,3517,Kab. Jombang,2024,39553.12
74,3518,Kab. Nganjuk,2020,24134.34
74,3518,Kab. Nganjuk,2021,25279.62
74,3518,Kab. Nganjuk,2022,27583.24
74,3518,Kab. Nganjuk,2023,29916.56
74,3518,Kab. Nganjuk,2024,32047.45
74,3519,Kab. Madiun,2020,25804.37
74,3519,Kab. Madiun,2021,26793.42
74,3519,Kab. Madiun,2022,29101.05
74,3519,Kab. Madiun,2023,31577.73
74,3519,Kab. Madiun,2024,33702.66
74,3520,Kab. Magetan,2020,28023.83
74,3520,Kab. Magetan,2021,29080.72
74,3520,Kab. Magetan,2022,31275.4
74,3520,Kab. Magetan,2023,33627.24
74,3520,Kab. Magetan,2024,35853.1
74,3521,Kab. Ngawi,2020,23320.89
74,3521,Kab. Ngawi,2021,23836.45
74,3521,Kab. Ngawi,2022,25600.34
74,3521,Kab. Ngawi,2023,27618.33
74,3521,Kab. Ngawi,2024,29346.13
74,3522,Kab. Bojonegoro,2020,30752.66
74,3522,Kab. Bojonegoro,2021,32036.61
74,3522,Kab. Bojonegoro,2022,35269.45
74,3522,Kab. Bojonegoro,2023,37846.42
74,3522,Kab. Bojonegoro,2024,40631.38
74,3523,Kab. Tuban,2020,51739.87
74,3523,Kab. Tuban,2021,54263.61
74,3523,Kab. Tuban,2022,61405.06
74,3523,Kab. Tuban,2023,66518.41
74,3523,Kab. Tuban,2024,70446.64
74,3524,Kab. Lamongan,2020,29220.55
74,3524,Kab. Lamongan,2021,30373.05
74,3524,Kab. Lamongan,2022,33398.56
74,3524,Kab. Lamongan,2023,35725.69
74,3524,Kab. Lamongan,2024,37787.61
74,3525,Kab. Gresik,2020,97608.21
74,3525,Kab. Gresik,2021,103025.44
74,3525,Kab. Gresik,2022,113550.44
74,3525,Kab. Gresik,2023,122865.58
74,3525,Kab. Gresik,2024,131192.17
74,3526,Kab. Bangkalan,2020,18533.77
74,3526,Kab. Bangkalan,2021,18913.68
74,3526,Kab. Bangkalan,2022,20655.74
74,3526,Kab. Bangkalan,2023,21855.65
74,3526,Kab. Bangkalan,2024,22658.33
74,3527,Kab. Sampang,2020,18452.24
74,3527,Kab. Sampang,2021,18733.47
74,3527,Kab. Sampang,2022,20408.98
74,3527,Kab. Sampang,2023,21794.95
74,3527,Kab. Sampang,2024,22618.28
74,3528,Kab. Pamekasan,2020,19778.6
74,3528,Kab. Pamekasan,2021,20596.44
74,3528,Kab. Pamekasan,2022,22225.65
74,3528,Kab. Pamekasan,2023,23842.11
74,3528,Kab. Pamekasan,2024,25423.6
74,3529,Kab. Sumenep,2020,25285.55
74,3529,Kab. Sumenep,2021,26438.27
74,3529,Kab. Sumenep,2022,29027.99
74,3529,Kab. Sumenep,2023,31410.49
74,3529,Kab. Sumenep,2024,33285.37
74,3571,Kota Kediri,2020,462198.7
74,3571,Kota Kediri,2021,489293.98
74,3571,Kota Kediri,2022,522857.06
74,3571,Kota Kediri,2023,541067.74
74,3571,Kota Kediri,2024,565840.5
74,3572,Kota Blitar,2020,45090.1
74,3572,Kota Blitar,2021,47329.32
74,3572,Kota Blitar,2022,51593.38
74,3572,Kota Blitar,2023,55523.25
74,3572,Kota Blitar,2024,59326.36
74,3573,Kota Malang,2020,85539.52
74,3573,Kota Malang,2021,90159.9
74,3573,Kota Malang,2022,98884.88
74,3573,Kota Malang,2023,107541.79
74,3573,Kota Malang,2024,114721.62
74,3574,Kota Probolinggo,2020,46301.58
74,3574,Kota Probolinggo,2021,48406.11
74,3574,Kota Probolinggo,2022,52920.9
74,3574,Kota Probolinggo,2023,57885.14
74,3574,Kota Probolinggo,2024,61613.55
74,3575,Kota Pasuruan,2020,38773.98
74,3575,Kota Pasuruan,2021,40372.03
74,3575,Kota Pasuruan,2022,44302.5
74,3575,Kota Pasuruan,2023,48057.75
74,3575,Kota Pasuruan,2024,51087.4
74,3576,Kota Mojokerto,2020,49840.43
74,3576,Kota Mojokerto,2021,51961.64
74,3576,Kota Mojokerto,2022,56648.18
74,3576,Kota Mojokerto,2023,59061.31
74,3576,Kota Mojokerto,2024,62683.92
74,3577,Kota Madiun,2020,69463.12
74,3577,Kota Madiun,2021,73502.01
74,3577,Kota Madiun,2022,79816.6
74,3577,Kota Madiun,2023,86285.03
74,3577,Kota Madiun,2024,92449.18
74,3578,Kota Surabaya,2020,193008.13
74,3578,Kota Surabaya,2021,204409.4
74,3578,Kota Surabaya,2022,226079.1
74,3578,Kota Surabaya,2023,245684.08
74,3578,Kota Surabaya,2024,264371.79
74,3579,Kota Batu,2020,74883.55
74,3579,Kota Batu,2021,78330.9
74,3579,Kota Batu,2022,85413.51
74,3579,Kota Batu,2023,93214.32
74,3579,Kota Batu,2024,99487.2
75,3501,Kab. Pacitan,2020,18518.8
75,3501,Kab. Pacitan,2021,18939.65
75,3501,Kab. Pacitan,2022,19960.9
75,3501,Kab. Pacitan,2023,20825.74
75,3501,Kab. Pacitan,2024,21706.58
75,3502,Kab. Ponorogo,2020,14956.17
75,3502,Kab. Ponorogo,2021,15360.97
75,3502,Kab. Ponorogo,2022,15792.46
75,3502,Kab. Ponorogo,2023,16540.15
75,3502,Kab. Ponorogo,2024,17262.51
75,3503,Kab. Trenggalek,2020,17125.9
75,3503,Kab. Trenggalek,2021,17658.3
75,3503,Kab. Trenggalek,2022,18363.07
75,3503,Kab. Trenggalek,2023,19174.99
75,3503,Kab. Trenggalek,2024,19988.22
75,3504,Kab. Tulungagung,2020,24321.88
75,3504,Kab. Tulungagung,2021,25018.45
75,3504,Kab. Tulungagung,2022,26164.61
75,3504,Kab. Tulungagung,2023,27292.41
75,3504,Kab. Tulungagung,2024,28463.42
75,3505,Kab. Blitar,2020,20420.62
75,3505,Kab. Blitar,2021,20850.52
75,3505,Kab. Blitar,2022,21748.26
75,3505,Kab. Blitar,2023,22527.91
75,3505,Kab. Blitar,2024,23340.25
75,3506,Kab. Kediri,2020,17451.19
75,3506,Kab. Kediri,2021,17789.89
75,3506,Kab. Kediri,2022,18509.98
75,3506,Kab. Kediri,2023,19196.35
75,3506,Kab. Kediri,2024,19993.68
75,3507,Kab. Malang,2020,25107.69
75,3507,Kab. Malang,2021,25679.65
75,3507,Kab. Malang,2022,26773.54
75,3507,Kab. Malang,2023,27892.11
75,3507,Kab. Malang,2024,29057.42
75,3508,Kab. Lumajang,2020,19638.63
75,3508,Kab. Lumajang,2021,20111.17
75,3508,Kab. Lumajang,2022,20868.5
75,3508,Kab. Lumajang,2023,21778.12
75,3508,Kab. Lumajang,2024,22629.43
75,3509,Kab. Jember,2020,20762.8
75,3509,Kab. Jember,2021,21439.33
75,3509,Kab. Jember,2022,22251.44
75,3509,Kab. Jember,2023,23188.42
75,3509,Kab. Jember,2024,24155.76
75,3510,Kab. Banyuwangi,2020,31257.63
75,3510,Kab. Banyuwangi,2021,32215.01
75,3510,Kab. Banyuwangi,2022,33427.38
75,3510,Kab. Banyuwangi,2023,34891.91
75,3510,Kab. Banyuwangi,2024,36305.19
75,3511,Kab. Bondowoso,2020,17345.24
75,3511,Kab. Bondowoso,2021,17860.98
75,3511,Kab. Bondowoso,2022,18383.53
75,3511,Kab. Bondowoso,2023,19127.71
75,3511,Kab. Bondowoso,2024,19953.4
75,3512,Kab. Situbondo,2020,19381.72
75,3512,Kab. Situbondo,2021,19903.58
75,3512,Kab. Situbondo,2022,20656.45
75,3512,Kab. Situbondo,2023,21547.3
75,3512,Kab. Situbondo,2024,22465.15
75,3513,Kab. Probolinggo,2020,19882.6
75,3513,Kab. Probolinggo,2021,20409.55
75,3513,Kab. Probolinggo,2022,21170.52
75,3513,Kab. Probolinggo,2023,22010.5
75,3513,Kab. Probolinggo,2024,22909.32
75,3514,Kab. Pasuruan,2020,64294.69
75,3514,Kab. Pasuruan,2021,66550.88
75,3514,Kab. Pasuruan,2022,69493.19
75,3514,Kab. Pasuruan,2023,72517.93
75,3514,Kab. Pasuruan,2024,75803.53
75,3515,Kab. Sidoarjo,2020,65044.04
75,3515,Kab. Sidoarjo,2021,67104.43
75,3515,Kab. Sidoarjo,2022,71340.36
75,3515,Kab. Sidoarjo,2023,74908.0
75,3515,Kab. Sidoarjo,2024,78226.74
75,3516,Kab. Mojokerto,2020,51746.35
75,3516,Kab. Mojokerto,2021,53425.28
75,3516,Kab. Mojokerto,2022,56059.2
75,3516,Kab. Mojokerto,2023,58477.17
75,3516,Kab. Mojokerto,2024,61102.2
75,3517,Kab. Jombang,2020,21020.81
75,3517,Kab. Jombang,2021,21509.64
75,3517,Kab. Jombang,2022,22460.2
75,3517,Kab. Jombang,2023,23387.44
75,3517,Kab. Jombang,2024,24385.82
75,3518,Kab. Nganjuk,2020,16322.05
75,3518,Kab. Nganjuk,2021,16797.63
75,3518,Kab. Nganjuk,2022,17490.87
75,3518,Kab. Nganjuk,2023,18314.84
75,3518,Kab. Nganjuk,2024,19098.2
75,3519,Kab. Madiun,2020,17703.49
75,3519,Kab. Madiun,2021,18179.76
75,3519,Kab. Madiun,2022,18869.48
75,3519,Kab. Madiun,2023,19742.7
75,3519,Kab. Madiun,2024,20575.88
75,3520,Kab. Magetan,2020,19438.52
75,3520,Kab. Magetan,2021,19919.31
75,3520,Kab. Magetan,2022,20568.89
75,3520,Kab. Magetan,2023,21363.62
75,3520,Kab. Magetan,2024,22260.92
75,3521,Kab. Ngawi,2020,15509.09
75,3521,Kab. Ngawi,2021,15831.69
75,3521,Kab. Ngawi,2022,16263.76
75,3521,Kab. Ngawi,2023,16923.23
75,3521,Kab. Ngawi,2024,17640.78
75,3522,Kab. Bojonegoro,2020,53620.99
75,3522,Kab. Bojonegoro,2021,50375.53
75,3522,Kab. Bojonegoro,2022,47036.54
75,3522,Kab. Bojonegoro,2023,47976.27
75,3522,Kab. Bojonegoro,2024,48568.23
75,3523,Kab. Tuban,2020,35689.61
75,3523,Kab. Tuban,2021,36529.13
75,3523,Kab. Tuban,2022,39527.87
75,3523,Kab. Tuban,2023,41017.95
75,3523,Kab. Tuban,2024,42371.21
75,3524,Kab. Lamongan,2020,20121.62
75,3524,Kab. Lamongan,2021,20644.33
75,3524,Kab. Lamongan,2022,21643.48
75,3524,Kab. Lamongan,2023,22423.2
75,3524,Kab. Lamongan,2024,23354.51
75,3525,Kab. Gresik,2020,74609.32
75,3525,Kab. Gresik,2021,76637.79
75,3525,Kab. Gresik,2022,81411.27
75,3525,Kab. Gresik,2023,84291.4
75,3525,Kab. Gresik,2024,87443.37
75,3526,Kab. Bangkalan,2020,16573.24
75,3526,Kab. Bangkalan,2021,16037.98
75,3526,Kab. Bangkalan,2022,15692.56
75,3526,Kab. Bangkalan,2023,15721.34
75,3526,Kab. Bangkalan,2024,15870.43
75,3527,Kab. Sampang,2020,14418.15
75,3527,Kab. Sampang,2021,14272.68
75,3527,Kab. Sampang,2022,14418.21
75,3527,Kab. Sampang,2023,14608.04
75,3527,Kab. Sampang,2024,14686.58
75,3528,Kab. Pamekasan,2020,13093.54
75,3528,Kab. Pamekasan,2021,13408.38
75,3528,Kab. Pamekasan,2022,13881.76
75,3528,Kab. Pamekasan,2023,14419.38
75,3528,Kab. Pamekasan,2024,14971.52
75,3529,Kab. Sumenep,2020,20969.69
75,3529,Kab. Sumenep,2021,21339.46
75,3529,Kab. Sumenep,2022,21860.92
75,3529,Kab. Sumenep,2023,22889.51
75,3529,Kab. Sumenep,2024,23616.61
75,3571,Kota Kediri,2020,294533.38
75,3571,Kota Kediri,2021,299128.73
75,3571,Kota Kediri,2022,307691.7
75,3571,Kota Kediri,2023,310378.01
75,3571,Kota Kediri,2024,317791.75
75,3572,Kota Blitar,2020,31743.57
75,3572,Kota Blitar,2021,32764.95
75,3572,Kota Blitar,2022,34125.48
75,3572,Kota Blitar,2023,35574.74
75,3572,Kota Blitar,2024,37105.39
75,3573,Kota Malang,2020,60636.65
75,3573,Kota Malang,2021,62732.5
75,3573,Kota Malang,2022,66086.9
75,3573,Kota Malang,2023,69480.44
75,3573,Kota Malang,2024,72618.0
75,3574,Kota Probolinggo,2020,33594.78
75,3574,Kota Probolinggo,2021,34592.63
75,3574,Kota Probolinggo,2022,36311.58
75,3574,Kota Probolinggo,2023,38094.21
75,3574,Kota Probolinggo,2024,39646.18
75,3575,Kota Pasuruan,2020,27496.11
75,3575,Kota Pasuruan,2021,28121.57
75,3575,Kota Pasuruan,2022,29443.62
75,3575,Kota Pasuruan,2023,30669.88
75,3575,Kota Pasuruan,2024,31900.63
75,3576,Kota Mojokerto,2020,36324.37
75,3576,Kota Mojokerto,2021,37283.78
75,3576,Kota Mojokerto,2022,38964.48
75,3576,Kota Mojokerto,2023,39671.89
75,3576,Kota Mojokerto,2024,41390.7
75,3577,Kota Madiun,2020,51665.74
75,3577,Kota Madiun,2021,53655.63
75,3577,Kota Madiun,2022,56106.35
75,3577,Kota Madiun,2023,58824.65
75,3577,Kota Madiun,2024,61649.9
75,3578,Kota Surabaya,2020,136074.49
75,3578,Kota Surabaya,2021,141205.8
75,3578,Kota Surabaya,2022,149751.58
75,3578,Kota Surabaya,2023,157664.87
75,3578,Kota Surabaya,2024,166136.05
75,3579,Kota Batu,2020,51873.0
75,3579,Kota Batu,2021,53355.51
75,3579,Kota Batu,2022,55973.64
75,3579,Kota Batu,2023,58750.37
75,3579,Kota Batu,2024,61019.57
76,3501,Kab. Pacitan,2020,18518.8
76,3501,Kab. Pacitan,2021,18939.65
76,3501,Kab. Pacitan,2022,19960.9
76,3501,Kab. Pacitan,2023,20825.74
76,3501,Kab. Pacitan,2024,21706.58
76,3502,Kab. Ponorogo,2020,14956.17
76,3502,Kab. Ponorogo,2021,15360.97
76,3502,Kab. Ponorogo,2022,15792.46
76,3502,Kab. Ponorogo,2023,16540.15
76,3502,Kab. Ponorogo,2024,17262.51
76,3503,Kab. Trenggalek,2020,17125.9
76,3503,Kab. Trenggalek,2021,17658.3
76,3503,Kab. Trenggalek,2022,18363.07
76,3503,Kab. Trenggalek,2023,19174.99
76,3503,Kab. Trenggalek,2024,19988.22
76,3504,Kab. Tulungagung,2020,24321.88
76,3504,Kab. Tulungagung,2021,25018.45
76,3504,Kab. Tulungagung,2022,26164.61
76,3504,Kab. Tulungagung,2023,27292.41
76,3504,Kab. Tulungagung,2024,28463.42
76,3505,Kab. Blitar,2020,20420.62
76,3505,Kab. Blitar,2021,20850.52
76,3505,Kab. Blitar,2022,21748.26
76,3505,Kab. Blitar,2023,22527.91
76,3505,Kab. Blitar,2024,23340.25
76,3506,Kab. Kediri,2020,17448.95
76,3506,Kab. Kediri,2021,17787.71
76,3506,Kab. Kediri,2022,18507.75
76,3506,Kab. Kediri,2023,19194.08
76,3506,Kab. Kediri,2024,19993.68
76,3507,Kab. Malang,2020,25107.54
76,3507,Kab. Malang,2021,25679.5
76,3507,Kab. Malang,2022,26773.39
76,3507,Kab. Malang,2023,27892.08
76,3507,Kab. Malang,2024,29057.42
76,3508,Kab. Lumajang,2020,19638.63
76,3508,Kab. Lumajang,2021,20111.17
76,3508,Kab. Lumajang,2022,20868.5
76,3508,Kab. Lumajang,2023,21778.12
76,3508,Kab. Lumajang,2024,22629.43
76,3509,Kab. Jember,2020,20762.8
76,3509,Kab. Jember,2021,21439.33
76,3509,Kab. Jember,2022,22251.44
76,3509,Kab. Jember,2023,23188.42
76,3509,Kab. Jember,2024,24155.76
76,3510,Kab. Banyuwangi,2020,31257.63
76,3510,Kab. Banyuwangi,2021,32215.01
76,3510,Kab. Banyuwangi,2022,33427.38
76,3510,Kab. Banyuwangi,2023,34891.91
76,3510,Kab. Banyuwangi,2024,36305.19
76,3511,Kab. Bondowoso,2020,17345.24
76,3511,Kab. Bondowoso,2021,17860.98
76,3511,Kab. Bondowoso,2022,18383.53
76,3511,Kab. Bondowoso,2023,19127.71
76,3511,Kab. Bondowoso,2024,19953.4
76,3512,Kab. Situbondo,2020,19381.72
76,3512,Kab. Situbondo,2021,19903.58
76,3512,Kab. Situbondo,2022,20656.45
76,3512,Kab. Situbondo,2023,21547.3
76,3512,Kab. Situbondo,2024,22465.15
76,3513,Kab. Probolinggo,2020,19882.6
76,3513,Kab. Probolinggo,2021,20409.55
76,3513,Kab. Probolinggo,2022,21170.52
76,3513,Kab. Probolinggo,2023,22010.5
76,3513,Kab. Probolinggo,2024,22909.32
76,3514,Kab. Pasuruan,2020,64285.76
76,3514,Kab. Pasuruan,2021,66542.01
76,3514,Kab. Pasuruan,2022,69483.91
76,3514,Kab. Pasuruan,2023,72508.71
76,3514,Kab. Pasuruan,2024,75793.95
76,3515,Kab. Sidoarjo,2020,64996.08
76,3515,Kab. Sidoarjo,2021,67060.25
76,3515,Kab. Sidoarjo,2022,71319.32
76,3515,Kab. Sidoarjo,2023,74892.18
76,3515,Kab. Sidoarjo,2024,78212.37
76,3516,Kab. Mojokerto,2020,51744.94
76,3516,Kab. Mojokerto,2021,53423.9
76,3516,Kab. Mojokerto,2022,56057.87
76,3516,Kab. Mojokerto,2023,58475.84
76,3516,Kab. Mojokerto,2024,61100.89
76,3517,Kab. Jombang,2020,21020.81
76,3517,Kab. Jombang,2021,21509.64
76,3517,Kab. Jombang,2022,22460.2
76,3517,Kab. Jombang,2023,23387.44
76,3517,Kab. Jombang,2024,24385.82
76,3518,Kab. Nganjuk,2020,16322.05
76,3518,Kab. Nganjuk,2021,16797.63
76,3518,Kab. Nganjuk,2022,17490.87
76,3518,Kab. Nganjuk,2023,18314.84
76,3518,Kab. Nganjuk,2024,19098.2
76,3519,Kab. Madiun,2020,17698.39
76,3519,Kab. Madiun,2021,18173.65
76,3519,Kab. Madiun,2022,18863.3
76,3519,Kab. Madiun,2023,19735.74
76,3519,Kab. Madiun,2024,20568.78
76,3520,Kab. Magetan,2020,19438.52
76,3520,Kab. Magetan,2021,19919.31
76,3520,Kab. Magetan,2022,20568.89
76,3520,Kab. Magetan,2023,21363.62
76,3520,Kab. Magetan,2024,22260.92
76,3521,Kab. Ngawi,2020,15507.78
76,3521,Kab. Ngawi,2021,15830.37
76,3521,Kab. Ngawi,2022,16262.49
76,3521,Kab. Ngawi,2023,16922.63
76,3521,Kab. Ngawi,2024,17640.53
76,3522,Kab. Bojonegoro,2020,21540.78
76,3522,Kab. Bojonegoro,2021,22184.68
76,3522,Kab. Bojonegoro,2022,23407.15
76,3522,Kab. Bojonegoro,2023,24504.1
76,3522,Kab. Bojonegoro,2024,25655.1
76,3523,Kab. Tuban,2020,35247.03
76,3523,Kab. Tuban,2021,36131.27
76,3523,Kab. Tuban,2022,39169.11
76,3523,Kab. Tuban,2023,40605.03
76,3523,Kab. Tuban,2024,41969.73
76,3524,Kab. Lamongan,2020,20121.62
76,3524,Kab. Lamongan,2021,20644.33
76,3524,Kab. Lamongan,2022,21643.48
76,3524,Kab. Lamongan,2023,22423.2
76,3524,Kab. Lamongan,2024,23354.51
76,3525,Kab. Gresik,2020,68518.39
76,3525,Kab. Gresik,2021,70548.44
76,3525,Kab. Gresik,2022,74865.5
76,3525,Kab. Gresik,2023,77919.33
76,3525,Kab. Gresik,2024,81552.41
76,3526,Kab. Bangkalan,2020,12483.75
76,3526,Kab. Bangkalan,2021,12623.6
76,3526,Kab. Bangkalan,2022,13121.85
76,3526,Kab. Bangkalan,2023,13363.19
76,3526,Kab. Bangkalan,2024,13582.05
76,3527,Kab. Sampang,2020,12307.07
76,3527,Kab. Sampang,2021,12341.12
76,3527,Kab. Sampang,2022,12826.99
76,3527,Kab. Sampang,2023,13245.54
76,3527,Kab. Sampang,2024,13514.94
76,3528,Kab. Pamekasan,2020,13093.54
76,3528,Kab. Pamekasan,2021,13408.38
76,3528,Kab. Pamekasan,2022,13881.76
76,3528,Kab. Pamekasan,2023,14419.38
76,3528,Kab. Pamekasan,2024,14971.52
76,3529,Kab. Sumenep,2020,16876.14
76,3529,Kab. Sumenep,2021,17339.84
76,3529,Kab. Sumenep,2022,18093.4
76,3529,Kab. Sumenep,2023,18847.57
76,3529,Kab. Sumenep,2024,19609.08
76,3571,Kota Kediri,2020,294533.38
76,3571,Kota Kediri,2021,299128.73
76,3571,Kota Kediri,2022,307691.7
76,3571,Kota Kediri,2023,310378.01
76,3571,Kota Kediri,2024,317791.75
76,3572,Kota Blitar,2020,31743.57
76,3572,Kota Blitar,2021,32764.95
76,3572,Kota Blitar,2022,34125.48
76,3572,Kota Blitar,2023,35574.74
76,3572,Kota Blitar,2024,37105.39
76,3573,Kota Malang,2020,60636.65
76,3573,Kota Malang,2021,62732.5
76,3573,Kota Malang,2022,66086.9
76,3573,Kota Malang,2023,69480.44
76,3573,Kota Malang,2024,72618.0
76,3574,Kota Probolinggo,2020,33594.78
76,3574,Kota Probolinggo,2021,34592.63
76,3574,Kota Probolinggo,2022,36311.58
76,3574,Kota Probolinggo,2023,38094.21
76,3574,Kota Probolinggo,2024,39646.18
76,3575,Kota Pasuruan,2020,27496.11
76,3575,Kota Pasuruan,2021,28121.57
76,3575,Kota Pasuruan,2022,29443.62
76,3575,Kota Pasuruan,2023,30669.88
76,3575,Kota Pasuruan,2024,31900.63
76,3576,Kota Mojokerto,2020,36324.37
76,3576,Kota Mojokerto,2021,37283.78
76,3576,Kota Mojokerto,2022,38964.48
76,3576,Kota Mojokerto,2023,39671.89
76,3576,Kota Mojokerto,2024,41390.7
76,3577,Kota Madiun,2020,51665.74
76,3577,Kota Madiun,2021,53655.63
76,3577,Kota Madiun,2022,56106.35
76,3577,Kota Madiun,2023,58824.65
76,3577,Kota Madiun,2024,61649.9
76,3578,Kota Surabaya,2020,136072.93
76,3578,Kota Surabaya,2021,141204.34
76,3578,Kota Surabaya,2022,149750.21
76,3578,Kota Surabaya,2023,157664.2
76,3578,Kota Surabaya,2024,166135.93
76,3579,Kota Batu,2020,51873.0
76,3579,Kota Batu,2021,53355.51
76,3579,Kota Batu,2022,55973.64
76,3579,Kota Batu,2023,58750.37
76,3579,Kota Batu,2024,61019.57
77,3501,Kab. Pacitan,2020,0.69
77,3501,Kab. Pacitan,2021,0.67
77,3501,Kab. Pacitan,2022,0.66
77,3501,Kab. Pacitan,2023,0.66
77,3501,Kab. Pacitan,2024,0.65
77,3502,Kab. Ponorogo,2020,0.89
77,3502,Kab. Ponorogo,2021,0.87
77,3502,Kab. Ponorogo,2022,0.84
77,3502,Kab. Ponorogo,2023,0.85
77,3502,Kab. Ponorogo,2024,0.85
77,3503,Kab. Trenggalek,2020,0.8
77,3503,Kab. Trenggalek,2021,0.78
77,3503,Kab. Trenggalek,2022,0.76
77,3503,Kab. Trenggalek,2023,0.77
77,3503,Kab. Trenggalek,2024,0.77
77,3504,Kab. Tulungagung,2020,1.66
77,3504,Kab. Tulungagung,2021,1.64
77,3504,Kab. Tulungagung,2022,1.62
77,3504,Kab. Tulungagung,2023,1.62
77,3504,Kab. Tulungagung,2024,1.61
77,3505,Kab. Blitar,2020,1.56
77,3505,Kab. Blitar,2021,1.54
77,3505,Kab. Blitar,2022,1.52
77,3505,Kab. Blitar,2023,1.52
77,3505,Kab. Blitar,2024,1.51
77,3506,Kab. Kediri,2020,1.76
77,3506,Kab. Kediri,2021,1.74
77,3506,Kab. Kediri,2022,1.71
77,3506,Kab. Kediri,2023,1.71
77,3506,Kab. Kediri,2024,1.72
77,3507,Kab. Malang,2020,4.43
77,3507,Kab. Malang,2021,4.36
77,3507,Kab. Malang,2022,4.3
77,3507,Kab. Malang,2023,4.34
77,3507,Kab. Malang,2024,4.36
77,3508,Kab. Lumajang,2020,1.39
77,3508,Kab. Lumajang,2021,1.37
77,3508,Kab. Lumajang,2022,1.34
77,3508,Kab. Lumajang,2023,1.36
77,3508,Kab. Lumajang,2024,1.36
77,3509,Kab. Jember,2020,3.3
77,3509,Kab. Jember,2021,3.3
77,3509,Kab. Jember,2022,3.22
77,3509,Kab. Jember,2023,3.22
77,3509,Kab. Jember,2024,3.24
77,3510,Kab. Banyuwangi,2020,3.52
77,3510,Kab. Banyuwangi,2021,3.5
77,3510,Kab. Banyuwangi,2022,3.42
77,3510,Kab. Banyuwangi,2023,3.43
77,3510,Kab. Banyuwangi,2024,3.43
77,3511,Kab. Bondowoso,2020,0.87
77,3511,Kab. Bondowoso,2021,0.86
77,3511,Kab. Bondowoso,2022,0.84
77,3511,Kab. Bondowoso,2023,0.84
77,3511,Kab. Bondowoso,2024,0.84
77,3512,Kab. Situbondo,2020,0.87
77,3512,Kab. Situbondo,2021,0.86
77,3512,Kab. Situbondo,2022,0.85
77,3512,Kab. Situbondo,2023,0.85
77,3512,Kab. Situbondo,2024,0.85
77,3513,Kab. Probolinggo,2020,1.46
77,3513,Kab. Probolinggo,2021,1.45
77,3513,Kab. Probolinggo,2022,1.43
77,3513,Kab. Probolinggo,2023,1.43
77,3513,Kab. Probolinggo,2024,1.44
77,3514,Kab. Pasuruan,2020,6.32
77,3514,Kab. Pasuruan,2021,6.4
77,3514,Kab. Pasuruan,2022,6.32
77,3514,Kab. Pasuruan,2023,6.32
77,3514,Kab. Pasuruan,2024,6.35
77,3515,Kab. Sidoarjo,2020,8.56
77,3515,Kab. Sidoarjo,2021,8.58
77,3515,Kab. Sidoarjo,2022,8.98
77,3515,Kab. Sidoarjo,2023,9.26
77,3515,Kab. Sidoarjo,2024,9.35
77,3516,Kab. Mojokerto,2020,3.56
77,3516,Kab. Mojokerto,2021,3.55
77,3516,Kab. Mojokerto,2022,3.51
77,3516,Kab. Mojokerto,2023,3.53
77,3516,Kab. Mojokerto,2024,3.56
77,3517,Kab. Jombang,2020,1.73
77,3517,Kab. Jombang,2021,1.7
77,3517,Kab. Jombang,2022,1.68
77,3517,Kab. Jombang,2023,1.69
77,3517,Kab. Jombang,2024,1.7
77,3518,Kab. Nganjuk,2020,1.15
77,3518,Kab. Nganjuk,2021,1.14
77,3518,Kab. Nganjuk,2022,1.13
77,3518,Kab. Nganjuk,2023,1.14
77,3518,Kab. Nganjuk,2024,1.14
77,3519,Kab. Madiun,2020,0.83
77,3519,Kab. Madiun,2021,0.82
77,3519,Kab. Madiun,2022,0.8
77,3519,Kab. Madiun,2023,0.81
77,3519,Kab. Madiun,2024,0.81
77,3520,Kab. Magetan,2020,0.81
77,3520,Kab. Magetan,2021,0.8
77,3520,Kab. Magetan,2022,0.78
77,3520,Kab. Magetan,2023,0.78
77,3520,Kab. Magetan,2024,0.77
77,3521,Kab. Ngawi,2020,0.88
77,3521,Kab. Ngawi,2021,0.85
77,3521,Kab. Ngawi,2022,0.82
77,3521,Kab. Ngawi,2023,0.82
77,3521,Kab. Ngawi,2024,0.82
77,3522,Kab. Bojonegoro,2020,3.05
77,3522,Kab. Bojonegoro,2021,3.43
77,3522,Kab. Bojonegoro,2022,3.68
77,3522,Kab. Bojonegoro,2023,3.31
77,3522,Kab. Bojonegoro,2024,3.21
77,3523,Kab. Tuban,2020,2.71
77,3523,Kab. Tuban,2021,2.68
77,3523,Kab. Tuban,2022,2.75
77,3523,Kab. Tuban,2023,2.77
77,3523,Kab. Tuban,2024,2.74
77,3524,Kab. Lamongan,2020,1.7
77,3524,Kab. Lamongan,2021,1.67
77,3524,Kab. Lamongan,2022,1.66
77,3524,Kab. Lamongan,2023,1.66
77,3524,Kab. Lamongan,2024,1.64
77,3525,Kab. Gresik,2020,5.83
77,3525,Kab. Gresik,2021,5.89
77,3525,Kab. Gresik,2022,6.0
77,3525,Kab. Gresik,2023,5.96
77,3525,Kab. Gresik,2024,5.94
77,3526,Kab. Bangkalan,2020,1.01
77,3526,Kab. Bangkalan,2021,1.01
77,3526,Kab. Bangkalan,2022,0.99
77,3526,Kab. Bangkalan,2023,0.94
77,3526,Kab. Bangkalan,2024,0.91
77,3527,Kab. Sampang,2020,0.86
77,3527,Kab. Sampang,2021,0.84
77,3527,Kab. Sampang,2022,0.84
77,3527,Kab. Sampang,2023,0.81
77,3527,Kab. Sampang,2024,0.78
77,3528,Kab. Pamekasan,2020,0.73
77,3528,Kab. Pamekasan,2021,0.72
77,3528,Kab. Pamekasan,2022,0.71
77,3528,Kab. Pamekasan,2023,0.71
77,3528,Kab. Pamekasan,2024,0.71
77,3529,Kab. Sumenep,2020,1.42
77,3529,Kab. Sumenep,2021,1.44
77,3529,Kab. Sumenep,2022,1.47
77,3529,Kab. Sumenep,2023,1.45
77,3529,Kab. Sumenep,2024,1.42
77,3571,Kota Kediri,2020,5.75
77,3571,Kota Kediri,2021,5.76
77,3571,Kota Kediri,2022,5.6
77,3571,Kota Kediri,2023,5.4
77,3571,Kota Kediri,2024,5.32
77,3572,Kota Blitar,2020,0.29
77,3572,Kota Blitar,2021,0.29
77,3572,Kota Blitar,2022,0.29
77,3572,Kota Blitar,2023,0.29
77,3572,Kota Blitar,2024,0.29
77,3573,Kota Malang,2020,3.13
77,3573,Kota Malang,2021,3.12
77,3573,Kota Malang,2022,3.11
77,3573,Kota Malang,2023,3.15
77,3573,Kota Malang,2024,3.15
77,3574,Kota Probolinggo,2020,0.48
77,3574,Kota Probolinggo,2021,0.48
77,3574,Kota Probolinggo,2022,0.47
77,3574,Kota Probolinggo,2023,0.48
77,3574,Kota Probolinggo,2024,0.48
77,3575,Kota Pasuruan,2020,0.35
77,3575,Kota Pasuruan,2021,0.35
77,3575,Kota Pasuruan,2022,0.35
77,3575,Kota Pasuruan,2023,0.35
77,3575,Kota Pasuruan,2024,0.35
77,3576,Kota Mojokerto,2020,0.29
77,3576,Kota Mojokerto,2021,0.28
77,3576,Kota Mojokerto,2022,0.28
77,3576,Kota Mojokerto,2023,0.27
77,3576,Kota Mojokerto,2024,0.27
77,3577,Kota Madiun,2020,0.59
77,3577,Kota Madiun,2021,0.59
77,3577,Kota Madiun,2022,0.58
77,3577,Kota Madiun,2023,0.58
77,3577,Kota Madiun,2024,0.59
77,3578,Kota Surabaya,2020,24.07
77,3578,Kota Surabaya,2021,24.03
77,3578,Kota Surabaya,2022,24.01
77,3578,Kota Surabaya,2023,24.2
77,3578,Kota Surabaya,2024,24.34
77,3579,Kota Batu,2020,0.69
77,3579,Kota Batu,2021,0.69
77,3579,Kota Batu,2022,0.68
77,3579,Kota Batu,2023,0.69
77,3579,Kota Batu,2024,0.7
78,3501,Kab. Pacitan,2020,0.7
78,3501,Kab. Pacitan,2021,0.68
78,3501,Kab. Pacitan,2022,0.68
78,3501,Kab. Pacitan,2023,0.68
78,3501,Kab. Pacitan,2024,0.67
78,3502,Kab. Ponorogo,2020,0.91
78,3502,Kab. Ponorogo,2021,0.89
78,3502,Kab. Ponorogo,2022,0.87
78,3502,Kab. Ponorogo,2023,0.88
78,3502,Kab. Ponorogo,2024,0.87
78,3503,Kab. Trenggalek,2020,0.81
78,3503,Kab. Trenggalek,2021,0.8
78,3503,Kab. Trenggalek,2022,0.79
78,3503,Kab. Trenggalek,2023,0.79
78,3503,Kab. Trenggalek,2024,0.79
78,3504,Kab. Tulungagung,2020,1.69
78,3504,Kab. Tulungagung,2021,1.68
78,3504,Kab. Tulungagung,2022,1.67
78,3504,Kab. Tulungagung,2023,1.66
78,3504,Kab. Tulungagung,2024,1.65
78,3505,Kab. Blitar,2020,1.6
78,3505,Kab. Blitar,2021,1.58
78,3505,Kab. Blitar,2022,1.56
78,3505,Kab. Blitar,2023,1.56
78,3505,Kab. Blitar,2024,1.54
78,3506,Kab. Kediri,2020,1.8
78,3506,Kab. Kediri,2021,1.78
78,3506,Kab. Kediri,2022,1.76
78,3506,Kab. Kediri,2023,1.76
78,3506,Kab. Kediri,2024,1.76
78,3507,Kab. Malang,2020,4.52
78,3507,Kab. Malang,2021,4.47
78,3507,Kab. Malang,2022,4.43
78,3507,Kab. Malang,2023,4.45
78,3507,Kab. Malang,2024,4.46
78,3508,Kab. Lumajang,2020,1.42
78,3508,Kab. Lumajang,2021,1.41
78,3508,Kab. Lumajang,2022,1.38
78,3508,Kab. Lumajang,2023,1.39
78,3508,Kab. Lumajang,2024,1.39
78,3509,Kab. Jember,2020,3.37
78,3509,Kab. Jember,2021,3.39
78,3509,Kab. Jember,2022,3.32
78,3509,Kab. Jember,2023,3.3
78,3509,Kab. Jember,2024,3.31
78,3510,Kab. Banyuwangi,2020,3.59
78,3510,Kab. Banyuwangi,2021,3.59
78,3510,Kab. Banyuwangi,2022,3.52
78,3510,Kab. Banyuwangi,2023,3.51
78,3510,Kab. Banyuwangi,2024,3.51
78,3511,Kab. Bondowoso,2020,0.88
78,3511,Kab. Bondowoso,2021,0.88
78,3511,Kab. Bondowoso,2022,0.86
78,3511,Kab. Bondowoso,2023,0.86
78,3511,Kab. Bondowoso,2024,0.86
78,3512,Kab. Situbondo,2020,0.89
78,3512,Kab. Situbondo,2021,0.89
78,3512,Kab. Situbondo,2022,0.87
78,3512,Kab. Situbondo,2023,0.87
78,3512,Kab. Situbondo,2024,0.87
78,3513,Kab. Probolinggo,2020,1.49
78,3513,Kab. Probolinggo,2021,1.49
78,3513,Kab. Probolinggo,2022,1.47
78,3513,Kab. Probolinggo,2023,1.47
78,3513,Kab. Probolinggo,2024,1.47
78,3514,Kab. Pasuruan,2020,6.45
78,3514,Kab. Pasuruan,2021,6.57
78,3514,Kab. Pasuruan,2022,6.52
78,3514,Kab. Pasuruan,2023,6.48
78,3514,Kab. Pasuruan,2024,6.5
78,3515,Kab. Sidoarjo,2020,8.74
78,3515,Kab. Sidoarjo,2021,8.8
78,3515,Kab. Sidoarjo,2022,9.26
78,3515,Kab. Sidoarjo,2023,9.49
78,3515,Kab. Sidoarjo,2024,9.57
78,3516,Kab. Mojokerto,2020,3.63
78,3516,Kab. Mojokerto,2021,3.64
78,3516,Kab. Mojokerto,2022,3.62
78,3516,Kab. Mojokerto,2023,3.62
78,3516,Kab. Mojokerto,2024,3.65
78,3517,Kab. Jombang,2020,1.77
78,3517,Kab. Jombang,2021,1.74
78,3517,Kab. Jombang,2022,1.73
78,3517,Kab. Jombang,2023,1.73
78,3517,Kab. Jombang,2024,1.74
78,3518,Kab. Nganjuk,2020,1.18
78,3518,Kab. Nganjuk,2021,1.17
78,3518,Kab. Nganjuk,2022,1.16
78,3518,Kab. Nganjuk,2023,1.17
78,3518,Kab. Nganjuk,2024,1.17
78,3519,Kab. Madiun,2020,0.85
78,3519,Kab. Madiun,2021,0.84
78,3519,Kab. Madiun,2022,0.83
78,3519,Kab. Madiun,2023,0.83
78,3519,Kab. Madiun,2024,0.82
78,3520,Kab. Magetan,2020,0.83
78,3520,Kab. Magetan,2021,0.82
78,3520,Kab. Magetan,2022,0.8
78,3520,Kab. Magetan,2023,0.79
78,3520,Kab. Magetan,2024,0.79
78,3521,Kab. Ngawi,2020,0.9
78,3521,Kab. Ngawi,2021,0.87
78,3521,Kab. Ngawi,2022,0.85
78,3521,Kab. Ngawi,2023,0.84
78,3521,Kab. Ngawi,2024,0.84
78,3522,Kab. Bojonegoro,2020,1.77
78,3522,Kab. Bojonegoro,2021,1.75
78,3522,Kab. Bojonegoro,2022,1.75
78,3522,Kab. Bojonegoro,2023,1.73
78,3522,Kab. Bojonegoro,2024,1.74
78,3523,Kab. Tuban,2020,2.74
78,3523,Kab. Tuban,2021,2.73
78,3523,Kab. Tuban,2022,2.81
78,3523,Kab. Tuban,2023,2.81
78,3523,Kab. Tuban,2024,2.78
78,3524,Kab. Lamongan,2020,1.74
78,3524,Kab. Lamongan,2021,1.72
78,3524,Kab. Lamongan,2022,1.72
78,3524,Kab. Lamongan,2023,1.7
78,3524,Kab. Lamongan,2024,1.68
78,3525,Kab. Gresik,2020,5.66
78,3525,Kab. Gresik,2021,5.69
78,3525,Kab. Gresik,2022,5.73
78,3525,Kab. Gresik,2023,5.75
78,3525,Kab. Gresik,2024,5.77
78,3526,Kab. Bangkalan,2020,0.87
78,3526,Kab. Bangkalan,2021,0.85
78,3526,Kab. Bangkalan,2022,0.84
78,3526,Kab. Bangkalan,2023,0.83
78,3526,Kab. Bangkalan,2024,0.81
78,3527,Kab. Sampang,2020,0.79
78,3527,Kab. Sampang,2021,0.77
78,3527,Kab. Sampang,2022,0.76
78,3527,Kab. Sampang,2023,0.76
78,3527,Kab. Sampang,2024,0.74
78,3528,Kab. Pamekasan,2020,0.74
78,3528,Kab. Pamekasan,2021,0.74
78,3528,Kab. Pamekasan,2022,0.73
78,3528,Kab. Pamekasan,2023,0.72
78,3528,Kab. Pamekasan,2024,0.72
78,3529,Kab. Sumenep,2020,1.26
78,3529,Kab. Sumenep,2021,1.25
78,3529,Kab. Sumenep,2022,1.25
78,3529,Kab. Sumenep,2023,1.25
78,3529,Kab. Sumenep,2024,1.24
78,3571,Kota Kediri,2020,5.87
78,3571,Kota Kediri,2021,5.91
78,3571,Kota Kediri,2022,5.77
78,3571,Kota Kediri,2023,5.54
78,3571,Kota Kediri,2024,5.44
78,3572,Kota Blitar,2020,0.3
78,3572,Kota Blitar,2021,0.3
78,3572,Kota Blitar,2022,0.3
78,3572,Kota Blitar,2023,0.3
78,3572,Kota Blitar,2024,0.3
78,3573,Kota Malang,2020,3.2
78,3573,Kota Malang,2021,3.2
78,3573,Kota Malang,2022,3.2
78,3573,Kota Malang,2023,3.23
78,3573,Kota Malang,2024,3.23
78,3574,Kota Probolinggo,2020,0.49
78,3574,Kota Probolinggo,2021,0.49
78,3574,Kota Probolinggo,2022,0.49
78,3574,Kota Probolinggo,2023,0.5
78,3574,Kota Probolinggo,2024,0.5
78,3575,Kota Pasuruan,2020,0.36
78,3575,Kota Pasuruan,2021,0.35
78,3575,Kota Pasuruan,2022,0.36
78,3575,Kota Pasuruan,2023,0.36
78,3575,Kota Pasuruan,2024,0.36
78,3576,Kota Mojokerto,2020,0.29
78,3576,Kota Mojokerto,2021,0.29
78,3576,Kota Mojokerto,2022,0.29
78,3576,Kota Mojokerto,2023,0.28
78,3576,Kota Mojokerto,2024,0.28
78,3577,Kota Madiun,2020,0.6
78,3577,Kota Madiun,2021,0.6
78,3577,Kota Madiun,2022,0.6
78,3577,Kota Madiun,2023,0.6
78,3577,Kota Madiun,2024,0.6
78,3578,Kota Surabaya,2020,24.58
78,3578,Kota Surabaya,2021,24.67
78,3578,Kota Surabaya,2022,24.75
78,3578,Kota Surabaya,2023,24.81
78,3578,Kota Surabaya,2024,24.9
78,3579,Kota Batu,2020,0.71
78,3579,Kota Batu,2021,0.7
78,3579,Kota Batu,2022,0.7
78,3579,Kota Batu,2023,0.71
78,3579,Kota Batu,2024,0.71
79,3501,Kab. Pacitan,2020,0.67
79,3501,Kab. Pacitan,2021,0.67
79,3501,Kab. Pacitan,2022,0.67
79,3501,Kab. Pacitan,2023,0.66
79,3501,Kab. Pacitan,2024,0.66
79,3502,Kab. Ponorogo,2020,0.88
79,3502,Kab. Ponorogo,2021,0.88
79,3502,Kab. Ponorogo,2022,0.86
79,3502,Kab. Ponorogo,2023,0.86
79,3502,Kab. Ponorogo,2024,0.86
79,3503,Kab. Trenggalek,2020,0.77
79,3503,Kab. Trenggalek,2021,0.78
79,3503,Kab. Trenggalek,2022,0.77
79,3503,Kab. Trenggalek,2023,0.77
79,3503,Kab. Trenggalek,2024,0.77
79,3504,Kab. Tulungagung,2020,1.64
79,3504,Kab. Tulungagung,2021,1.64
79,3504,Kab. Tulungagung,2022,1.64
79,3504,Kab. Tulungagung,2023,1.64
79,3504,Kab. Tulungagung,2024,1.64
79,3505,Kab. Blitar,2020,1.54
79,3505,Kab. Blitar,2021,1.54
79,3505,Kab. Blitar,2022,1.54
79,3505,Kab. Blitar,2023,1.53
79,3505,Kab. Blitar,2024,1.52
79,3506,Kab. Kediri,2020,1.76
79,3506,Kab. Kediri,2021,1.76
79,3506,Kab. Kediri,2022,1.75
79,3506,Kab. Kediri,2023,1.74
79,3506,Kab. Kediri,2024,1.75
79,3507,Kab. Malang,2020,4.12
79,3507,Kab. Malang,2021,4.11
79,3507,Kab. Malang,2022,4.1
79,3507,Kab. Malang,2023,4.11
79,3507,Kab. Malang,2024,4.11
79,3508,Kab. Lumajang,2020,1.36
79,3508,Kab. Lumajang,2021,1.35
79,3508,Kab. Lumajang,2022,1.34
79,3508,Kab. Lumajang,2023,1.34
79,3508,Kab. Lumajang,2024,1.34
79,3509,Kab. Jember,2020,3.25
79,3509,Kab. Jember,2021,3.27
79,3509,Kab. Jember,2022,3.25
79,3509,Kab. Jember,2023,3.25
79,3509,Kab. Jember,2024,3.25
79,3510,Kab. Banyuwangi,2020,3.3
79,3510,Kab. Banyuwangi,2021,3.32
79,3510,Kab. Banyuwangi,2022,3.3
79,3510,Kab. Banyuwangi,2023,3.3
79,3510,Kab. Banyuwangi,2024,3.29
79,3511,Kab. Bondowoso,2020,0.83
79,3511,Kab. Bondowoso,2021,0.83
79,3511,Kab. Bondowoso,2022,0.82
79,3511,Kab. Bondowoso,2023,0.82
79,3511,Kab. Bondowoso,2024,0.82
79,3512,Kab. Situbondo,2020,0.82
79,3512,Kab. Situbondo,2021,0.82
79,3512,Kab. Situbondo,2022,0.81
79,3512,Kab. Situbondo,2023,0.81
79,3512,Kab. Situbondo,2024,0.81
79,3513,Kab. Probolinggo,2020,1.42
79,3513,Kab. Probolinggo,2021,1.42
79,3513,Kab. Probolinggo,2022,1.41
79,3513,Kab. Probolinggo,2023,1.4
79,3513,Kab. Probolinggo,2024,1.4
79,3514,Kab. Pasuruan,2020,6.38
79,3514,Kab. Pasuruan,2021,6.44
79,3514,Kab. Pasuruan,2022,6.45
79,3514,Kab. Pasuruan,2023,6.46
79,3514,Kab. Pasuruan,2024,6.49
79,3515,Kab. Sidoarjo,2020,8.37
79,3515,Kab. Sidoarjo,2021,8.44
79,3515,Kab. Sidoarjo,2022,8.62
79,3515,Kab. Sidoarjo,2023,8.72
79,3515,Kab. Sidoarjo,2024,8.77
79,3516,Kab. Mojokerto,2020,3.58
79,3516,Kab. Mojokerto,2021,3.6
79,3516,Kab. Mojokerto,2022,3.62
79,3516,Kab. Mojokerto,2023,3.63
79,3516,Kab. Mojokerto,2024,3.64
79,3517,Kab. Jombang,2020,1.71
79,3517,Kab. Jombang,2021,1.71
79,3517,Kab. Jombang,2022,1.71
79,3517,Kab. Jombang,2023,1.71
79,3517,Kab. Jombang,2024,1.72
79,3518,Kab. Nganjuk,2020,1.11
79,3518,Kab. Nganjuk,2021,1.12
79,3518,Kab. Nganjuk,2022,1.11
79,3518,Kab. Nganjuk,2023,1.12
79,3518,Kab. Nganjuk,2024,1.12
79,3519,Kab. Madiun,2020,0.81
79,3519,Kab. Madiun,2021,0.81
79,3519,Kab. Madiun,2022,0.81
79,3519,Kab. Madiun,2023,0.81
79,3519,Kab. Madiun,2024,0.81
79,3520,Kab. Magetan,2020,0.81
79,3520,Kab. Magetan,2021,0.8
79,3520,Kab. Magetan,2022,0.79
79,3520,Kab. Magetan,2023,0.79
79,3520,Kab. Magetan,2024,0.79
79,3521,Kab. Ngawi,2020,0.83
79,3521,Kab. Ngawi,2021,0.83
79,3521,Kab. Ngawi,2022,0.81
79,3521,Kab. Ngawi,2023,0.81
79,3521,Kab. Ngawi,2024,0.81
79,3522,Kab. Bojonegoro,2020,4.31
79,3522,Kab. Bojonegoro,2021,3.94
79,3522,Kab. Bojonegoro,2022,3.51
79,3522,Kab. Bojonegoro,2023,3.43
79,3522,Kab. Bojonegoro,2024,3.32
79,3523,Kab. Tuban,2020,2.64
79,3523,Kab. Tuban,2021,2.63
79,3523,Kab. Tuban,2022,2.72
79,3523,Kab. Tuban,2023,2.71
79,3523,Kab. Tuban,2024,2.68
79,3524,Kab. Lamongan,2020,1.67
79,3524,Kab. Lamongan,2021,1.67
79,3524,Kab. Lamongan,2022,1.68
79,3524,Kab. Lamongan,2023,1.66
79,3524,Kab. Lamongan,2024,1.66
79,3525,Kab. Gresik,2020,6.04
79,3525,Kab. Gresik,2021,6.07
79,3525,Kab. Gresik,2022,6.19
79,3525,Kab. Gresik,2023,6.17
79,3525,Kab. Gresik,2024,6.16
79,3526,Kab. Bangkalan,2020,1.08
79,3526,Kab. Bangkalan,2021,1.03
79,3526,Kab. Bangkalan,2022,0.96
79,3526,Kab. Bangkalan,2023,0.93
79,3526,Kab. Bangkalan,2024,0.9
79,3527,Kab. Sampang,2020,0.86
79,3527,Kab. Sampang,2021,0.84
79,3527,Kab. Sampang,2022,0.81
79,3527,Kab. Sampang,2023,0.8
79,3527,Kab. Sampang,2024,0.77
79,3528,Kab. Pamekasan,2020,0.69
79,3528,Kab. Pamekasan,2021,0.69
79,3528,Kab. Pamekasan,2022,0.68
79,3528,Kab. Pamekasan,2023,0.68
79,3528,Kab. Pamekasan,2024,0.68
79,3529,Kab. Sumenep,2020,1.46
79,3529,Kab. Sumenep,2021,1.45
79,3529,Kab. Sumenep,2022,1.42
79,3529,Kab. Sumenep,2023,1.42
79,3529,Kab. Sumenep,2024,1.41
79,3571,Kota Kediri,2020,5.22
79,3571,Kota Kediri,2021,5.18
79,3571,Kota Kediri,2022,5.11
79,3571,Kota Kediri,2023,4.97
79,3571,Kota Kediri,2024,4.9
79,3572,Kota Blitar,2020,0.29
79,3572,Kota Blitar,2021,0.29
79,3572,Kota Blitar,2022,0.29
79,3572,Kota Blitar,2023,0.3
79,3572,Kota Blitar,2024,0.3
79,3573,Kota Malang,2020,3.16
79,3573,Kota Malang,2021,3.19
79,3573,Kota Malang,2022,3.22
79,3573,Kota Malang,2023,3.26
79,3573,Kota Malang,2024,3.27
79,3574,Kota Probolinggo,2020,0.5
79,3574,Kota Probolinggo,2021,0.5
79,3574,Kota Probolinggo,2022,0.5
79,3574,Kota Probolinggo,2023,0.51
79,3574,Kota Probolinggo,2024,0.51
79,3575,Kota Pasuruan,2020,0.35
79,3575,Kota Pasuruan,2021,0.35
79,3575,Kota Pasuruan,2022,0.36
79,3575,Kota Pasuruan,2023,0.36
79,3575,Kota Pasuruan,2024,0.36
79,3576,Kota Mojokerto,2020,0.3
79,3576,Kota Mojokerto,2021,0.3
79,3576,Kota Mojokerto,2022,0.3
79,3576,Kota Mojokerto,2023,0.29
79,3576,Kota Mojokerto,2024,0.29
79,3577,Kota Madiun,2020,0.62
79,3577,Kota Madiun,2021,0.63
79,3577,Kota Madiun,2022,0.63
79,3577,Kota Madiun,2023,0.64
79,3577,Kota Madiun,2024,0.64
79,3578,Kota Surabaya,2020,24.18
79,3578,Kota Surabaya,2021,24.41
79,3578,Kota Surabaya,2022,24.7
79,3578,Kota Surabaya,2023,24.88
79,3578,Kota Surabaya,2024,25.08
79,3579,Kota Batu,2020,0.68
79,3579,Kota Batu,2021,0.69
79,3579,Kota Batu,2022,0.69
79,3579,Kota Batu,2023,0.7
79,3579,Kota Batu,2024,0.7
80,3501,Kab. Pacitan,2020,0.7
80,3501,Kab. Pacitan,2021,0.69
80,3501,Kab. Pacitan,2022,0.69
80,3501,Kab. Pacitan,2023,0.68
80,3501,Kab. Pacitan,2024,0.68
80,3502,Kab. Ponorogo,2020,0.91
80,3502,Kab. Ponorogo,2021,0.91
80,3502,Kab. Ponorogo,2022,0.88
80,3502,Kab. Ponorogo,2023,0.88
80,3502,Kab. Ponorogo,2024,0.88
80,3503,Kab. Trenggalek,2020,0.8
80,3503,Kab. Trenggalek,2021,0.8
80,3503,Kab. Trenggalek,2022,0.79
80,3503,Kab. Trenggalek,2023,0.79
80,3503,Kab. Trenggalek,2024,0.79
80,3504,Kab. Tulungagung,2020,1.7
80,3504,Kab. Tulungagung,2021,1.7
80,3504,Kab. Tulungagung,2022,1.69
80,3504,Kab. Tulungagung,2023,1.68
80,3504,Kab. Tulungagung,2024,1.68
80,3505,Kab. Blitar,2020,1.6
80,3505,Kab. Blitar,2021,1.59
80,3505,Kab. Blitar,2022,1.58
80,3505,Kab. Blitar,2023,1.57
80,3505,Kab. Blitar,2024,1.56
80,3506,Kab. Kediri,2020,1.83
80,3506,Kab. Kediri,2021,1.82
80,3506,Kab. Kediri,2022,1.8
80,3506,Kab. Kediri,2023,1.79
80,3506,Kab. Kediri,2024,1.79
80,3507,Kab. Malang,2020,4.28
80,3507,Kab. Malang,2021,4.25
80,3507,Kab. Malang,2022,4.22
80,3507,Kab. Malang,2023,4.22
80,3507,Kab. Malang,2024,4.21
80,3508,Kab. Lumajang,2020,1.41
80,3508,Kab. Lumajang,2021,1.4
80,3508,Kab. Lumajang,2022,1.38
80,3508,Kab. Lumajang,2023,1.38
80,3508,Kab. Lumajang,2024,1.37
80,3509,Kab. Jember,2020,3.38
80,3509,Kab. Jember,2021,3.39
80,3509,Kab. Jember,2022,3.35
80,3509,Kab. Jember,2023,3.34
80,3509,Kab. Jember,2024,3.33
80,3510,Kab. Banyuwangi,2020,3.43
80,3510,Kab. Banyuwangi,2021,3.44
80,3510,Kab. Banyuwangi,2022,3.39
80,3510,Kab. Banyuwangi,2023,3.39
80,3510,Kab. Banyuwangi,2024,3.37
80,3511,Kab. Bondowoso,2020,0.86
80,3511,Kab. Bondowoso,2021,0.86
80,3511,Kab. Bondowoso,2022,0.84
80,3511,Kab. Bondowoso,2023,0.84
80,3511,Kab. Bondowoso,2024,0.84
80,3512,Kab. Situbondo,2020,0.85
80,3512,Kab. Situbondo,2021,0.85
80,3512,Kab. Situbondo,2022,0.84
80,3512,Kab. Situbondo,2023,0.84
80,3512,Kab. Situbondo,2024,0.83
80,3513,Kab. Probolinggo,2020,1.47
80,3513,Kab. Probolinggo,2021,1.47
80,3513,Kab. Probolinggo,2022,1.45
80,3513,Kab. Probolinggo,2023,1.44
80,3513,Kab. Probolinggo,2024,1.44
80,3514,Kab. Pasuruan,2020,6.63
80,3514,Kab. Pasuruan,2021,6.66
80,3514,Kab. Pasuruan,2022,6.63
80,3514,Kab. Pasuruan,2023,6.64
80,3514,Kab. Pasuruan,2024,6.65
80,3515,Kab. Sidoarjo,2020,8.69
80,3515,Kab. Sidoarjo,2021,8.73
80,3515,Kab. Sidoarjo,2022,8.87
80,3515,Kab. Sidoarjo,2023,8.96
80,3515,Kab. Sidoarjo,2024,8.99
80,3516,Kab. Mojokerto,2020,3.72
80,3516,Kab. Mojokerto,2021,3.73
80,3516,Kab. Mojokerto,2022,3.73
80,3516,Kab. Mojokerto,2023,3.73
80,3516,Kab. Mojokerto,2024,3.73
80,3517,Kab. Jombang,2020,1.78
80,3517,Kab. Jombang,2021,1.77
80,3517,Kab. Jombang,2022,1.76
80,3517,Kab. Jombang,2023,1.76
80,3517,Kab. Jombang,2024,1.76
80,3518,Kab. Nganjuk,2020,1.16
80,3518,Kab. Nganjuk,2021,1.15
80,3518,Kab. Nganjuk,2022,1.14
80,3518,Kab. Nganjuk,2023,1.15
80,3518,Kab. Nganjuk,2024,1.14
80,3519,Kab. Madiun,2020,0.84
80,3519,Kab. Madiun,2021,0.84
80,3519,Kab. Madiun,2022,0.83
80,3519,Kab. Madiun,2023,0.83
80,3519,Kab. Madiun,2024,0.83
80,3520,Kab. Magetan,2020,0.84
80,3520,Kab. Magetan,2021,0.83
80,3520,Kab. Magetan,2022,0.82
80,3520,Kab. Magetan,2023,0.81
80,3520,Kab. Magetan,2024,0.81
80,3521,Kab. Ngawi,2020,0.87
80,3521,Kab. Ngawi,2021,0.86
80,3521,Kab. Ngawi,2022,0.83
80,3521,Kab. Ngawi,2023,0.83
80,3521,Kab. Ngawi,2024,0.83
80,3522,Kab. Bojonegoro,2020,1.8
80,3522,Kab. Bojonegoro,2021,1.8
80,3522,Kab. Bojonegoro,2022,1.8
80,3522,Kab. Bojonegoro,2023,1.8
80,3522,Kab. Bojonegoro,2024,1.8
80,3523,Kab. Tuban,2020,2.71
80,3523,Kab. Tuban,2021,2.69
80,3523,Kab. Tuban,2022,2.78
80,3523,Kab. Tuban,2023,2.75
80,3523,Kab. Tuban,2024,2.72
80,3524,Kab. Lamongan,2020,1.73
80,3524,Kab. Lamongan,2021,1.73
80,3524,Kab. Lamongan,2022,1.72
80,3524,Kab. Lamongan,2023,1.71
80,3524,Kab. Lamongan,2024,1.7
80,3525,Kab. Gresik,2020,5.76
80,3525,Kab. Gresik,2021,5.78
80,3525,Kab. Gresik,2022,5.85
80,3525,Kab. Gresik,2023,5.86
80,3525,Kab. Gresik,2024,5.89
80,3526,Kab. Bangkalan,2020,0.85
80,3526,Kab. Bangkalan,2021,0.84
80,3526,Kab. Bangkalan,2022,0.83
80,3526,Kab. Bangkalan,2023,0.81
80,3526,Kab. Bangkalan,2024,0.79
80,3527,Kab. Sampang,2020,0.77
80,3527,Kab. Sampang,2021,0.75
80,3527,Kab. Sampang,2022,0.74
80,3527,Kab. Sampang,2023,0.74
80,3527,Kab. Sampang,2024,0.73
80,3528,Kab. Pamekasan,2020,0.71
80,3528,Kab. Pamekasan,2021,0.71
80,3528,Kab. Pamekasan,2022,0.7
80,3528,Kab. Pamekasan,2023,0.7
80,3528,Kab. Pamekasan,2024,0.7
80,3529,Kab. Sumenep,2020,1.22
80,3529,Kab. Sumenep,2021,1.22
80,3529,Kab. Sumenep,2022,1.21
80,3529,Kab. Sumenep,2023,1.2
80,3529,Kab. Sumenep,2024,1.2
80,3571,Kota Kediri,2020,5.42
80,3571,Kota Kediri,2021,5.36
80,3571,Kota Kediri,2022,5.26
80,3571,Kota Kediri,2023,5.1
80,3571,Kota Kediri,2024,5.02
80,3572,Kota Blitar,2020,0.3
80,3572,Kota Blitar,2021,0.3
80,3572,Kota Blitar,2022,0.3
80,3572,Kota Blitar,2023,0.3
80,3572,Kota Blitar,2024,0.3
80,3573,Kota Malang,2020,3.29
80,3573,Kota Malang,2021,3.3
80,3573,Kota Malang,2022,3.32
80,3573,Kota Malang,2023,3.35
80,3573,Kota Malang,2024,3.36
80,3574,Kota Probolinggo,2020,0.52
80,3574,Kota Probolinggo,2021,0.52
80,3574,Kota Probolinggo,2022,0.52
80,3574,Kota Probolinggo,2023,0.52
80,3574,Kota Probolinggo,2024,0.52
80,3575,Kota Pasuruan,2020,0.37
80,3575,Kota Pasuruan,2021,0.37
80,3575,Kota Pasuruan,2022,0.37
80,3575,Kota Pasuruan,2023,0.37
80,3575,Kota Pasuruan,2024,0.37
80,3576,Kota Mojokerto,2020,0.31
80,3576,Kota Mojokerto,2021,0.31
80,3576,Kota Mojokerto,2022,0.31
80,3576,Kota Mojokerto,2023,0.3
80,3576,Kota Mojokerto,2024,0.3
80,3577,Kota Madiun,2020,0.65
80,3577,Kota Madiun,2021,0.65
80,3577,Kota Madiun,2022,0.65
80,3577,Kota Madiun,2023,0.65
80,3577,Kota Madiun,2024,0.66
80,3578,Kota Surabaya,2020,25.13
80,3578,Kota Surabaya,2021,25.25
80,3578,Kota Surabaya,2022,25.41
80,3578,Kota Surabaya,2023,25.55
80,3578,Kota Surabaya,2024,25.7
80,3579,Kota Batu,2020,0.71
80,3579,Kota Batu,2021,0.71
80,3579,Kota Batu,2022,0.71
80,3579,Kota Batu,2023,0.72
80,3579,Kota Batu,2024,0.72
81,3501,Kab. Pacitan,2020,-1.84
81,3501,Kab. Pacitan,2021,2.49
81,3501,Kab. Pacitan,2022,5.54
81,3501,Kab. Pacitan,2023,4.46
81,3501,Kab. Pacitan,2024,4.34
81,3502,Kab. Ponorogo,2020,-0.9
81,3502,Kab. Ponorogo,2021,3.19
81,3502,Kab. Ponorogo,2022,3.24
81,3502,Kab. Ponorogo,2023,5.14
81,3502,Kab. Ponorogo,2024,4.74
81,3503,Kab. Trenggalek,2020,-2.17
81,3503,Kab. Trenggalek,2021,3.65
81,3503,Kab. Trenggalek,2022,4.52
81,3503,Kab. Trenggalek,2023,4.92
81,3503,Kab. Trenggalek,2024,4.71
81,3504,Kab. Tulungagung,2020,-3.09
81,3504,Kab. Tulungagung,2021,3.53
81,3504,Kab. Tulungagung,2022,5.22
81,3504,Kab. Tulungagung,2023,4.91
81,3504,Kab. Tulungagung,2024,4.86
81,3505,Kab. Blitar,2020,-2.29
81,3505,Kab. Blitar,2021,3.02
81,3505,Kab. Blitar,2022,5.2
81,3505,Kab. Blitar,2023,4.45
81,3505,Kab. Blitar,2024,4.44
81,3506,Kab. Kediri,2020,-2.41
81,3506,Kab. Kediri,2021,3.06
81,3506,Kab. Kediri,2022,4.9
81,3506,Kab. Kediri,2023,4.53
81,3506,Kab. Kediri,2024,4.95
81,3507,Kab. Malang,2020,-2.68
81,3507,Kab. Malang,2021,3.12
81,3507,Kab. Malang,2022,5.13
81,3507,Kab. Malang,2023,5.0
81,3507,Kab. Malang,2024,4.96
81,3508,Kab. Lumajang,2020,-2.79
81,3508,Kab. Lumajang,2021,3.14
81,3508,Kab. Lumajang,2022,4.43
81,3508,Kab. Lumajang,2023,5.0
81,3508,Kab. Lumajang,2024,4.52
81,3509,Kab. Jember,2020,-2.98
81,3509,Kab. Jember,2021,4.0
81,3509,Kab. Jember,2022,4.53
81,3509,Kab. Jember,2023,4.93
81,3509,Kab. Jember,2024,4.86
81,3510,Kab. Banyuwangi,2020,-3.58
81,3510,Kab. Banyuwangi,2021,4.09
81,3510,Kab. Banyuwangi,2022,4.43
81,3510,Kab. Banyuwangi,2023,5.03
81,3510,Kab. Banyuwangi,2024,4.68
81,3511,Kab. Bondowoso,2020,-1.36
81,3511,Kab. Bondowoso,2021,3.49
81,3511,Kab. Bondowoso,2022,3.51
81,3511,Kab. Bondowoso,2023,4.62
81,3511,Kab. Bondowoso,2024,4.87
81,3512,Kab. Situbondo,2020,-2.33
81,3512,Kab. Situbondo,2021,3.26
81,3512,Kab. Situbondo,2022,4.39
81,3512,Kab. Situbondo,2023,4.9
81,3512,Kab. Situbondo,2024,4.81
81,3513,Kab. Probolinggo,2020,-2.12
81,3513,Kab. Probolinggo,2021,3.35
81,3513,Kab. Probolinggo,2022,4.52
81,3513,Kab. Probolinggo,2023,4.73
81,3513,Kab. Probolinggo,2024,4.82
81,3514,Kab. Pasuruan,2020,-2.03
81,3514,Kab. Pasuruan,2021,4.34
81,3514,Kab. Pasuruan,2022,5.32
81,3514,Kab. Pasuruan,2023,5.21
81,3514,Kab. Pasuruan,2024,5.34
81,3515,Kab. Sidoarjo,2020,-3.69
81,3515,Kab. Sidoarjo,2021,4.21
81,3515,Kab. Sidoarjo,2022,7.53
81,3515,Kab. Sidoarjo,2023,6.16
81,3515,Kab. Sidoarjo,2024,5.54
81,3516,Kab. Mojokerto,2020,-1.11
81,3516,Kab. Mojokerto,2021,4.12
81,3516,Kab. Mojokerto,2022,5.82
81,3516,Kab. Mojokerto,2023,5.15
81,3516,Kab. Mojokerto,2024,5.29
81,3517,Kab. Jombang,2020,-1.98
81,3517,Kab. Jombang,2021,3.24
81,3517,Kab. Jombang,2022,5.37
81,3517,Kab. Jombang,2023,5.04
81,3517,Kab. Jombang,2024,5.15
81,3518,Kab. Nganjuk,2020,-1.71
81,3518,Kab. Nganjuk,2021,3.61
81,3518,Kab. Nganjuk,2022,4.84
81,3518,Kab. Nganjuk,2023,5.4
81,3518,Kab. Nganjuk,2024,4.93
81,3519,Kab. Madiun,2020,-0.12
81,3519,Kab. Madiun,2021,3.32
81,3519,Kab. Madiun,2022,4.32
81,3519,Kab. Madiun,2023,5.12
81,3519,Kab. Madiun,2024,4.68
81,3520,Kab. Magetan,2020,-1.64
81,3520,Kab. Magetan,2021,3.04
81,3520,Kab. Magetan,2022,3.89
81,3520,Kab. Magetan,2023,4.47
81,3520,Kab. Magetan,2024,4.79
81,3521,Kab. Ngawi,2020,-1.69
81,3521,Kab. Ngawi,2021,2.55
81,3521,Kab. Ngawi,2022,3.19
81,3521,Kab. Ngawi,2023,4.49
81,3521,Kab. Ngawi,2024,4.64
81,3522,Kab. Bojonegoro,2020,-0.4
81,3522,Kab. Bojonegoro,2021,-5.54
81,3522,Kab. Bojonegoro,2022,-6.16
81,3522,Kab. Bojonegoro,2023,2.47
81,3522,Kab. Bojonegoro,2024,1.67
81,3523,Kab. Tuban,2020,-5.85
81,3523,Kab. Tuban,2021,3.0
81,3523,Kab. Tuban,2022,8.88
81,3523,Kab. Tuban,2023,4.37
81,3523,Kab. Tuban,2024,3.86
81,3524,Kab. Lamongan,2020,-2.65
81,3524,Kab. Lamongan,2021,3.43
81,3524,Kab. Lamongan,2022,5.56
81,3524,Kab. Lamongan,2023,4.28
81,3524,Kab. Lamongan,2024,4.81
81,3525,Kab. Gresik,2020,-3.68
81,3525,Kab. Gresik,2021,3.79
81,3525,Kab. Gresik,2022,7.38
81,3525,Kab. Gresik,2023,4.62
81,3525,Kab. Gresik,2024,4.79
81,3526,Kab. Bangkalan,2020,-5.59
81,3526,Kab. Bangkalan,2021,-2.07
81,3526,Kab. Bangkalan,2022,-1.12
81,3526,Kab. Bangkalan,2023,1.2
81,3526,Kab. Bangkalan,2024,1.94
81,3527,Kab. Sampang,2020,-0.29
81,3527,Kab. Sampang,2021,0.22
81,3527,Kab. Sampang,2022,2.31
81,3527,Kab. Sampang,2023,2.56
81,3527,Kab. Sampang,2024,1.71
81,3528,Kab. Pamekasan,2020,-2.54
81,3528,Kab. Pamekasan,2021,3.41
81,3528,Kab. Pamekasan,2022,4.66
81,3528,Kab. Pamekasan,2023,4.96
81,3528,Kab. Pamekasan,2024,4.88
81,3529,Kab. Sumenep,2020,-1.13
81,3529,Kab. Sumenep,2021,2.61
81,3529,Kab. Sumenep,2022,3.11
81,3529,Kab. Sumenep,2023,5.35
81,3529,Kab. Sumenep,2024,3.77
81,3571,Kota Kediri,2020,-6.25
81,3571,Kota Kediri,2021,2.5
81,3571,Kota Kediri,2022,3.96
81,3571,Kota Kediri,2023,1.92
81,3571,Kota Kediri,2024,3.43
81,3572,Kota Blitar,2020,-2.28
81,3572,Kota Blitar,2021,4.28
81,3572,Kota Blitar,2022,5.22
81,3572,Kota Blitar,2023,5.29
81,3572,Kota Blitar,2024,5.33
81,3573,Kota Malang,2020,-2.26
81,3573,Kota Malang,2021,4.21
81,3573,Kota Malang,2022,6.32
81,3573,Kota Malang,2023,6.07
81,3573,Kota Malang,2024,5.41
81,3574,Kota Probolinggo,2020,-3.64
81,3574,Kota Probolinggo,2021,4.06
81,3574,Kota Probolinggo,2022,6.12
81,3574,Kota Probolinggo,2023,6.04
81,3574,Kota Probolinggo,2024,5.15
81,3575,Kota Pasuruan,2020,-4.33
81,3575,Kota Pasuruan,2021,3.64
81,3575,Kota Pasuruan,2022,6.22
81,3575,Kota Pasuruan,2023,5.65
81,3575,Kota Pasuruan,2024,5.45
81,3576,Kota Mojokerto,2020,-3.69
81,3576,Kota Mojokerto,2021,3.65
81,3576,Kota Mojokerto,2022,5.56
81,3576,Kota Mojokerto,2023,2.79
81,3576,Kota Mojokerto,2024,5.32
81,3577,Kota Madiun,2020,-5.34
81,3577,Kota Madiun,2021,4.79
81,3577,Kota Madiun,2022,5.52
81,3577,Kota Madiun,2023,5.8
81,3577,Kota Madiun,2024,5.73
81,3578,Kota Surabaya,2020,-4.85
81,3578,Kota Surabaya,2021,4.29
81,3578,Kota Surabaya,2022,6.51
81,3578,Kota Surabaya,2023,5.7
81,3578,Kota Surabaya,2024,5.76
81,3579,Kota Batu,2020,-6.46
81,3579,Kota Batu,2021,4.04
81,3579,Kota Batu,2022,6.18
81,3579,Kota Batu,2023,6.2
81,3579,Kota Batu,2024,5.04
82,3501,Kab. Pacitan,2020,-1.84
82,3501,Kab. Pacitan,2021,2.49
82,3501,Kab. Pacitan,2022,5.54
82,3501,Kab. Pacitan,2023,4.46
82,3501,Kab. Pacitan,2024,4.34
82,3502,Kab. Ponorogo,2020,-0.9
82,3502,Kab. Ponorogo,2021,3.19
82,3502,Kab. Ponorogo,2022,3.24
82,3502,Kab. Ponorogo,2023,5.14
82,3502,Kab. Ponorogo,2024,4.74
82,3503,Kab. Trenggalek,2020,-2.17
82,3503,Kab. Trenggalek,2021,3.65
82,3503,Kab. Trenggalek,2022,4.52
82,3503,Kab. Trenggalek,2023,4.92
82,3503,Kab. Trenggalek,2024,4.71
82,3504,Kab. Tulungagung,2020,-3.09
82,3504,Kab. Tulungagung,2021,3.53
82,3504,Kab. Tulungagung,2022,5.22
82,3504,Kab. Tulungagung,2023,4.91
82,3504,Kab. Tulungagung,2024,4.86
82,3505,Kab. Blitar,2020,-2.29
82,3505,Kab. Blitar,2021,3.02
82,3505,Kab. Blitar,2022,5.2
82,3505,Kab. Blitar,2023,4.45
82,3505,Kab. Blitar,2024,4.44
82,3506,Kab. Kediri,2020,-2.41
82,3506,Kab. Kediri,2021,3.06
82,3506,Kab. Kediri,2022,4.9
82,3506,Kab. Kediri,2023,4.53
82,3506,Kab. Kediri,2024,4.96
82,3507,Kab. Malang,2020,-2.68
82,3507,Kab. Malang,2021,3.12
82,3507,Kab. Malang,2022,5.13
82,3507,Kab. Malang,2023,5.0
82,3507,Kab. Malang,2024,4.96
82,3508,Kab. Lumajang,2020,-2.79
82,3508,Kab. Lumajang,2021,3.14
82,3508,Kab. Lumajang,2022,4.43
82,3508,Kab. Lumajang,2023,5.0
82,3508,Kab. Lumajang,2024,4.52
82,3509,Kab. Jember,2020,-2.98
82,3509,Kab. Jember,2021,4.0
82,3509,Kab. Jember,2022,4.53
82,3509,Kab. Jember,2023,4.93
82,3509,Kab. Jember,2024,4.86
82,3510,Kab. Banyuwangi,2020,-3.58
82,3510,Kab. Banyuwangi,2021,4.09
82,3510,Kab. Banyuwangi,2022,4.43
82,3510,Kab. Banyuwangi,2023,5.03
82,3510,Kab. Banyuwangi,2024,4.68
82,3511,Kab. Bondowoso,2020,-1.36
82,3511,Kab. Bondowoso,2021,3.49
82,3511,Kab. Bondowoso,2022,3.51
82,3511,Kab. Bondowoso,2023,4.62
82,3511,Kab. Bondowoso,2024,4.87
82,3512,Kab. Situbondo,2020,-2.33
82,3512,Kab. Situbondo,2021,3.26
82,3512,Kab. Situbondo,2022,4.39
82,3512,Kab. Situbondo,2023,4.9
82,3512,Kab. Situbondo,2024,4.81
82,3513,Kab. Probolinggo,2020,-2.12
82,3513,Kab. Probolinggo,2021,3.35
82,3513,Kab. Probolinggo,2022,4.52
82,3513,Kab. Probolinggo,2023,4.73
82,3513,Kab. Probolinggo,2024,4.82
82,3514,Kab. Pasuruan,2020,-2.03
82,3514,Kab. Pasuruan,2021,4.34
82,3514,Kab. Pasuruan,2022,5.32
82,3514,Kab. Pasuruan,2023,5.21
82,3514,Kab. Pasuruan,2024,5.34
82,3515,Kab. Sidoarjo,2020,-3.66
82,3515,Kab. Sidoarjo,2021,4.22
82,3515,Kab. Sidoarjo,2022,7.57
82,3515,Kab. Sidoarjo,2023,6.17
82,3515,Kab. Sidoarjo,2024,5.54
82,3516,Kab. Mojokerto,2020,-1.11
82,3516,Kab. Mojokerto,2021,4.12
82,3516,Kab. Mojokerto,2022,5.82
82,3516,Kab. Mojokerto,2023,5.15
82,3516,Kab. Mojokerto,2024,5.29
82,3517,Kab. Jombang,2020,-1.98
82,3517,Kab. Jombang,2021,3.24
82,3517,Kab. Jombang,2022,5.37
82,3517,Kab. Jombang,2023,5.04
82,3517,Kab. Jombang,2024,5.15
82,3518,Kab. Nganjuk,2020,-1.71
82,3518,Kab. Nganjuk,2021,3.61
82,3518,Kab. Nganjuk,2022,4.84
82,3518,Kab. Nganjuk,2023,5.4
82,3518,Kab. Nganjuk,2024,4.93
82,3519,Kab. Madiun,2020,-0.12
82,3519,Kab. Madiun,2021,3.32
82,3519,Kab. Madiun,2022,4.32
82,3519,Kab. Madiun,2023,5.12
82,3519,Kab. Madiun,2024,4.68
82,3520,Kab. Magetan,2020,-1.64
82,3520,Kab. Magetan,2021,3.04
82,3520,Kab. Magetan,2022,3.89
82,3520,Kab. Magetan,2023,4.47
82,3520,Kab. Magetan,2024,4.79
82,3521,Kab. Ngawi,2020,-1.69
82,3521,Kab. Ngawi,2021,2.55
82,3521,Kab. Ngawi,2022,3.19
82,3521,Kab. Ngawi,2023,4.49
82,3521,Kab. Ngawi,2024,4.64
82,3522,Kab. Bojonegoro,2020,-1.09
82,3522,Kab. Bojonegoro,2021,3.55
82,3522,Kab. Bojonegoro,2022,6.04
82,3522,Kab. Bojonegoro,2023,5.17
82,3522,Kab. Bojonegoro,2024,5.15
82,3523,Kab. Tuban,2020,-5.86
82,3523,Kab. Tuban,2021,3.15
82,3523,Kab. Tuban,2022,9.08
82,3523,Kab. Tuban,2023,4.27
82,3523,Kab. Tuban,2024,3.92
82,3524,Kab. Lamongan,2020,-2.65
82,3524,Kab. Lamongan,2021,3.43
82,3524,Kab. Lamongan,2022,5.56
82,3524,Kab. Lamongan,2023,4.28
82,3524,Kab. Lamongan,2024,4.81
82,3525,Kab. Gresik,2020,-2.76
82,3525,Kab. Gresik,2021,4.04
82,3525,Kab. Gresik,2022,7.27
82,3525,Kab. Gresik,2023,5.17
82,3525,Kab. Gresik,2024,5.72
82,3526,Kab. Bangkalan,2020,-2.73
82,3526,Kab. Bangkalan,2021,2.34
82,3526,Kab. Bangkalan,2022,5.04
82,3526,Kab. Bangkalan,2023,2.88
82,3526,Kab. Bangkalan,2024,2.64
82,3527,Kab. Sampang,2020,-0.11
82,3527,Kab. Sampang,2021,1.52
82,3527,Kab. Sampang,2022,5.27
82,3527,Kab. Sampang,2023,4.53
82,3527,Kab. Sampang,2024,3.23
82,3528,Kab. Pamekasan,2020,-2.54
82,3528,Kab. Pamekasan,2021,3.41
82,3528,Kab. Pamekasan,2022,4.66
82,3528,Kab. Pamekasan,2023,4.96
82,3528,Kab. Pamekasan,2024,4.88
82,3529,Kab. Sumenep,2020,-1.46
82,3529,Kab. Sumenep,2021,3.6
82,3529,Kab. Sumenep,2022,5.02
82,3529,Kab. Sumenep,2023,4.81
82,3529,Kab. Sumenep,2024,4.64
82,3571,Kota Kediri,2020,-6.25
82,3571,Kota Kediri,2021,2.5
82,3571,Kota Kediri,2022,3.96
82,3571,Kota Kediri,2023,1.92
82,3571,Kota Kediri,2024,3.43
82,3572,Kota Blitar,2020,-2.28
82,3572,Kota Blitar,2021,4.28
82,3572,Kota Blitar,2022,5.22
82,3572,Kota Blitar,2023,5.29
82,3572,Kota Blitar,2024,5.33
82,3573,Kota Malang,2020,-2.26
82,3573,Kota Malang,2021,4.21
82,3573,Kota Malang,2022,6.32
82,3573,Kota Malang,2023,6.07
82,3573,Kota Malang,2024,5.41
82,3574,Kota Probolinggo,2020,-3.64
82,3574,Kota Probolinggo,2021,4.06
82,3574,Kota Probolinggo,2022,6.12
82,3574,Kota Probolinggo,2023,6.04
82,3574,Kota Probolinggo,2024,5.15
82,3575,Kota Pasuruan,2020,-4.33
82,3575,Kota Pasuruan,2021,3.64
82,3575,Kota Pasuruan,2022,6.22
82,3575,Kota Pasuruan,2023,5.65
82,3575,Kota Pasuruan,2024,5.45
82,3576,Kota Mojokerto,2020,-3.69
82,3576,Kota Mojokerto,2021,3.65
82,3576,Kota Mojokerto,2022,5.56
82,3576,Kota Mojokerto,2023,2.79
82,3576,Kota Mojokerto,2024,5.32
82,3577,Kota Madiun,2020,-5.34
82,3577,Kota Madiun,2021,4.79
82,3577,Kota Madiun,2022,5.52
82,3577,Kota Madiun,2023,5.8
82,3577,Kota Madiun,2024,5.73
82,3578,Kota Surabaya,2020,-4.85
82,3578,Kota Surabaya,2021,4.29
82,3578,Kota Surabaya,2022,6.51
82,3578,Kota Surabaya,2023,5.7
82,3578,Kota Surabaya,2024,5.76
82,3579,Kota Batu,2020,-6.46
82,3579,Kota Batu,2021,4.04
82,3579,Kota Batu,2022,6.18
82,3579,Kota Batu,2023,6.2
82,3579,Kota Batu,2024,5.04
83,3501,Kab. Pacitan,2020,145.65
83,3501,Kab. Pacitan,2021,147.48
83,3501,Kab. Pacitan,2022,153.44
83,3501,Kab. Pacitan,2023,159.17
83,3501,Kab. Pacitan,2024,161.69
83,3502,Kab. Ponorogo,2020,144.78
83,3502,Kab. Ponorogo,2021,146.03
83,3502,Kab. Ponorogo,2022,152.57
83,3502,Kab. Ponorogo,2023,159.09
83,3502,Kab. Ponorogo,2024,162.71
83,3503,Kab. Trenggalek,2020,146.49
83,3503,Kab. Trenggalek,2021,148.15
83,3503,Kab. Trenggalek,2022,154.17
83,3503,Kab. Trenggalek,2023,160.01
83,3503,Kab. Trenggalek,2024,163.72
83,3504,Kab. Tulungagung,2020,144.49
83,3504,Kab. Tulungagung,2021,146.64
83,3504,Kab. Tulungagung,2022,153.14
83,3504,Kab. Tulungagung,2023,158.64
83,3504,Kab. Tulungagung,2024,161.64
83,3505,Kab. Blitar,2020,144.41
83,3505,Kab. Blitar,2021,147.16
83,3505,Kab. Blitar,2022,153.05
83,3505,Kab. Blitar,2023,158.97
83,3505,Kab. Blitar,2024,162.0
83,3506,Kab. Kediri,2020,142.6
83,3506,Kab. Kediri,2021,145.4
83,3506,Kab. Kediri,2022,151.46
83,3506,Kab. Kediri,2023,157.28
83,3506,Kab. Kediri,2024,161.74
83,3507,Kab. Malang,2020,153.32
83,3507,Kab. Malang,2021,155.99
83,3507,Kab. Malang,2022,162.78
83,3507,Kab. Malang,2023,169.48
83,3507,Kab. Malang,2024,174.12
83,3508,Kab. Lumajang,2020,146.18
83,3508,Kab. Lumajang,2021,148.87
83,3508,Kab. Lumajang,2022,155.18
83,3508,Kab. Lumajang,2023,161.53
83,3508,Kab. Lumajang,2024,166.06
83,3509,Kab. Jember,2020,144.6
83,3509,Kab. Jember,2021,148.24
83,3509,Kab. Jember,2022,153.99
83,3509,Kab. Jember,2023,158.86
83,3509,Kab. Jember,2024,163.37
83,3510,Kab. Banyuwangi,2020,152.18
83,3510,Kab. Banyuwangi,2021,154.88
83,3510,Kab. Banyuwangi,2022,161.01
83,3510,Kab. Banyuwangi,2023,166.47
83,3510,Kab. Banyuwangi,2024,171.01
83,3511,Kab. Bondowoso,2020,148.2
83,3511,Kab. Bondowoso,2021,151.22
83,3511,Kab. Bondowoso,2022,158.93
83,3511,Kab. Bondowoso,2023,164.33
83,3511,Kab. Bondowoso,2024,167.9
83,3512,Kab. Situbondo,2020,150.89
83,3512,Kab. Situbondo,2021,154.57
83,3512,Kab. Situbondo,2022,161.54
83,3512,Kab. Situbondo,2023,167.95
83,3512,Kab. Situbondo,2024,172.16
83,3513,Kab. Probolinggo,2020,147.26
83,3513,Kab. Probolinggo,2021,150.46
83,3513,Kab. Probolinggo,2022,157.4
83,3513,Kab. Probolinggo,2023,163.59
83,3513,Kab. Probolinggo,2024,168.21
83,3514,Kab. Pasuruan,2020,141.14
83,3514,Kab. Pasuruan,2021,146.01
83,3514,Kab. Pasuruan,2022,152.32
83,3514,Kab. Pasuruan,2023,156.76
83,3514,Kab. Pasuruan,2024,160.53
83,3515,Kab. Sidoarjo,2020,145.77
83,3515,Kab. Sidoarjo,2021,149.4
83,3515,Kab. Sidoarjo,2022,161.74
83,3515,Kab. Sidoarjo,2023,170.05
83,3515,Kab. Sidoarjo,2024,174.78
83,3516,Kab. Mojokerto,2020,141.72
83,3516,Kab. Mojokerto,2021,144.76
83,3516,Kab. Mojokerto,2022,150.39
83,3516,Kab. Mojokerto,2023,155.81
83,3516,Kab. Mojokerto,2024,160.4
83,3517,Kab. Jombang,2020,144.16
83,3517,Kab. Jombang,2021,146.21
83,3517,Kab. Jombang,2022,152.68
83,3517,Kab. Jombang,2023,158.16
83,3517,Kab. Jombang,2024,162.2
83,3518,Kab. Nganjuk,2020,147.86
83,3518,Kab. Nganjuk,2021,150.5
83,3518,Kab. Nganjuk,2022,157.7
83,3518,Kab. Nganjuk,2023,163.35
83,3518,Kab. Nganjuk,2024,167.8
83,3519,Kab. Madiun,2020,145.8
83,3519,Kab. Madiun,2021,147.43
83,3519,Kab. Madiun,2022,154.27
83,3519,Kab. Madiun,2023,160.0
83,3519,Kab. Madiun,2024,163.84
83,3520,Kab. Magetan,2020,144.17
83,3520,Kab. Magetan,2021,145.99
83,3520,Kab. Magetan,2022,152.05
83,3520,Kab. Magetan,2023,157.4
83,3520,Kab. Magetan,2024,161.06
83,3521,Kab. Ngawi,2020,150.38
83,3521,Kab. Ngawi,2021,150.57
83,3521,Kab. Ngawi,2022,157.42
83,3521,Kab. Ngawi,2023,163.2
83,3521,Kab. Ngawi,2024,166.36
83,3522,Kab. Bojonegoro,2020,100.8
83,3522,Kab. Bojonegoro,2021,127.89
83,3522,Kab. Bojonegoro,2022,162.65
83,3522,Kab. Bojonegoro,2023,154.75
83,3522,Kab. Bojonegoro,2024,158.15
83,3523,Kab. Tuban,2020,145.94
83,3523,Kab. Tuban,2021,149.85
83,3523,Kab. Tuban,2022,157.0
83,3523,Kab. Tuban,2023,163.77
83,3523,Kab. Tuban,2024,167.8
83,3524,Kab. Lamongan,2020,145.22
83,3524,Kab. Lamongan,2021,147.13
83,3524,Kab. Lamongan,2022,154.31
83,3524,Kab. Lamongan,2023,159.32
83,3524,Kab. Lamongan,2024,161.8
83,3525,Kab. Gresik,2020,137.55
83,3525,Kab. Gresik,2021,142.77
83,3525,Kab. Gresik,2022,150.65
83,3525,Kab. Gresik,2023,154.85
83,3525,Kab. Gresik,2024,158.13
83,3526,Kab. Bangkalan,2020,132.97
83,3526,Kab. Bangkalan,2021,144.33
83,3526,Kab. Bangkalan,2022,160.17
83,3526,Kab. Bangkalan,2023,161.62
83,3526,Kab. Bangkalan,2024,164.25
83,3527,Kab. Sampang,2020,142.2
83,3527,Kab. Sampang,2021,147.58
83,3527,Kab. Sampang,2022,160.81
83,3527,Kab. Sampang,2023,164.14
83,3527,Kab. Sampang,2024,166.71
83,3528,Kab. Pamekasan,2020,151.06
83,3528,Kab. Pamekasan,2021,153.61
83,3528,Kab. Pamekasan,2022,160.11
83,3528,Kab. Pamekasan,2023,165.35
83,3528,Kab. Pamekasan,2024,169.81
83,3529,Kab. Sumenep,2020,139.09
83,3529,Kab. Sumenep,2021,146.1
83,3529,Kab. Sumenep,2022,161.59
83,3529,Kab. Sumenep,2023,163.71
83,3529,Kab. Sumenep,2024,166.05
83,3571,Kota Kediri,2020,156.93
83,3571,Kota Kediri,2021,163.57
83,3571,Kota Kediri,2022,169.93
83,3571,Kota Kediri,2023,174.33
83,3571,Kota Kediri,2024,178.05
83,3572,Kota Blitar,2020,142.04
83,3572,Kota Blitar,2021,144.45
83,3572,Kota Blitar,2022,151.19
83,3572,Kota Blitar,2023,156.07
83,3572,Kota Blitar,2024,159.89
83,3573,Kota Malang,2020,141.07
83,3573,Kota Malang,2021,143.72
83,3573,Kota Malang,2022,149.63
83,3573,Kota Malang,2023,154.78
83,3573,Kota Malang,2024,157.98
83,3574,Kota Probolinggo,2020,137.82
83,3574,Kota Probolinggo,2021,139.93
83,3574,Kota Probolinggo,2022,145.74
83,3574,Kota Probolinggo,2023,151.95
83,3574,Kota Probolinggo,2024,155.41
83,3575,Kota Pasuruan,2020,141.02
83,3575,Kota Pasuruan,2021,143.56
83,3575,Kota Pasuruan,2022,150.47
83,3575,Kota Pasuruan,2023,156.69
83,3575,Kota Pasuruan,2024,160.15
83,3576,Kota Mojokerto,2020,137.21
83,3576,Kota Mojokerto,2021,139.37
83,3576,Kota Mojokerto,2022,145.38
83,3576,Kota Mojokerto,2023,148.87
83,3576,Kota Mojokerto,2024,151.44
83,3577,Kota Madiun,2020,134.45
83,3577,Kota Madiun,2021,136.99
83,3577,Kota Madiun,2022,142.26
83,3577,Kota Madiun,2023,146.68
83,3577,Kota Madiun,2024,149.96
83,3578,Kota Surabaya,2020,141.84
83,3578,Kota Surabaya,2021,144.76
83,3578,Kota Surabaya,2022,150.97
83,3578,Kota Surabaya,2023,155.83
83,3578,Kota Surabaya,2024,159.13
83,3579,Kota Batu,2020,144.36
83,3579,Kota Batu,2021,146.81
83,3579,Kota Batu,2022,152.6
83,3579,Kota Batu,2023,158.66
83,3579,Kota Batu,2024,163.04
84,3501,Kab. Pacitan,2020,145.65
84,3501,Kab. Pacitan,2021,147.48
84,3501,Kab. Pacitan,2022,153.44
84,3501,Kab. Pacitan,2023,159.17
84,3501,Kab. Pacitan,2024,161.69
84,3502,Kab. Ponorogo,2020,144.78
84,3502,Kab. Ponorogo,2021,146.03
84,3502,Kab. Ponorogo,2022,152.57
84,3502,Kab. Ponorogo,2023,159.09
84,3502,Kab. Ponorogo,2024,162.71
84,3503,Kab. Trenggalek,2020,146.49
84,3503,Kab. Trenggalek,2021,148.15
84,3503,Kab. Trenggalek,2022,154.17
84,3503,Kab. Trenggalek,2023,160.01
84,3503,Kab. Trenggalek,2024,163.72
84,3504,Kab. Tulungagung,2020,144.49
84,3504,Kab. Tulungagung,2021,146.64
84,3504,Kab. Tulungagung,2022,153.14
84,3504,Kab. Tulungagung,2023,158.64
84,3504,Kab. Tulungagung,2024,161.64
84,3505,Kab. Blitar,2020,144.41
84,3505,Kab. Blitar,2021,147.16
84,3505,Kab. Blitar,2022,153.05
84,3505,Kab. Blitar,2023,158.97
84,3505,Kab. Blitar,2024,162.0
84,3506,Kab. Kediri,2020,142.6
84,3506,Kab. Kediri,2021,145.4
84,3506,Kab. Kediri,2022,151.46
84,3506,Kab. Kediri,2023,157.29
84,3506,Kab. Kediri,2024,161.74
84,3507,Kab. Malang,2020,153.32
84,3507,Kab. Malang,2021,155.99
84,3507,Kab. Malang,2022,162.78
84,3507,Kab. Malang,2023,169.48
84,3507,Kab. Malang,2024,174.12
84,3508,Kab. Lumajang,2020,146.18
84,3508,Kab. Lumajang,2021,148.87
84,3508,Kab. Lumajang,2022,155.18
84,3508,Kab. Lumajang,2023,161.53
84,3508,Kab. Lumajang,2024,166.06
84,3509,Kab. Jember,2020,144.6
84,3509,Kab. Jember,2021,148.24
84,3509,Kab. Jember,2022,153.99
84,3509,Kab. Jember,2023,158.86
84,3509,Kab. Jember,2024,163.37
84,3510,Kab. Banyuwangi,2020,152.18
84,3510,Kab. Banyuwangi,2021,154.88
84,3510,Kab. Banyuwangi,2022,161.01
84,3510,Kab. Banyuwangi,2023,166.47
84,3510,Kab. Banyuwangi,2024,171.01
84,3511,Kab. Bondowoso,2020,148.2
84,3511,Kab. Bondowoso,2021,151.22
84,3511,Kab. Bondowoso,2022,158.93
84,3511,Kab. Bondowoso,2023,164.33
84,3511,Kab. Bondowoso,2024,167.9
84,3512,Kab. Situbondo,2020,150.89
84,3512,Kab. Situbondo,2021,154.57
84,3512,Kab. Situbondo,2022,161.54
84,3512,Kab. Situbondo,2023,167.95
84,3512,Kab. Situbondo,2024,172.16
84,3513,Kab. Probolinggo,2020,147.26
84,3513,Kab. Probolinggo,2021,150.46
84,3513,Kab. Probolinggo,2022,157.4
84,3513,Kab. Probolinggo,2023,163.59
84,3513,Kab. Probolinggo,2024,168.21
84,3514,Kab. Pasuruan,2020,141.15
84,3514,Kab. Pasuruan,2021,146.02
84,3514,Kab. Pasuruan,2022,152.32
84,3514,Kab. Pasuruan,2023,156.77
84,3514,Kab. Pasuruan,2024,160.54
84,3515,Kab. Sidoarjo,2020,145.8
84,3515,Kab. Sidoarjo,2021,149.41
84,3515,Kab. Sidoarjo,2022,161.74
84,3515,Kab. Sidoarjo,2023,170.05
84,3515,Kab. Sidoarjo,2024,174.78
84,3516,Kab. Mojokerto,2020,141.72
84,3516,Kab. Mojokerto,2021,144.76
84,3516,Kab. Mojokerto,2022,150.39
84,3516,Kab. Mojokerto,2023,155.81
84,3516,Kab. Mojokerto,2024,160.41
84,3517,Kab. Jombang,2020,144.16
84,3517,Kab. Jombang,2021,146.21
84,3517,Kab. Jombang,2022,152.68
84,3517,Kab. Jombang,2023,158.16
84,3517,Kab. Jombang,2024,162.2
84,3518,Kab. Nganjuk,2020,147.86
84,3518,Kab. Nganjuk,2021,150.5
84,3518,Kab. Nganjuk,2022,157.7
84,3518,Kab. Nganjuk,2023,163.35
84,3518,Kab. Nganjuk,2024,167.8
84,3519,Kab. Madiun,2020,145.8
84,3519,Kab. Madiun,2021,147.43
84,3519,Kab. Madiun,2022,154.27
84,3519,Kab. Madiun,2023,160.0
84,3519,Kab. Madiun,2024,163.85
84,3520,Kab. Magetan,2020,144.17
84,3520,Kab. Magetan,2021,145.99
84,3520,Kab. Magetan,2022,152.05
84,3520,Kab. Magetan,2023,157.4
84,3520,Kab. Magetan,2024,161.06
84,3521,Kab. Ngawi,2020,150.38
84,3521,Kab. Ngawi,2021,150.57
84,3521,Kab. Ngawi,2022,157.42
84,3521,Kab. Ngawi,2023,163.2
84,3521,Kab. Ngawi,2024,166.36
84,3522,Kab. Bojonegoro,2020,142.76
84,3522,Kab. Bojonegoro,2021,144.41
84,3522,Kab. Bojonegoro,2022,150.68
84,3522,Kab. Bojonegoro,2023,154.45
84,3522,Kab. Bojonegoro,2024,158.38
84,3523,Kab. Tuban,2020,146.79
84,3523,Kab. Tuban,2021,150.18
84,3523,Kab. Tuban,2022,156.77
84,3523,Kab. Tuban,2023,163.82
84,3523,Kab. Tuban,2024,167.85
84,3524,Kab. Lamongan,2020,145.22
84,3524,Kab. Lamongan,2021,147.13
84,3524,Kab. Lamongan,2022,154.31
84,3524,Kab. Lamongan,2023,159.32
84,3524,Kab. Lamongan,2024,161.8
84,3525,Kab. Gresik,2020,142.46
84,3525,Kab. Gresik,2021,146.04
84,3525,Kab. Gresik,2022,151.67
84,3525,Kab. Gresik,2023,157.68
84,3525,Kab. Gresik,2024,160.87
84,3526,Kab. Bangkalan,2020,148.46
84,3526,Kab. Bangkalan,2021,149.83
84,3526,Kab. Bangkalan,2022,157.41
84,3526,Kab. Bangkalan,2023,163.55
84,3526,Kab. Bangkalan,2024,166.83
84,3527,Kab. Sampang,2020,149.93
84,3527,Kab. Sampang,2021,151.8
84,3527,Kab. Sampang,2022,159.11
84,3527,Kab. Sampang,2023,164.55
84,3527,Kab. Sampang,2024,167.36
84,3528,Kab. Pamekasan,2020,151.06
84,3528,Kab. Pamekasan,2021,153.61
84,3528,Kab. Pamekasan,2022,160.11
84,3528,Kab. Pamekasan,2023,165.35
84,3528,Kab. Pamekasan,2024,169.81
84,3529,Kab. Sumenep,2020,149.83
84,3529,Kab. Sumenep,2021,152.47
84,3529,Kab. Sumenep,2022,160.43
84,3529,Kab. Sumenep,2023,166.66
84,3529,Kab. Sumenep,2024,169.74
84,3571,Kota Kediri,2020,156.93
84,3571,Kota Kediri,2021,163.57
84,3571,Kota Kediri,2022,169.93
84,3571,Kota Kediri,2023,174.33
84,3571,Kota Kediri,2024,178.05
84,3572,Kota Blitar,2020,142.04
84,3572,Kota Blitar,2021,144.45
84,3572,Kota Blitar,2022,151.19
84,3572,Kota Blitar,2023,156.07
84,3572,Kota Blitar,2024,159.89
84,3573,Kota Malang,2020,141.07
84,3573,Kota Malang,2021,143.72
84,3573,Kota Malang,2022,149.63
84,3573,Kota Malang,2023,154.78
84,3573,Kota Malang,2024,157.98
84,3574,Kota Probolinggo,2020,137.82
84,3574,Kota Probolinggo,2021,139.93
84,3574,Kota Probolinggo,2022,145.74
84,3574,Kota Probolinggo,2023,151.95
84,3574,Kota Probolinggo,2024,155.41
84,3575,Kota Pasuruan,2020,141.02
84,3575,Kota Pasuruan,2021,143.56
84,3575,Kota Pasuruan,2022,150.47
84,3575,Kota Pasuruan,2023,156.69
84,3575,Kota Pasuruan,2024,160.15
84,3576,Kota Mojokerto,2020,137.21
84,3576,Kota Mojokerto,2021,139.37
84,3576,Kota Mojokerto,2022,145.38
84,3576,Kota Mojokerto,2023,148.87
84,3576,Kota Mojokerto,2024,151.44
84,3577,Kota Madiun,2020,134.45
84,3577,Kota Madiun,2021,136.99
84,3577,Kota Madiun,2022,142.26
84,3577,Kota Madiun,2023,146.68
84,3577,Kota Madiun,2024,149.96
84,3578,Kota Surabaya,2020,141.84
84,3578,Kota Surabaya,2021,144.76
84,3578,Kota Surabaya,2022,150.97
84,3578,Kota Surabaya,2023,155.83
84,3578,Kota Surabaya,2024,159.13
84,3579,Kota Batu,2020,144.36
84,3579,Kota Batu,2021,146.81
84,3579,Kota Batu,2022,152.6
84,3579,Kota Batu,2023,158.66
84,3579,Kota Batu,2024,163.04
