kode_wilayah,nama_wilayah,tahun,indikator,nilai,satuan,sumber_id,flag
3501,Kabupaten Pacitan,2010,gini_ratio,0.29,indeks,D15,
3501,Kabupaten Pacitan,2011,gini_ratio,0.34,indeks,D15,
3501,Kabupaten Pacitan,2012,gini_ratio,0.31,indeks,D15,
3501,Kabupaten Pacitan,2013,gini_ratio,0.33,indeks,D15,
3501,Kabupaten Pacitan,2014,gini_ratio,0.31,indeks,D15,
3501,Kabupaten Pacitan,2015,gini_ratio,0.33,indeks,D15,
3501,Kabupaten Pacitan,2016,gini_ratio,0.36,indeks,D15,
3501,Kabupaten Pacitan,2017,gini_ratio,0.32,indeks,D15,
3501,Kabupaten Pacitan,2018,gini_ratio,0.35,indeks,D15,
3501,Kabupaten Pacitan,2019,gini_ratio,0.4,indeks,D15,
3501,Kabupaten Pacitan,2020,gini_ratio,0.35,indeks,D15,
3501,Kabupaten Pacitan,2021,gini_ratio,0.34,indeks,D15,
3501,Kabupaten Pacitan,2022,gini_ratio,0.34,indeks,D15,
3501,Kabupaten Pacitan,2023,gini_ratio,0.35,indeks,D15,
3501,Kabupaten Pacitan,2024,gini_ratio,0.33,indeks,D15,
3501,Kabupaten Pacitan,2025,gini_ratio,0.36,indeks,D15,
3502,Kabupaten Ponorogo,2010,gini_ratio,0.25,indeks,D15,
3502,Kabupaten Ponorogo,2011,gini_ratio,0.29,indeks,D15,
3502,Kabupaten Ponorogo,2012,gini_ratio,0.31,indeks,D15,
3502,Kabupaten Ponorogo,2013,gini_ratio,0.34,indeks,D15,
3502,Kabupaten Ponorogo,2014,gini_ratio,0.31,indeks,D15,
3502,Kabupaten Ponorogo,2015,gini_ratio,0.36,indeks,D15,
3502,Kabupaten Ponorogo,2016,gini_ratio,0.36,indeks,D15,
3502,Kabupaten Ponorogo,2017,gini_ratio,0.34,indeks,D15,
3502,Kabupaten Ponorogo,2018,gini_ratio,0.35,indeks,D15,
3502,Kabupaten Ponorogo,2019,gini_ratio,0.35,indeks,D15,
3502,Kabupaten Ponorogo,2020,gini_ratio,0.38,indeks,D15,
3502,Kabupaten Ponorogo,2021,gini_ratio,0.37,indeks,D15,
3502,Kabupaten Ponorogo,2022,gini_ratio,0.34,indeks,D15,
3502,Kabupaten Ponorogo,2023,gini_ratio,0.34,indeks,D15,
3502,Kabupaten Ponorogo,2024,gini_ratio,0.33,indeks,D15,
3502,Kabupaten Ponorogo,2025,gini_ratio,0.33,indeks,D15,
3503,Kabupaten Trenggalek,2010,gini_ratio,0.29,indeks,D15,
3503,Kabupaten Trenggalek,2011,gini_ratio,0.34,indeks,D15,
3503,Kabupaten Trenggalek,2012,gini_ratio,0.32,indeks,D15,
3503,Kabupaten Trenggalek,2013,gini_ratio,0.35,indeks,D15,
3503,Kabupaten Trenggalek,2014,gini_ratio,0.31,indeks,D15,
3503,Kabupaten Trenggalek,2015,gini_ratio,0.37,indeks,D15,
3503,Kabupaten Trenggalek,2016,gini_ratio,0.39,indeks,D15,
3503,Kabupaten Trenggalek,2017,gini_ratio,0.35,indeks,D15,
3503,Kabupaten Trenggalek,2018,gini_ratio,0.39,indeks,D15,
3503,Kabupaten Trenggalek,2019,gini_ratio,0.37,indeks,D15,
3503,Kabupaten Trenggalek,2020,gini_ratio,0.38,indeks,D15,
3503,Kabupaten Trenggalek,2021,gini_ratio,0.34,indeks,D15,
3503,Kabupaten Trenggalek,2022,gini_ratio,0.33,indeks,D15,
3503,Kabupaten Trenggalek,2023,gini_ratio,0.34,indeks,D15,
3503,Kabupaten Trenggalek,2024,gini_ratio,0.35,indeks,D15,
3503,Kabupaten Trenggalek,2025,gini_ratio,0.36,indeks,D15,
3504,Kabupaten Tulungagung,2010,gini_ratio,0.27,indeks,D15,
3504,Kabupaten Tulungagung,2011,gini_ratio,0.32,indeks,D15,
3504,Kabupaten Tulungagung,2012,gini_ratio,0.34,indeks,D15,
3504,Kabupaten Tulungagung,2013,gini_ratio,0.37,indeks,D15,
3504,Kabupaten Tulungagung,2014,gini_ratio,0.31,indeks,D15,
3504,Kabupaten Tulungagung,2015,gini_ratio,0.36,indeks,D15,
3504,Kabupaten Tulungagung,2016,gini_ratio,0.37,indeks,D15,
3504,Kabupaten Tulungagung,2017,gini_ratio,0.35,indeks,D15,
3504,Kabupaten Tulungagung,2018,gini_ratio,0.37,indeks,D15,
3504,Kabupaten Tulungagung,2019,gini_ratio,0.3,indeks,D15,
3504,Kabupaten Tulungagung,2020,gini_ratio,0.34,indeks,D15,
3504,Kabupaten Tulungagung,2021,gini_ratio,0.33,indeks,D15,
3504,Kabupaten Tulungagung,2022,gini_ratio,0.34,indeks,D15,
3504,Kabupaten Tulungagung,2023,gini_ratio,0.33,indeks,D15,
3504,Kabupaten Tulungagung,2024,gini_ratio,0.32,indeks,D15,
3504,Kabupaten Tulungagung,2025,gini_ratio,0.29,indeks,D15,
3505,Kabupaten Blitar,2010,gini_ratio,0.27,indeks,D15,
3505,Kabupaten Blitar,2011,gini_ratio,0.33,indeks,D15,
3505,Kabupaten Blitar,2012,gini_ratio,0.36,indeks,D15,
3505,Kabupaten Blitar,2013,gini_ratio,0.33,indeks,D15,
3505,Kabupaten Blitar,2014,gini_ratio,0.3,indeks,D15,
3505,Kabupaten Blitar,2015,gini_ratio,0.33,indeks,D15,
3505,Kabupaten Blitar,2016,gini_ratio,0.34,indeks,D15,
3505,Kabupaten Blitar,2017,gini_ratio,0.37,indeks,D15,
3505,Kabupaten Blitar,2018,gini_ratio,0.38,indeks,D15,
3505,Kabupaten Blitar,2019,gini_ratio,0.33,indeks,D15,
3505,Kabupaten Blitar,2020,gini_ratio,0.35,indeks,D15,
3505,Kabupaten Blitar,2021,gini_ratio,0.35,indeks,D15,
3505,Kabupaten Blitar,2022,gini_ratio,0.34,indeks,D15,
3505,Kabupaten Blitar,2023,gini_ratio,0.36,indeks,D15,
3505,Kabupaten Blitar,2024,gini_ratio,0.35,indeks,D15,
3505,Kabupaten Blitar,2025,gini_ratio,0.35,indeks,D15,
3506,Kabupaten Kediri,2010,gini_ratio,0.26,indeks,D15,
3506,Kabupaten Kediri,2011,gini_ratio,0.31,indeks,D15,
3506,Kabupaten Kediri,2012,gini_ratio,0.32,indeks,D15,
3506,Kabupaten Kediri,2013,gini_ratio,0.3,indeks,D15,
3506,Kabupaten Kediri,2014,gini_ratio,0.31,indeks,D15,
3506,Kabupaten Kediri,2015,gini_ratio,0.34,indeks,D15,
3506,Kabupaten Kediri,2016,gini_ratio,0.38,indeks,D15,
3506,Kabupaten Kediri,2017,gini_ratio,0.34,indeks,D15,
3506,Kabupaten Kediri,2018,gini_ratio,0.33,indeks,D15,
3506,Kabupaten Kediri,2019,gini_ratio,0.3,indeks,D15,
3506,Kabupaten Kediri,2020,gini_ratio,0.33,indeks,D15,
3506,Kabupaten Kediri,2021,gini_ratio,0.33,indeks,D15,
3506,Kabupaten Kediri,2022,gini_ratio,0.33,indeks,D15,
3506,Kabupaten Kediri,2023,gini_ratio,0.31,indeks,D15,
3506,Kabupaten Kediri,2024,gini_ratio,0.3,indeks,D15,
3506,Kabupaten Kediri,2025,gini_ratio,0.33,indeks,D15,
3507,Kabupaten Malang,2010,gini_ratio,0.3,indeks,D15,
3507,Kabupaten Malang,2011,gini_ratio,0.33,indeks,D15,
3507,Kabupaten Malang,2012,gini_ratio,0.32,indeks,D15,
3507,Kabupaten Malang,2013,gini_ratio,0.38,indeks,D15,
3507,Kabupaten Malang,2014,gini_ratio,0.33,indeks,D15,
3507,Kabupaten Malang,2015,gini_ratio,0.38,indeks,D15,
3507,Kabupaten Malang,2016,gini_ratio,0.32,indeks,D15,
3507,Kabupaten Malang,2017,gini_ratio,0.35,indeks,D15,
3507,Kabupaten Malang,2018,gini_ratio,0.38,indeks,D15,
3507,Kabupaten Malang,2019,gini_ratio,0.38,indeks,D15,
3507,Kabupaten Malang,2020,gini_ratio,0.37,indeks,D15,
3507,Kabupaten Malang,2021,gini_ratio,0.37,indeks,D15,
3507,Kabupaten Malang,2022,gini_ratio,0.37,indeks,D15,
3507,Kabupaten Malang,2023,gini_ratio,0.38,indeks,D15,
3507,Kabupaten Malang,2024,gini_ratio,0.34,indeks,D15,
3507,Kabupaten Malang,2025,gini_ratio,0.35,indeks,D15,
3508,Kabupaten Lumajang,2010,gini_ratio,0.24,indeks,D15,
3508,Kabupaten Lumajang,2011,gini_ratio,0.27,indeks,D15,
3508,Kabupaten Lumajang,2012,gini_ratio,0.27,indeks,D15,
3508,Kabupaten Lumajang,2013,gini_ratio,0.23,indeks,D15,
3508,Kabupaten Lumajang,2014,gini_ratio,0.23,indeks,D15,
3508,Kabupaten Lumajang,2015,gini_ratio,0.29,indeks,D15,
3508,Kabupaten Lumajang,2016,gini_ratio,0.35,indeks,D15,
3508,Kabupaten Lumajang,2017,gini_ratio,0.31,indeks,D15,
3508,Kabupaten Lumajang,2018,gini_ratio,0.32,indeks,D15,
3508,Kabupaten Lumajang,2019,gini_ratio,0.3,indeks,D15,
3508,Kabupaten Lumajang,2020,gini_ratio,0.3,indeks,D15,
3508,Kabupaten Lumajang,2021,gini_ratio,0.31,indeks,D15,
3508,Kabupaten Lumajang,2022,gini_ratio,0.35,indeks,D15,
3508,Kabupaten Lumajang,2023,gini_ratio,0.39,indeks,D15,
3508,Kabupaten Lumajang,2024,gini_ratio,0.36,indeks,D15,
3508,Kabupaten Lumajang,2025,gini_ratio,0.3,indeks,D15,
3509,Kabupaten Jember,2010,gini_ratio,0.25,indeks,D15,
3509,Kabupaten Jember,2011,gini_ratio,0.31,indeks,D15,
3509,Kabupaten Jember,2012,gini_ratio,0.28,indeks,D15,
3509,Kabupaten Jember,2013,gini_ratio,0.26,indeks,D15,
3509,Kabupaten Jember,2014,gini_ratio,0.26,indeks,D15,
3509,Kabupaten Jember,2015,gini_ratio,0.33,indeks,D15,
3509,Kabupaten Jember,2016,gini_ratio,0.31,indeks,D15,
3509,Kabupaten Jember,2017,gini_ratio,0.34,indeks,D15,
3509,Kabupaten Jember,2018,gini_ratio,0.34,indeks,D15,
3509,Kabupaten Jember,2019,gini_ratio,0.3,indeks,D15,
3509,Kabupaten Jember,2020,gini_ratio,0.32,indeks,D15,
3509,Kabupaten Jember,2021,gini_ratio,0.34,indeks,D15,
3509,Kabupaten Jember,2022,gini_ratio,0.3,indeks,D15,
3509,Kabupaten Jember,2023,gini_ratio,0.34,indeks,D15,
3509,Kabupaten Jember,2024,gini_ratio,0.32,indeks,D15,
3509,Kabupaten Jember,2025,gini_ratio,0.37,indeks,D15,
3510,Kabupaten Banyuwangi,2010,gini_ratio,0.24,indeks,D15,
3510,Kabupaten Banyuwangi,2011,gini_ratio,0.32,indeks,D15,
3510,Kabupaten Banyuwangi,2012,gini_ratio,0.29,indeks,D15,
3510,Kabupaten Banyuwangi,2013,gini_ratio,0.3,indeks,D15,
3510,Kabupaten Banyuwangi,2014,gini_ratio,0.29,indeks,D15,
3510,Kabupaten Banyuwangi,2015,gini_ratio,0.34,indeks,D15,
3510,Kabupaten Banyuwangi,2016,gini_ratio,0.33,indeks,D15,
3510,Kabupaten Banyuwangi,2017,gini_ratio,0.34,indeks,D15,
3510,Kabupaten Banyuwangi,2018,gini_ratio,0.31,indeks,D15,
3510,Kabupaten Banyuwangi,2019,gini_ratio,0.31,indeks,D15,
3510,Kabupaten Banyuwangi,2020,gini_ratio,0.32,indeks,D15,
3510,Kabupaten Banyuwangi,2021,gini_ratio,0.37,indeks,D15,
3510,Kabupaten Banyuwangi,2022,gini_ratio,0.33,indeks,D15,
3510,Kabupaten Banyuwangi,2023,gini_ratio,0.35,indeks,D15,
3510,Kabupaten Banyuwangi,2024,gini_ratio,0.31,indeks,D15,
3510,Kabupaten Banyuwangi,2025,gini_ratio,0.29,indeks,D15,
3511,Kabupaten Bondowoso,2010,gini_ratio,0.21,indeks,D15,
3511,Kabupaten Bondowoso,2011,gini_ratio,0.29,indeks,D15,
3511,Kabupaten Bondowoso,2012,gini_ratio,0.3,indeks,D15,
3511,Kabupaten Bondowoso,2013,gini_ratio,0.28,indeks,D15,
3511,Kabupaten Bondowoso,2014,gini_ratio,0.27,indeks,D15,
3511,Kabupaten Bondowoso,2015,gini_ratio,0.32,indeks,D15,
3511,Kabupaten Bondowoso,2016,gini_ratio,0.35,indeks,D15,
3511,Kabupaten Bondowoso,2017,gini_ratio,0.32,indeks,D15,
3511,Kabupaten Bondowoso,2018,gini_ratio,0.35,indeks,D15,
3511,Kabupaten Bondowoso,2019,gini_ratio,0.3,indeks,D15,
3511,Kabupaten Bondowoso,2020,gini_ratio,0.33,indeks,D15,
3511,Kabupaten Bondowoso,2021,gini_ratio,0.33,indeks,D15,
3511,Kabupaten Bondowoso,2022,gini_ratio,0.36,indeks,D15,
3511,Kabupaten Bondowoso,2023,gini_ratio,0.35,indeks,D15,
3511,Kabupaten Bondowoso,2024,gini_ratio,0.33,indeks,D15,
3511,Kabupaten Bondowoso,2025,gini_ratio,0.27,indeks,D15,
3512,Kabupaten Situbondo,2010,gini_ratio,0.26,indeks,D15,
3512,Kabupaten Situbondo,2011,gini_ratio,0.26,indeks,D15,
3512,Kabupaten Situbondo,2012,gini_ratio,0.27,indeks,D15,
3512,Kabupaten Situbondo,2013,gini_ratio,0.28,indeks,D15,
3512,Kabupaten Situbondo,2014,gini_ratio,0.29,indeks,D15,
3512,Kabupaten Situbondo,2015,gini_ratio,0.33,indeks,D15,
3512,Kabupaten Situbondo,2016,gini_ratio,0.35,indeks,D15,
3512,Kabupaten Situbondo,2017,gini_ratio,0.33,indeks,D15,
3512,Kabupaten Situbondo,2018,gini_ratio,0.36,indeks,D15,
3512,Kabupaten Situbondo,2019,gini_ratio,0.32,indeks,D15,
3512,Kabupaten Situbondo,2020,gini_ratio,0.3,indeks,D15,
3512,Kabupaten Situbondo,2021,gini_ratio,0.32,indeks,D15,
3512,Kabupaten Situbondo,2022,gini_ratio,0.3,indeks,D15,
3512,Kabupaten Situbondo,2023,gini_ratio,0.33,indeks,D15,
3512,Kabupaten Situbondo,2024,gini_ratio,0.39,indeks,D15,
3512,Kabupaten Situbondo,2025,gini_ratio,0.33,indeks,D15,
3513,Kabupaten Probolinggo,2010,gini_ratio,0.25,indeks,D15,
3513,Kabupaten Probolinggo,2011,gini_ratio,0.28,indeks,D15,
3513,Kabupaten Probolinggo,2012,gini_ratio,0.3,indeks,D15,
3513,Kabupaten Probolinggo,2013,gini_ratio,0.34,indeks,D15,
3513,Kabupaten Probolinggo,2014,gini_ratio,0.32,indeks,D15,
3513,Kabupaten Probolinggo,2015,gini_ratio,0.3,indeks,D15,
3513,Kabupaten Probolinggo,2016,gini_ratio,0.31,indeks,D15,
3513,Kabupaten Probolinggo,2017,gini_ratio,0.36,indeks,D15,
3513,Kabupaten Probolinggo,2018,gini_ratio,0.34,indeks,D15,
3513,Kabupaten Probolinggo,2019,gini_ratio,0.33,indeks,D15,
3513,Kabupaten Probolinggo,2020,gini_ratio,0.33,indeks,D15,
3513,Kabupaten Probolinggo,2021,gini_ratio,0.33,indeks,D15,
3513,Kabupaten Probolinggo,2022,gini_ratio,0.28,indeks,D15,
3513,Kabupaten Probolinggo,2023,gini_ratio,0.32,indeks,D15,
3513,Kabupaten Probolinggo,2024,gini_ratio,0.34,indeks,D15,
3513,Kabupaten Probolinggo,2025,gini_ratio,0.38,indeks,D15,
3514,Kabupaten Pasuruan,2010,gini_ratio,0.26,indeks,D15,
3514,Kabupaten Pasuruan,2011,gini_ratio,0.28,indeks,D15,
3514,Kabupaten Pasuruan,2012,gini_ratio,0.3,indeks,D15,
3514,Kabupaten Pasuruan,2013,gini_ratio,0.28,indeks,D15,
3514,Kabupaten Pasuruan,2014,gini_ratio,0.28,indeks,D15,
3514,Kabupaten Pasuruan,2015,gini_ratio,0.32,indeks,D15,
3514,Kabupaten Pasuruan,2016,gini_ratio,0.32,indeks,D15,
3514,Kabupaten Pasuruan,2017,gini_ratio,0.34,indeks,D15,
3514,Kabupaten Pasuruan,2018,gini_ratio,0.32,indeks,D15,
3514,Kabupaten Pasuruan,2019,gini_ratio,0.31,indeks,D15,
3514,Kabupaten Pasuruan,2020,gini_ratio,0.35,indeks,D15,
3514,Kabupaten Pasuruan,2021,gini_ratio,0.34,indeks,D15,
3514,Kabupaten Pasuruan,2022,gini_ratio,0.33,indeks,D15,
3514,Kabupaten Pasuruan,2023,gini_ratio,0.37,indeks,D15,
3514,Kabupaten Pasuruan,2024,gini_ratio,0.33,indeks,D15,
3514,Kabupaten Pasuruan,2025,gini_ratio,0.31,indeks,D15,
3515,Kabupaten Sidoarjo,2010,gini_ratio,0.27,indeks,D15,
3515,Kabupaten Sidoarjo,2011,gini_ratio,0.31,indeks,D15,
3515,Kabupaten Sidoarjo,2012,gini_ratio,0.33,indeks,D15,
3515,Kabupaten Sidoarjo,2013,gini_ratio,0.3,indeks,D15,
3515,Kabupaten Sidoarjo,2014,gini_ratio,0.3,indeks,D15,
3515,Kabupaten Sidoarjo,2015,gini_ratio,0.35,indeks,D15,
3515,Kabupaten Sidoarjo,2016,gini_ratio,0.37,indeks,D15,
3515,Kabupaten Sidoarjo,2017,gini_ratio,0.34,indeks,D15,
3515,Kabupaten Sidoarjo,2018,gini_ratio,0.35,indeks,D15,
3515,Kabupaten Sidoarjo,2019,gini_ratio,0.31,indeks,D15,
3515,Kabupaten Sidoarjo,2020,gini_ratio,0.34,indeks,D15,
3515,Kabupaten Sidoarjo,2021,gini_ratio,0.35,indeks,D15,
3515,Kabupaten Sidoarjo,2022,gini_ratio,0.37,indeks,D15,
3515,Kabupaten Sidoarjo,2023,gini_ratio,0.36,indeks,D15,
3515,Kabupaten Sidoarjo,2024,gini_ratio,0.33,indeks,D15,
3515,Kabupaten Sidoarjo,2025,gini_ratio,0.32,indeks,D15,
3516,Kabupaten Mojokerto,2010,gini_ratio,0.25,indeks,D15,
3516,Kabupaten Mojokerto,2011,gini_ratio,0.27,indeks,D15,
3516,Kabupaten Mojokerto,2012,gini_ratio,0.28,indeks,D15,
3516,Kabupaten Mojokerto,2013,gini_ratio,0.28,indeks,D15,
3516,Kabupaten Mojokerto,2014,gini_ratio,0.27,indeks,D15,
3516,Kabupaten Mojokerto,2015,gini_ratio,0.31,indeks,D15,
3516,Kabupaten Mojokerto,2016,gini_ratio,0.3,indeks,D15,
3516,Kabupaten Mojokerto,2017,gini_ratio,0.32,indeks,D15,
3516,Kabupaten Mojokerto,2018,gini_ratio,0.31,indeks,D15,
3516,Kabupaten Mojokerto,2019,gini_ratio,0.27,indeks,D15,
3516,Kabupaten Mojokerto,2020,gini_ratio,0.33,indeks,D15,
3516,Kabupaten Mojokerto,2021,gini_ratio,0.29,indeks,D15,
3516,Kabupaten Mojokerto,2022,gini_ratio,0.33,indeks,D15,
3516,Kabupaten Mojokerto,2023,gini_ratio,0.34,indeks,D15,
3516,Kabupaten Mojokerto,2024,gini_ratio,0.34,indeks,D15,
3516,Kabupaten Mojokerto,2025,gini_ratio,0.32,indeks,D15,
3517,Kabupaten Jombang,2010,gini_ratio,0.26,indeks,D15,
3517,Kabupaten Jombang,2011,gini_ratio,0.37,indeks,D15,
3517,Kabupaten Jombang,2012,gini_ratio,0.3,indeks,D15,
3517,Kabupaten Jombang,2013,gini_ratio,0.28,indeks,D15,
3517,Kabupaten Jombang,2014,gini_ratio,0.32,indeks,D15,
3517,Kabupaten Jombang,2015,gini_ratio,0.32,indeks,D15,
3517,Kabupaten Jombang,2016,gini_ratio,0.34,indeks,D15,
3517,Kabupaten Jombang,2017,gini_ratio,0.34,indeks,D15,
3517,Kabupaten Jombang,2018,gini_ratio,0.32,indeks,D15,
3517,Kabupaten Jombang,2019,gini_ratio,0.33,indeks,D15,
3517,Kabupaten Jombang,2020,gini_ratio,0.33,indeks,D15,
3517,Kabupaten Jombang,2021,gini_ratio,0.33,indeks,D15,
3517,Kabupaten Jombang,2022,gini_ratio,0.31,indeks,D15,
3517,Kabupaten Jombang,2023,gini_ratio,0.34,indeks,D15,
3517,Kabupaten Jombang,2024,gini_ratio,0.3,indeks,D15,
3517,Kabupaten Jombang,2025,gini_ratio,0.3,indeks,D15,
3518,Kabupaten Nganjuk,2010,gini_ratio,0.24,indeks,D15,
3518,Kabupaten Nganjuk,2011,gini_ratio,0.31,indeks,D15,
3518,Kabupaten Nganjuk,2012,gini_ratio,0.38,indeks,D15,
3518,Kabupaten Nganjuk,2013,gini_ratio,0.33,indeks,D15,
3518,Kabupaten Nganjuk,2014,gini_ratio,0.3,indeks,D15,
3518,Kabupaten Nganjuk,2015,gini_ratio,0.35,indeks,D15,
3518,Kabupaten Nganjuk,2016,gini_ratio,0.36,indeks,D15,
3518,Kabupaten Nganjuk,2017,gini_ratio,0.33,indeks,D15,
3518,Kabupaten Nganjuk,2018,gini_ratio,0.31,indeks,D15,
3518,Kabupaten Nganjuk,2019,gini_ratio,0.42,indeks,D15,
3518,Kabupaten Nganjuk,2020,gini_ratio,0.33,indeks,D15,
3518,Kabupaten Nganjuk,2021,gini_ratio,0.31,indeks,D15,
3518,Kabupaten Nganjuk,2022,gini_ratio,0.3,indeks,D15,
3518,Kabupaten Nganjuk,2023,gini_ratio,0.32,indeks,D15,
3518,Kabupaten Nganjuk,2024,gini_ratio,0.29,indeks,D15,
3518,Kabupaten Nganjuk,2025,gini_ratio,0.3,indeks,D15,
3519,Kabupaten Madiun,2010,gini_ratio,0.25,indeks,D15,
3519,Kabupaten Madiun,2011,gini_ratio,0.29,indeks,D15,
3519,Kabupaten Madiun,2012,gini_ratio,0.34,indeks,D15,
3519,Kabupaten Madiun,2013,gini_ratio,0.3,indeks,D15,
3519,Kabupaten Madiun,2014,gini_ratio,0.28,indeks,D15,
3519,Kabupaten Madiun,2015,gini_ratio,0.32,indeks,D15,
3519,Kabupaten Madiun,2016,gini_ratio,0.34,indeks,D15,
3519,Kabupaten Madiun,2017,gini_ratio,0.32,indeks,D15,
3519,Kabupaten Madiun,2018,gini_ratio,0.33,indeks,D15,
3519,Kabupaten Madiun,2019,gini_ratio,0.33,indeks,D15,
3519,Kabupaten Madiun,2020,gini_ratio,0.36,indeks,D15,
3519,Kabupaten Madiun,2021,gini_ratio,0.36,indeks,D15,
3519,Kabupaten Madiun,2022,gini_ratio,0.35,indeks,D15,
3519,Kabupaten Madiun,2023,gini_ratio,0.34,indeks,D15,
3519,Kabupaten Madiun,2024,gini_ratio,0.31,indeks,D15,
3519,Kabupaten Madiun,2025,gini_ratio,0.3,indeks,D15,
3520,Kabupaten Magetan,2010,gini_ratio,0.27,indeks,D15,
3520,Kabupaten Magetan,2011,gini_ratio,0.31,indeks,D15,
3520,Kabupaten Magetan,2012,gini_ratio,0.33,indeks,D15,
3520,Kabupaten Magetan,2013,gini_ratio,0.34,indeks,D15,
3520,Kabupaten Magetan,2014,gini_ratio,0.32,indeks,D15,
3520,Kabupaten Magetan,2015,gini_ratio,0.34,indeks,D15,
3520,Kabupaten Magetan,2016,gini_ratio,0.37,indeks,D15,
3520,Kabupaten Magetan,2017,gini_ratio,0.39,indeks,D15,
3520,Kabupaten Magetan,2018,gini_ratio,0.38,indeks,D15,
3520,Kabupaten Magetan,2019,gini_ratio,0.36,indeks,D15,
3520,Kabupaten Magetan,2020,gini_ratio,0.32,indeks,D15,
3520,Kabupaten Magetan,2021,gini_ratio,0.36,indeks,D15,
3520,Kabupaten Magetan,2022,gini_ratio,0.35,indeks,D15,
3520,Kabupaten Magetan,2023,gini_ratio,0.37,indeks,D15,
3520,Kabupaten Magetan,2024,gini_ratio,0.37,indeks,D15,
3520,Kabupaten Magetan,2025,gini_ratio,0.36,indeks,D15,
3521,Kabupaten Ngawi,2010,gini_ratio,0.22,indeks,D15,
3521,Kabupaten Ngawi,2011,gini_ratio,0.3,indeks,D15,
3521,Kabupaten Ngawi,2012,gini_ratio,0.3,indeks,D15,
3521,Kabupaten Ngawi,2013,gini_ratio,0.32,indeks,D15,
3521,Kabupaten Ngawi,2014,gini_ratio,0.34,indeks,D15,
3521,Kabupaten Ngawi,2015,gini_ratio,0.34,indeks,D15,
3521,Kabupaten Ngawi,2016,gini_ratio,0.34,indeks,D15,
3521,Kabupaten Ngawi,2017,gini_ratio,0.34,indeks,D15,
3521,Kabupaten Ngawi,2018,gini_ratio,0.35,indeks,D15,
3521,Kabupaten Ngawi,2019,gini_ratio,0.34,indeks,D15,
3521,Kabupaten Ngawi,2020,gini_ratio,0.34,indeks,D15,
3521,Kabupaten Ngawi,2021,gini_ratio,0.31,indeks,D15,
3521,Kabupaten Ngawi,2022,gini_ratio,0.3,indeks,D15,
3521,Kabupaten Ngawi,2023,gini_ratio,0.33,indeks,D15,
3521,Kabupaten Ngawi,2024,gini_ratio,0.29,indeks,D15,
3521,Kabupaten Ngawi,2025,gini_ratio,0.29,indeks,D15,
3522,Kabupaten Bojonegoro,2010,gini_ratio,0.28,indeks,D15,
3522,Kabupaten Bojonegoro,2011,gini_ratio,0.27,indeks,D15,
3522,Kabupaten Bojonegoro,2012,gini_ratio,0.31,indeks,D15,
3522,Kabupaten Bojonegoro,2013,gini_ratio,0.32,indeks,D15,
3522,Kabupaten Bojonegoro,2014,gini_ratio,0.28,indeks,D15,
3522,Kabupaten Bojonegoro,2015,gini_ratio,0.32,indeks,D15,
3522,Kabupaten Bojonegoro,2016,gini_ratio,0.32,indeks,D15,
3522,Kabupaten Bojonegoro,2017,gini_ratio,0.29,indeks,D15,
3522,Kabupaten Bojonegoro,2018,gini_ratio,0.35,indeks,D15,
3522,Kabupaten Bojonegoro,2019,gini_ratio,0.31,indeks,D15,
3522,Kabupaten Bojonegoro,2020,gini_ratio,0.3,indeks,D15,
3522,Kabupaten Bojonegoro,2021,gini_ratio,0.34,indeks,D15,
3522,Kabupaten Bojonegoro,2022,gini_ratio,0.28,indeks,D15,
3522,Kabupaten Bojonegoro,2023,gini_ratio,0.28,indeks,D15,
3522,Kabupaten Bojonegoro,2024,gini_ratio,0.31,indeks,D15,
3522,Kabupaten Bojonegoro,2025,gini_ratio,0.28,indeks,D15,
3523,Kabupaten Tuban,2010,gini_ratio,0.25,indeks,D15,
3523,Kabupaten Tuban,2011,gini_ratio,0.28,indeks,D15,
3523,Kabupaten Tuban,2012,gini_ratio,0.27,indeks,D15,
3523,Kabupaten Tuban,2013,gini_ratio,0.3,indeks,D15,
3523,Kabupaten Tuban,2014,gini_ratio,0.24,indeks,D15,
3523,Kabupaten Tuban,2015,gini_ratio,0.29,indeks,D15,
3523,Kabupaten Tuban,2016,gini_ratio,0.33,indeks,D15,
3523,Kabupaten Tuban,2017,gini_ratio,0.31,indeks,D15,
3523,Kabupaten Tuban,2018,gini_ratio,0.36,indeks,D15,
3523,Kabupaten Tuban,2019,gini_ratio,0.3,indeks,D15,
3523,Kabupaten Tuban,2020,gini_ratio,0.34,indeks,D15,
3523,Kabupaten Tuban,2021,gini_ratio,0.34,indeks,D15,
3523,Kabupaten Tuban,2022,gini_ratio,0.34,indeks,D15,
3523,Kabupaten Tuban,2023,gini_ratio,0.34,indeks,D15,
3523,Kabupaten Tuban,2024,gini_ratio,0.34,indeks,D15,
3523,Kabupaten Tuban,2025,gini_ratio,0.31,indeks,D15,
3524,Kabupaten Lamongan,2010,gini_ratio,0.23,indeks,D15,
3524,Kabupaten Lamongan,2011,gini_ratio,0.29,indeks,D15,
3524,Kabupaten Lamongan,2012,gini_ratio,0.27,indeks,D15,
3524,Kabupaten Lamongan,2013,gini_ratio,0.31,indeks,D15,
3524,Kabupaten Lamongan,2014,gini_ratio,0.27,indeks,D15,
3524,Kabupaten Lamongan,2015,gini_ratio,0.3,indeks,D15,
3524,Kabupaten Lamongan,2016,gini_ratio,0.3,indeks,D15,
3524,Kabupaten Lamongan,2017,gini_ratio,0.32,indeks,D15,
3524,Kabupaten Lamongan,2018,gini_ratio,0.31,indeks,D15,
3524,Kabupaten Lamongan,2019,gini_ratio,0.32,indeks,D15,
3524,Kabupaten Lamongan,2020,gini_ratio,0.3,indeks,D15,
3524,Kabupaten Lamongan,2021,gini_ratio,0.29,indeks,D15,
3524,Kabupaten Lamongan,2022,gini_ratio,0.27,indeks,D15,
3524,Kabupaten Lamongan,2023,gini_ratio,0.3,indeks,D15,
3524,Kabupaten Lamongan,2024,gini_ratio,0.28,indeks,D15,
3524,Kabupaten Lamongan,2025,gini_ratio,0.3,indeks,D15,
3525,Kabupaten Gresik,2010,gini_ratio,0.24,indeks,D15,
3525,Kabupaten Gresik,2011,gini_ratio,0.33,indeks,D15,
3525,Kabupaten Gresik,2012,gini_ratio,0.43,indeks,D15,
3525,Kabupaten Gresik,2013,gini_ratio,0.36,indeks,D15,
3525,Kabupaten Gresik,2014,gini_ratio,0.28,indeks,D15,
3525,Kabupaten Gresik,2015,gini_ratio,0.31,indeks,D15,
3525,Kabupaten Gresik,2016,gini_ratio,0.33,indeks,D15,
3525,Kabupaten Gresik,2017,gini_ratio,0.29,indeks,D15,
3525,Kabupaten Gresik,2018,gini_ratio,0.27,indeks,D15,
3525,Kabupaten Gresik,2019,gini_ratio,0.28,indeks,D15,
3525,Kabupaten Gresik,2020,gini_ratio,0.3,indeks,D15,
3525,Kabupaten Gresik,2021,gini_ratio,0.31,indeks,D15,
3525,Kabupaten Gresik,2022,gini_ratio,0.36,indeks,D15,
3525,Kabupaten Gresik,2023,gini_ratio,0.33,indeks,D15,
3525,Kabupaten Gresik,2024,gini_ratio,0.32,indeks,D15,
3525,Kabupaten Gresik,2025,gini_ratio,0.33,indeks,D15,
3526,Kabupaten Bangkalan,2010,gini_ratio,0.29,indeks,D15,
3526,Kabupaten Bangkalan,2011,gini_ratio,0.3,indeks,D15,
3526,Kabupaten Bangkalan,2012,gini_ratio,0.28,indeks,D15,
3526,Kabupaten Bangkalan,2013,gini_ratio,0.28,indeks,D15,
3526,Kabupaten Bangkalan,2014,gini_ratio,0.33,indeks,D15,
3526,Kabupaten Bangkalan,2015,gini_ratio,0.32,indeks,D15,
3526,Kabupaten Bangkalan,2016,gini_ratio,0.31,indeks,D15,
3526,Kabupaten Bangkalan,2017,gini_ratio,0.3,indeks,D15,
3526,Kabupaten Bangkalan,2018,gini_ratio,0.29,indeks,D15,
3526,Kabupaten Bangkalan,2019,gini_ratio,0.31,indeks,D15,
3526,Kabupaten Bangkalan,2020,gini_ratio,0.32,indeks,D15,
3526,Kabupaten Bangkalan,2021,gini_ratio,0.3,indeks,D15,
3526,Kabupaten Bangkalan,2022,gini_ratio,0.31,indeks,D15,
3526,Kabupaten Bangkalan,2023,gini_ratio,0.3,indeks,D15,
3526,Kabupaten Bangkalan,2024,gini_ratio,0.3,indeks,D15,
3526,Kabupaten Bangkalan,2025,gini_ratio,0.28,indeks,D15,
3527,Kabupaten Sampang,2010,gini_ratio,0.24,indeks,D15,
3527,Kabupaten Sampang,2011,gini_ratio,0.26,indeks,D15,
3527,Kabupaten Sampang,2012,gini_ratio,0.25,indeks,D15,
3527,Kabupaten Sampang,2013,gini_ratio,0.25,indeks,D15,
3527,Kabupaten Sampang,2014,gini_ratio,0.23,indeks,D15,
3527,Kabupaten Sampang,2015,gini_ratio,0.3,indeks,D15,
3527,Kabupaten Sampang,2016,gini_ratio,0.31,indeks,D15,
3527,Kabupaten Sampang,2017,gini_ratio,0.29,indeks,D15,
3527,Kabupaten Sampang,2018,gini_ratio,0.26,indeks,D15,
3527,Kabupaten Sampang,2019,gini_ratio,0.27,indeks,D15,
3527,Kabupaten Sampang,2020,gini_ratio,0.26,indeks,D15,
3527,Kabupaten Sampang,2021,gini_ratio,0.27,indeks,D15,
3527,Kabupaten Sampang,2022,gini_ratio,0.28,indeks,D15,
3527,Kabupaten Sampang,2023,gini_ratio,0.25,indeks,D15,
3527,Kabupaten Sampang,2024,gini_ratio,0.23,indeks,D15,
3527,Kabupaten Sampang,2025,gini_ratio,0.27,indeks,D15,
3528,Kabupaten Pamekasan,2010,gini_ratio,0.26,indeks,D15,
3528,Kabupaten Pamekasan,2011,gini_ratio,0.28,indeks,D15,
3528,Kabupaten Pamekasan,2012,gini_ratio,0.24,indeks,D15,
3528,Kabupaten Pamekasan,2013,gini_ratio,0.25,indeks,D15,
3528,Kabupaten Pamekasan,2014,gini_ratio,0.26,indeks,D15,
3528,Kabupaten Pamekasan,2015,gini_ratio,0.34,indeks,D15,
3528,Kabupaten Pamekasan,2016,gini_ratio,0.36,indeks,D15,
3528,Kabupaten Pamekasan,2017,gini_ratio,0.33,indeks,D15,
3528,Kabupaten Pamekasan,2018,gini_ratio,0.33,indeks,D15,
3528,Kabupaten Pamekasan,2019,gini_ratio,0.34,indeks,D15,
3528,Kabupaten Pamekasan,2020,gini_ratio,0.32,indeks,D15,
3528,Kabupaten Pamekasan,2021,gini_ratio,0.32,indeks,D15,
3528,Kabupaten Pamekasan,2022,gini_ratio,0.3,indeks,D15,
3528,Kabupaten Pamekasan,2023,gini_ratio,0.35,indeks,D15,
3528,Kabupaten Pamekasan,2024,gini_ratio,0.3,indeks,D15,
3528,Kabupaten Pamekasan,2025,gini_ratio,0.34,indeks,D15,
3529,Kabupaten Sumenep,2010,gini_ratio,0.27,indeks,D15,
3529,Kabupaten Sumenep,2011,gini_ratio,0.27,indeks,D15,
3529,Kabupaten Sumenep,2012,gini_ratio,0.3,indeks,D15,
3529,Kabupaten Sumenep,2013,gini_ratio,0.29,indeks,D15,
3529,Kabupaten Sumenep,2014,gini_ratio,0.25,indeks,D15,
3529,Kabupaten Sumenep,2015,gini_ratio,0.26,indeks,D15,
3529,Kabupaten Sumenep,2016,gini_ratio,0.31,indeks,D15,
3529,Kabupaten Sumenep,2017,gini_ratio,0.24,indeks,D15,
3529,Kabupaten Sumenep,2018,gini_ratio,0.25,indeks,D15,
3529,Kabupaten Sumenep,2019,gini_ratio,0.3,indeks,D15,
3529,Kabupaten Sumenep,2020,gini_ratio,0.26,indeks,D15,
3529,Kabupaten Sumenep,2021,gini_ratio,0.29,indeks,D15,
3529,Kabupaten Sumenep,2022,gini_ratio,0.27,indeks,D15,
3529,Kabupaten Sumenep,2023,gini_ratio,0.29,indeks,D15,
3529,Kabupaten Sumenep,2024,gini_ratio,0.31,indeks,D15,
3529,Kabupaten Sumenep,2025,gini_ratio,0.22,indeks,D15,
3571,Kota Kediri,2010,gini_ratio,0.28,indeks,D15,
3571,Kota Kediri,2011,gini_ratio,0.39,indeks,D15,
3571,Kota Kediri,2012,gini_ratio,0.39,indeks,D15,
3571,Kota Kediri,2013,gini_ratio,0.33,indeks,D15,
3571,Kota Kediri,2014,gini_ratio,0.31,indeks,D15,
3571,Kota Kediri,2015,gini_ratio,0.4,indeks,D15,
3571,Kota Kediri,2016,gini_ratio,0.39,indeks,D15,
3571,Kota Kediri,2017,gini_ratio,0.4,indeks,D15,
3571,Kota Kediri,2018,gini_ratio,0.33,indeks,D15,
3571,Kota Kediri,2019,gini_ratio,0.32,indeks,D15,
3571,Kota Kediri,2020,gini_ratio,0.35,indeks,D15,
3571,Kota Kediri,2021,gini_ratio,0.37,indeks,D15,
3571,Kota Kediri,2022,gini_ratio,0.37,indeks,D15,
3571,Kota Kediri,2023,gini_ratio,0.4,indeks,D15,
3571,Kota Kediri,2024,gini_ratio,0.34,indeks,D15,
3571,Kota Kediri,2025,gini_ratio,0.33,indeks,D15,
3572,Kota Blitar,2010,gini_ratio,0.33,indeks,D15,
3572,Kota Blitar,2011,gini_ratio,0.34,indeks,D15,
3572,Kota Blitar,2012,gini_ratio,0.38,indeks,D15,
3572,Kota Blitar,2013,gini_ratio,0.4,indeks,D15,
3572,Kota Blitar,2014,gini_ratio,0.35,indeks,D15,
3572,Kota Blitar,2015,gini_ratio,0.37,indeks,D15,
3572,Kota Blitar,2016,gini_ratio,0.41,indeks,D15,
3572,Kota Blitar,2017,gini_ratio,0.39,indeks,D15,
3572,Kota Blitar,2018,gini_ratio,0.35,indeks,D15,
3572,Kota Blitar,2019,gini_ratio,0.34,indeks,D15,
3572,Kota Blitar,2020,gini_ratio,0.34,indeks,D15,
3572,Kota Blitar,2021,gini_ratio,0.37,indeks,D15,
3572,Kota Blitar,2022,gini_ratio,0.38,indeks,D15,
3572,Kota Blitar,2023,gini_ratio,0.4,indeks,D15,
3572,Kota Blitar,2024,gini_ratio,0.35,indeks,D15,
3572,Kota Blitar,2025,gini_ratio,0.34,indeks,D15,
3573,Kota Malang,2010,gini_ratio,0.35,indeks,D15,
3573,Kota Malang,2011,gini_ratio,0.36,indeks,D15,
3573,Kota Malang,2012,gini_ratio,0.48,indeks,D15,
3573,Kota Malang,2013,gini_ratio,0.38,indeks,D15,
3573,Kota Malang,2014,gini_ratio,0.37,indeks,D15,
3573,Kota Malang,2015,gini_ratio,0.38,indeks,D15,
3573,Kota Malang,2016,gini_ratio,0.41,indeks,D15,
3573,Kota Malang,2017,gini_ratio,0.42,indeks,D15,
3573,Kota Malang,2018,gini_ratio,0.41,indeks,D15,
3573,Kota Malang,2019,gini_ratio,0.34,indeks,D15,
3573,Kota Malang,2020,gini_ratio,0.4,indeks,D15,
3573,Kota Malang,2021,gini_ratio,0.41,indeks,D15,
3573,Kota Malang,2022,gini_ratio,0.42,indeks,D15,
3573,Kota Malang,2023,gini_ratio,0.41,indeks,D15,
3573,Kota Malang,2024,gini_ratio,0.42,indeks,D15,
3573,Kota Malang,2025,gini_ratio,0.37,indeks,D15,
3574,Kota Probolinggo,2010,gini_ratio,0.24,indeks,D15,
3574,Kota Probolinggo,2011,gini_ratio,0.33,indeks,D15,
3574,Kota Probolinggo,2012,gini_ratio,0.28,indeks,D15,
3574,Kota Probolinggo,2013,gini_ratio,0.38,indeks,D15,
3574,Kota Probolinggo,2014,gini_ratio,0.33,indeks,D15,
3574,Kota Probolinggo,2015,gini_ratio,0.36,indeks,D15,
3574,Kota Probolinggo,2016,gini_ratio,0.31,indeks,D15,
3574,Kota Probolinggo,2017,gini_ratio,0.37,indeks,D15,
3574,Kota Probolinggo,2018,gini_ratio,0.31,indeks,D15,
3574,Kota Probolinggo,2019,gini_ratio,0.27,indeks,D15,
3574,Kota Probolinggo,2020,gini_ratio,0.31,indeks,D15,
3574,Kota Probolinggo,2021,gini_ratio,0.3,indeks,D15,
3574,Kota Probolinggo,2022,gini_ratio,0.32,indeks,D15,
3574,Kota Probolinggo,2023,gini_ratio,0.35,indeks,D15,
3574,Kota Probolinggo,2024,gini_ratio,0.34,indeks,D15,
3574,Kota Probolinggo,2025,gini_ratio,0.26,indeks,D15,
3575,Kota Pasuruan,2010,gini_ratio,0.27,indeks,D15,
3575,Kota Pasuruan,2011,gini_ratio,0.37,indeks,D15,
3575,Kota Pasuruan,2012,gini_ratio,0.37,indeks,D15,
3575,Kota Pasuruan,2013,gini_ratio,0.32,indeks,D15,
3575,Kota Pasuruan,2014,gini_ratio,0.31,indeks,D15,
3575,Kota Pasuruan,2015,gini_ratio,0.39,indeks,D15,
3575,Kota Pasuruan,2016,gini_ratio,0.4,indeks,D15,
3575,Kota Pasuruan,2017,gini_ratio,0.38,indeks,D15,
3575,Kota Pasuruan,2018,gini_ratio,0.34,indeks,D15,
3575,Kota Pasuruan,2019,gini_ratio,0.31,indeks,D15,
3575,Kota Pasuruan,2020,gini_ratio,0.3,indeks,D15,
3575,Kota Pasuruan,2021,gini_ratio,0.35,indeks,D15,
3575,Kota Pasuruan,2022,gini_ratio,0.36,indeks,D15,
3575,Kota Pasuruan,2023,gini_ratio,0.38,indeks,D15,
3575,Kota Pasuruan,2024,gini_ratio,0.33,indeks,D15,
3575,Kota Pasuruan,2025,gini_ratio,0.33,indeks,D15,
3576,Kota Mojokerto,2010,gini_ratio,0.31,indeks,D15,
3576,Kota Mojokerto,2011,gini_ratio,0.36,indeks,D15,
3576,Kota Mojokerto,2012,gini_ratio,0.3,indeks,D15,
3576,Kota Mojokerto,2013,gini_ratio,0.3,indeks,D15,
3576,Kota Mojokerto,2014,gini_ratio,0.31,indeks,D15,
3576,Kota Mojokerto,2015,gini_ratio,0.36,indeks,D15,
3576,Kota Mojokerto,2016,gini_ratio,0.37,indeks,D15,
3576,Kota Mojokerto,2017,gini_ratio,0.39,indeks,D15,
3576,Kota Mojokerto,2018,gini_ratio,0.34,indeks,D15,
3576,Kota Mojokerto,2019,gini_ratio,0.31,indeks,D15,
3576,Kota Mojokerto,2020,gini_ratio,0.35,indeks,D15,
3576,Kota Mojokerto,2021,gini_ratio,0.33,indeks,D15,
3576,Kota Mojokerto,2022,gini_ratio,0.38,indeks,D15,
3576,Kota Mojokerto,2023,gini_ratio,0.35,indeks,D15,
3576,Kota Mojokerto,2024,gini_ratio,0.36,indeks,D15,
3576,Kota Mojokerto,2025,gini_ratio,0.3,indeks,D15,
3577,Kota Madiun,2010,gini_ratio,0.32,indeks,D15,
3577,Kota Madiun,2011,gini_ratio,0.33,indeks,D15,
3577,Kota Madiun,2012,gini_ratio,0.35,indeks,D15,
3577,Kota Madiun,2013,gini_ratio,0.43,indeks,D15,
3577,Kota Madiun,2014,gini_ratio,0.34,indeks,D15,
3577,Kota Madiun,2015,gini_ratio,0.38,indeks,D15,
3577,Kota Madiun,2016,gini_ratio,0.42,indeks,D15,
3577,Kota Madiun,2017,gini_ratio,0.36,indeks,D15,
3577,Kota Madiun,2018,gini_ratio,0.36,indeks,D15,
3577,Kota Madiun,2019,gini_ratio,0.35,indeks,D15,
3577,Kota Madiun,2020,gini_ratio,0.39,indeks,D15,
3577,Kota Madiun,2021,gini_ratio,0.34,indeks,D15,
3577,Kota Madiun,2022,gini_ratio,0.4,indeks,D15,
3577,Kota Madiun,2023,gini_ratio,0.42,indeks,D15,
3577,Kota Madiun,2024,gini_ratio,0.43,indeks,D15,
3577,Kota Madiun,2025,gini_ratio,0.39,indeks,D15,
3578,Kota Surabaya,2010,gini_ratio,0.36,indeks,D15,
3578,Kota Surabaya,2011,gini_ratio,0.37,indeks,D15,
3578,Kota Surabaya,2012,gini_ratio,0.4,indeks,D15,
3578,Kota Surabaya,2013,gini_ratio,0.37,indeks,D15,
3578,Kota Surabaya,2014,gini_ratio,0.39,indeks,D15,
3578,Kota Surabaya,2015,gini_ratio,0.42,indeks,D15,
3578,Kota Surabaya,2016,gini_ratio,0.39,indeks,D15,
3578,Kota Surabaya,2017,gini_ratio,0.39,indeks,D15,
3578,Kota Surabaya,2018,gini_ratio,0.36,indeks,D15,
3578,Kota Surabaya,2019,gini_ratio,0.41,indeks,D15,
3578,Kota Surabaya,2020,gini_ratio,0.34,indeks,D15,
3578,Kota Surabaya,2021,gini_ratio,0.35,indeks,D15,
3578,Kota Surabaya,2022,gini_ratio,0.39,indeks,D15,
3578,Kota Surabaya,2023,gini_ratio,0.42,indeks,D15,
3578,Kota Surabaya,2024,gini_ratio,0.38,indeks,D15,
3578,Kota Surabaya,2025,gini_ratio,0.37,indeks,D15,
3579,Kota Batu,2010,gini_ratio,0.31,indeks,D15,
3579,Kota Batu,2011,gini_ratio,0.32,indeks,D15,
3579,Kota Batu,2012,gini_ratio,0.32,indeks,D15,
3579,Kota Batu,2013,gini_ratio,0.31,indeks,D15,
3579,Kota Batu,2014,gini_ratio,0.29,indeks,D15,
3579,Kota Batu,2015,gini_ratio,0.36,indeks,D15,
3579,Kota Batu,2016,gini_ratio,0.34,indeks,D15,
3579,Kota Batu,2017,gini_ratio,0.3,indeks,D15,
3579,Kota Batu,2018,gini_ratio,0.33,indeks,D15,
3579,Kota Batu,2019,gini_ratio,0.32,indeks,D15,
3579,Kota Batu,2020,gini_ratio,0.33,indeks,D15,
3579,Kota Batu,2021,gini_ratio,0.31,indeks,D15,
3579,Kota Batu,2022,gini_ratio,0.31,indeks,D15,
3579,Kota Batu,2023,gini_ratio,0.33,indeks,D15,
3579,Kota Batu,2024,gini_ratio,0.33,indeks,D15,
3579,Kota Batu,2025,gini_ratio,0.35,indeks,D15,
3501,Kabupaten Pacitan,2010,hls,11.01,tahun,D08,
3501,Kabupaten Pacitan,2011,hls,11.03,tahun,D08,
3501,Kabupaten Pacitan,2012,hls,11.35,tahun,D08,
3501,Kabupaten Pacitan,2013,hls,11.41,tahun,D08,
3501,Kabupaten Pacitan,2014,hls,11.61,tahun,D08,
3501,Kabupaten Pacitan,2015,hls,11.94,tahun,D08,
3501,Kabupaten Pacitan,2016,hls,12.19,tahun,D08,
3501,Kabupaten Pacitan,2017,hls,12.41,tahun,D08,
3501,Kabupaten Pacitan,2018,hls,12.61,tahun,D08,
3501,Kabupaten Pacitan,2019,hls,12.62,tahun,D08,
3501,Kabupaten Pacitan,2020,hls,12.64,tahun,D08,
3501,Kabupaten Pacitan,2021,hls,12.65,tahun,D08,
3501,Kabupaten Pacitan,2022,hls,12.66,tahun,D08,
3501,Kabupaten Pacitan,2023,hls,12.68,tahun,D08,
3501,Kabupaten Pacitan,2024,hls,12.69,tahun,D08,
3501,Kabupaten Pacitan,2025,hls,12.7,tahun,D08,
3502,Kabupaten Ponorogo,2010,hls,12.1,tahun,D08,
3502,Kabupaten Ponorogo,2011,hls,12.33,tahun,D08,
3502,Kabupaten Ponorogo,2012,hls,12.56,tahun,D08,
3502,Kabupaten Ponorogo,2013,hls,12.8,tahun,D08,
3502,Kabupaten Ponorogo,2014,hls,13.04,tahun,D08,
3502,Kabupaten Ponorogo,2015,hls,13.29,tahun,D08,
3502,Kabupaten Ponorogo,2016,hls,13.69,tahun,D08,
3502,Kabupaten Ponorogo,2017,hls,13.7,tahun,D08,
3502,Kabupaten Ponorogo,2018,hls,13.71,tahun,D08,
3502,Kabupaten Ponorogo,2019,hls,13.72,tahun,D08,
3502,Kabupaten Ponorogo,2020,hls,13.73,tahun,D08,
3502,Kabupaten Ponorogo,2021,hls,13.74,tahun,D08,
3502,Kabupaten Ponorogo,2022,hls,13.76,tahun,D08,
3502,Kabupaten Ponorogo,2023,hls,13.77,tahun,D08,
3502,Kabupaten Ponorogo,2024,hls,13.78,tahun,D08,
3502,Kabupaten Ponorogo,2025,hls,13.93,tahun,D08,
3503,Kabupaten Trenggalek,2010,hls,11.13,tahun,D08,
3503,Kabupaten Trenggalek,2011,hls,11.17,tahun,D08,
3503,Kabupaten Trenggalek,2012,hls,11.22,tahun,D08,
3503,Kabupaten Trenggalek,2013,hls,11.49,tahun,D08,
3503,Kabupaten Trenggalek,2014,hls,11.64,tahun,D08,
3503,Kabupaten Trenggalek,2015,hls,12.08,tahun,D08,
3503,Kabupaten Trenggalek,2016,hls,12.09,tahun,D08,
3503,Kabupaten Trenggalek,2017,hls,12.1,tahun,D08,
3503,Kabupaten Trenggalek,2018,hls,12.12,tahun,D08,
3503,Kabupaten Trenggalek,2019,hls,12.25,tahun,D08,
3503,Kabupaten Trenggalek,2020,hls,12.35,tahun,D08,
3503,Kabupaten Trenggalek,2021,hls,12.47,tahun,D08,
3503,Kabupaten Trenggalek,2022,hls,12.5,tahun,D08,
3503,Kabupaten Trenggalek,2023,hls,12.62,tahun,D08,
3503,Kabupaten Trenggalek,2024,hls,12.63,tahun,D08,
3503,Kabupaten Trenggalek,2025,hls,12.78,tahun,D08,
3504,Kabupaten Tulungagung,2010,hls,11.75,tahun,D08,
3504,Kabupaten Tulungagung,2011,hls,11.84,tahun,D08,
3504,Kabupaten Tulungagung,2012,hls,11.93,tahun,D08,
3504,Kabupaten Tulungagung,2013,hls,12.58,tahun,D08,
3504,Kabupaten Tulungagung,2014,hls,12.72,tahun,D08,
3504,Kabupaten Tulungagung,2015,hls,12.73,tahun,D08,
3504,Kabupaten Tulungagung,2016,hls,13.03,tahun,D08,
3504,Kabupaten Tulungagung,2017,hls,13.04,tahun,D08,
3504,Kabupaten Tulungagung,2018,hls,13.05,tahun,D08,
3504,Kabupaten Tulungagung,2019,hls,13.15,tahun,D08,
3504,Kabupaten Tulungagung,2020,hls,13.31,tahun,D08,
3504,Kabupaten Tulungagung,2021,hls,13.32,tahun,D08,
3504,Kabupaten Tulungagung,2022,hls,13.33,tahun,D08,
3504,Kabupaten Tulungagung,2023,hls,13.34,tahun,D08,
3504,Kabupaten Tulungagung,2024,hls,13.36,tahun,D08,
3504,Kabupaten Tulungagung,2025,hls,13.5,tahun,D08,
3505,Kabupaten Blitar,2010,hls,11.03,tahun,D08,
3505,Kabupaten Blitar,2011,hls,11.18,tahun,D08,
3505,Kabupaten Blitar,2012,hls,11.34,tahun,D08,
3505,Kabupaten Blitar,2013,hls,11.37,tahun,D08,
3505,Kabupaten Blitar,2014,hls,11.49,tahun,D08,
3505,Kabupaten Blitar,2015,hls,11.98,tahun,D08,
3505,Kabupaten Blitar,2016,hls,12.42,tahun,D08,
3505,Kabupaten Blitar,2017,hls,12.43,tahun,D08,
3505,Kabupaten Blitar,2018,hls,12.44,tahun,D08,
3505,Kabupaten Blitar,2019,hls,12.45,tahun,D08,
3505,Kabupaten Blitar,2020,hls,12.46,tahun,D08,
3505,Kabupaten Blitar,2021,hls,12.63,tahun,D08,
3505,Kabupaten Blitar,2022,hls,12.64,tahun,D08,
3505,Kabupaten Blitar,2023,hls,12.65,tahun,D08,
3505,Kabupaten Blitar,2024,hls,12.67,tahun,D08,
3505,Kabupaten Blitar,2025,hls,12.83,tahun,D08,
3506,Kabupaten Kediri,2010,hls,11.37,tahun,D08,
3506,Kabupaten Kediri,2011,hls,11.54,tahun,D08,
3506,Kabupaten Kediri,2012,hls,11.57,tahun,D08,
3506,Kabupaten Kediri,2013,hls,11.85,tahun,D08,
3506,Kabupaten Kediri,2014,hls,12.01,tahun,D08,
3506,Kabupaten Kediri,2015,hls,12.15,tahun,D08,
3506,Kabupaten Kediri,2016,hls,12.57,tahun,D08,
3506,Kabupaten Kediri,2017,hls,12.86,tahun,D08,
3506,Kabupaten Kediri,2018,hls,12.87,tahun,D08,
3506,Kabupaten Kediri,2019,hls,12.88,tahun,D08,
3506,Kabupaten Kediri,2020,hls,13.15,tahun,D08,
3506,Kabupaten Kediri,2021,hls,13.44,tahun,D08,
3506,Kabupaten Kediri,2022,hls,13.61,tahun,D08,
3506,Kabupaten Kediri,2023,hls,13.62,tahun,D08,
3506,Kabupaten Kediri,2024,hls,13.63,tahun,D08,
3506,Kabupaten Kediri,2025,hls,13.77,tahun,D08,
3507,Kabupaten Malang,2010,hls,10.71,tahun,D08,
3507,Kabupaten Malang,2011,hls,10.78,tahun,D08,
3507,Kabupaten Malang,2012,hls,10.87,tahun,D08,
3507,Kabupaten Malang,2013,hls,11.02,tahun,D08,
3507,Kabupaten Malang,2014,hls,11.25,tahun,D08,
3507,Kabupaten Malang,2015,hls,11.98,tahun,D08,
3507,Kabupaten Malang,2016,hls,12.28,tahun,D08,
3507,Kabupaten Malang,2017,hls,12.56,tahun,D08,
3507,Kabupaten Malang,2018,hls,12.87,tahun,D08,
3507,Kabupaten Malang,2019,hls,13.17,tahun,D08,
3507,Kabupaten Malang,2020,hls,13.18,tahun,D08,
3507,Kabupaten Malang,2021,hls,13.24,tahun,D08,
3507,Kabupaten Malang,2022,hls,13.38,tahun,D08,
3507,Kabupaten Malang,2023,hls,13.48,tahun,D08,
3507,Kabupaten Malang,2024,hls,13.49,tahun,D08,
3507,Kabupaten Malang,2025,hls,13.6,tahun,D08,
3508,Kabupaten Lumajang,2010,hls,10.49,tahun,D08,
3508,Kabupaten Lumajang,2011,hls,10.71,tahun,D08,
3508,Kabupaten Lumajang,2012,hls,10.71,tahun,D08,
3508,Kabupaten Lumajang,2013,hls,10.94,tahun,D08,
3508,Kabupaten Lumajang,2014,hls,11.12,tahun,D08,
3508,Kabupaten Lumajang,2015,hls,11.61,tahun,D08,
3508,Kabupaten Lumajang,2016,hls,11.77,tahun,D08,
3508,Kabupaten Lumajang,2017,hls,11.78,tahun,D08,
3508,Kabupaten Lumajang,2018,hls,11.79,tahun,D08,
3508,Kabupaten Lumajang,2019,hls,11.8,tahun,D08,
3508,Kabupaten Lumajang,2020,hls,11.81,tahun,D08,
3508,Kabupaten Lumajang,2021,hls,11.88,tahun,D08,
3508,Kabupaten Lumajang,2022,hls,12.02,tahun,D08,
3508,Kabupaten Lumajang,2023,hls,12.16,tahun,D08,
3508,Kabupaten Lumajang,2024,hls,12.41,tahun,D08,
3508,Kabupaten Lumajang,2025,hls,12.53,tahun,D08,
3509,Kabupaten Jember,2010,hls,10.87,tahun,D08,
3509,Kabupaten Jember,2011,hls,10.99,tahun,D08,
3509,Kabupaten Jember,2012,hls,11.11,tahun,D08,
3509,Kabupaten Jember,2013,hls,11.87,tahun,D08,
3509,Kabupaten Jember,2014,hls,12.0,tahun,D08,
3509,Kabupaten Jember,2015,hls,12.01,tahun,D08,
3509,Kabupaten Jember,2016,hls,12.31,tahun,D08,
3509,Kabupaten Jember,2017,hls,12.79,tahun,D08,
3509,Kabupaten Jember,2018,hls,13.21,tahun,D08,
3509,Kabupaten Jember,2019,hls,13.22,tahun,D08,
3509,Kabupaten Jember,2020,hls,13.42,tahun,D08,
3509,Kabupaten Jember,2021,hls,13.43,tahun,D08,
3509,Kabupaten Jember,2022,hls,13.44,tahun,D08,
3509,Kabupaten Jember,2023,hls,13.49,tahun,D08,
3509,Kabupaten Jember,2024,hls,13.5,tahun,D08,
3509,Kabupaten Jember,2025,hls,13.51,tahun,D08,
3510,Kabupaten Banyuwangi,2010,hls,11.04,tahun,D08,
3510,Kabupaten Banyuwangi,2011,hls,11.22,tahun,D08,
3510,Kabupaten Banyuwangi,2012,hls,11.25,tahun,D08,
3510,Kabupaten Banyuwangi,2013,hls,11.39,tahun,D08,
3510,Kabupaten Banyuwangi,2014,hls,11.81,tahun,D08,
3510,Kabupaten Banyuwangi,2015,hls,12.2,tahun,D08,
3510,Kabupaten Banyuwangi,2016,hls,12.55,tahun,D08,
3510,Kabupaten Banyuwangi,2017,hls,12.68,tahun,D08,
3510,Kabupaten Banyuwangi,2018,hls,12.69,tahun,D08,
3510,Kabupaten Banyuwangi,2019,hls,12.78,tahun,D08,
3510,Kabupaten Banyuwangi,2020,hls,12.8,tahun,D08,
3510,Kabupaten Banyuwangi,2021,hls,13.1,tahun,D08,
3510,Kabupaten Banyuwangi,2022,hls,13.11,tahun,D08,
3510,Kabupaten Banyuwangi,2023,hls,13.12,tahun,D08,
3510,Kabupaten Banyuwangi,2024,hls,13.14,tahun,D08,
3510,Kabupaten Banyuwangi,2025,hls,13.32,tahun,D08,
3511,Kabupaten Bondowoso,2010,hls,11.27,tahun,D08,
3511,Kabupaten Bondowoso,2011,hls,11.72,tahun,D08,
3511,Kabupaten Bondowoso,2012,hls,12.42,tahun,D08,
3511,Kabupaten Bondowoso,2013,hls,12.76,tahun,D08,
3511,Kabupaten Bondowoso,2014,hls,12.85,tahun,D08,
3511,Kabupaten Bondowoso,2015,hls,12.86,tahun,D08,
3511,Kabupaten Bondowoso,2016,hls,12.87,tahun,D08,
3511,Kabupaten Bondowoso,2017,hls,12.94,tahun,D08,
3511,Kabupaten Bondowoso,2018,hls,12.95,tahun,D08,
3511,Kabupaten Bondowoso,2019,hls,13.27,tahun,D08,
3511,Kabupaten Bondowoso,2020,hls,13.28,tahun,D08,
3511,Kabupaten Bondowoso,2021,hls,13.29,tahun,D08,
3511,Kabupaten Bondowoso,2022,hls,13.31,tahun,D08,
3511,Kabupaten Bondowoso,2023,hls,13.32,tahun,D08,
3511,Kabupaten Bondowoso,2024,hls,13.33,tahun,D08,
3511,Kabupaten Bondowoso,2025,hls,13.34,tahun,D08,
3512,Kabupaten Situbondo,2010,hls,11.5,tahun,D08,
3512,Kabupaten Situbondo,2011,hls,11.54,tahun,D08,
3512,Kabupaten Situbondo,2012,hls,12.2,tahun,D08,
3512,Kabupaten Situbondo,2013,hls,12.9,tahun,D08,
3512,Kabupaten Situbondo,2014,hls,12.97,tahun,D08,
3512,Kabupaten Situbondo,2015,hls,12.98,tahun,D08,
3512,Kabupaten Situbondo,2016,hls,12.99,tahun,D08,
3512,Kabupaten Situbondo,2017,hls,13.0,tahun,D08,
3512,Kabupaten Situbondo,2018,hls,13.01,tahun,D08,
3512,Kabupaten Situbondo,2019,hls,13.14,tahun,D08,
3512,Kabupaten Situbondo,2020,hls,13.15,tahun,D08,
3512,Kabupaten Situbondo,2021,hls,13.16,tahun,D08,
3512,Kabupaten Situbondo,2022,hls,13.18,tahun,D08,
3512,Kabupaten Situbondo,2023,hls,13.19,tahun,D08,
3512,Kabupaten Situbondo,2024,hls,13.2,tahun,D08,
3512,Kabupaten Situbondo,2025,hls,13.21,tahun,D08,
3513,Kabupaten Probolinggo,2010,hls,10.37,tahun,D08,
3513,Kabupaten Probolinggo,2011,hls,10.4,tahun,D08,
3513,Kabupaten Probolinggo,2012,hls,10.91,tahun,D08,
3513,Kabupaten Probolinggo,2013,hls,11.32,tahun,D08,
3513,Kabupaten Probolinggo,2014,hls,11.6,tahun,D08,
3513,Kabupaten Probolinggo,2015,hls,12.04,tahun,D08,
3513,Kabupaten Probolinggo,2016,hls,12.05,tahun,D08,
3513,Kabupaten Probolinggo,2017,hls,12.06,tahun,D08,
3513,Kabupaten Probolinggo,2018,hls,12.07,tahun,D08,
3513,Kabupaten Probolinggo,2019,hls,12.34,tahun,D08,
3513,Kabupaten Probolinggo,2020,hls,12.35,tahun,D08,
3513,Kabupaten Probolinggo,2021,hls,12.36,tahun,D08,
3513,Kabupaten Probolinggo,2022,hls,12.58,tahun,D08,
3513,Kabupaten Probolinggo,2023,hls,12.63,tahun,D08,
3513,Kabupaten Probolinggo,2024,hls,12.64,tahun,D08,
3513,Kabupaten Probolinggo,2025,hls,12.8,tahun,D08,
3514,Kabupaten Pasuruan,2010,hls,10.45,tahun,D08,
3514,Kabupaten Pasuruan,2011,hls,10.59,tahun,D08,
3514,Kabupaten Pasuruan,2012,hls,10.73,tahun,D08,
3514,Kabupaten Pasuruan,2013,hls,11.63,tahun,D08,
3514,Kabupaten Pasuruan,2014,hls,11.78,tahun,D08,
3514,Kabupaten Pasuruan,2015,hls,11.8,tahun,D08,
3514,Kabupaten Pasuruan,2016,hls,11.81,tahun,D08,
3514,Kabupaten Pasuruan,2017,hls,12.05,tahun,D08,
3514,Kabupaten Pasuruan,2018,hls,12.3,tahun,D08,
3514,Kabupaten Pasuruan,2019,hls,12.31,tahun,D08,
3514,Kabupaten Pasuruan,2020,hls,12.41,tahun,D08,
3514,Kabupaten Pasuruan,2021,hls,12.58,tahun,D08,
3514,Kabupaten Pasuruan,2022,hls,12.76,tahun,D08,
3514,Kabupaten Pasuruan,2023,hls,12.77,tahun,D08,
3514,Kabupaten Pasuruan,2024,hls,12.78,tahun,D08,
3514,Kabupaten Pasuruan,2025,hls,12.91,tahun,D08,
3515,Kabupaten Sidoarjo,2010,hls,12.37,tahun,D08,
3515,Kabupaten Sidoarjo,2011,hls,12.42,tahun,D08,
3515,Kabupaten Sidoarjo,2012,hls,12.54,tahun,D08,
3515,Kabupaten Sidoarjo,2013,hls,13.25,tahun,D08,
3515,Kabupaten Sidoarjo,2014,hls,13.55,tahun,D08,
3515,Kabupaten Sidoarjo,2015,hls,13.89,tahun,D08,
3515,Kabupaten Sidoarjo,2016,hls,14.13,tahun,D08,
3515,Kabupaten Sidoarjo,2017,hls,14.34,tahun,D08,
3515,Kabupaten Sidoarjo,2018,hls,14.75,tahun,D08,
3515,Kabupaten Sidoarjo,2019,hls,14.91,tahun,D08,
3515,Kabupaten Sidoarjo,2020,hls,14.93,tahun,D08,
3515,Kabupaten Sidoarjo,2021,hls,14.94,tahun,D08,
3515,Kabupaten Sidoarjo,2022,hls,14.95,tahun,D08,
3515,Kabupaten Sidoarjo,2023,hls,14.97,tahun,D08,
3515,Kabupaten Sidoarjo,2024,hls,15.22,tahun,D08,
3515,Kabupaten Sidoarjo,2025,hls,15.23,tahun,D08,
3516,Kabupaten Mojokerto,2010,hls,11.69,tahun,D08,
3516,Kabupaten Mojokerto,2011,hls,11.75,tahun,D08,
3516,Kabupaten Mojokerto,2012,hls,11.81,tahun,D08,
3516,Kabupaten Mojokerto,2013,hls,11.86,tahun,D08,
3516,Kabupaten Mojokerto,2014,hls,11.97,tahun,D08,
3516,Kabupaten Mojokerto,2015,hls,12.18,tahun,D08,
3516,Kabupaten Mojokerto,2016,hls,12.44,tahun,D08,
3516,Kabupaten Mojokerto,2017,hls,12.52,tahun,D08,
3516,Kabupaten Mojokerto,2018,hls,12.53,tahun,D08,
3516,Kabupaten Mojokerto,2019,hls,12.61,tahun,D08,
3516,Kabupaten Mojokerto,2020,hls,12.88,tahun,D08,
3516,Kabupaten Mojokerto,2021,hls,12.95,tahun,D08,
3516,Kabupaten Mojokerto,2022,hls,12.96,tahun,D08,
3516,Kabupaten Mojokerto,2023,hls,12.97,tahun,D08,
3516,Kabupaten Mojokerto,2024,hls,12.99,tahun,D08,
3516,Kabupaten Mojokerto,2025,hls,13.16,tahun,D08,
3517,Kabupaten Jombang,2010,hls,11.33,tahun,D08,
3517,Kabupaten Jombang,2011,hls,11.54,tahun,D08,
3517,Kabupaten Jombang,2012,hls,11.92,tahun,D08,
3517,Kabupaten Jombang,2013,hls,12.43,tahun,D08,
3517,Kabupaten Jombang,2014,hls,12.65,tahun,D08,
3517,Kabupaten Jombang,2015,hls,12.68,tahun,D08,
3517,Kabupaten Jombang,2016,hls,12.69,tahun,D08,
3517,Kabupaten Jombang,2017,hls,12.7,tahun,D08,
3517,Kabupaten Jombang,2018,hls,12.99,tahun,D08,
3517,Kabupaten Jombang,2019,hls,13.0,tahun,D08,
3517,Kabupaten Jombang,2020,hls,13.27,tahun,D08,
3517,Kabupaten Jombang,2021,hls,13.57,tahun,D08,
3517,Kabupaten Jombang,2022,hls,13.58,tahun,D08,
3517,Kabupaten Jombang,2023,hls,13.59,tahun,D08,
3517,Kabupaten Jombang,2024,hls,13.61,tahun,D08,
3517,Kabupaten Jombang,2025,hls,13.62,tahun,D08,
3518,Kabupaten Nganjuk,2010,hls,10.84,tahun,D08,
3518,Kabupaten Nganjuk,2011,hls,11.15,tahun,D08,
3518,Kabupaten Nganjuk,2012,hls,11.77,tahun,D08,
3518,Kabupaten Nganjuk,2013,hls,12.34,tahun,D08,
3518,Kabupaten Nganjuk,2014,hls,12.65,tahun,D08,
3518,Kabupaten Nganjuk,2015,hls,12.68,tahun,D08,
3518,Kabupaten Nganjuk,2016,hls,12.82,tahun,D08,
3518,Kabupaten Nganjuk,2017,hls,12.83,tahun,D08,
3518,Kabupaten Nganjuk,2018,hls,12.84,tahun,D08,
3518,Kabupaten Nganjuk,2019,hls,12.85,tahun,D08,
3518,Kabupaten Nganjuk,2020,hls,12.86,tahun,D08,
3518,Kabupaten Nganjuk,2021,hls,12.87,tahun,D08,
3518,Kabupaten Nganjuk,2022,hls,13.07,tahun,D08,
3518,Kabupaten Nganjuk,2023,hls,13.17,tahun,D08,
3518,Kabupaten Nganjuk,2024,hls,13.18,tahun,D08,
3518,Kabupaten Nganjuk,2025,hls,13.19,tahun,D08,
3519,Kabupaten Madiun,2010,hls,11.59,tahun,D08,
3519,Kabupaten Madiun,2011,hls,11.65,tahun,D08,
3519,Kabupaten Madiun,2012,hls,12.06,tahun,D08,
3519,Kabupaten Madiun,2013,hls,12.53,tahun,D08,
3519,Kabupaten Madiun,2014,hls,12.79,tahun,D08,
3519,Kabupaten Madiun,2015,hls,13.1,tahun,D08,
3519,Kabupaten Madiun,2016,hls,13.11,tahun,D08,
3519,Kabupaten Madiun,2017,hls,13.12,tahun,D08,
3519,Kabupaten Madiun,2018,hls,13.13,tahun,D08,
3519,Kabupaten Madiun,2019,hls,13.14,tahun,D08,
3519,Kabupaten Madiun,2020,hls,13.16,tahun,D08,
3519,Kabupaten Madiun,2021,hls,13.17,tahun,D08,
3519,Kabupaten Madiun,2022,hls,13.18,tahun,D08,
3519,Kabupaten Madiun,2023,hls,13.23,tahun,D08,
3519,Kabupaten Madiun,2024,hls,13.27,tahun,D08,
3519,Kabupaten Madiun,2025,hls,13.28,tahun,D08,
3520,Kabupaten Magetan,2010,hls,12.4,tahun,D08,
3520,Kabupaten Magetan,2011,hls,12.42,tahun,D08,
3520,Kabupaten Magetan,2012,hls,12.54,tahun,D08,
3520,Kabupaten Magetan,2013,hls,12.57,tahun,D08,
3520,Kabupaten Magetan,2014,hls,12.77,tahun,D08,
3520,Kabupaten Magetan,2015,hls,13.6,tahun,D08,
3520,Kabupaten Magetan,2016,hls,13.71,tahun,D08,
3520,Kabupaten Magetan,2017,hls,13.72,tahun,D08,
3520,Kabupaten Magetan,2018,hls,13.73,tahun,D08,
3520,Kabupaten Magetan,2019,hls,14.0,tahun,D08,
3520,Kabupaten Magetan,2020,hls,14.03,tahun,D08,
3520,Kabupaten Magetan,2021,hls,14.04,tahun,D08,
3520,Kabupaten Magetan,2022,hls,14.05,tahun,D08,
3520,Kabupaten Magetan,2023,hls,14.07,tahun,D08,
3520,Kabupaten Magetan,2024,hls,14.08,tahun,D08,
3520,Kabupaten Magetan,2025,hls,14.09,tahun,D08,
3521,Kabupaten Ngawi,2010,hls,11.43,tahun,D08,
3521,Kabupaten Ngawi,2011,hls,11.73,tahun,D08,
3521,Kabupaten Ngawi,2012,hls,11.96,tahun,D08,
3521,Kabupaten Ngawi,2013,hls,12.18,tahun,D08,
3521,Kabupaten Ngawi,2014,hls,12.29,tahun,D08,
3521,Kabupaten Ngawi,2015,hls,12.31,tahun,D08,
3521,Kabupaten Ngawi,2016,hls,12.65,tahun,D08,
3521,Kabupaten Ngawi,2017,hls,12.67,tahun,D08,
3521,Kabupaten Ngawi,2018,hls,12.68,tahun,D08,
3521,Kabupaten Ngawi,2019,hls,12.69,tahun,D08,
3521,Kabupaten Ngawi,2020,hls,12.7,tahun,D08,
3521,Kabupaten Ngawi,2021,hls,12.83,tahun,D08,
3521,Kabupaten Ngawi,2022,hls,12.84,tahun,D08,
3521,Kabupaten Ngawi,2023,hls,12.85,tahun,D08,
3521,Kabupaten Ngawi,2024,hls,12.89,tahun,D08,
3521,Kabupaten Ngawi,2025,hls,12.9,tahun,D08,
3522,Kabupaten Bojonegoro,2010,hls,11.14,tahun,D08,
3522,Kabupaten Bojonegoro,2011,hls,11.43,tahun,D08,
3522,Kabupaten Bojonegoro,2012,hls,11.74,tahun,D08,
3522,Kabupaten Bojonegoro,2013,hls,12.04,tahun,D08,
3522,Kabupaten Bojonegoro,2014,hls,12.08,tahun,D08,
3522,Kabupaten Bojonegoro,2015,hls,12.09,tahun,D08,
3522,Kabupaten Bojonegoro,2016,hls,12.11,tahun,D08,
3522,Kabupaten Bojonegoro,2017,hls,12.34,tahun,D08,
3522,Kabupaten Bojonegoro,2018,hls,12.35,tahun,D08,
3522,Kabupaten Bojonegoro,2019,hls,12.36,tahun,D08,
3522,Kabupaten Bojonegoro,2020,hls,12.39,tahun,D08,
3522,Kabupaten Bojonegoro,2021,hls,12.68,tahun,D08,
3522,Kabupaten Bojonegoro,2022,hls,12.84,tahun,D08,
3522,Kabupaten Bojonegoro,2023,hls,12.92,tahun,D08,
3522,Kabupaten Bojonegoro,2024,hls,13.18,tahun,D08,
3522,Kabupaten Bojonegoro,2025,hls,13.27,tahun,D08,
3523,Kabupaten Tuban,2010,hls,10.47,tahun,D08,
3523,Kabupaten Tuban,2011,hls,10.91,tahun,D08,
3523,Kabupaten Tuban,2012,hls,11.02,tahun,D08,
3523,Kabupaten Tuban,2013,hls,11.13,tahun,D08,
3523,Kabupaten Tuban,2014,hls,11.42,tahun,D08,
3523,Kabupaten Tuban,2015,hls,12.07,tahun,D08,
3523,Kabupaten Tuban,2016,hls,12.17,tahun,D08,
3523,Kabupaten Tuban,2017,hls,12.18,tahun,D08,
3523,Kabupaten Tuban,2018,hls,12.19,tahun,D08,
3523,Kabupaten Tuban,2019,hls,12.2,tahun,D08,
3523,Kabupaten Tuban,2020,hls,12.21,tahun,D08,
3523,Kabupaten Tuban,2021,hls,12.22,tahun,D08,
3523,Kabupaten Tuban,2022,hls,12.24,tahun,D08,
3523,Kabupaten Tuban,2023,hls,12.27,tahun,D08,
3523,Kabupaten Tuban,2024,hls,12.54,tahun,D08,
3523,Kabupaten Tuban,2025,hls,12.77,tahun,D08,
3524,Kabupaten Lamongan,2010,hls,11.79,tahun,D08,
3524,Kabupaten Lamongan,2011,hls,11.88,tahun,D08,
3524,Kabupaten Lamongan,2012,hls,12.34,tahun,D08,
3524,Kabupaten Lamongan,2013,hls,13.22,tahun,D08,
3524,Kabupaten Lamongan,2014,hls,13.41,tahun,D08,
3524,Kabupaten Lamongan,2015,hls,13.43,tahun,D08,
3524,Kabupaten Lamongan,2016,hls,13.44,tahun,D08,
3524,Kabupaten Lamongan,2017,hls,13.45,tahun,D08,
3524,Kabupaten Lamongan,2018,hls,13.46,tahun,D08,
3524,Kabupaten Lamongan,2019,hls,13.47,tahun,D08,
3524,Kabupaten Lamongan,2020,hls,13.48,tahun,D08,
3524,Kabupaten Lamongan,2021,hls,13.77,tahun,D08,
3524,Kabupaten Lamongan,2022,hls,14.01,tahun,D08,
3524,Kabupaten Lamongan,2023,hls,14.02,tahun,D08,
3524,Kabupaten Lamongan,2024,hls,14.03,tahun,D08,
3524,Kabupaten Lamongan,2025,hls,14.04,tahun,D08,
3525,Kabupaten Gresik,2010,hls,11.89,tahun,D08,
3525,Kabupaten Gresik,2011,hls,12.23,tahun,D08,
3525,Kabupaten Gresik,2012,hls,12.63,tahun,D08,
3525,Kabupaten Gresik,2013,hls,12.85,tahun,D08,
3525,Kabupaten Gresik,2014,hls,13.17,tahun,D08,
3525,Kabupaten Gresik,2015,hls,13.19,tahun,D08,
3525,Kabupaten Gresik,2016,hls,13.69,tahun,D08,
3525,Kabupaten Gresik,2017,hls,13.7,tahun,D08,
3525,Kabupaten Gresik,2018,hls,13.71,tahun,D08,
3525,Kabupaten Gresik,2019,hls,13.72,tahun,D08,
3525,Kabupaten Gresik,2020,hls,13.73,tahun,D08,
3525,Kabupaten Gresik,2021,hls,13.77,tahun,D08,
3525,Kabupaten Gresik,2022,hls,13.96,tahun,D08,
3525,Kabupaten Gresik,2023,hls,13.97,tahun,D08,
3525,Kabupaten Gresik,2024,hls,13.98,tahun,D08,
3525,Kabupaten Gresik,2025,hls,13.99,tahun,D08,
3526,Kabupaten Bangkalan,2010,hls,10.16,tahun,D08,
3526,Kabupaten Bangkalan,2011,hls,10.56,tahun,D08,
3526,Kabupaten Bangkalan,2012,hls,10.67,tahun,D08,
3526,Kabupaten Bangkalan,2013,hls,10.96,tahun,D08,
3526,Kabupaten Bangkalan,2014,hls,11.17,tahun,D08,
3526,Kabupaten Bangkalan,2015,hls,11.55,tahun,D08,
3526,Kabupaten Bangkalan,2016,hls,11.56,tahun,D08,
3526,Kabupaten Bangkalan,2017,hls,11.57,tahun,D08,
3526,Kabupaten Bangkalan,2018,hls,11.58,tahun,D08,
3526,Kabupaten Bangkalan,2019,hls,11.59,tahun,D08,
3526,Kabupaten Bangkalan,2020,hls,11.6,tahun,D08,
3526,Kabupaten Bangkalan,2021,hls,11.73,tahun,D08,
3526,Kabupaten Bangkalan,2022,hls,11.91,tahun,D08,
3526,Kabupaten Bangkalan,2023,hls,11.97,tahun,D08,
3526,Kabupaten Bangkalan,2024,hls,11.98,tahun,D08,
3526,Kabupaten Bangkalan,2025,hls,12.09,tahun,D08,
3527,Kabupaten Sampang,2010,hls,9.78,tahun,D08,
3527,Kabupaten Sampang,2011,hls,9.82,tahun,D08,
3527,Kabupaten Sampang,2012,hls,9.86,tahun,D08,
3527,Kabupaten Sampang,2013,hls,10.2,tahun,D08,
3527,Kabupaten Sampang,2014,hls,10.39,tahun,D08,
3527,Kabupaten Sampang,2015,hls,11.09,tahun,D08,
3527,Kabupaten Sampang,2016,hls,11.37,tahun,D08,
3527,Kabupaten Sampang,2017,hls,11.38,tahun,D08,
3527,Kabupaten Sampang,2018,hls,11.76,tahun,D08,
3527,Kabupaten Sampang,2019,hls,12.08,tahun,D08,
3527,Kabupaten Sampang,2020,hls,12.37,tahun,D08,
3527,Kabupaten Sampang,2021,hls,12.38,tahun,D08,
3527,Kabupaten Sampang,2022,hls,12.39,tahun,D08,
3527,Kabupaten Sampang,2023,hls,12.54,tahun,D08,
3527,Kabupaten Sampang,2024,hls,12.55,tahun,D08,
3527,Kabupaten Sampang,2025,hls,12.56,tahun,D08,
3528,Kabupaten Pamekasan,2010,hls,12.34,tahun,D08,
3528,Kabupaten Pamekasan,2011,hls,12.52,tahun,D08,
3528,Kabupaten Pamekasan,2012,hls,12.7,tahun,D08,
3528,Kabupaten Pamekasan,2013,hls,13.05,tahun,D08,
3528,Kabupaten Pamekasan,2014,hls,13.32,tahun,D08,
3528,Kabupaten Pamekasan,2015,hls,13.34,tahun,D08,
3528,Kabupaten Pamekasan,2016,hls,13.35,tahun,D08,
3528,Kabupaten Pamekasan,2017,hls,13.61,tahun,D08,
3528,Kabupaten Pamekasan,2018,hls,13.62,tahun,D08,
3528,Kabupaten Pamekasan,2019,hls,13.63,tahun,D08,
3528,Kabupaten Pamekasan,2020,hls,13.64,tahun,D08,
3528,Kabupaten Pamekasan,2021,hls,13.65,tahun,D08,
3528,Kabupaten Pamekasan,2022,hls,13.67,tahun,D08,
3528,Kabupaten Pamekasan,2023,hls,13.68,tahun,D08,
3528,Kabupaten Pamekasan,2024,hls,13.69,tahun,D08,
3528,Kabupaten Pamekasan,2025,hls,13.83,tahun,D08,
3529,Kabupaten Sumenep,2010,hls,11.58,tahun,D08,
3529,Kabupaten Sumenep,2011,hls,11.59,tahun,D08,
3529,Kabupaten Sumenep,2012,hls,12.01,tahun,D08,
3529,Kabupaten Sumenep,2013,hls,12.18,tahun,D08,
3529,Kabupaten Sumenep,2014,hls,12.39,tahun,D08,
3529,Kabupaten Sumenep,2015,hls,12.41,tahun,D08,
3529,Kabupaten Sumenep,2016,hls,12.73,tahun,D08,
3529,Kabupaten Sumenep,2017,hls,12.74,tahun,D08,
3529,Kabupaten Sumenep,2018,hls,13.07,tahun,D08,
3529,Kabupaten Sumenep,2019,hls,13.19,tahun,D08,
3529,Kabupaten Sumenep,2020,hls,13.2,tahun,D08,
3529,Kabupaten Sumenep,2021,hls,13.33,tahun,D08,
3529,Kabupaten Sumenep,2022,hls,13.51,tahun,D08,
3529,Kabupaten Sumenep,2023,hls,13.58,tahun,D08,
3529,Kabupaten Sumenep,2024,hls,13.59,tahun,D08,
3529,Kabupaten Sumenep,2025,hls,13.6,tahun,D08,
3571,Kota Kediri,2010,hls,12.72,tahun,D08,
3571,Kota Kediri,2011,hls,12.9,tahun,D08,
3571,Kota Kediri,2012,hls,13.09,tahun,D08,
3571,Kota Kediri,2013,hls,13.27,tahun,D08,
3571,Kota Kediri,2014,hls,13.52,tahun,D08,
3571,Kota Kediri,2015,hls,14.3,tahun,D08,
3571,Kota Kediri,2016,hls,14.61,tahun,D08,
3571,Kota Kediri,2017,hls,14.95,tahun,D08,
3571,Kota Kediri,2018,hls,14.96,tahun,D08,
3571,Kota Kediri,2019,hls,14.97,tahun,D08,
3571,Kota Kediri,2020,hls,15.26,tahun,D08,
3571,Kota Kediri,2021,hls,15.27,tahun,D08,
3571,Kota Kediri,2022,hls,15.44,tahun,D08,
3571,Kota Kediri,2023,hls,15.45,tahun,D08,
3571,Kota Kediri,2024,hls,15.71,tahun,D08,
3571,Kota Kediri,2025,hls,15.72,tahun,D08,
3572,Kota Blitar,2010,hls,12.13,tahun,D08,
3572,Kota Blitar,2011,hls,12.28,tahun,D08,
3572,Kota Blitar,2012,hls,12.29,tahun,D08,
3572,Kota Blitar,2013,hls,13.15,tahun,D08,
3572,Kota Blitar,2014,hls,13.51,tahun,D08,
3572,Kota Blitar,2015,hls,13.53,tahun,D08,
3572,Kota Blitar,2016,hls,14.0,tahun,D08,
3572,Kota Blitar,2017,hls,14.01,tahun,D08,
3572,Kota Blitar,2018,hls,14.02,tahun,D08,
3572,Kota Blitar,2019,hls,14.31,tahun,D08,
3572,Kota Blitar,2020,hls,14.32,tahun,D08,
3572,Kota Blitar,2021,hls,14.33,tahun,D08,
3572,Kota Blitar,2022,hls,14.56,tahun,D08,
3572,Kota Blitar,2023,hls,14.57,tahun,D08,
3572,Kota Blitar,2024,hls,14.81,tahun,D08,
3572,Kota Blitar,2025,hls,14.82,tahun,D08,
3573,Kota Malang,2010,hls,13.41,tahun,D08,
3573,Kota Malang,2011,hls,13.71,tahun,D08,
3573,Kota Malang,2012,hls,14.01,tahun,D08,
3573,Kota Malang,2013,hls,14.16,tahun,D08,
3573,Kota Malang,2014,hls,14.47,tahun,D08,
3573,Kota Malang,2015,hls,15.23,tahun,D08,
3573,Kota Malang,2016,hls,15.38,tahun,D08,
3573,Kota Malang,2017,hls,15.39,tahun,D08,
3573,Kota Malang,2018,hls,15.4,tahun,D08,
3573,Kota Malang,2019,hls,15.41,tahun,D08,
3573,Kota Malang,2020,hls,15.51,tahun,D08,
3573,Kota Malang,2021,hls,15.75,tahun,D08,
3573,Kota Malang,2022,hls,15.76,tahun,D08,
3573,Kota Malang,2023,hls,15.77,tahun,D08,
3573,Kota Malang,2024,hls,15.79,tahun,D08,
3573,Kota Malang,2025,hls,15.8,tahun,D08,
3574,Kota Probolinggo,2010,hls,11.91,tahun,D08,
3574,Kota Probolinggo,2011,hls,12.16,tahun,D08,
3574,Kota Probolinggo,2012,hls,12.42,tahun,D08,
3574,Kota Probolinggo,2013,hls,12.97,tahun,D08,
3574,Kota Probolinggo,2014,hls,13.29,tahun,D08,
3574,Kota Probolinggo,2015,hls,13.32,tahun,D08,
3574,Kota Probolinggo,2016,hls,13.54,tahun,D08,
3574,Kota Probolinggo,2017,hls,13.55,tahun,D08,
3574,Kota Probolinggo,2018,hls,13.56,tahun,D08,
3574,Kota Probolinggo,2019,hls,13.57,tahun,D08,
3574,Kota Probolinggo,2020,hls,13.59,tahun,D08,
3574,Kota Probolinggo,2021,hls,13.6,tahun,D08,
3574,Kota Probolinggo,2022,hls,13.67,tahun,D08,
3574,Kota Probolinggo,2023,hls,13.73,tahun,D08,
3574,Kota Probolinggo,2024,hls,13.98,tahun,D08,
3574,Kota Probolinggo,2025,hls,13.99,tahun,D08,
3575,Kota Pasuruan,2010,hls,11.86,tahun,D08,
3575,Kota Pasuruan,2011,hls,11.94,tahun,D08,
3575,Kota Pasuruan,2012,hls,12.87,tahun,D08,
3575,Kota Pasuruan,2013,hls,13.29,tahun,D08,
3575,Kota Pasuruan,2014,hls,13.53,tahun,D08,
3575,Kota Pasuruan,2015,hls,13.56,tahun,D08,
3575,Kota Pasuruan,2016,hls,13.57,tahun,D08,
3575,Kota Pasuruan,2017,hls,13.58,tahun,D08,
3575,Kota Pasuruan,2018,hls,13.59,tahun,D08,
3575,Kota Pasuruan,2019,hls,13.6,tahun,D08,
3575,Kota Pasuruan,2020,hls,13.62,tahun,D08,
3575,Kota Pasuruan,2021,hls,13.63,tahun,D08,
3575,Kota Pasuruan,2022,hls,13.64,tahun,D08,
3575,Kota Pasuruan,2023,hls,13.66,tahun,D08,
3575,Kota Pasuruan,2024,hls,13.67,tahun,D08,
3575,Kota Pasuruan,2025,hls,13.68,tahun,D08,
3576,Kota Mojokerto,2010,hls,12.46,tahun,D08,
3576,Kota Mojokerto,2011,hls,12.72,tahun,D08,
3576,Kota Mojokerto,2012,hls,12.98,tahun,D08,
3576,Kota Mojokerto,2013,hls,13.24,tahun,D08,
3576,Kota Mojokerto,2014,hls,13.3,tahun,D08,
3576,Kota Mojokerto,2015,hls,13.33,tahun,D08,
3576,Kota Mojokerto,2016,hls,13.8,tahun,D08,
3576,Kota Mojokerto,2017,hls,13.81,tahun,D08,
3576,Kota Mojokerto,2018,hls,13.82,tahun,D08,
3576,Kota Mojokerto,2019,hls,13.83,tahun,D08,
3576,Kota Mojokerto,2020,hls,14.0,tahun,D08,
3576,Kota Mojokerto,2021,hls,14.01,tahun,D08,
3576,Kota Mojokerto,2022,hls,14.02,tahun,D08,
3576,Kota Mojokerto,2023,hls,14.04,tahun,D08,
3576,Kota Mojokerto,2024,hls,14.13,tahun,D08,
3576,Kota Mojokerto,2025,hls,14.14,tahun,D08,
3577,Kota Madiun,2010,hls,12.42,tahun,D08,
3577,Kota Madiun,2011,hls,12.44,tahun,D08,
3577,Kota Madiun,2012,hls,12.56,tahun,D08,
3577,Kota Madiun,2013,hls,13.33,tahun,D08,
3577,Kota Madiun,2014,hls,13.64,tahun,D08,
3577,Kota Madiun,2015,hls,14.06,tahun,D08,
3577,Kota Madiun,2016,hls,14.19,tahun,D08,
3577,Kota Madiun,2017,hls,14.2,tahun,D08,
3577,Kota Madiun,2018,hls,14.21,tahun,D08,
3577,Kota Madiun,2019,hls,14.39,tahun,D08,
3577,Kota Madiun,2020,hls,14.4,tahun,D08,
3577,Kota Madiun,2021,hls,14.41,tahun,D08,
3577,Kota Madiun,2022,hls,14.43,tahun,D08,
3577,Kota Madiun,2023,hls,14.44,tahun,D08,
3577,Kota Madiun,2024,hls,14.54,tahun,D08,
3577,Kota Madiun,2025,hls,14.55,tahun,D08,
3578,Kota Surabaya,2010,hls,12.88,tahun,D08,
3578,Kota Surabaya,2011,hls,12.96,tahun,D08,
3578,Kota Surabaya,2012,hls,13.05,tahun,D08,
3578,Kota Surabaya,2013,hls,13.13,tahun,D08,
3578,Kota Surabaya,2014,hls,13.44,tahun,D08,
3578,Kota Surabaya,2015,hls,13.52,tahun,D08,
3578,Kota Surabaya,2016,hls,13.99,tahun,D08,
3578,Kota Surabaya,2017,hls,14.41,tahun,D08,
3578,Kota Surabaya,2018,hls,14.78,tahun,D08,
3578,Kota Surabaya,2019,hls,14.79,tahun,D08,
3578,Kota Surabaya,2020,hls,14.8,tahun,D08,
3578,Kota Surabaya,2021,hls,14.81,tahun,D08,
3578,Kota Surabaya,2022,hls,14.83,tahun,D08,
3578,Kota Surabaya,2023,hls,14.85,tahun,D08,
3578,Kota Surabaya,2024,hls,14.87,tahun,D08,
3578,Kota Surabaya,2025,hls,14.88,tahun,D08,
3579,Kota Batu,2010,hls,12.6,tahun,D08,
3579,Kota Batu,2011,hls,12.64,tahun,D08,
3579,Kota Batu,2012,hls,12.67,tahun,D08,
3579,Kota Batu,2013,hls,12.71,tahun,D08,
3579,Kota Batu,2014,hls,12.9,tahun,D08,
3579,Kota Batu,2015,hls,13.16,tahun,D08,
3579,Kota Batu,2016,hls,13.62,tahun,D08,
3579,Kota Batu,2017,hls,14.03,tahun,D08,
3579,Kota Batu,2018,hls,14.04,tahun,D08,
3579,Kota Batu,2019,hls,14.12,tahun,D08,
3579,Kota Batu,2020,hls,14.13,tahun,D08,
3579,Kota Batu,2021,hls,14.16,tahun,D08,
3579,Kota Batu,2022,hls,14.4,tahun,D08,
3579,Kota Batu,2023,hls,14.56,tahun,D08,
3579,Kota Batu,2024,hls,14.58,tahun,D08,
3579,Kota Batu,2025,hls,14.59,tahun,D08,
3501,Kabupaten Pacitan,2010,ipm,61.14,indeks,D06,patahan_seri_metode_uhh
3501,Kabupaten Pacitan,2011,ipm,62.03,indeks,D06,patahan_seri_metode_uhh
3501,Kabupaten Pacitan,2012,ipm,62.94,indeks,D06,patahan_seri_metode_uhh
3501,Kabupaten Pacitan,2013,ipm,63.38,indeks,D06,patahan_seri_metode_uhh
3501,Kabupaten Pacitan,2014,ipm,63.81,indeks,D06,patahan_seri_metode_uhh
3501,Kabupaten Pacitan,2015,ipm,64.92,indeks,D06,patahan_seri_metode_uhh
3501,Kabupaten Pacitan,2016,ipm,65.74,indeks,D06,patahan_seri_metode_uhh
3501,Kabupaten Pacitan,2017,ipm,66.51,indeks,D06,patahan_seri_metode_uhh
3501,Kabupaten Pacitan,2018,ipm,67.33,indeks,D06,patahan_seri_metode_uhh
3501,Kabupaten Pacitan,2019,ipm,68.16,indeks,D06,patahan_seri_metode_uhh
3501,Kabupaten Pacitan,2020,ipm,69.28,indeks,D06,
3501,Kabupaten Pacitan,2021,ipm,69.45,indeks,D06,
3501,Kabupaten Pacitan,2022,ipm,70.19,indeks,D06,
3501,Kabupaten Pacitan,2023,ipm,70.94,indeks,D06,
3501,Kabupaten Pacitan,2024,ipm,71.49,indeks,D06,
3501,Kabupaten Pacitan,2025,ipm,72.26,indeks,D06,
3502,Kabupaten Ponorogo,2010,ipm,64.13,indeks,D06,patahan_seri_metode_uhh
3502,Kabupaten Ponorogo,2011,ipm,65.28,indeks,D06,patahan_seri_metode_uhh
3502,Kabupaten Ponorogo,2012,ipm,66.16,indeks,D06,patahan_seri_metode_uhh
3502,Kabupaten Ponorogo,2013,ipm,67.03,indeks,D06,patahan_seri_metode_uhh
3502,Kabupaten Ponorogo,2014,ipm,67.4,indeks,D06,patahan_seri_metode_uhh
3502,Kabupaten Ponorogo,2015,ipm,68.16,indeks,D06,patahan_seri_metode_uhh
3502,Kabupaten Ponorogo,2016,ipm,68.93,indeks,D06,patahan_seri_metode_uhh
3502,Kabupaten Ponorogo,2017,ipm,69.26,indeks,D06,patahan_seri_metode_uhh
3502,Kabupaten Ponorogo,2018,ipm,69.91,indeks,D06,patahan_seri_metode_uhh
3502,Kabupaten Ponorogo,2019,ipm,70.56,indeks,D06,patahan_seri_metode_uhh
3502,Kabupaten Ponorogo,2020,ipm,71.57,indeks,D06,
3502,Kabupaten Ponorogo,2021,ipm,71.81,indeks,D06,
3502,Kabupaten Ponorogo,2022,ipm,72.59,indeks,D06,
3502,Kabupaten Ponorogo,2023,ipm,73.18,indeks,D06,
3502,Kabupaten Ponorogo,2024,ipm,73.7,indeks,D06,
3502,Kabupaten Ponorogo,2025,ipm,74.65,indeks,D06,
3503,Kabupaten Trenggalek,2010,ipm,63.67,indeks,D06,patahan_seri_metode_uhh
3503,Kabupaten Trenggalek,2011,ipm,64.27,indeks,D06,patahan_seri_metode_uhh
3503,Kabupaten Trenggalek,2012,ipm,65.01,indeks,D06,patahan_seri_metode_uhh
3503,Kabupaten Trenggalek,2013,ipm,65.76,indeks,D06,patahan_seri_metode_uhh
3503,Kabupaten Trenggalek,2014,ipm,66.16,indeks,D06,patahan_seri_metode_uhh
3503,Kabupaten Trenggalek,2015,ipm,67.25,indeks,D06,patahan_seri_metode_uhh
3503,Kabupaten Trenggalek,2016,ipm,67.78,indeks,D06,patahan_seri_metode_uhh
3503,Kabupaten Trenggalek,2017,ipm,68.1,indeks,D06,patahan_seri_metode_uhh
3503,Kabupaten Trenggalek,2018,ipm,68.71,indeks,D06,patahan_seri_metode_uhh
3503,Kabupaten Trenggalek,2019,ipm,69.46,indeks,D06,patahan_seri_metode_uhh
3503,Kabupaten Trenggalek,2020,ipm,70.1,indeks,D06,
3503,Kabupaten Trenggalek,2021,ipm,70.4,indeks,D06,
3503,Kabupaten Trenggalek,2022,ipm,71.28,indeks,D06,
3503,Kabupaten Trenggalek,2023,ipm,71.96,indeks,D06,
3503,Kabupaten Trenggalek,2024,ipm,72.47,indeks,D06,
3503,Kabupaten Trenggalek,2025,ipm,73.39,indeks,D06,
3504,Kabupaten Tulungagung,2010,ipm,67.28,indeks,D06,patahan_seri_metode_uhh
3504,Kabupaten Tulungagung,2011,ipm,67.76,indeks,D06,patahan_seri_metode_uhh
3504,Kabupaten Tulungagung,2012,ipm,68.29,indeks,D06,patahan_seri_metode_uhh
3504,Kabupaten Tulungagung,2013,ipm,69.3,indeks,D06,patahan_seri_metode_uhh
3504,Kabupaten Tulungagung,2014,ipm,69.49,indeks,D06,patahan_seri_metode_uhh
3504,Kabupaten Tulungagung,2015,ipm,70.07,indeks,D06,patahan_seri_metode_uhh
3504,Kabupaten Tulungagung,2016,ipm,70.82,indeks,D06,patahan_seri_metode_uhh
3504,Kabupaten Tulungagung,2017,ipm,71.24,indeks,D06,patahan_seri_metode_uhh
3504,Kabupaten Tulungagung,2018,ipm,71.99,indeks,D06,patahan_seri_metode_uhh
3504,Kabupaten Tulungagung,2019,ipm,72.62,indeks,D06,patahan_seri_metode_uhh
3504,Kabupaten Tulungagung,2020,ipm,73.15,indeks,D06,
3504,Kabupaten Tulungagung,2021,ipm,73.29,indeks,D06,
3504,Kabupaten Tulungagung,2022,ipm,74.14,indeks,D06,
3504,Kabupaten Tulungagung,2023,ipm,74.65,indeks,D06,
3504,Kabupaten Tulungagung,2024,ipm,75.13,indeks,D06,
3504,Kabupaten Tulungagung,2025,ipm,75.88,indeks,D06,
3505,Kabupaten Blitar,2010,ipm,64.79,indeks,D06,patahan_seri_metode_uhh
3505,Kabupaten Blitar,2011,ipm,65.47,indeks,D06,patahan_seri_metode_uhh
3505,Kabupaten Blitar,2012,ipm,66.17,indeks,D06,patahan_seri_metode_uhh
3505,Kabupaten Blitar,2013,ipm,66.49,indeks,D06,patahan_seri_metode_uhh
3505,Kabupaten Blitar,2014,ipm,66.88,indeks,D06,patahan_seri_metode_uhh
3505,Kabupaten Blitar,2015,ipm,68.13,indeks,D06,patahan_seri_metode_uhh
3505,Kabupaten Blitar,2016,ipm,68.88,indeks,D06,patahan_seri_metode_uhh
3505,Kabupaten Blitar,2017,ipm,69.33,indeks,D06,patahan_seri_metode_uhh
3505,Kabupaten Blitar,2018,ipm,69.93,indeks,D06,patahan_seri_metode_uhh
3505,Kabupaten Blitar,2019,ipm,70.57,indeks,D06,patahan_seri_metode_uhh
3505,Kabupaten Blitar,2020,ipm,71.02,indeks,D06,
3505,Kabupaten Blitar,2021,ipm,71.48,indeks,D06,
3505,Kabupaten Blitar,2022,ipm,72.25,indeks,D06,
3505,Kabupaten Blitar,2023,ipm,72.84,indeks,D06,
3505,Kabupaten Blitar,2024,ipm,73.44,indeks,D06,
3505,Kabupaten Blitar,2025,ipm,74.43,indeks,D06,
3506,Kabupaten Kediri,2010,ipm,66.24,indeks,D06,patahan_seri_metode_uhh
3506,Kabupaten Kediri,2011,ipm,66.84,indeks,D06,patahan_seri_metode_uhh
3506,Kabupaten Kediri,2012,ipm,67.29,indeks,D06,patahan_seri_metode_uhh
3506,Kabupaten Kediri,2013,ipm,68.01,indeks,D06,patahan_seri_metode_uhh
3506,Kabupaten Kediri,2014,ipm,68.44,indeks,D06,patahan_seri_metode_uhh
3506,Kabupaten Kediri,2015,ipm,68.91,indeks,D06,patahan_seri_metode_uhh
3506,Kabupaten Kediri,2016,ipm,69.87,indeks,D06,patahan_seri_metode_uhh
3506,Kabupaten Kediri,2017,ipm,70.47,indeks,D06,patahan_seri_metode_uhh
3506,Kabupaten Kediri,2018,ipm,71.07,indeks,D06,patahan_seri_metode_uhh
3506,Kabupaten Kediri,2019,ipm,71.85,indeks,D06,patahan_seri_metode_uhh
3506,Kabupaten Kediri,2020,ipm,72.8,indeks,D06,
3506,Kabupaten Kediri,2021,ipm,73.31,indeks,D06,
3506,Kabupaten Kediri,2022,ipm,74.2,indeks,D06,
3506,Kabupaten Kediri,2023,ipm,74.68,indeks,D06,
3506,Kabupaten Kediri,2024,ipm,75.18,indeks,D06,
3506,Kabupaten Kediri,2025,ipm,76.09,indeks,D06,
3507,Kabupaten Malang,2010,ipm,63.47,indeks,D06,patahan_seri_metode_uhh
3507,Kabupaten Malang,2011,ipm,63.97,indeks,D06,patahan_seri_metode_uhh
3507,Kabupaten Malang,2012,ipm,64.71,indeks,D06,patahan_seri_metode_uhh
3507,Kabupaten Malang,2013,ipm,65.2,indeks,D06,patahan_seri_metode_uhh
3507,Kabupaten Malang,2014,ipm,65.59,indeks,D06,patahan_seri_metode_uhh
3507,Kabupaten Malang,2015,ipm,66.63,indeks,D06,patahan_seri_metode_uhh
3507,Kabupaten Malang,2016,ipm,67.51,indeks,D06,patahan_seri_metode_uhh
3507,Kabupaten Malang,2017,ipm,68.47,indeks,D06,patahan_seri_metode_uhh
3507,Kabupaten Malang,2018,ipm,69.4,indeks,D06,patahan_seri_metode_uhh
3507,Kabupaten Malang,2019,ipm,70.35,indeks,D06,patahan_seri_metode_uhh
3507,Kabupaten Malang,2020,ipm,71.24,indeks,D06,
3507,Kabupaten Malang,2021,ipm,71.48,indeks,D06,
3507,Kabupaten Malang,2022,ipm,72.23,indeks,D06,
3507,Kabupaten Malang,2023,ipm,73.0,indeks,D06,
3507,Kabupaten Malang,2024,ipm,73.53,indeks,D06,
3507,Kabupaten Malang,2025,ipm,74.45,indeks,D06,
3508,Kabupaten Lumajang,2010,ipm,59.62,indeks,D06,patahan_seri_metode_uhh
3508,Kabupaten Lumajang,2011,ipm,60.72,indeks,D06,patahan_seri_metode_uhh
3508,Kabupaten Lumajang,2012,ipm,61.31,indeks,D06,patahan_seri_metode_uhh
3508,Kabupaten Lumajang,2013,ipm,61.87,indeks,D06,patahan_seri_metode_uhh
3508,Kabupaten Lumajang,2014,ipm,62.33,indeks,D06,patahan_seri_metode_uhh
3508,Kabupaten Lumajang,2015,ipm,63.02,indeks,D06,patahan_seri_metode_uhh
3508,Kabupaten Lumajang,2016,ipm,63.74,indeks,D06,patahan_seri_metode_uhh
3508,Kabupaten Lumajang,2017,ipm,64.23,indeks,D06,patahan_seri_metode_uhh
3508,Kabupaten Lumajang,2018,ipm,64.83,indeks,D06,patahan_seri_metode_uhh
3508,Kabupaten Lumajang,2019,ipm,65.33,indeks,D06,patahan_seri_metode_uhh
3508,Kabupaten Lumajang,2020,ipm,67.04,indeks,D06,
3508,Kabupaten Lumajang,2021,ipm,67.65,indeks,D06,
3508,Kabupaten Lumajang,2022,ipm,68.48,indeks,D06,
3508,Kabupaten Lumajang,2023,ipm,69.37,indeks,D06,
3508,Kabupaten Lumajang,2024,ipm,70.31,indeks,D06,
3508,Kabupaten Lumajang,2025,ipm,71.02,indeks,D06,
3509,Kabupaten Jember,2010,ipm,59.94,indeks,D06,patahan_seri_metode_uhh
3509,Kabupaten Jember,2011,ipm,60.64,indeks,D06,patahan_seri_metode_uhh
3509,Kabupaten Jember,2012,ipm,61.31,indeks,D06,patahan_seri_metode_uhh
3509,Kabupaten Jember,2013,ipm,62.43,indeks,D06,patahan_seri_metode_uhh
3509,Kabupaten Jember,2014,ipm,62.64,indeks,D06,patahan_seri_metode_uhh
3509,Kabupaten Jember,2015,ipm,63.04,indeks,D06,patahan_seri_metode_uhh
3509,Kabupaten Jember,2016,ipm,64.01,indeks,D06,patahan_seri_metode_uhh
3509,Kabupaten Jember,2017,ipm,64.96,indeks,D06,patahan_seri_metode_uhh
3509,Kabupaten Jember,2018,ipm,65.96,indeks,D06,patahan_seri_metode_uhh
3509,Kabupaten Jember,2019,ipm,66.69,indeks,D06,patahan_seri_metode_uhh
3509,Kabupaten Jember,2020,ipm,69.01,indeks,D06,
3509,Kabupaten Jember,2021,ipm,69.2,indeks,D06,
3509,Kabupaten Jember,2022,ipm,69.8,indeks,D06,
3509,Kabupaten Jember,2023,ipm,70.42,indeks,D06,
3509,Kabupaten Jember,2024,ipm,70.93,indeks,D06,
3509,Kabupaten Jember,2025,ipm,71.57,indeks,D06,
3510,Kabupaten Banyuwangi,2010,ipm,64.54,indeks,D06,patahan_seri_metode_uhh
3510,Kabupaten Banyuwangi,2011,ipm,65.48,indeks,D06,patahan_seri_metode_uhh
3510,Kabupaten Banyuwangi,2012,ipm,66.12,indeks,D06,patahan_seri_metode_uhh
3510,Kabupaten Banyuwangi,2013,ipm,66.74,indeks,D06,patahan_seri_metode_uhh
3510,Kabupaten Banyuwangi,2014,ipm,67.31,indeks,D06,patahan_seri_metode_uhh
3510,Kabupaten Banyuwangi,2015,ipm,68.08,indeks,D06,patahan_seri_metode_uhh
3510,Kabupaten Banyuwangi,2016,ipm,69.0,indeks,D06,patahan_seri_metode_uhh
3510,Kabupaten Banyuwangi,2017,ipm,69.64,indeks,D06,patahan_seri_metode_uhh
3510,Kabupaten Banyuwangi,2018,ipm,70.06,indeks,D06,patahan_seri_metode_uhh
3510,Kabupaten Banyuwangi,2019,ipm,70.6,indeks,D06,patahan_seri_metode_uhh
3510,Kabupaten Banyuwangi,2020,ipm,71.85,indeks,D06,
3510,Kabupaten Banyuwangi,2021,ipm,72.62,indeks,D06,
3510,Kabupaten Banyuwangi,2022,ipm,73.15,indeks,D06,
3510,Kabupaten Banyuwangi,2023,ipm,73.79,indeks,D06,
3510,Kabupaten Banyuwangi,2024,ipm,74.3,indeks,D06,
3510,Kabupaten Banyuwangi,2025,ipm,75.17,indeks,D06,
3511,Kabupaten Bondowoso,2010,ipm,59.47,indeks,D06,patahan_seri_metode_uhh
3511,Kabupaten Bondowoso,2011,ipm,60.46,indeks,D06,patahan_seri_metode_uhh
3511,Kabupaten Bondowoso,2012,ipm,62.24,indeks,D06,patahan_seri_metode_uhh
3511,Kabupaten Bondowoso,2013,ipm,63.21,indeks,D06,patahan_seri_metode_uhh
3511,Kabupaten Bondowoso,2014,ipm,63.43,indeks,D06,patahan_seri_metode_uhh
3511,Kabupaten Bondowoso,2015,ipm,63.95,indeks,D06,patahan_seri_metode_uhh
3511,Kabupaten Bondowoso,2016,ipm,64.52,indeks,D06,patahan_seri_metode_uhh
3511,Kabupaten Bondowoso,2017,ipm,64.75,indeks,D06,patahan_seri_metode_uhh
3511,Kabupaten Bondowoso,2018,ipm,65.27,indeks,D06,patahan_seri_metode_uhh
3511,Kabupaten Bondowoso,2019,ipm,66.09,indeks,D06,patahan_seri_metode_uhh
3511,Kabupaten Bondowoso,2020,ipm,69.1,indeks,D06,
3511,Kabupaten Bondowoso,2021,ipm,69.24,indeks,D06,
3511,Kabupaten Bondowoso,2022,ipm,69.91,indeks,D06,
3511,Kabupaten Bondowoso,2023,ipm,70.56,indeks,D06,
3511,Kabupaten Bondowoso,2024,ipm,71.22,indeks,D06,
3511,Kabupaten Bondowoso,2025,ipm,71.72,indeks,D06,
3512,Kabupaten Situbondo,2010,ipm,60.07,indeks,D06,patahan_seri_metode_uhh
3512,Kabupaten Situbondo,2011,ipm,60.82,indeks,D06,patahan_seri_metode_uhh
3512,Kabupaten Situbondo,2012,ipm,62.23,indeks,D06,patahan_seri_metode_uhh
3512,Kabupaten Situbondo,2013,ipm,63.43,indeks,D06,patahan_seri_metode_uhh
3512,Kabupaten Situbondo,2014,ipm,63.91,indeks,D06,patahan_seri_metode_uhh
3512,Kabupaten Situbondo,2015,ipm,64.53,indeks,D06,patahan_seri_metode_uhh
3512,Kabupaten Situbondo,2016,ipm,65.08,indeks,D06,patahan_seri_metode_uhh
3512,Kabupaten Situbondo,2017,ipm,65.68,indeks,D06,patahan_seri_metode_uhh
3512,Kabupaten Situbondo,2018,ipm,66.42,indeks,D06,patahan_seri_metode_uhh
3512,Kabupaten Situbondo,2019,ipm,67.09,indeks,D06,patahan_seri_metode_uhh
3512,Kabupaten Situbondo,2020,ipm,68.94,indeks,D06,
3512,Kabupaten Situbondo,2021,ipm,69.34,indeks,D06,
3512,Kabupaten Situbondo,2022,ipm,69.76,indeks,D06,
3512,Kabupaten Situbondo,2023,ipm,70.65,indeks,D06,
3512,Kabupaten Situbondo,2024,ipm,71.22,indeks,D06,
3512,Kabupaten Situbondo,2025,ipm,71.87,indeks,D06,
3513,Kabupaten Probolinggo,2010,ipm,59.83,indeks,D06,patahan_seri_metode_uhh
3513,Kabupaten Probolinggo,2011,ipm,60.3,indeks,D06,patahan_seri_metode_uhh
3513,Kabupaten Probolinggo,2012,ipm,61.33,indeks,D06,patahan_seri_metode_uhh
3513,Kabupaten Probolinggo,2013,ipm,62.61,indeks,D06,patahan_seri_metode_uhh
3513,Kabupaten Probolinggo,2014,ipm,63.04,indeks,D06,patahan_seri_metode_uhh
3513,Kabupaten Probolinggo,2015,ipm,63.83,indeks,D06,patahan_seri_metode_uhh
3513,Kabupaten Probolinggo,2016,ipm,64.12,indeks,D06,patahan_seri_metode_uhh
3513,Kabupaten Probolinggo,2017,ipm,64.28,indeks,D06,patahan_seri_metode_uhh
3513,Kabupaten Probolinggo,2018,ipm,64.85,indeks,D06,patahan_seri_metode_uhh
3513,Kabupaten Probolinggo,2019,ipm,65.6,indeks,D06,patahan_seri_metode_uhh
3513,Kabupaten Probolinggo,2020,ipm,68.77,indeks,D06,
3513,Kabupaten Probolinggo,2021,ipm,68.94,indeks,D06,
3513,Kabupaten Probolinggo,2022,ipm,69.56,indeks,D06,
3513,Kabupaten Probolinggo,2023,ipm,70.36,indeks,D06,
3513,Kabupaten Probolinggo,2024,ipm,70.85,indeks,D06,
3513,Kabupaten Probolinggo,2025,ipm,71.65,indeks,D06,
3514,Kabupaten Pasuruan,2010,ipm,60.79,indeks,D06,patahan_seri_metode_uhh
3514,Kabupaten Pasuruan,2011,ipm,61.43,indeks,D06,patahan_seri_metode_uhh
3514,Kabupaten Pasuruan,2012,ipm,62.31,indeks,D06,patahan_seri_metode_uhh
3514,Kabupaten Pasuruan,2013,ipm,63.74,indeks,D06,patahan_seri_metode_uhh
3514,Kabupaten Pasuruan,2014,ipm,64.35,indeks,D06,patahan_seri_metode_uhh
3514,Kabupaten Pasuruan,2015,ipm,65.04,indeks,D06,patahan_seri_metode_uhh
3514,Kabupaten Pasuruan,2016,ipm,65.71,indeks,D06,patahan_seri_metode_uhh
3514,Kabupaten Pasuruan,2017,ipm,66.69,indeks,D06,patahan_seri_metode_uhh
3514,Kabupaten Pasuruan,2018,ipm,67.41,indeks,D06,patahan_seri_metode_uhh
3514,Kabupaten Pasuruan,2019,ipm,68.29,indeks,D06,patahan_seri_metode_uhh
3514,Kabupaten Pasuruan,2020,ipm,70.2,indeks,D06,
3514,Kabupaten Pasuruan,2021,ipm,70.54,indeks,D06,
3514,Kabupaten Pasuruan,2022,ipm,71.29,indeks,D06,
3514,Kabupaten Pasuruan,2023,ipm,71.91,indeks,D06,
3514,Kabupaten Pasuruan,2024,ipm,72.36,indeks,D06,
3514,Kabupaten Pasuruan,2025,ipm,73.02,indeks,D06,
3515,Kabupaten Sidoarjo,2010,ipm,73.75,indeks,D06,patahan_seri_metode_uhh
3515,Kabupaten Sidoarjo,2011,ipm,74.48,indeks,D06,patahan_seri_metode_uhh
3515,Kabupaten Sidoarjo,2012,ipm,75.14,indeks,D06,patahan_seri_metode_uhh
3515,Kabupaten Sidoarjo,2013,ipm,76.39,indeks,D06,patahan_seri_metode_uhh
3515,Kabupaten Sidoarjo,2014,ipm,76.78,indeks,D06,patahan_seri_metode_uhh
3515,Kabupaten Sidoarjo,2015,ipm,77.43,indeks,D06,patahan_seri_metode_uhh
3515,Kabupaten Sidoarjo,2016,ipm,78.17,indeks,D06,patahan_seri_metode_uhh
3515,Kabupaten Sidoarjo,2017,ipm,78.7,indeks,D06,patahan_seri_metode_uhh
3515,Kabupaten Sidoarjo,2018,ipm,79.5,indeks,D06,patahan_seri_metode_uhh
3515,Kabupaten Sidoarjo,2019,ipm,80.05,indeks,D06,patahan_seri_metode_uhh
3515,Kabupaten Sidoarjo,2020,ipm,80.65,indeks,D06,
3515,Kabupaten Sidoarjo,2021,ipm,81.01,indeks,D06,
3515,Kabupaten Sidoarjo,2022,ipm,81.37,indeks,D06,
3515,Kabupaten Sidoarjo,2023,ipm,81.88,indeks,D06,
3515,Kabupaten Sidoarjo,2024,ipm,82.67,indeks,D06,
3515,Kabupaten Sidoarjo,2025,ipm,83.35,indeks,D06,
3516,Kabupaten Mojokerto,2010,ipm,68.14,indeks,D06,patahan_seri_metode_uhh
3516,Kabupaten Mojokerto,2011,ipm,68.71,indeks,D06,patahan_seri_metode_uhh
3516,Kabupaten Mojokerto,2012,ipm,69.17,indeks,D06,patahan_seri_metode_uhh
3516,Kabupaten Mojokerto,2013,ipm,69.84,indeks,D06,patahan_seri_metode_uhh
3516,Kabupaten Mojokerto,2014,ipm,70.22,indeks,D06,patahan_seri_metode_uhh
3516,Kabupaten Mojokerto,2015,ipm,70.85,indeks,D06,patahan_seri_metode_uhh
3516,Kabupaten Mojokerto,2016,ipm,71.38,indeks,D06,patahan_seri_metode_uhh
3516,Kabupaten Mojokerto,2017,ipm,72.36,indeks,D06,patahan_seri_metode_uhh
3516,Kabupaten Mojokerto,2018,ipm,72.64,indeks,D06,patahan_seri_metode_uhh
3516,Kabupaten Mojokerto,2019,ipm,73.53,indeks,D06,patahan_seri_metode_uhh
3516,Kabupaten Mojokerto,2020,ipm,74.58,indeks,D06,
3516,Kabupaten Mojokerto,2021,ipm,74.9,indeks,D06,
3516,Kabupaten Mojokerto,2022,ipm,75.61,indeks,D06,
3516,Kabupaten Mojokerto,2023,ipm,76.23,indeks,D06,
3516,Kabupaten Mojokerto,2024,ipm,76.69,indeks,D06,
3516,Kabupaten Mojokerto,2025,ipm,77.46,indeks,D06,
3517,Kabupaten Jombang,2010,ipm,66.2,indeks,D06,patahan_seri_metode_uhh
3517,Kabupaten Jombang,2011,ipm,66.84,indeks,D06,patahan_seri_metode_uhh
3517,Kabupaten Jombang,2012,ipm,67.82,indeks,D06,patahan_seri_metode_uhh
3517,Kabupaten Jombang,2013,ipm,68.63,indeks,D06,patahan_seri_metode_uhh
3517,Kabupaten Jombang,2014,ipm,69.07,indeks,D06,patahan_seri_metode_uhh
3517,Kabupaten Jombang,2015,ipm,69.59,indeks,D06,patahan_seri_metode_uhh
3517,Kabupaten Jombang,2016,ipm,70.03,indeks,D06,patahan_seri_metode_uhh
3517,Kabupaten Jombang,2017,ipm,70.88,indeks,D06,patahan_seri_metode_uhh
3517,Kabupaten Jombang,2018,ipm,71.86,indeks,D06,patahan_seri_metode_uhh
3517,Kabupaten Jombang,2019,ipm,72.85,indeks,D06,patahan_seri_metode_uhh
3517,Kabupaten Jombang,2020,ipm,73.63,indeks,D06,
3517,Kabupaten Jombang,2021,ipm,74.1,indeks,D06,
3517,Kabupaten Jombang,2022,ipm,74.66,indeks,D06,
3517,Kabupaten Jombang,2023,ipm,75.16,indeks,D06,
3517,Kabupaten Jombang,2024,ipm,75.67,indeks,D06,
3517,Kabupaten Jombang,2025,ipm,76.37,indeks,D06,
3518,Kabupaten Nganjuk,2010,ipm,65.6,indeks,D06,patahan_seri_metode_uhh
3518,Kabupaten Nganjuk,2011,ipm,66.58,indeks,D06,patahan_seri_metode_uhh
3518,Kabupaten Nganjuk,2012,ipm,68.07,indeks,D06,patahan_seri_metode_uhh
3518,Kabupaten Nganjuk,2013,ipm,68.98,indeks,D06,patahan_seri_metode_uhh
3518,Kabupaten Nganjuk,2014,ipm,69.59,indeks,D06,patahan_seri_metode_uhh
3518,Kabupaten Nganjuk,2015,ipm,69.9,indeks,D06,patahan_seri_metode_uhh
3518,Kabupaten Nganjuk,2016,ipm,70.5,indeks,D06,patahan_seri_metode_uhh
3518,Kabupaten Nganjuk,2017,ipm,70.69,indeks,D06,patahan_seri_metode_uhh
3518,Kabupaten Nganjuk,2018,ipm,71.23,indeks,D06,patahan_seri_metode_uhh
3518,Kabupaten Nganjuk,2019,ipm,71.71,indeks,D06,patahan_seri_metode_uhh
3518,Kabupaten Nganjuk,2020,ipm,72.78,indeks,D06,
3518,Kabupaten Nganjuk,2021,ipm,73.03,indeks,D06,
3518,Kabupaten Nganjuk,2022,ipm,73.95,indeks,D06,
3518,Kabupaten Nganjuk,2023,ipm,74.7,indeks,D06,
3518,Kabupaten Nganjuk,2024,ipm,75.24,indeks,D06,
3518,Kabupaten Nganjuk,2025,ipm,75.89,indeks,D06,
3519,Kabupaten Madiun,2010,ipm,64.87,indeks,D06,patahan_seri_metode_uhh
3519,Kabupaten Madiun,2011,ipm,65.98,indeks,D06,patahan_seri_metode_uhh
3519,Kabupaten Madiun,2012,ipm,67.32,indeks,D06,patahan_seri_metode_uhh
3519,Kabupaten Madiun,2013,ipm,68.07,indeks,D06,patahan_seri_metode_uhh
3519,Kabupaten Madiun,2014,ipm,68.6,indeks,D06,patahan_seri_metode_uhh
3519,Kabupaten Madiun,2015,ipm,69.39,indeks,D06,patahan_seri_metode_uhh
3519,Kabupaten Madiun,2016,ipm,69.67,indeks,D06,patahan_seri_metode_uhh
3519,Kabupaten Madiun,2017,ipm,70.27,indeks,D06,patahan_seri_metode_uhh
3519,Kabupaten Madiun,2018,ipm,71.01,indeks,D06,patahan_seri_metode_uhh
3519,Kabupaten Madiun,2019,ipm,71.69,indeks,D06,patahan_seri_metode_uhh
3519,Kabupaten Madiun,2020,ipm,72.94,indeks,D06,
3519,Kabupaten Madiun,2021,ipm,73.07,indeks,D06,
3519,Kabupaten Madiun,2022,ipm,73.51,indeks,D06,
3519,Kabupaten Madiun,2023,ipm,74.02,indeks,D06,
3519,Kabupaten Madiun,2024,ipm,74.81,indeks,D06,
3519,Kabupaten Madiun,2025,ipm,75.47,indeks,D06,
3520,Kabupaten Magetan,2010,ipm,67.58,indeks,D06,patahan_seri_metode_uhh
3520,Kabupaten Magetan,2011,ipm,68.52,indeks,D06,patahan_seri_metode_uhh
3520,Kabupaten Magetan,2012,ipm,69.56,indeks,D06,patahan_seri_metode_uhh
3520,Kabupaten Magetan,2013,ipm,69.86,indeks,D06,patahan_seri_metode_uhh
3520,Kabupaten Magetan,2014,ipm,70.29,indeks,D06,patahan_seri_metode_uhh
3520,Kabupaten Magetan,2015,ipm,71.39,indeks,D06,patahan_seri_metode_uhh
3520,Kabupaten Magetan,2016,ipm,71.94,indeks,D06,patahan_seri_metode_uhh
3520,Kabupaten Magetan,2017,ipm,72.6,indeks,D06,patahan_seri_metode_uhh
3520,Kabupaten Magetan,2018,ipm,72.91,indeks,D06,patahan_seri_metode_uhh
3520,Kabupaten Magetan,2019,ipm,73.49,indeks,D06,patahan_seri_metode_uhh
3520,Kabupaten Magetan,2020,ipm,74.85,indeks,D06,
3520,Kabupaten Magetan,2021,ipm,75.08,indeks,D06,
3520,Kabupaten Magetan,2022,ipm,75.76,indeks,D06,
3520,Kabupaten Magetan,2023,ipm,76.3,indeks,D06,
3520,Kabupaten Magetan,2024,ipm,76.77,indeks,D06,
3520,Kabupaten Magetan,2025,ipm,77.58,indeks,D06,
3521,Kabupaten Ngawi,2010,ipm,64.52,indeks,D06,patahan_seri_metode_uhh
3521,Kabupaten Ngawi,2011,ipm,65.84,indeks,D06,patahan_seri_metode_uhh
3521,Kabupaten Ngawi,2012,ipm,66.72,indeks,D06,patahan_seri_metode_uhh
3521,Kabupaten Ngawi,2013,ipm,67.25,indeks,D06,patahan_seri_metode_uhh
3521,Kabupaten Ngawi,2014,ipm,67.78,indeks,D06,patahan_seri_metode_uhh
3521,Kabupaten Ngawi,2015,ipm,68.32,indeks,D06,patahan_seri_metode_uhh
3521,Kabupaten Ngawi,2016,ipm,68.96,indeks,D06,patahan_seri_metode_uhh
3521,Kabupaten Ngawi,2017,ipm,69.27,indeks,D06,patahan_seri_metode_uhh
3521,Kabupaten Ngawi,2018,ipm,69.91,indeks,D06,patahan_seri_metode_uhh
3521,Kabupaten Ngawi,2019,ipm,70.41,indeks,D06,patahan_seri_metode_uhh
3521,Kabupaten Ngawi,2020,ipm,71.49,indeks,D06,
3521,Kabupaten Ngawi,2021,ipm,71.97,indeks,D06,
3521,Kabupaten Ngawi,2022,ipm,72.62,indeks,D06,
3521,Kabupaten Ngawi,2023,ipm,73.28,indeks,D06,
3521,Kabupaten Ngawi,2024,ipm,73.91,indeks,D06,
3521,Kabupaten Ngawi,2025,ipm,74.43,indeks,D06,
3522,Kabupaten Bojonegoro,2010,ipm,62.19,indeks,D06,patahan_seri_metode_uhh
3522,Kabupaten Bojonegoro,2011,ipm,63.22,indeks,D06,patahan_seri_metode_uhh
3522,Kabupaten Bojonegoro,2012,ipm,64.2,indeks,D06,patahan_seri_metode_uhh
3522,Kabupaten Bojonegoro,2013,ipm,64.85,indeks,D06,patahan_seri_metode_uhh
3522,Kabupaten Bojonegoro,2014,ipm,65.27,indeks,D06,patahan_seri_metode_uhh
3522,Kabupaten Bojonegoro,2015,ipm,66.17,indeks,D06,patahan_seri_metode_uhh
3522,Kabupaten Bojonegoro,2016,ipm,66.73,indeks,D06,patahan_seri_metode_uhh
3522,Kabupaten Bojonegoro,2017,ipm,67.28,indeks,D06,patahan_seri_metode_uhh
3522,Kabupaten Bojonegoro,2018,ipm,67.85,indeks,D06,patahan_seri_metode_uhh
3522,Kabupaten Bojonegoro,2019,ipm,68.75,indeks,D06,patahan_seri_metode_uhh
3522,Kabupaten Bojonegoro,2020,ipm,70.18,indeks,D06,
3522,Kabupaten Bojonegoro,2021,ipm,70.7,indeks,D06,
3522,Kabupaten Bojonegoro,2022,ipm,71.15,indeks,D06,
3522,Kabupaten Bojonegoro,2023,ipm,71.8,indeks,D06,
3522,Kabupaten Bojonegoro,2024,ipm,72.75,indeks,D06,
3522,Kabupaten Bojonegoro,2025,ipm,73.74,indeks,D06,
3523,Kabupaten Tuban,2010,ipm,61.33,indeks,D06,patahan_seri_metode_uhh
3523,Kabupaten Tuban,2011,ipm,62.47,indeks,D06,patahan_seri_metode_uhh
3523,Kabupaten Tuban,2012,ipm,63.36,indeks,D06,patahan_seri_metode_uhh
3523,Kabupaten Tuban,2013,ipm,64.14,indeks,D06,patahan_seri_metode_uhh
3523,Kabupaten Tuban,2014,ipm,64.58,indeks,D06,patahan_seri_metode_uhh
3523,Kabupaten Tuban,2015,ipm,65.52,indeks,D06,patahan_seri_metode_uhh
3523,Kabupaten Tuban,2016,ipm,66.19,indeks,D06,patahan_seri_metode_uhh
3523,Kabupaten Tuban,2017,ipm,66.77,indeks,D06,patahan_seri_metode_uhh
3523,Kabupaten Tuban,2018,ipm,67.43,indeks,D06,patahan_seri_metode_uhh
3523,Kabupaten Tuban,2019,ipm,68.37,indeks,D06,patahan_seri_metode_uhh
3523,Kabupaten Tuban,2020,ipm,69.6,indeks,D06,
3523,Kabupaten Tuban,2021,ipm,70.1,indeks,D06,
3523,Kabupaten Tuban,2022,ipm,70.79,indeks,D06,
3523,Kabupaten Tuban,2023,ipm,71.4,indeks,D06,
3523,Kabupaten Tuban,2024,ipm,72.31,indeks,D06,
3523,Kabupaten Tuban,2025,ipm,73.15,indeks,D06,
3524,Kabupaten Lamongan,2010,ipm,65.4,indeks,D06,patahan_seri_metode_uhh
3524,Kabupaten Lamongan,2011,ipm,66.21,indeks,D06,patahan_seri_metode_uhh
3524,Kabupaten Lamongan,2012,ipm,67.51,indeks,D06,patahan_seri_metode_uhh
3524,Kabupaten Lamongan,2013,ipm,68.9,indeks,D06,patahan_seri_metode_uhh
3524,Kabupaten Lamongan,2014,ipm,69.42,indeks,D06,patahan_seri_metode_uhh
3524,Kabupaten Lamongan,2015,ipm,69.84,indeks,D06,patahan_seri_metode_uhh
3524,Kabupaten Lamongan,2016,ipm,70.34,indeks,D06,patahan_seri_metode_uhh
3524,Kabupaten Lamongan,2017,ipm,71.11,indeks,D06,patahan_seri_metode_uhh
3524,Kabupaten Lamongan,2018,ipm,71.97,indeks,D06,patahan_seri_metode_uhh
3524,Kabupaten Lamongan,2019,ipm,72.57,indeks,D06,patahan_seri_metode_uhh
3524,Kabupaten Lamongan,2020,ipm,73.44,indeks,D06,
3524,Kabupaten Lamongan,2021,ipm,73.97,indeks,D06,
3524,Kabupaten Lamongan,2022,ipm,74.83,indeks,D06,
3524,Kabupaten Lamongan,2023,ipm,75.29,indeks,D06,
3524,Kabupaten Lamongan,2024,ipm,75.9,indeks,D06,
3524,Kabupaten Lamongan,2025,ipm,76.81,indeks,D06,
3525,Kabupaten Gresik,2010,ipm,69.9,indeks,D06,patahan_seri_metode_uhh
3525,Kabupaten Gresik,2011,ipm,71.11,indeks,D06,patahan_seri_metode_uhh
3525,Kabupaten Gresik,2012,ipm,72.12,indeks,D06,patahan_seri_metode_uhh
3525,Kabupaten Gresik,2013,ipm,72.47,indeks,D06,patahan_seri_metode_uhh
3525,Kabupaten Gresik,2014,ipm,72.84,indeks,D06,patahan_seri_metode_uhh
3525,Kabupaten Gresik,2015,ipm,73.57,indeks,D06,patahan_seri_metode_uhh
3525,Kabupaten Gresik,2016,ipm,74.46,indeks,D06,patahan_seri_metode_uhh
3525,Kabupaten Gresik,2017,ipm,74.84,indeks,D06,patahan_seri_metode_uhh
3525,Kabupaten Gresik,2018,ipm,75.28,indeks,D06,patahan_seri_metode_uhh
3525,Kabupaten Gresik,2019,ipm,76.1,indeks,D06,patahan_seri_metode_uhh
3525,Kabupaten Gresik,2020,ipm,76.59,indeks,D06,
3525,Kabupaten Gresik,2021,ipm,76.98,indeks,D06,
3525,Kabupaten Gresik,2022,ipm,77.62,indeks,D06,
3525,Kabupaten Gresik,2023,ipm,78.44,indeks,D06,
3525,Kabupaten Gresik,2024,ipm,78.93,indeks,D06,
3525,Kabupaten Gresik,2025,ipm,79.69,indeks,D06,
3526,Kabupaten Bangkalan,2010,ipm,57.23,indeks,D06,patahan_seri_metode_uhh
3526,Kabupaten Bangkalan,2011,ipm,58.63,indeks,D06,patahan_seri_metode_uhh
3526,Kabupaten Bangkalan,2012,ipm,59.65,indeks,D06,patahan_seri_metode_uhh
3526,Kabupaten Bangkalan,2013,ipm,60.19,indeks,D06,patahan_seri_metode_uhh
3526,Kabupaten Bangkalan,2014,ipm,60.71,indeks,D06,patahan_seri_metode_uhh
3526,Kabupaten Bangkalan,2015,ipm,61.49,indeks,D06,patahan_seri_metode_uhh
3526,Kabupaten Bangkalan,2016,ipm,62.06,indeks,D06,patahan_seri_metode_uhh
3526,Kabupaten Bangkalan,2017,ipm,62.3,indeks,D06,patahan_seri_metode_uhh
3526,Kabupaten Bangkalan,2018,ipm,62.87,indeks,D06,patahan_seri_metode_uhh
3526,Kabupaten Bangkalan,2019,ipm,63.79,indeks,D06,patahan_seri_metode_uhh
3526,Kabupaten Bangkalan,2020,ipm,65.17,indeks,D06,
3526,Kabupaten Bangkalan,2021,ipm,65.42,indeks,D06,
3526,Kabupaten Bangkalan,2022,ipm,66.11,indeks,D06,
3526,Kabupaten Bangkalan,2023,ipm,66.82,indeks,D06,
3526,Kabupaten Bangkalan,2024,ipm,67.33,indeks,D06,
3526,Kabupaten Bangkalan,2025,ipm,68.15,indeks,D06,
3527,Kabupaten Sampang,2010,ipm,54.49,indeks,D06,patahan_seri_metode_uhh
3527,Kabupaten Sampang,2011,ipm,55.17,indeks,D06,patahan_seri_metode_uhh
3527,Kabupaten Sampang,2012,ipm,55.78,indeks,D06,patahan_seri_metode_uhh
3527,Kabupaten Sampang,2013,ipm,56.45,indeks,D06,patahan_seri_metode_uhh
3527,Kabupaten Sampang,2014,ipm,56.98,indeks,D06,patahan_seri_metode_uhh
3527,Kabupaten Sampang,2015,ipm,58.18,indeks,D06,patahan_seri_metode_uhh
3527,Kabupaten Sampang,2016,ipm,59.09,indeks,D06,patahan_seri_metode_uhh
3527,Kabupaten Sampang,2017,ipm,59.9,indeks,D06,patahan_seri_metode_uhh
3527,Kabupaten Sampang,2018,ipm,61.0,indeks,D06,patahan_seri_metode_uhh
3527,Kabupaten Sampang,2019,ipm,61.94,indeks,D06,patahan_seri_metode_uhh
3527,Kabupaten Sampang,2020,ipm,64.75,indeks,D06,
3527,Kabupaten Sampang,2021,ipm,64.86,indeks,D06,
3527,Kabupaten Sampang,2022,ipm,65.44,indeks,D06,
3527,Kabupaten Sampang,2023,ipm,66.19,indeks,D06,
3527,Kabupaten Sampang,2024,ipm,66.72,indeks,D06,
3527,Kabupaten Sampang,2025,ipm,67.23,indeks,D06,
3528,Kabupaten Pamekasan,2010,ipm,59.37,indeks,D06,patahan_seri_metode_uhh
3528,Kabupaten Pamekasan,2011,ipm,60.42,indeks,D06,patahan_seri_metode_uhh
3528,Kabupaten Pamekasan,2012,ipm,61.21,indeks,D06,patahan_seri_metode_uhh
3528,Kabupaten Pamekasan,2013,ipm,62.27,indeks,D06,patahan_seri_metode_uhh
3528,Kabupaten Pamekasan,2014,ipm,62.66,indeks,D06,patahan_seri_metode_uhh
3528,Kabupaten Pamekasan,2015,ipm,63.1,indeks,D06,patahan_seri_metode_uhh
3528,Kabupaten Pamekasan,2016,ipm,63.98,indeks,D06,patahan_seri_metode_uhh
3528,Kabupaten Pamekasan,2017,ipm,64.93,indeks,D06,patahan_seri_metode_uhh
3528,Kabupaten Pamekasan,2018,ipm,65.41,indeks,D06,patahan_seri_metode_uhh
3528,Kabupaten Pamekasan,2019,ipm,65.94,indeks,D06,patahan_seri_metode_uhh
3528,Kabupaten Pamekasan,2020,ipm,68.65,indeks,D06,
3528,Kabupaten Pamekasan,2021,ipm,68.78,indeks,D06,
3528,Kabupaten Pamekasan,2022,ipm,69.35,indeks,D06,
3528,Kabupaten Pamekasan,2023,ipm,70.32,indeks,D06,
3528,Kabupaten Pamekasan,2024,ipm,70.85,indeks,D06,
3528,Kabupaten Pamekasan,2025,ipm,71.64,indeks,D06,
3529,Kabupaten Sumenep,2010,ipm,57.27,indeks,D06,patahan_seri_metode_uhh
3529,Kabupaten Sumenep,2011,ipm,58.7,indeks,D06,patahan_seri_metode_uhh
3529,Kabupaten Sumenep,2012,ipm,60.08,indeks,D06,patahan_seri_metode_uhh
3529,Kabupaten Sumenep,2013,ipm,60.84,indeks,D06,patahan_seri_metode_uhh
3529,Kabupaten Sumenep,2014,ipm,61.43,indeks,D06,patahan_seri_metode_uhh
3529,Kabupaten Sumenep,2015,ipm,62.38,indeks,D06,patahan_seri_metode_uhh
3529,Kabupaten Sumenep,2016,ipm,63.42,indeks,D06,patahan_seri_metode_uhh
3529,Kabupaten Sumenep,2017,ipm,64.28,indeks,D06,patahan_seri_metode_uhh
3529,Kabupaten Sumenep,2018,ipm,65.25,indeks,D06,patahan_seri_metode_uhh
3529,Kabupaten Sumenep,2019,ipm,66.22,indeks,D06,patahan_seri_metode_uhh
3529,Kabupaten Sumenep,2020,ipm,67.15,indeks,D06,
3529,Kabupaten Sumenep,2021,ipm,67.74,indeks,D06,
3529,Kabupaten Sumenep,2022,ipm,68.49,indeks,D06,
3529,Kabupaten Sumenep,2023,ipm,69.13,indeks,D06,
3529,Kabupaten Sumenep,2024,ipm,69.78,indeks,D06,
3529,Kabupaten Sumenep,2025,ipm,70.54,indeks,D06,
3571,Kota Kediri,2010,ipm,72.2,indeks,D06,patahan_seri_metode_uhh
3571,Kota Kediri,2011,ipm,72.93,indeks,D06,patahan_seri_metode_uhh
3571,Kota Kediri,2012,ipm,73.66,indeks,D06,patahan_seri_metode_uhh
3571,Kota Kediri,2013,ipm,74.18,indeks,D06,patahan_seri_metode_uhh
3571,Kota Kediri,2014,ipm,74.62,indeks,D06,patahan_seri_metode_uhh
3571,Kota Kediri,2015,ipm,75.67,indeks,D06,patahan_seri_metode_uhh
3571,Kota Kediri,2016,ipm,76.33,indeks,D06,patahan_seri_metode_uhh
3571,Kota Kediri,2017,ipm,77.13,indeks,D06,patahan_seri_metode_uhh
3571,Kota Kediri,2018,ipm,77.58,indeks,D06,patahan_seri_metode_uhh
3571,Kota Kediri,2019,ipm,78.08,indeks,D06,patahan_seri_metode_uhh
3571,Kota Kediri,2020,ipm,78.78,indeks,D06,
3571,Kota Kediri,2021,ipm,79.15,indeks,D06,
3571,Kota Kediri,2022,ipm,80.12,indeks,D06,
3571,Kota Kediri,2023,ipm,80.97,indeks,D06,
3571,Kota Kediri,2024,ipm,81.88,indeks,D06,
3571,Kota Kediri,2025,ipm,82.71,indeks,D06,
3572,Kota Blitar,2010,ipm,72.56,indeks,D06,patahan_seri_metode_uhh
3572,Kota Blitar,2011,ipm,73.08,indeks,D06,patahan_seri_metode_uhh
3572,Kota Blitar,2012,ipm,73.53,indeks,D06,patahan_seri_metode_uhh
3572,Kota Blitar,2013,ipm,74.53,indeks,D06,patahan_seri_metode_uhh
3572,Kota Blitar,2014,ipm,75.26,indeks,D06,patahan_seri_metode_uhh
3572,Kota Blitar,2015,ipm,76.0,indeks,D06,patahan_seri_metode_uhh
3572,Kota Blitar,2016,ipm,76.71,indeks,D06,patahan_seri_metode_uhh
3572,Kota Blitar,2017,ipm,77.1,indeks,D06,patahan_seri_metode_uhh
3572,Kota Blitar,2018,ipm,77.58,indeks,D06,patahan_seri_metode_uhh
3572,Kota Blitar,2019,ipm,78.56,indeks,D06,patahan_seri_metode_uhh
3572,Kota Blitar,2020,ipm,78.88,indeks,D06,
3572,Kota Blitar,2021,ipm,79.27,indeks,D06,
3572,Kota Blitar,2022,ipm,80.15,indeks,D06,
3572,Kota Blitar,2023,ipm,80.78,indeks,D06,
3572,Kota Blitar,2024,ipm,81.44,indeks,D06,
3572,Kota Blitar,2025,ipm,82.03,indeks,D06,
3573,Kota Malang,2010,ipm,76.69,indeks,D06,patahan_seri_metode_uhh
3573,Kota Malang,2011,ipm,77.36,indeks,D06,patahan_seri_metode_uhh
3573,Kota Malang,2012,ipm,78.04,indeks,D06,patahan_seri_metode_uhh
3573,Kota Malang,2013,ipm,78.44,indeks,D06,patahan_seri_metode_uhh
3573,Kota Malang,2014,ipm,78.96,indeks,D06,patahan_seri_metode_uhh
3573,Kota Malang,2015,ipm,80.05,indeks,D06,patahan_seri_metode_uhh
3573,Kota Malang,2016,ipm,80.46,indeks,D06,patahan_seri_metode_uhh
3573,Kota Malang,2017,ipm,80.65,indeks,D06,patahan_seri_metode_uhh
3573,Kota Malang,2018,ipm,80.89,indeks,D06,patahan_seri_metode_uhh
3573,Kota Malang,2019,ipm,81.32,indeks,D06,patahan_seri_metode_uhh
3573,Kota Malang,2020,ipm,82.19,indeks,D06,
3573,Kota Malang,2021,ipm,82.77,indeks,D06,
3573,Kota Malang,2022,ipm,83.38,indeks,D06,
3573,Kota Malang,2023,ipm,84.0,indeks,D06,
3573,Kota Malang,2024,ipm,84.68,indeks,D06,
3573,Kota Malang,2025,ipm,85.55,indeks,D06,
3574,Kota Probolinggo,2010,ipm,67.3,indeks,D06,patahan_seri_metode_uhh
3574,Kota Probolinggo,2011,ipm,68.14,indeks,D06,patahan_seri_metode_uhh
3574,Kota Probolinggo,2012,ipm,68.93,indeks,D06,patahan_seri_metode_uhh
3574,Kota Probolinggo,2013,ipm,70.05,indeks,D06,patahan_seri_metode_uhh
3574,Kota Probolinggo,2014,ipm,70.49,indeks,D06,patahan_seri_metode_uhh
3574,Kota Probolinggo,2015,ipm,71.01,indeks,D06,patahan_seri_metode_uhh
3574,Kota Probolinggo,2016,ipm,71.5,indeks,D06,patahan_seri_metode_uhh
3574,Kota Probolinggo,2017,ipm,72.09,indeks,D06,patahan_seri_metode_uhh
3574,Kota Probolinggo,2018,ipm,72.53,indeks,D06,patahan_seri_metode_uhh
3574,Kota Probolinggo,2019,ipm,73.27,indeks,D06,patahan_seri_metode_uhh
3574,Kota Probolinggo,2020,ipm,74.81,indeks,D06,
3574,Kota Probolinggo,2021,ipm,75.2,indeks,D06,
3574,Kota Probolinggo,2022,ipm,76.08,indeks,D06,
3574,Kota Probolinggo,2023,ipm,76.93,indeks,D06,
3574,Kota Probolinggo,2024,ipm,77.79,indeks,D06,
3574,Kota Probolinggo,2025,ipm,78.5,indeks,D06,
3575,Kota Pasuruan,2010,ipm,69.69,indeks,D06,patahan_seri_metode_uhh
3575,Kota Pasuruan,2011,ipm,70.41,indeks,D06,patahan_seri_metode_uhh
3575,Kota Pasuruan,2012,ipm,72.01,indeks,D06,patahan_seri_metode_uhh
3575,Kota Pasuruan,2013,ipm,72.89,indeks,D06,patahan_seri_metode_uhh
3575,Kota Pasuruan,2014,ipm,73.23,indeks,D06,patahan_seri_metode_uhh
3575,Kota Pasuruan,2015,ipm,73.78,indeks,D06,patahan_seri_metode_uhh
3575,Kota Pasuruan,2016,ipm,74.11,indeks,D06,patahan_seri_metode_uhh
3575,Kota Pasuruan,2017,ipm,74.39,indeks,D06,patahan_seri_metode_uhh
3575,Kota Pasuruan,2018,ipm,74.78,indeks,D06,patahan_seri_metode_uhh
3575,Kota Pasuruan,2019,ipm,75.25,indeks,D06,patahan_seri_metode_uhh
3575,Kota Pasuruan,2020,ipm,76.47,indeks,D06,
3575,Kota Pasuruan,2021,ipm,76.83,indeks,D06,
3575,Kota Pasuruan,2022,ipm,77.71,indeks,D06,
3575,Kota Pasuruan,2023,ipm,78.3,indeks,D06,
3575,Kota Pasuruan,2024,ipm,78.9,indeks,D06,
3575,Kota Pasuruan,2025,ipm,79.52,indeks,D06,
3576,Kota Mojokerto,2010,ipm,72.78,indeks,D06,patahan_seri_metode_uhh
3576,Kota Mojokerto,2011,ipm,73.47,indeks,D06,patahan_seri_metode_uhh
3576,Kota Mojokerto,2012,ipm,74.2,indeks,D06,patahan_seri_metode_uhh
3576,Kota Mojokerto,2013,ipm,74.91,indeks,D06,patahan_seri_metode_uhh
3576,Kota Mojokerto,2014,ipm,75.04,indeks,D06,patahan_seri_metode_uhh
3576,Kota Mojokerto,2015,ipm,75.54,indeks,D06,patahan_seri_metode_uhh
3576,Kota Mojokerto,2016,ipm,76.38,indeks,D06,patahan_seri_metode_uhh
3576,Kota Mojokerto,2017,ipm,76.77,indeks,D06,patahan_seri_metode_uhh
3576,Kota Mojokerto,2018,ipm,77.14,indeks,D06,patahan_seri_metode_uhh
3576,Kota Mojokerto,2019,ipm,77.96,indeks,D06,patahan_seri_metode_uhh
3576,Kota Mojokerto,2020,ipm,78.95,indeks,D06,
3576,Kota Mojokerto,2021,ipm,79.34,indeks,D06,
3576,Kota Mojokerto,2022,ipm,80.19,indeks,D06,
3576,Kota Mojokerto,2023,ipm,80.9,indeks,D06,
3576,Kota Mojokerto,2024,ipm,81.76,indeks,D06,
3576,Kota Mojokerto,2025,ipm,82.35,indeks,D06,
3577,Kota Madiun,2010,ipm,75.98,indeks,D06,patahan_seri_metode_uhh
3577,Kota Madiun,2011,ipm,76.48,indeks,D06,patahan_seri_metode_uhh
3577,Kota Madiun,2012,ipm,77.21,indeks,D06,patahan_seri_metode_uhh
3577,Kota Madiun,2013,ipm,78.41,indeks,D06,patahan_seri_metode_uhh
3577,Kota Madiun,2014,ipm,78.81,indeks,D06,patahan_seri_metode_uhh
3577,Kota Madiun,2015,ipm,79.48,indeks,D06,patahan_seri_metode_uhh
3577,Kota Madiun,2016,ipm,80.01,indeks,D06,patahan_seri_metode_uhh
3577,Kota Madiun,2017,ipm,80.13,indeks,D06,patahan_seri_metode_uhh
3577,Kota Madiun,2018,ipm,80.33,indeks,D06,patahan_seri_metode_uhh
3577,Kota Madiun,2019,ipm,80.88,indeks,D06,patahan_seri_metode_uhh
3577,Kota Madiun,2020,ipm,81.93,indeks,D06,
3577,Kota Madiun,2021,ipm,82.27,indeks,D06,
3577,Kota Madiun,2022,ipm,83.02,indeks,D06,
3577,Kota Madiun,2023,ipm,83.71,indeks,D06,
3577,Kota Madiun,2024,ipm,84.51,indeks,D06,
3577,Kota Madiun,2025,ipm,85.12,indeks,D06,
3578,Kota Surabaya,2010,ipm,77.2,indeks,D06,patahan_seri_metode_uhh
3578,Kota Surabaya,2011,ipm,77.62,indeks,D06,patahan_seri_metode_uhh
3578,Kota Surabaya,2012,ipm,78.05,indeks,D06,patahan_seri_metode_uhh
3578,Kota Surabaya,2013,ipm,78.51,indeks,D06,patahan_seri_metode_uhh
3578,Kota Surabaya,2014,ipm,78.87,indeks,D06,patahan_seri_metode_uhh
3578,Kota Surabaya,2015,ipm,79.47,indeks,D06,patahan_seri_metode_uhh
3578,Kota Surabaya,2016,ipm,80.38,indeks,D06,patahan_seri_metode_uhh
3578,Kota Surabaya,2017,ipm,81.07,indeks,D06,patahan_seri_metode_uhh
3578,Kota Surabaya,2018,ipm,81.74,indeks,D06,patahan_seri_metode_uhh
3578,Kota Surabaya,2019,ipm,82.22,indeks,D06,patahan_seri_metode_uhh
3578,Kota Surabaya,2020,ipm,82.76,indeks,D06,
3578,Kota Surabaya,2021,ipm,82.94,indeks,D06,
3578,Kota Surabaya,2022,ipm,83.32,indeks,D06,
3578,Kota Surabaya,2023,ipm,83.99,indeks,D06,
3578,Kota Surabaya,2024,ipm,84.69,indeks,D06,
3578,Kota Surabaya,2025,ipm,85.65,indeks,D06,
3579,Kota Batu,2010,ipm,68.66,indeks,D06,patahan_seri_metode_uhh
3579,Kota Batu,2011,ipm,69.76,indeks,D06,patahan_seri_metode_uhh
3579,Kota Batu,2012,ipm,70.62,indeks,D06,patahan_seri_metode_uhh
3579,Kota Batu,2013,ipm,71.55,indeks,D06,patahan_seri_metode_uhh
3579,Kota Batu,2014,ipm,71.89,indeks,D06,patahan_seri_metode_uhh
3579,Kota Batu,2015,ipm,72.62,indeks,D06,patahan_seri_metode_uhh
3579,Kota Batu,2016,ipm,73.57,indeks,D06,patahan_seri_metode_uhh
3579,Kota Batu,2017,ipm,74.26,indeks,D06,patahan_seri_metode_uhh
3579,Kota Batu,2018,ipm,75.04,indeks,D06,patahan_seri_metode_uhh
3579,Kota Batu,2019,ipm,75.88,indeks,D06,patahan_seri_metode_uhh
3579,Kota Batu,2020,ipm,76.82,indeks,D06,
3579,Kota Batu,2021,ipm,77.21,indeks,D06,
3579,Kota Batu,2022,ipm,78.13,indeks,D06,
3579,Kota Batu,2023,ipm,79.07,indeks,D06,
3579,Kota Batu,2024,ipm,79.69,indeks,D06,
3579,Kota Batu,2025,ipm,80.35,indeks,D06,
3501,Kabupaten Pacitan,2010,jumlah_penduduk,541799.0,jiwa,D13,
3501,Kabupaten Pacitan,2011,jumlah_penduduk,543904.0,jiwa,D13,
3501,Kabupaten Pacitan,2012,jumlah_penduduk,545905.0,jiwa,D13,
3501,Kabupaten Pacitan,2013,jumlah_penduduk,547917.0,jiwa,D13,
3501,Kabupaten Pacitan,2014,jumlah_penduduk,549481.0,jiwa,D13,
3501,Kabupaten Pacitan,2015,jumlah_penduduk,550986.0,jiwa,D13,
3501,Kabupaten Pacitan,2016,jumlah_penduduk,552307.0,jiwa,D13,
3501,Kabupaten Pacitan,2017,jumlah_penduduk,553388.0,jiwa,D13,
3501,Kabupaten Pacitan,2018,jumlah_penduduk,554394.0,jiwa,D13,
3501,Kabupaten Pacitan,2019,jumlah_penduduk,555304.0,jiwa,D13,
3501,Kabupaten Pacitan,2020,jumlah_penduduk,586110.0,jiwa,D13,patahan_seri
3501,Kabupaten Pacitan,2021,jumlah_penduduk,589108.0,jiwa,D13,
3501,Kabupaten Pacitan,2022,jumlah_penduduk,592916.0,jiwa,D13,
3501,Kabupaten Pacitan,2023,jumlah_penduduk,596649.0,jiwa,D13,
3501,Kabupaten Pacitan,2024,jumlah_penduduk,588569.0,jiwa,D13,patahan_seri
3501,Kabupaten Pacitan,2025,jumlah_penduduk,589034.0,jiwa,D13,
3502,Kabupaten Ponorogo,2010,jumlah_penduduk,856682.0,jiwa,D13,
3502,Kabupaten Ponorogo,2011,jumlah_penduduk,859302.0,jiwa,D13,
3502,Kabupaten Ponorogo,2012,jumlah_penduduk,861806.0,jiwa,D13,
3502,Kabupaten Ponorogo,2013,jumlah_penduduk,863890.0,jiwa,D13,
3502,Kabupaten Ponorogo,2014,jumlah_penduduk,865809.0,jiwa,D13,
3502,Kabupaten Ponorogo,2015,jumlah_penduduk,867393.0,jiwa,D13,
3502,Kabupaten Ponorogo,2016,jumlah_penduduk,868814.0,jiwa,D13,
3502,Kabupaten Ponorogo,2017,jumlah_penduduk,869894.0,jiwa,D13,
3502,Kabupaten Ponorogo,2018,jumlah_penduduk,870705.0,jiwa,D13,
3502,Kabupaten Ponorogo,2019,jumlah_penduduk,871370.0,jiwa,D13,
3502,Kabupaten Ponorogo,2020,jumlah_penduduk,949318.0,jiwa,D13,patahan_seri
3502,Kabupaten Ponorogo,2021,jumlah_penduduk,955839.0,jiwa,D13,
3502,Kabupaten Ponorogo,2022,jumlah_penduduk,964253.0,jiwa,D13,
3502,Kabupaten Ponorogo,2023,jumlah_penduduk,972582.0,jiwa,D13,
3502,Kabupaten Ponorogo,2024,jumlah_penduduk,962941.0,jiwa,D13,patahan_seri
3502,Kabupaten Ponorogo,2025,jumlah_penduduk,966111.0,jiwa,D13,
3503,Kabupaten Trenggalek,2010,jumlah_penduduk,675584.0,jiwa,D13,
3503,Kabupaten Trenggalek,2011,jumlah_penduduk,678792.0,jiwa,D13,
3503,Kabupaten Trenggalek,2012,jumlah_penduduk,681706.0,jiwa,D13,
3503,Kabupaten Trenggalek,2013,jumlah_penduduk,683791.0,jiwa,D13,
3503,Kabupaten Trenggalek,2014,jumlah_penduduk,686781.0,jiwa,D13,
3503,Kabupaten Trenggalek,2015,jumlah_penduduk,689200.0,jiwa,D13,
3503,Kabupaten Trenggalek,2016,jumlah_penduduk,691295.0,jiwa,D13,
3503,Kabupaten Trenggalek,2017,jumlah_penduduk,693104.0,jiwa,D13,
3503,Kabupaten Trenggalek,2018,jumlah_penduduk,694902.0,jiwa,D13,
3503,Kabupaten Trenggalek,2019,jumlah_penduduk,696295.0,jiwa,D13,
3503,Kabupaten Trenggalek,2020,jumlah_penduduk,731125.0,jiwa,D13,patahan_seri
3503,Kabupaten Trenggalek,2021,jumlah_penduduk,734888.0,jiwa,D13,
3503,Kabupaten Trenggalek,2022,jumlah_penduduk,739669.0,jiwa,D13,
3503,Kabupaten Trenggalek,2023,jumlah_penduduk,744358.0,jiwa,D13,
3503,Kabupaten Trenggalek,2024,jumlah_penduduk,744516.0,jiwa,D13,patahan_seri
3503,Kabupaten Trenggalek,2025,jumlah_penduduk,747614.0,jiwa,D13,
3504,Kabupaten Tulungagung,2010,jumlah_penduduk,992317.0,jiwa,D13,
3504,Kabupaten Tulungagung,2011,jumlah_penduduk,998707.0,jiwa,D13,
3504,Kabupaten Tulungagung,2012,jumlah_penduduk,1004711.0,jiwa,D13,
3504,Kabupaten Tulungagung,2013,jumlah_penduduk,1009411.0,jiwa,D13,
3504,Kabupaten Tulungagung,2014,jumlah_penduduk,1015974.0,jiwa,D13,
3504,Kabupaten Tulungagung,2015,jumlah_penduduk,1021190.0,jiwa,D13,
3504,Kabupaten Tulungagung,2016,jumlah_penduduk,1026101.0,jiwa,D13,
3504,Kabupaten Tulungagung,2017,jumlah_penduduk,1030790.0,jiwa,D13,
3504,Kabupaten Tulungagung,2018,jumlah_penduduk,1035290.0,jiwa,D13,
3504,Kabupaten Tulungagung,2019,jumlah_penduduk,1039284.0,jiwa,D13,
3504,Kabupaten Tulungagung,2020,jumlah_penduduk,1089775.0,jiwa,D13,patahan_seri
3504,Kabupaten Tulungagung,2021,jumlah_penduduk,1096588.0,jiwa,D13,
3504,Kabupaten Tulungagung,2022,jumlah_penduduk,1105337.0,jiwa,D13,
3504,Kabupaten Tulungagung,2023,jumlah_penduduk,1113973.0,jiwa,D13,
3504,Kabupaten Tulungagung,2024,jumlah_penduduk,1113847.0,jiwa,D13,patahan_seri
3504,Kabupaten Tulungagung,2025,jumlah_penduduk,1119588.0,jiwa,D13,
3505,Kabupaten Blitar,2010,jumlah_penduduk,1118919.0,jiwa,D13,
3505,Kabupaten Blitar,2011,jumlah_penduduk,1124775.0,jiwa,D13,
3505,Kabupaten Blitar,2012,jumlah_penduduk,1130423.0,jiwa,D13,
3505,Kabupaten Blitar,2013,jumlah_penduduk,1136701.0,jiwa,D13,
3505,Kabupaten Blitar,2014,jumlah_penduduk,1140793.0,jiwa,D13,
3505,Kabupaten Blitar,2015,jumlah_penduduk,1145396.0,jiwa,D13,
3505,Kabupaten Blitar,2016,jumlah_penduduk,1149710.0,jiwa,D13,
3505,Kabupaten Blitar,2017,jumlah_penduduk,1153803.0,jiwa,D13,
3505,Kabupaten Blitar,2018,jumlah_penduduk,1157500.0,jiwa,D13,
3505,Kabupaten Blitar,2019,jumlah_penduduk,1160677.0,jiwa,D13,
3505,Kabupaten Blitar,2020,jumlah_penduduk,1223745.0,jiwa,D13,patahan_seri
3505,Kabupaten Blitar,2021,jumlah_penduduk,1231013.0,jiwa,D13,
3505,Kabupaten Blitar,2022,jumlah_penduduk,1240322.0,jiwa,D13,
3505,Kabupaten Blitar,2023,jumlah_penduduk,1249497.0,jiwa,D13,
3505,Kabupaten Blitar,2024,jumlah_penduduk,1263645.0,jiwa,D13,patahan_seri
3505,Kabupaten Blitar,2025,jumlah_penduduk,1273451.0,jiwa,D13,
3506,Kabupaten Kediri,2010,jumlah_penduduk,1503095.0,jiwa,D13,
3506,Kabupaten Kediri,2011,jumlah_penduduk,1512610.0,jiwa,D13,
3506,Kabupaten Kediri,2012,jumlah_penduduk,1521895.0,jiwa,D13,
3506,Kabupaten Kediri,2013,jumlah_penduduk,1530504.0,jiwa,D13,
3506,Kabupaten Kediri,2014,jumlah_penduduk,1538929.0,jiwa,D13,
3506,Kabupaten Kediri,2015,jumlah_penduduk,1546883.0,jiwa,D13,
3506,Kabupaten Kediri,2016,jumlah_penduduk,1554385.0,jiwa,D13,
3506,Kabupaten Kediri,2017,jumlah_penduduk,1561392.0,jiwa,D13,
3506,Kabupaten Kediri,2018,jumlah_penduduk,1568113.0,jiwa,D13,
3506,Kabupaten Kediri,2019,jumlah_penduduk,1574272.0,jiwa,D13,
3506,Kabupaten Kediri,2020,jumlah_penduduk,1635294.0,jiwa,D13,patahan_seri
3506,Kabupaten Kediri,2021,jumlah_penduduk,1644400.0,jiwa,D13,
3506,Kabupaten Kediri,2022,jumlah_penduduk,1656020.0,jiwa,D13,
3506,Kabupaten Kediri,2023,jumlah_penduduk,1667450.0,jiwa,D13,
3506,Kabupaten Kediri,2024,jumlah_penduduk,1689916.0,jiwa,D13,patahan_seri
3506,Kabupaten Kediri,2025,jumlah_penduduk,1702262.0,jiwa,D13,
3507,Kabupaten Malang,2010,jumlah_penduduk,2451997.0,jiwa,D13,
3507,Kabupaten Malang,2011,jumlah_penduduk,2471990.0,jiwa,D13,
3507,Kabupaten Malang,2012,jumlah_penduduk,2490878.0,jiwa,D13,
3507,Kabupaten Malang,2013,jumlah_penduduk,2508698.0,jiwa,D13,
3507,Kabupaten Malang,2014,jumlah_penduduk,2527087.0,jiwa,D13,
3507,Kabupaten Malang,2015,jumlah_penduduk,2544315.0,jiwa,D13,
3507,Kabupaten Malang,2016,jumlah_penduduk,2560675.0,jiwa,D13,
3507,Kabupaten Malang,2017,jumlah_penduduk,2576596.0,jiwa,D13,
3507,Kabupaten Malang,2018,jumlah_penduduk,2591795.0,jiwa,D13,
3507,Kabupaten Malang,2019,jumlah_penduduk,2606204.0,jiwa,D13,
3507,Kabupaten Malang,2020,jumlah_penduduk,2654448.0,jiwa,D13,patahan_seri
3507,Kabupaten Malang,2021,jumlah_penduduk,2668296.0,jiwa,D13,
3507,Kabupaten Malang,2022,jumlah_penduduk,2685900.0,jiwa,D13,
3507,Kabupaten Malang,2023,jumlah_penduduk,2703175.0,jiwa,D13,
3507,Kabupaten Malang,2024,jumlah_penduduk,2735993.0,jiwa,D13,patahan_seri
3507,Kabupaten Malang,2025,jumlah_penduduk,2755438.0,jiwa,D13,
3508,Kabupaten Lumajang,2010,jumlah_penduduk,1008486.0,jiwa,D13,
3508,Kabupaten Lumajang,2011,jumlah_penduduk,1013403.0,jiwa,D13,
3508,Kabupaten Lumajang,2012,jumlah_penduduk,1017900.0,jiwa,D13,
3508,Kabupaten Lumajang,2013,jumlah_penduduk,1023818.0,jiwa,D13,
3508,Kabupaten Lumajang,2014,jumlah_penduduk,1026378.0,jiwa,D13,
3508,Kabupaten Lumajang,2015,jumlah_penduduk,1030193.0,jiwa,D13,
3508,Kabupaten Lumajang,2016,jumlah_penduduk,1033698.0,jiwa,D13,
3508,Kabupaten Lumajang,2017,jumlah_penduduk,1036823.0,jiwa,D13,
3508,Kabupaten Lumajang,2018,jumlah_penduduk,1039794.0,jiwa,D13,
3508,Kabupaten Lumajang,2019,jumlah_penduduk,1042395.0,jiwa,D13,
3508,Kabupaten Lumajang,2020,jumlah_penduduk,1119251.0,jiwa,D13,patahan_seri
3508,Kabupaten Lumajang,2021,jumlah_penduduk,1127094.0,jiwa,D13,
3508,Kabupaten Lumajang,2022,jumlah_penduduk,1137227.0,jiwa,D13,
3508,Kabupaten Lumajang,2023,jumlah_penduduk,1147261.0,jiwa,D13,
3508,Kabupaten Lumajang,2024,jumlah_penduduk,1145849.0,jiwa,D13,patahan_seri
3508,Kabupaten Lumajang,2025,jumlah_penduduk,1152264.0,jiwa,D13,
3509,Kabupaten Jember,2010,jumlah_penduduk,2337909.0,jiwa,D13,
3509,Kabupaten Jember,2011,jumlah_penduduk,2353025.0,jiwa,D13,
3509,Kabupaten Jember,2012,jumlah_penduduk,2367482.0,jiwa,D13,
3509,Kabupaten Jember,2013,jumlah_penduduk,2381400.0,jiwa,D13,
3509,Kabupaten Jember,2014,jumlah_penduduk,2394608.0,jiwa,D13,
3509,Kabupaten Jember,2015,jumlah_penduduk,2407115.0,jiwa,D13,
3509,Kabupaten Jember,2016,jumlah_penduduk,2419000.0,jiwa,D13,
3509,Kabupaten Jember,2017,jumlah_penduduk,2430185.0,jiwa,D13,
3509,Kabupaten Jember,2018,jumlah_penduduk,2440714.0,jiwa,D13,
3509,Kabupaten Jember,2019,jumlah_penduduk,2450668.0,jiwa,D13,
3509,Kabupaten Jember,2020,jumlah_penduduk,2536729.0,jiwa,D13,patahan_seri
3509,Kabupaten Jember,2021,jumlah_penduduk,2550360.0,jiwa,D13,
3509,Kabupaten Jember,2022,jumlah_penduduk,2567718.0,jiwa,D13,
3509,Kabupaten Jember,2023,jumlah_penduduk,2584771.0,jiwa,D13,
3509,Kabupaten Jember,2024,jumlah_penduduk,2603817.0,jiwa,D13,patahan_seri
3509,Kabupaten Jember,2025,jumlah_penduduk,2620135.0,jiwa,D13,
3510,Kabupaten Banyuwangi,2010,jumlah_penduduk,1559088.0,jiwa,D13,
3510,Kabupaten Banyuwangi,2011,jumlah_penduduk,1567084.0,jiwa,D13,
3510,Kabupaten Banyuwangi,2012,jumlah_penduduk,1574528.0,jiwa,D13,
3510,Kabupaten Banyuwangi,2013,jumlah_penduduk,1582586.0,jiwa,D13,
3510,Kabupaten Banyuwangi,2014,jumlah_penduduk,1588082.0,jiwa,D13,
3510,Kabupaten Banyuwangi,2015,jumlah_penduduk,1594083.0,jiwa,D13,
3510,Kabupaten Banyuwangi,2016,jumlah_penduduk,1599811.0,jiwa,D13,
3510,Kabupaten Banyuwangi,2017,jumlah_penduduk,1604897.0,jiwa,D13,
3510,Kabupaten Banyuwangi,2018,jumlah_penduduk,1609677.0,jiwa,D13,
3510,Kabupaten Banyuwangi,2019,jumlah_penduduk,1613991.0,jiwa,D13,
3510,Kabupaten Banyuwangi,2020,jumlah_penduduk,1708114.0,jiwa,D13,patahan_seri
3510,Kabupaten Banyuwangi,2021,jumlah_penduduk,1718462.0,jiwa,D13,
3510,Kabupaten Banyuwangi,2022,jumlah_penduduk,1731731.0,jiwa,D13,
3510,Kabupaten Banyuwangi,2023,jumlah_penduduk,1744814.0,jiwa,D13,
3510,Kabupaten Banyuwangi,2024,jumlah_penduduk,1754393.0,jiwa,D13,patahan_seri
3510,Kabupaten Banyuwangi,2025,jumlah_penduduk,1764540.0,jiwa,D13,
3511,Kabupaten Bondowoso,2010,jumlah_penduduk,738383.0,jiwa,D13,
3511,Kabupaten Bondowoso,2011,jumlah_penduduk,743369.0,jiwa,D13,
3511,Kabupaten Bondowoso,2012,jumlah_penduduk,748127.0,jiwa,D13,
3511,Kabupaten Bondowoso,2013,jumlah_penduduk,752791.0,jiwa,D13,
3511,Kabupaten Bondowoso,2014,jumlah_penduduk,756989.0,jiwa,D13,
3511,Kabupaten Bondowoso,2015,jumlah_penduduk,761205.0,jiwa,D13,
3511,Kabupaten Bondowoso,2016,jumlah_penduduk,765094.0,jiwa,D13,
3511,Kabupaten Bondowoso,2017,jumlah_penduduk,768912.0,jiwa,D13,
3511,Kabupaten Bondowoso,2018,jumlah_penduduk,772297.0,jiwa,D13,
3511,Kabupaten Bondowoso,2019,jumlah_penduduk,775715.0,jiwa,D13,
3511,Kabupaten Bondowoso,2020,jumlah_penduduk,776151.0,jiwa,D13,patahan_seri
3511,Kabupaten Bondowoso,2021,jumlah_penduduk,778525.0,jiwa,D13,
3511,Kabupaten Bondowoso,2022,jumlah_penduduk,781417.0,jiwa,D13,
3511,Kabupaten Bondowoso,2023,jumlah_penduduk,784192.0,jiwa,D13,
3511,Kabupaten Bondowoso,2024,jumlah_penduduk,792309.0,jiwa,D13,patahan_seri
3511,Kabupaten Bondowoso,2025,jumlah_penduduk,796300.0,jiwa,D13,
3512,Kabupaten Situbondo,2010,jumlah_penduduk,649092.0,jiwa,D13,
3512,Kabupaten Situbondo,2011,jumlah_penduduk,653609.0,jiwa,D13,
3512,Kabupaten Situbondo,2012,jumlah_penduduk,657874.0,jiwa,D13,
3512,Kabupaten Situbondo,2013,jumlah_penduduk,660702.0,jiwa,D13,
3512,Kabupaten Situbondo,2014,jumlah_penduduk,666013.0,jiwa,D13,
3512,Kabupaten Situbondo,2015,jumlah_penduduk,669713.0,jiwa,D13,
3512,Kabupaten Situbondo,2016,jumlah_penduduk,673282.0,jiwa,D13,
3512,Kabupaten Situbondo,2017,jumlah_penduduk,676703.0,jiwa,D13,
3512,Kabupaten Situbondo,2018,jumlah_penduduk,679993.0,jiwa,D13,
3512,Kabupaten Situbondo,2019,jumlah_penduduk,682978.0,jiwa,D13,
3512,Kabupaten Situbondo,2020,jumlah_penduduk,685967.0,jiwa,D13,patahan_seri
3512,Kabupaten Situbondo,2021,jumlah_penduduk,688337.0,jiwa,D13,
3512,Kabupaten Situbondo,2022,jumlah_penduduk,691260.0,jiwa,D13,
3512,Kabupaten Situbondo,2023,jumlah_penduduk,694081.0,jiwa,D13,
3512,Kabupaten Situbondo,2024,jumlah_penduduk,700719.0,jiwa,D13,patahan_seri
3512,Kabupaten Situbondo,2025,jumlah_penduduk,704243.0,jiwa,D13,
3513,Kabupaten Probolinggo,2010,jumlah_penduduk,1099011.0,jiwa,D13,
3513,Kabupaten Probolinggo,2011,jumlah_penduduk,1107923.0,jiwa,D13,
3513,Kabupaten Probolinggo,2012,jumlah_penduduk,1116390.0,jiwa,D13,
3513,Kabupaten Probolinggo,2013,jumlah_penduduk,1123204.0,jiwa,D13,
3513,Kabupaten Probolinggo,2014,jumlah_penduduk,1132690.0,jiwa,D13,
3513,Kabupaten Probolinggo,2015,jumlah_penduduk,1140480.0,jiwa,D13,
3513,Kabupaten Probolinggo,2016,jumlah_penduduk,1148012.0,jiwa,D13,
3513,Kabupaten Probolinggo,2017,jumlah_penduduk,1155214.0,jiwa,D13,
3513,Kabupaten Probolinggo,2018,jumlah_penduduk,1162092.0,jiwa,D13,
3513,Kabupaten Probolinggo,2019,jumlah_penduduk,1168503.0,jiwa,D13,
3513,Kabupaten Probolinggo,2020,jumlah_penduduk,1152537.0,jiwa,D13,patahan_seri
3513,Kabupaten Probolinggo,2021,jumlah_penduduk,1155894.0,jiwa,D13,
3513,Kabupaten Probolinggo,2022,jumlah_penduduk,1159965.0,jiwa,D13,
3513,Kabupaten Probolinggo,2023,jumlah_penduduk,1163859.0,jiwa,D13,
3513,Kabupaten Probolinggo,2024,jumlah_penduduk,1185242.0,jiwa,D13,patahan_seri
3513,Kabupaten Probolinggo,2025,jumlah_penduduk,1193272.0,jiwa,D13,
3514,Kabupaten Pasuruan,2010,jumlah_penduduk,1516492.0,jiwa,D13,
3514,Kabupaten Pasuruan,2011,jumlah_penduduk,1530287.0,jiwa,D13,
3514,Kabupaten Pasuruan,2012,jumlah_penduduk,1543723.0,jiwa,D13,
3514,Kabupaten Pasuruan,2013,jumlah_penduduk,1556711.0,jiwa,D13,
3514,Kabupaten Pasuruan,2014,jumlah_penduduk,1569507.0,jiwa,D13,
3514,Kabupaten Pasuruan,2015,jumlah_penduduk,1581787.0,jiwa,D13,
3514,Kabupaten Pasuruan,2016,jumlah_penduduk,1593683.0,jiwa,D13,
3514,Kabupaten Pasuruan,2017,jumlah_penduduk,1605307.0,jiwa,D13,
3514,Kabupaten Pasuruan,2018,jumlah_penduduk,1616578.0,jiwa,D13,
3514,Kabupaten Pasuruan,2019,jumlah_penduduk,1627396.0,jiwa,D13,
3514,Kabupaten Pasuruan,2020,jumlah_penduduk,1605969.0,jiwa,D13,patahan_seri
3514,Kabupaten Pasuruan,2021,jumlah_penduduk,1611805.0,jiwa,D13,
3514,Kabupaten Pasuruan,2022,jumlah_penduduk,1619035.0,jiwa,D13,
3514,Kabupaten Pasuruan,2023,jumlah_penduduk,1626029.0,jiwa,D13,
3514,Kabupaten Pasuruan,2024,jumlah_penduduk,1657216.0,jiwa,D13,patahan_seri
3514,Kabupaten Pasuruan,2025,jumlah_penduduk,1669400.0,jiwa,D13,
3515,Kabupaten Sidoarjo,2010,jumlah_penduduk,1949595.0,jiwa,D13,
3515,Kabupaten Sidoarjo,2011,jumlah_penduduk,1983271.0,jiwa,D13,
3515,Kabupaten Sidoarjo,2012,jumlah_penduduk,2016974.0,jiwa,D13,
3515,Kabupaten Sidoarjo,2013,jumlah_penduduk,2048986.0,jiwa,D13,
3515,Kabupaten Sidoarjo,2014,jumlah_penduduk,2083924.0,jiwa,D13,
3515,Kabupaten Sidoarjo,2015,jumlah_penduduk,2117279.0,jiwa,D13,
3515,Kabupaten Sidoarjo,2016,jumlah_penduduk,2150482.0,jiwa,D13,
3515,Kabupaten Sidoarjo,2017,jumlah_penduduk,2183682.0,jiwa,D13,
3515,Kabupaten Sidoarjo,2018,jumlah_penduduk,2216804.0,jiwa,D13,
3515,Kabupaten Sidoarjo,2019,jumlah_penduduk,2249476.0,jiwa,D13,
3515,Kabupaten Sidoarjo,2020,jumlah_penduduk,2082801.0,jiwa,D13,patahan_seri
3515,Kabupaten Sidoarjo,2021,jumlah_penduduk,2091930.0,jiwa,D13,
3515,Kabupaten Sidoarjo,2022,jumlah_penduduk,2103401.0,jiwa,D13,
3515,Kabupaten Sidoarjo,2023,jumlah_penduduk,2114588.0,jiwa,D13,
3515,Kabupaten Sidoarjo,2024,jumlah_penduduk,2171480.0,jiwa,D13,patahan_seri
3515,Kabupaten Sidoarjo,2025,jumlah_penduduk,2193692.0,jiwa,D13,
3516,Kabupaten Mojokerto,2010,jumlah_penduduk,1028605.0,jiwa,D13,
3516,Kabupaten Mojokerto,2011,jumlah_penduduk,1039299.0,jiwa,D13,
3516,Kabupaten Mojokerto,2012,jumlah_penduduk,1049886.0,jiwa,D13,
3516,Kabupaten Mojokerto,2013,jumlah_penduduk,1057808.0,jiwa,D13,
3516,Kabupaten Mojokerto,2014,jumlah_penduduk,1070486.0,jiwa,D13,
3516,Kabupaten Mojokerto,2015,jumlah_penduduk,1080389.0,jiwa,D13,
3516,Kabupaten Mojokerto,2016,jumlah_penduduk,1090075.0,jiwa,D13,
3516,Kabupaten Mojokerto,2017,jumlah_penduduk,1099504.0,jiwa,D13,
3516,Kabupaten Mojokerto,2018,jumlah_penduduk,1108718.0,jiwa,D13,
3516,Kabupaten Mojokerto,2019,jumlah_penduduk,1117688.0,jiwa,D13,
3516,Kabupaten Mojokerto,2020,jumlah_penduduk,1119209.0,jiwa,D13,patahan_seri
3516,Kabupaten Mojokerto,2021,jumlah_penduduk,1125522.0,jiwa,D13,
3516,Kabupaten Mojokerto,2022,jumlah_penduduk,1133584.0,jiwa,D13,
3516,Kabupaten Mojokerto,2023,jumlah_penduduk,1141516.0,jiwa,D13,
3516,Kabupaten Mojokerto,2024,jumlah_penduduk,1154257.0,jiwa,D13,patahan_seri
3516,Kabupaten Mojokerto,2025,jumlah_penduduk,1162696.0,jiwa,D13,
3517,Kabupaten Jombang,2010,jumlah_penduduk,1205114.0,jiwa,D13,
3517,Kabupaten Jombang,2011,jumlah_penduduk,1212881.0,jiwa,D13,
3517,Kabupaten Jombang,2012,jumlah_penduduk,1220404.0,jiwa,D13,
3517,Kabupaten Jombang,2013,jumlah_penduduk,1230881.0,jiwa,D13,
3517,Kabupaten Jombang,2014,jumlah_penduduk,1234501.0,jiwa,D13,
3517,Kabupaten Jombang,2015,jumlah_penduduk,1240985.0,jiwa,D13,
3517,Kabupaten Jombang,2016,jumlah_penduduk,1247303.0,jiwa,D13,
3517,Kabupaten Jombang,2017,jumlah_penduduk,1253078.0,jiwa,D13,
3517,Kabupaten Jombang,2018,jumlah_penduduk,1258618.0,jiwa,D13,
3517,Kabupaten Jombang,2019,jumlah_penduduk,1263814.0,jiwa,D13,
3517,Kabupaten Jombang,2020,jumlah_penduduk,1318062.0,jiwa,D13,patahan_seri
3517,Kabupaten Jombang,2021,jumlah_penduduk,1325914.0,jiwa,D13,
3517,Kabupaten Jombang,2022,jumlah_penduduk,1335972.0,jiwa,D13,
3517,Kabupaten Jombang,2023,jumlah_penduduk,1345886.0,jiwa,D13,
3517,Kabupaten Jombang,2024,jumlah_penduduk,1362697.0,jiwa,D13,patahan_seri
3517,Kabupaten Jombang,2025,jumlah_penduduk,1379371.0,jiwa,D13,
3518,Kabupaten Nganjuk,2010,jumlah_penduduk,1019018.0,jiwa,D13,
3518,Kabupaten Nganjuk,2011,jumlah_penduduk,1024105.0,jiwa,D13,
3518,Kabupaten Nganjuk,2012,jumlah_penduduk,1028914.0,jiwa,D13,
3518,Kabupaten Nganjuk,2013,jumlah_penduduk,1033597.0,jiwa,D13,
3518,Kabupaten Nganjuk,2014,jumlah_penduduk,1037723.0,jiwa,D13,
3518,Kabupaten Nganjuk,2015,jumlah_penduduk,1041716.0,jiwa,D13,
3518,Kabupaten Nganjuk,2016,jumlah_penduduk,1045375.0,jiwa,D13,
3518,Kabupaten Nganjuk,2017,jumlah_penduduk,1048799.0,jiwa,D13,
3518,Kabupaten Nganjuk,2018,jumlah_penduduk,1051900.0,jiwa,D13,
3518,Kabupaten Nganjuk,2019,jumlah_penduduk,1054611.0,jiwa,D13,
3518,Kabupaten Nganjuk,2020,jumlah_penduduk,1103902.0,jiwa,D13,patahan_seri
3518,Kabupaten Nganjuk,2021,jumlah_penduduk,1109683.0,jiwa,D13,
3518,Kabupaten Nganjuk,2022,jumlah_penduduk,1117033.0,jiwa,D13,
3518,Kabupaten Nganjuk,2023,jumlah_penduduk,1124247.0,jiwa,D13,
3518,Kabupaten Nganjuk,2024,jumlah_penduduk,1131777.0,jiwa,D13,patahan_seri
3518,Kabupaten Nganjuk,2025,jumlah_penduduk,1138604.0,jiwa,D13,
3519,Kabupaten Madiun,2010,jumlah_penduduk,663476.0,jiwa,D13,
3519,Kabupaten Madiun,2011,jumlah_penduduk,666305.0,jiwa,D13,
3519,Kabupaten Madiun,2012,jumlah_penduduk,669088.0,jiwa,D13,
3519,Kabupaten Madiun,2013,jumlah_penduduk,671883.0,jiwa,D13,
3519,Kabupaten Madiun,2014,jumlah_penduduk,673988.0,jiwa,D13,
3519,Kabupaten Madiun,2015,jumlah_penduduk,676087.0,jiwa,D13,
3519,Kabupaten Madiun,2016,jumlah_penduduk,677993.0,jiwa,D13,
3519,Kabupaten Madiun,2017,jumlah_penduduk,679888.0,jiwa,D13,
3519,Kabupaten Madiun,2018,jumlah_penduduk,681394.0,jiwa,D13,
3519,Kabupaten Madiun,2019,jumlah_penduduk,682684.0,jiwa,D13,
3519,Kabupaten Madiun,2020,jumlah_penduduk,744350.0,jiwa,D13,patahan_seri
3519,Kabupaten Madiun,2021,jumlah_penduduk,750143.0,jiwa,D13,
3519,Kabupaten Madiun,2022,jumlah_penduduk,757665.0,jiwa,D13,
3519,Kabupaten Madiun,2023,jumlah_penduduk,765135.0,jiwa,D13,
3519,Kabupaten Madiun,2024,jumlah_penduduk,757839.0,jiwa,D13,patahan_seri
3519,Kabupaten Madiun,2025,jumlah_penduduk,760948.0,jiwa,D13,
3520,Kabupaten Magetan,2010,jumlah_penduduk,621274.0,jiwa,D13,
3520,Kabupaten Magetan,2011,jumlah_penduduk,622902.0,jiwa,D13,
3520,Kabupaten Magetan,2012,jumlah_penduduk,624373.0,jiwa,D13,
3520,Kabupaten Magetan,2013,jumlah_penduduk,625703.0,jiwa,D13,
3520,Kabupaten Magetan,2014,jumlah_penduduk,626614.0,jiwa,D13,
3520,Kabupaten Magetan,2015,jumlah_penduduk,627413.0,jiwa,D13,
3520,Kabupaten Magetan,2016,jumlah_penduduk,627984.0,jiwa,D13,
3520,Kabupaten Magetan,2017,jumlah_penduduk,628609.0,jiwa,D13,
3520,Kabupaten Magetan,2018,jumlah_penduduk,628924.0,jiwa,D13,
3520,Kabupaten Magetan,2019,jumlah_penduduk,628977.0,jiwa,D13,
3520,Kabupaten Magetan,2020,jumlah_penduduk,670812.0,jiwa,D13,patahan_seri
3520,Kabupaten Magetan,2021,jumlah_penduduk,674133.0,jiwa,D13,
3520,Kabupaten Magetan,2022,jumlah_penduduk,678343.0,jiwa,D13,
3520,Kabupaten Magetan,2023,jumlah_penduduk,682466.0,jiwa,D13,
3520,Kabupaten Magetan,2024,jumlah_penduduk,685500.0,jiwa,D13,patahan_seri
3520,Kabupaten Magetan,2025,jumlah_penduduk,689209.0,jiwa,D13,
3521,Kabupaten Ngawi,2010,jumlah_penduduk,818989.0,jiwa,D13,
3521,Kabupaten Ngawi,2011,jumlah_penduduk,820880.0,jiwa,D13,
3521,Kabupaten Ngawi,2012,jumlah_penduduk,822605.0,jiwa,D13,
3521,Kabupaten Ngawi,2013,jumlah_penduduk,824587.0,jiwa,D13,
3521,Kabupaten Ngawi,2014,jumlah_penduduk,827829.0,jiwa,D13,
3521,Kabupaten Ngawi,2015,jumlah_penduduk,828783.0,jiwa,D13,
3521,Kabupaten Ngawi,2016,jumlah_penduduk,829480.0,jiwa,D13,
3521,Kabupaten Ngawi,2017,jumlah_penduduk,829899.0,jiwa,D13,
3521,Kabupaten Ngawi,2018,jumlah_penduduk,830090.0,jiwa,D13,
3521,Kabupaten Ngawi,2019,jumlah_penduduk,830108.0,jiwa,D13,
3521,Kabupaten Ngawi,2020,jumlah_penduduk,870057.0,jiwa,D13,patahan_seri
3521,Kabupaten Ngawi,2021,jumlah_penduduk,873346.0,jiwa,D13,
3521,Kabupaten Ngawi,2022,jumlah_penduduk,877432.0,jiwa,D13,
3521,Kabupaten Ngawi,2023,jumlah_penduduk,881393.0,jiwa,D13,
3521,Kabupaten Ngawi,2024,jumlah_penduduk,884086.0,jiwa,D13,patahan_seri
3521,Kabupaten Ngawi,2025,jumlah_penduduk,887172.0,jiwa,D13,
3522,Kabupaten Bojonegoro,2010,jumlah_penduduk,1212301.0,jiwa,D13,
3522,Kabupaten Bojonegoro,2011,jumlah_penduduk,1217775.0,jiwa,D13,
3522,Kabupaten Bojonegoro,2012,jumlah_penduduk,1223079.0,jiwa,D13,
3522,Kabupaten Bojonegoro,2013,jumlah_penduduk,1227704.0,jiwa,D13,
3522,Kabupaten Bojonegoro,2014,jumlah_penduduk,1232386.0,jiwa,D13,
3522,Kabupaten Bojonegoro,2015,jumlah_penduduk,1236607.0,jiwa,D13,
3522,Kabupaten Bojonegoro,2016,jumlah_penduduk,1240383.0,jiwa,D13,
3522,Kabupaten Bojonegoro,2017,jumlah_penduduk,1243906.0,jiwa,D13,
3522,Kabupaten Bojonegoro,2018,jumlah_penduduk,1246927.0,jiwa,D13,
3522,Kabupaten Bojonegoro,2019,jumlah_penduduk,1249692.0,jiwa,D13,
3522,Kabupaten Bojonegoro,2020,jumlah_penduduk,1301635.0,jiwa,D13,patahan_seri
3522,Kabupaten Bojonegoro,2021,jumlah_penduduk,1307602.0,jiwa,D13,
3522,Kabupaten Bojonegoro,2022,jumlah_penduduk,1315125.0,jiwa,D13,
3522,Kabupaten Bojonegoro,2023,jumlah_penduduk,1322474.0,jiwa,D13,
3522,Kabupaten Bojonegoro,2024,jumlah_penduduk,1325299.0,jiwa,D13,patahan_seri
3522,Kabupaten Bojonegoro,2025,jumlah_penduduk,1330516.0,jiwa,D13,
3523,Kabupaten Tuban,2010,jumlah_penduduk,1120910.0,jiwa,D13,
3523,Kabupaten Tuban,2011,jumlah_penduduk,1127884.0,jiwa,D13,
3523,Kabupaten Tuban,2012,jumlah_penduduk,1134584.0,jiwa,D13,
3523,Kabupaten Tuban,2013,jumlah_penduduk,1141497.0,jiwa,D13,
3523,Kabupaten Tuban,2014,jumlah_penduduk,1147097.0,jiwa,D13,
3523,Kabupaten Tuban,2015,jumlah_penduduk,1152915.0,jiwa,D13,
3523,Kabupaten Tuban,2016,jumlah_penduduk,1158374.0,jiwa,D13,
3523,Kabupaten Tuban,2017,jumlah_penduduk,1163614.0,jiwa,D13,
3523,Kabupaten Tuban,2018,jumlah_penduduk,1168277.0,jiwa,D13,
3523,Kabupaten Tuban,2019,jumlah_penduduk,1172790.0,jiwa,D13,
3523,Kabupaten Tuban,2020,jumlah_penduduk,1198012.0,jiwa,D13,patahan_seri
3523,Kabupaten Tuban,2021,jumlah_penduduk,1203127.0,jiwa,D13,
3523,Kabupaten Tuban,2022,jumlah_penduduk,1209543.0,jiwa,D13,
3523,Kabupaten Tuban,2023,jumlah_penduduk,1215795.0,jiwa,D13,
3523,Kabupaten Tuban,2024,jumlah_penduduk,1225205.0,jiwa,D13,patahan_seri
3523,Kabupaten Tuban,2025,jumlah_penduduk,1231374.0,jiwa,D13,
3524,Kabupaten Lamongan,2010,jumlah_penduduk,1180699.0,jiwa,D13,
3524,Kabupaten Lamongan,2011,jumlah_penduduk,1182808.0,jiwa,D13,
3524,Kabupaten Lamongan,2012,jumlah_penduduk,1184581.0,jiwa,D13,
3524,Kabupaten Lamongan,2013,jumlah_penduduk,1186382.0,jiwa,D13,
3524,Kabupaten Lamongan,2014,jumlah_penduduk,1187084.0,jiwa,D13,
3524,Kabupaten Lamongan,2015,jumlah_penduduk,1187795.0,jiwa,D13,
3524,Kabupaten Lamongan,2016,jumlah_penduduk,1188193.0,jiwa,D13,
3524,Kabupaten Lamongan,2017,jumlah_penduduk,1188478.0,jiwa,D13,
3524,Kabupaten Lamongan,2018,jumlah_penduduk,1188913.0,jiwa,D13,
3524,Kabupaten Lamongan,2019,jumlah_penduduk,1189106.0,jiwa,D13,
3524,Kabupaten Lamongan,2020,jumlah_penduduk,1344165.0,jiwa,D13,patahan_seri
3524,Kabupaten Lamongan,2021,jumlah_penduduk,1356027.0,jiwa,D13,
3524,Kabupaten Lamongan,2022,jumlah_penduduk,1371509.0,jiwa,D13,
3524,Kabupaten Lamongan,2023,jumlah_penduduk,1386941.0,jiwa,D13,
3524,Kabupaten Lamongan,2024,jumlah_penduduk,1378147.0,jiwa,D13,patahan_seri
3524,Kabupaten Lamongan,2025,jumlah_penduduk,1386390.0,jiwa,D13,
3525,Kabupaten Gresik,2010,jumlah_penduduk,1180974.0,jiwa,D13,
3525,Kabupaten Gresik,2011,jumlah_penduduk,1196516.0,jiwa,D13,
3525,Kabupaten Gresik,2012,jumlah_penduduk,1211686.0,jiwa,D13,
3525,Kabupaten Gresik,2013,jumlah_penduduk,1227101.0,jiwa,D13,
3525,Kabupaten Gresik,2014,jumlah_penduduk,1241613.0,jiwa,D13,
3525,Kabupaten Gresik,2015,jumlah_penduduk,1256313.0,jiwa,D13,dikoreksi_C01
3525,Kabupaten Gresik,2016,jumlah_penduduk,1270702.0,jiwa,D13,
3525,Kabupaten Gresik,2017,jumlah_penduduk,1285018.0,jiwa,D13,
3525,Kabupaten Gresik,2018,jumlah_penduduk,1299024.0,jiwa,D13,
3525,Kabupaten Gresik,2019,jumlah_penduduk,1312881.0,jiwa,D13,
3525,Kabupaten Gresik,2020,jumlah_penduduk,1311215.0,jiwa,D13,patahan_seri
3525,Kabupaten Gresik,2021,jumlah_penduduk,1320570.0,jiwa,D13,
3525,Kabupaten Gresik,2022,jumlah_penduduk,1332664.0,jiwa,D13,
3525,Kabupaten Gresik,2023,jumlah_penduduk,1344648.0,jiwa,D13,
3525,Kabupaten Gresik,2024,jumlah_penduduk,1364019.0,jiwa,D13,patahan_seri
3525,Kabupaten Gresik,2025,jumlah_penduduk,1377287.0,jiwa,D13,
3526,Kabupaten Bangkalan,2010,jumlah_penduduk,909398.0,jiwa,D13,
3526,Kabupaten Bangkalan,2011,jumlah_penduduk,918813.0,jiwa,D13,
3526,Kabupaten Bangkalan,2012,jumlah_penduduk,928024.0,jiwa,D13,
3526,Kabupaten Bangkalan,2013,jumlah_penduduk,937497.0,jiwa,D13,
3526,Kabupaten Bangkalan,2014,jumlah_penduduk,945821.0,jiwa,D13,
3526,Kabupaten Bangkalan,2015,jumlah_penduduk,954305.0,jiwa,D13,
3526,Kabupaten Bangkalan,2016,jumlah_penduduk,962773.0,jiwa,D13,
3526,Kabupaten Bangkalan,2017,jumlah_penduduk,970894.0,jiwa,D13,
3526,Kabupaten Bangkalan,2018,jumlah_penduduk,978892.0,jiwa,D13,
3526,Kabupaten Bangkalan,2019,jumlah_penduduk,986672.0,jiwa,D13,
3526,Kabupaten Bangkalan,2020,jumlah_penduduk,1060377.0,jiwa,D13,patahan_seri
3526,Kabupaten Bangkalan,2021,jumlah_penduduk,1071712.0,jiwa,D13,
3526,Kabupaten Bangkalan,2022,jumlah_penduduk,1086620.0,jiwa,D13,
3526,Kabupaten Bangkalan,2023,jumlah_penduduk,1101556.0,jiwa,D13,
3526,Kabupaten Bangkalan,2024,jumlah_penduduk,1102522.0,jiwa,D13,patahan_seri
3526,Kabupaten Bangkalan,2025,jumlah_penduduk,1112956.0,jiwa,D13,
3527,Kabupaten Sampang,2010,jumlah_penduduk,880696.0,jiwa,D13,
3527,Kabupaten Sampang,2011,jumlah_penduduk,892301.0,jiwa,D13,
3527,Kabupaten Sampang,2012,jumlah_penduduk,903613.0,jiwa,D13,
3527,Kabupaten Sampang,2013,jumlah_penduduk,913499.0,jiwa,D13,
3527,Kabupaten Sampang,2014,jumlah_penduduk,925911.0,jiwa,D13,
3527,Kabupaten Sampang,2015,jumlah_penduduk,936801.0,jiwa,D13,
3527,Kabupaten Sampang,2016,jumlah_penduduk,947614.0,jiwa,D13,
3527,Kabupaten Sampang,2017,jumlah_penduduk,958082.0,jiwa,D13,
3527,Kabupaten Sampang,2018,jumlah_penduduk,968520.0,jiwa,D13,
3527,Kabupaten Sampang,2019,jumlah_penduduk,978875.0,jiwa,D13,
3527,Kabupaten Sampang,2020,jumlah_penduduk,969694.0,jiwa,D13,patahan_seri
3527,Kabupaten Sampang,2021,jumlah_penduduk,976020.0,jiwa,D13,
3527,Kabupaten Sampang,2022,jumlah_penduduk,984162.0,jiwa,D13,
3527,Kabupaten Sampang,2023,jumlah_penduduk,992210.0,jiwa,D13,
3527,Kabupaten Sampang,2024,jumlah_penduduk,1016254.0,jiwa,D13,patahan_seri
3527,Kabupaten Sampang,2025,jumlah_penduduk,1027538.0,jiwa,D13,
3528,Kabupaten Pamekasan,2010,jumlah_penduduk,798605.0,jiwa,D13,
3528,Kabupaten Pamekasan,2011,jumlah_penduduk,808114.0,jiwa,D13,
3528,Kabupaten Pamekasan,2012,jumlah_penduduk,817690.0,jiwa,D13,
3528,Kabupaten Pamekasan,2013,jumlah_penduduk,827407.0,jiwa,D13,
3528,Kabupaten Pamekasan,2014,jumlah_penduduk,836224.0,jiwa,D13,
3528,Kabupaten Pamekasan,2015,jumlah_penduduk,845314.0,jiwa,D13,
3528,Kabupaten Pamekasan,2016,jumlah_penduduk,854194.0,jiwa,D13,
3528,Kabupaten Pamekasan,2017,jumlah_penduduk,863004.0,jiwa,D13,
3528,Kabupaten Pamekasan,2018,jumlah_penduduk,871497.0,jiwa,D13,
3528,Kabupaten Pamekasan,2019,jumlah_penduduk,879992.0,jiwa,D13,
3528,Kabupaten Pamekasan,2020,jumlah_penduduk,850057.0,jiwa,D13,patahan_seri
3528,Kabupaten Pamekasan,2021,jumlah_penduduk,853507.0,jiwa,D13,
3528,Kabupaten Pamekasan,2022,jumlah_penduduk,857818.0,jiwa,D13,
3528,Kabupaten Pamekasan,2023,jumlah_penduduk,862009.0,jiwa,D13,
3528,Kabupaten Pamekasan,2024,jumlah_penduduk,884697.0,jiwa,D13,patahan_seri
3528,Kabupaten Pamekasan,2025,jumlah_penduduk,893327.0,jiwa,D13,
3529,Kabupaten Sumenep,2010,jumlah_penduduk,1044588.0,jiwa,D13,
3529,Kabupaten Sumenep,2011,jumlah_penduduk,1050678.0,jiwa,D13,
3529,Kabupaten Sumenep,2012,jumlah_penduduk,1056415.0,jiwa,D13,
3529,Kabupaten Sumenep,2013,jumlah_penduduk,1061211.0,jiwa,D13,
3529,Kabupaten Sumenep,2014,jumlah_penduduk,1067202.0,jiwa,D13,
3529,Kabupaten Sumenep,2015,jumlah_penduduk,1072113.0,jiwa,D13,
3529,Kabupaten Sumenep,2016,jumlah_penduduk,1076805.0,jiwa,D13,
3529,Kabupaten Sumenep,2017,jumlah_penduduk,1081204.0,jiwa,D13,
3529,Kabupaten Sumenep,2018,jumlah_penduduk,1085227.0,jiwa,D13,
3529,Kabupaten Sumenep,2019,jumlah_penduduk,1088910.0,jiwa,D13,
3529,Kabupaten Sumenep,2020,jumlah_penduduk,1124436.0,jiwa,D13,patahan_seri
3529,Kabupaten Sumenep,2021,jumlah_penduduk,1129822.0,jiwa,D13,
3529,Kabupaten Sumenep,2022,jumlah_penduduk,1136632.0,jiwa,D13,
3529,Kabupaten Sumenep,2023,jumlah_penduduk,1143295.0,jiwa,D13,
3529,Kabupaten Sumenep,2024,jumlah_penduduk,1153188.0,jiwa,D13,patahan_seri
3529,Kabupaten Sumenep,2025,jumlah_penduduk,1159397.0,jiwa,D13,
3571,Kota Kediri,2010,jumlah_penduduk,269193.0,jiwa,D13,
3571,Kota Kediri,2011,jumlah_penduduk,271511.0,jiwa,D13,
3571,Kota Kediri,2012,jumlah_penduduk,273695.0,jiwa,D13,
3571,Kota Kediri,2013,jumlah_penduduk,276619.0,jiwa,D13,
3571,Kota Kediri,2014,jumlah_penduduk,278072.0,jiwa,D13,
3571,Kota Kediri,2015,jumlah_penduduk,280004.0,jiwa,D13,
3571,Kota Kediri,2016,jumlah_penduduk,281978.0,jiwa,D13,
3571,Kota Kediri,2017,jumlah_penduduk,284002.0,jiwa,D13,
3571,Kota Kediri,2018,jumlah_penduduk,285582.0,jiwa,D13,
3571,Kota Kediri,2019,jumlah_penduduk,287409.0,jiwa,D13,
3571,Kota Kediri,2020,jumlah_penduduk,286796.0,jiwa,D13,patahan_seri
3571,Kota Kediri,2021,jumlah_penduduk,287962.0,jiwa,D13,
3571,Kota Kediri,2022,jumlah_penduduk,289418.0,jiwa,D13,
3571,Kota Kediri,2023,jumlah_penduduk,290836.0,jiwa,D13,
3571,Kota Kediri,2024,jumlah_penduduk,298227.0,jiwa,D13,patahan_seri
3571,Kota Kediri,2025,jumlah_penduduk,301202.0,jiwa,D13,
3572,Kota Blitar,2010,jumlah_penduduk,132383.0,jiwa,D13,
3572,Kota Blitar,2011,jumlah_penduduk,133492.0,jiwa,D13,
3572,Kota Blitar,2012,jumlah_penduduk,134723.0,jiwa,D13,
3572,Kota Blitar,2013,jumlah_penduduk,135702.0,jiwa,D13,
3572,Kota Blitar,2014,jumlah_penduduk,136903.0,jiwa,D13,
3572,Kota Blitar,2015,jumlah_penduduk,137908.0,jiwa,D13,
3572,Kota Blitar,2016,jumlah_penduduk,139117.0,jiwa,D13,
3572,Kota Blitar,2017,jumlah_penduduk,139995.0,jiwa,D13,
3572,Kota Blitar,2018,jumlah_penduduk,140971.0,jiwa,D13,
3572,Kota Blitar,2019,jumlah_penduduk,141876.0,jiwa,D13,
3572,Kota Blitar,2020,jumlah_penduduk,149149.0,jiwa,D13,patahan_seri
3572,Kota Blitar,2021,jumlah_penduduk,150371.0,jiwa,D13,
3572,Kota Blitar,2022,jumlah_penduduk,151960.0,jiwa,D13,
3572,Kota Blitar,2023,jumlah_penduduk,153541.0,jiwa,D13,
3572,Kota Blitar,2024,jumlah_penduduk,154867.0,jiwa,D13,patahan_seri
3572,Kota Blitar,2025,jumlah_penduduk,156330.0,jiwa,D13,
3573,Kota Malang,2010,jumlah_penduduk,822201.0,jiwa,D13,
3573,Kota Malang,2011,jumlah_penduduk,828491.0,jiwa,D13,
3573,Kota Malang,2012,jumlah_penduduk,834527.0,jiwa,D13,
3573,Kota Malang,2013,jumlah_penduduk,840803.0,jiwa,D13,
3573,Kota Malang,2014,jumlah_penduduk,845973.0,jiwa,D13,
3573,Kota Malang,2015,jumlah_penduduk,851298.0,jiwa,D13,
3573,Kota Malang,2016,jumlah_penduduk,856410.0,jiwa,D13,
3573,Kota Malang,2017,jumlah_penduduk,861414.0,jiwa,D13,
3573,Kota Malang,2018,jumlah_penduduk,866118.0,jiwa,D13,
3573,Kota Malang,2019,jumlah_penduduk,870682.0,jiwa,D13,
3573,Kota Malang,2020,jumlah_penduduk,843810.0,jiwa,D13,patahan_seri
3573,Kota Malang,2021,jumlah_penduduk,844933.0,jiwa,D13,
3573,Kota Malang,2022,jumlah_penduduk,846126.0,jiwa,D13,
3573,Kota Malang,2023,jumlah_penduduk,847182.0,jiwa,D13,
3573,Kota Malang,2024,jumlah_penduduk,872694.0,jiwa,D13,patahan_seri
3573,Kota Malang,2025,jumlah_penduduk,879873.0,jiwa,D13,
3574,Kota Probolinggo,2010,jumlah_penduduk,217679.0,jiwa,D13,
3574,Kota Probolinggo,2011,jumlah_penduduk,220102.0,jiwa,D13,
3574,Kota Probolinggo,2012,jumlah_penduduk,222292.0,jiwa,D13,
3574,Kota Probolinggo,2013,jumlah_penduduk,223881.0,jiwa,D13,
3574,Kota Probolinggo,2014,jumlah_penduduk,226777.0,jiwa,D13,
3574,Kota Probolinggo,2015,jumlah_penduduk,229013.0,jiwa,D13,
3574,Kota Probolinggo,2016,jumlah_penduduk,231112.0,jiwa,D13,
3574,Kota Probolinggo,2017,jumlah_penduduk,233123.0,jiwa,D13,
3574,Kota Probolinggo,2018,jumlah_penduduk,235211.0,jiwa,D13,
3574,Kota Probolinggo,2019,jumlah_penduduk,237208.0,jiwa,D13,
3574,Kota Probolinggo,2020,jumlah_penduduk,239649.0,jiwa,D13,patahan_seri
3574,Kota Probolinggo,2021,jumlah_penduduk,241202.0,jiwa,D13,
3574,Kota Probolinggo,2022,jumlah_penduduk,243200.0,jiwa,D13,
3574,Kota Probolinggo,2023,jumlah_penduduk,245174.0,jiwa,D13,
3574,Kota Probolinggo,2024,jumlah_penduduk,249539.0,jiwa,D13,patahan_seri
3574,Kota Probolinggo,2025,jumlah_penduduk,252085.0,jiwa,D13,
3575,Kota Pasuruan,2010,jumlah_penduduk,186805.0,jiwa,D13,
3575,Kota Pasuruan,2011,jumlah_penduduk,188414.0,jiwa,D13,
3575,Kota Pasuruan,2012,jumlah_penduduk,190191.0,jiwa,D13,
3575,Kota Pasuruan,2013,jumlah_penduduk,192285.0,jiwa,D13,
3575,Kota Pasuruan,2014,jumlah_penduduk,193329.0,jiwa,D13,
3575,Kota Pasuruan,2015,jumlah_penduduk,194815.0,jiwa,D13,
3575,Kota Pasuruan,2016,jumlah_penduduk,196202.0,jiwa,D13,
3575,Kota Pasuruan,2017,jumlah_penduduk,197696.0,jiwa,D13,
3575,Kota Pasuruan,2018,jumlah_penduduk,199078.0,jiwa,D13,
3575,Kota Pasuruan,2019,jumlah_penduduk,200422.0,jiwa,D13,
3575,Kota Pasuruan,2020,jumlah_penduduk,208006.0,jiwa,D13,patahan_seri
3575,Kota Pasuruan,2021,jumlah_penduduk,209528.0,jiwa,D13,
3575,Kota Pasuruan,2022,jumlah_penduduk,211497.0,jiwa,D13,
3575,Kota Pasuruan,2023,jumlah_penduduk,213450.0,jiwa,D13,
3575,Kota Pasuruan,2024,jumlah_penduduk,219392.0,jiwa,D13,patahan_seri
3575,Kota Pasuruan,2025,jumlah_penduduk,222334.0,jiwa,D13,
3576,Kota Mojokerto,2010,jumlah_penduduk,120623.0,jiwa,D13,
3576,Kota Mojokerto,2011,jumlah_penduduk,121517.0,jiwa,D13,
3576,Kota Mojokerto,2012,jumlah_penduduk,122594.0,jiwa,D13,
3576,Kota Mojokerto,2013,jumlah_penduduk,123806.0,jiwa,D13,
3576,Kota Mojokerto,2014,jumlah_penduduk,124719.0,jiwa,D13,
3576,Kota Mojokerto,2015,jumlah_penduduk,125706.0,jiwa,D13,
3576,Kota Mojokerto,2016,jumlah_penduduk,126404.0,jiwa,D13,
3576,Kota Mojokerto,2017,jumlah_penduduk,127279.0,jiwa,D13,
3576,Kota Mojokerto,2018,jumlah_penduduk,128282.0,jiwa,D13,
3576,Kota Mojokerto,2019,jumlah_penduduk,129014.0,jiwa,D13,
3576,Kota Mojokerto,2020,jumlah_penduduk,132434.0,jiwa,D13,patahan_seri
3576,Kota Mojokerto,2021,jumlah_penduduk,133272.0,jiwa,D13,
3576,Kota Mojokerto,2022,jumlah_penduduk,134350.0,jiwa,D13,
3576,Kota Mojokerto,2023,jumlah_penduduk,135414.0,jiwa,D13,
3576,Kota Mojokerto,2024,jumlah_penduduk,137393.0,jiwa,D13,patahan_seri
3576,Kota Mojokerto,2025,jumlah_penduduk,138613.0,jiwa,D13,
3577,Kota Madiun,2010,jumlah_penduduk,171305.0,jiwa,D13,
3577,Kota Madiun,2011,jumlah_penduduk,172073.0,jiwa,D13,
3577,Kota Madiun,2012,jumlah_penduduk,172886.0,jiwa,D13,
3577,Kota Madiun,2013,jumlah_penduduk,174114.0,jiwa,D13,
3577,Kota Madiun,2014,jumlah_penduduk,174373.0,jiwa,D13,
3577,Kota Madiun,2015,jumlah_penduduk,174995.0,jiwa,D13,
3577,Kota Madiun,2016,jumlah_penduduk,175607.0,jiwa,D13,
3577,Kota Madiun,2017,jumlah_penduduk,176099.0,jiwa,D13,
3577,Kota Madiun,2018,jumlah_penduduk,176697.0,jiwa,D13,
3577,Kota Madiun,2019,jumlah_penduduk,177007.0,jiwa,D13,
3577,Kota Madiun,2020,jumlah_penduduk,195175.0,jiwa,D13,patahan_seri
3577,Kota Madiun,2021,jumlah_penduduk,196917.0,jiwa,D13,
3577,Kota Madiun,2022,jumlah_penduduk,199192.0,jiwa,D13,
3577,Kota Madiun,2023,jumlah_penduduk,201460.0,jiwa,D13,
3577,Kota Madiun,2024,jumlah_penduduk,201767.0,jiwa,D13,patahan_seri
3577,Kota Madiun,2025,jumlah_penduduk,203552.0,jiwa,D13,
3578,Kota Surabaya,2010,jumlah_penduduk,2771615.0,jiwa,D13,
3578,Kota Surabaya,2011,jumlah_penduduk,2788932.0,jiwa,D13,
3578,Kota Surabaya,2012,jumlah_penduduk,2805718.0,jiwa,D13,
3578,Kota Surabaya,2013,jumlah_penduduk,2821929.0,jiwa,D13,
3578,Kota Surabaya,2014,jumlah_penduduk,2833924.0,jiwa,D13,
3578,Kota Surabaya,2015,jumlah_penduduk,2848583.0,jiwa,D13,
3578,Kota Surabaya,2016,jumlah_penduduk,2862406.0,jiwa,D13,
3578,Kota Surabaya,2017,jumlah_penduduk,2874699.0,jiwa,D13,
3578,Kota Surabaya,2018,jumlah_penduduk,2885555.0,jiwa,D13,
3578,Kota Surabaya,2019,jumlah_penduduk,2896195.0,jiwa,D13,
3578,Kota Surabaya,2020,jumlah_penduduk,2874314.0,jiwa,D13,patahan_seri
3578,Kota Surabaya,2021,jumlah_penduduk,2880284.0,jiwa,D13,
3578,Kota Surabaya,2022,jumlah_penduduk,2887223.0,jiwa,D13,
3578,Kota Surabaya,2023,jumlah_penduduk,2893698.0,jiwa,D13,
3578,Kota Surabaya,2024,jumlah_penduduk,2921996.0,jiwa,D13,patahan_seri
3578,Kota Surabaya,2025,jumlah_penduduk,2931611.0,jiwa,D13,
3579,Kota Batu,2010,jumlah_penduduk,190806.0,jiwa,D13,
3579,Kota Batu,2011,jumlah_penduduk,192813.0,jiwa,D13,
3579,Kota Batu,2012,jumlah_penduduk,194700.0,jiwa,D13,
3579,Kota Batu,2013,jumlah_penduduk,196189.0,jiwa,D13,
3579,Kota Batu,2014,jumlah_penduduk,198608.0,jiwa,D13,
3579,Kota Batu,2015,jumlah_penduduk,200485.0,jiwa,D13,
3579,Kota Batu,2016,jumlah_penduduk,202319.0,jiwa,D13,
3579,Kota Batu,2017,jumlah_penduduk,203997.0,jiwa,D13,
3579,Kota Batu,2018,jumlah_penduduk,205788.0,jiwa,D13,
3579,Kota Batu,2019,jumlah_penduduk,207490.0,jiwa,D13,
3579,Kota Batu,2020,jumlah_penduduk,213046.0,jiwa,D13,patahan_seri
3579,Kota Batu,2021,jumlah_penduduk,214653.0,jiwa,D13,
3579,Kota Batu,2022,jumlah_penduduk,216735.0,jiwa,D13,
3579,Kota Batu,2023,jumlah_penduduk,218802.0,jiwa,D13,
3579,Kota Batu,2024,jumlah_penduduk,222685.0,jiwa,D13,patahan_seri
3579,Kota Batu,2025,jumlah_penduduk,225120.0,jiwa,D13,
3501,Kabupaten Pacitan,2010,jumlah_penduduk_miskin,105.4,ribu jiwa,D04,
3501,Kabupaten Pacitan,2011,jumlah_penduduk_miskin,98.7,ribu jiwa,D04,
3501,Kabupaten Pacitan,2012,jumlah_penduduk_miskin,94.5,ribu jiwa,D04,
3501,Kabupaten Pacitan,2013,jumlah_penduduk_miskin,91.7,ribu jiwa,D04,
3501,Kabupaten Pacitan,2014,jumlah_penduduk_miskin,88.9,ribu jiwa,D04,
3501,Kabupaten Pacitan,2015,jumlah_penduduk_miskin,92.08,ribu jiwa,D04,
3501,Kabupaten Pacitan,2016,jumlah_penduduk_miskin,85.53,ribu jiwa,D04,
3501,Kabupaten Pacitan,2017,jumlah_penduduk_miskin,85.26,ribu jiwa,D04,
3501,Kabupaten Pacitan,2018,jumlah_penduduk_miskin,78.64,ribu jiwa,D04,
3501,Kabupaten Pacitan,2019,jumlah_penduduk_miskin,75.86,ribu jiwa,D04,
3501,Kabupaten Pacitan,2020,jumlah_penduduk_miskin,80.82,ribu jiwa,D04,
3501,Kabupaten Pacitan,2021,jumlah_penduduk_miskin,84.19,ribu jiwa,D04,
3501,Kabupaten Pacitan,2022,jumlah_penduduk_miskin,76.93,ribu jiwa,D04,
3501,Kabupaten Pacitan,2023,jumlah_penduduk_miskin,76.2,ribu jiwa,D04,
3501,Kabupaten Pacitan,2024,jumlah_penduduk_miskin,73.03,ribu jiwa,D04,
3501,Kabupaten Pacitan,2025,jumlah_penduduk_miskin,72.47,ribu jiwa,D04,
3502,Kabupaten Ponorogo,2010,jumlah_penduduk_miskin,113.0,ribu jiwa,D04,
3502,Kabupaten Ponorogo,2011,jumlah_penduduk_miskin,105.9,ribu jiwa,D04,
3502,Kabupaten Ponorogo,2012,jumlah_penduduk_miskin,101.4,ribu jiwa,D04,
3502,Kabupaten Ponorogo,2013,jumlah_penduduk_miskin,103.0,ribu jiwa,D04,
3502,Kabupaten Ponorogo,2014,jumlah_penduduk_miskin,99.9,ribu jiwa,D04,
3502,Kabupaten Ponorogo,2015,jumlah_penduduk_miskin,103.22,ribu jiwa,D04,
3502,Kabupaten Ponorogo,2016,jumlah_penduduk_miskin,102.06,ribu jiwa,D04,
3502,Kabupaten Ponorogo,2017,jumlah_penduduk_miskin,99.03,ribu jiwa,D04,
3502,Kabupaten Ponorogo,2018,jumlah_penduduk_miskin,90.22,ribu jiwa,D04,
3502,Kabupaten Ponorogo,2019,jumlah_penduduk_miskin,83.97,ribu jiwa,D04,
3502,Kabupaten Ponorogo,2020,jumlah_penduduk_miskin,86.74,ribu jiwa,D04,
3502,Kabupaten Ponorogo,2021,jumlah_penduduk_miskin,89.94,ribu jiwa,D04,
3502,Kabupaten Ponorogo,2022,jumlah_penduduk_miskin,81.8,ribu jiwa,D04,
3502,Kabupaten Ponorogo,2023,jumlah_penduduk_miskin,83.71,ribu jiwa,D04,
3502,Kabupaten Ponorogo,2024,jumlah_penduduk_miskin,80.05,ribu jiwa,D04,
3502,Kabupaten Ponorogo,2025,jumlah_penduduk_miskin,77.93,ribu jiwa,D04,
3503,Kabupaten Trenggalek,2010,jumlah_penduduk_miskin,108.0,ribu jiwa,D04,
3503,Kabupaten Trenggalek,2011,jumlah_penduduk_miskin,101.2,ribu jiwa,D04,
3503,Kabupaten Trenggalek,2012,jumlah_penduduk_miskin,96.9,ribu jiwa,D04,
3503,Kabupaten Trenggalek,2013,jumlah_penduduk_miskin,92.8,ribu jiwa,D04,
3503,Kabupaten Trenggalek,2014,jumlah_penduduk_miskin,90.0,ribu jiwa,D04,
3503,Kabupaten Trenggalek,2015,jumlah_penduduk_miskin,92.17,ribu jiwa,D04,
3503,Kabupaten Trenggalek,2016,jumlah_penduduk_miskin,91.49,ribu jiwa,D04,
3503,Kabupaten Trenggalek,2017,jumlah_penduduk_miskin,89.77,ribu jiwa,D04,
3503,Kabupaten Trenggalek,2018,jumlah_penduduk_miskin,83.5,ribu jiwa,D04,
3503,Kabupaten Trenggalek,2019,jumlah_penduduk_miskin,76.44,ribu jiwa,D04,
3503,Kabupaten Trenggalek,2020,jumlah_penduduk_miskin,81.06,ribu jiwa,D04,
3503,Kabupaten Trenggalek,2021,jumlah_penduduk_miskin,84.89,ribu jiwa,D04,
3503,Kabupaten Trenggalek,2022,jumlah_penduduk_miskin,76.75,ribu jiwa,D04,
3503,Kabupaten Trenggalek,2023,jumlah_penduduk_miskin,74.58,ribu jiwa,D04,
3503,Kabupaten Trenggalek,2024,jumlah_penduduk_miskin,73.75,ribu jiwa,D04,
3503,Kabupaten Trenggalek,2025,jumlah_penduduk_miskin,72.35,ribu jiwa,D04,
3504,Kabupaten Tulungagung,2010,jumlah_penduduk_miskin,105.4,ribu jiwa,D04,
3504,Kabupaten Tulungagung,2011,jumlah_penduduk_miskin,98.7,ribu jiwa,D04,
3504,Kabupaten Tulungagung,2012,jumlah_penduduk_miskin,94.6,ribu jiwa,D04,
3504,Kabupaten Tulungagung,2013,jumlah_penduduk_miskin,91.7,ribu jiwa,D04,
3504,Kabupaten Tulungagung,2014,jumlah_penduduk_miskin,89.0,ribu jiwa,D04,
3504,Kabupaten Tulungagung,2015,jumlah_penduduk_miskin,87.37,ribu jiwa,D04,
3504,Kabupaten Tulungagung,2016,jumlah_penduduk_miskin,84.35,ribu jiwa,D04,
3504,Kabupaten Tulungagung,2017,jumlah_penduduk_miskin,82.8,ribu jiwa,D04,
3504,Kabupaten Tulungagung,2018,jumlah_penduduk_miskin,75.23,ribu jiwa,D04,
3504,Kabupaten Tulungagung,2019,jumlah_penduduk_miskin,70.01,ribu jiwa,D04,
3504,Kabupaten Tulungagung,2020,jumlah_penduduk_miskin,76.4,ribu jiwa,D04,
3504,Kabupaten Tulungagung,2021,jumlah_penduduk_miskin,78.59,ribu jiwa,D04,
3504,Kabupaten Tulungagung,2022,jumlah_penduduk_miskin,70.52,ribu jiwa,D04,
3504,Kabupaten Tulungagung,2023,jumlah_penduduk_miskin,68.81,ribu jiwa,D04,
3504,Kabupaten Tulungagung,2024,jumlah_penduduk_miskin,66.42,ribu jiwa,D04,
3504,Kabupaten Tulungagung,2025,jumlah_penduduk_miskin,63.17,ribu jiwa,D04,
3505,Kabupaten Blitar,2010,jumlah_penduduk_miskin,135.5,ribu jiwa,D04,
3505,Kabupaten Blitar,2011,jumlah_penduduk_miskin,126.9,ribu jiwa,D04,
3505,Kabupaten Blitar,2012,jumlah_penduduk_miskin,121.6,ribu jiwa,D04,
3505,Kabupaten Blitar,2013,jumlah_penduduk_miskin,120.3,ribu jiwa,D04,
3505,Kabupaten Blitar,2014,jumlah_penduduk_miskin,116.7,ribu jiwa,D04,
3505,Kabupaten Blitar,2015,jumlah_penduduk_miskin,114.12,ribu jiwa,D04,
3505,Kabupaten Blitar,2016,jumlah_penduduk_miskin,113.51,ribu jiwa,D04,
3505,Kabupaten Blitar,2017,jumlah_penduduk_miskin,112.93,ribu jiwa,D04,
3505,Kabupaten Blitar,2018,jumlah_penduduk_miskin,112.4,ribu jiwa,D04,
3505,Kabupaten Blitar,2019,jumlah_penduduk_miskin,103.75,ribu jiwa,D04,
3505,Kabupaten Blitar,2020,jumlah_penduduk_miskin,108.55,ribu jiwa,D04,
3505,Kabupaten Blitar,2021,jumlah_penduduk_miskin,112.62,ribu jiwa,D04,
3505,Kabupaten Blitar,2022,jumlah_penduduk_miskin,101.94,ribu jiwa,D04,
3505,Kabupaten Blitar,2023,jumlah_penduduk_miskin,101.94,ribu jiwa,D04,
3505,Kabupaten Blitar,2024,jumlah_penduduk_miskin,95.91,ribu jiwa,D04,
3505,Kabupaten Blitar,2025,jumlah_penduduk_miskin,89.04,ribu jiwa,D04,
3506,Kabupaten Kediri,2010,jumlah_penduduk_miskin,232.8,ribu jiwa,D04,
3506,Kabupaten Kediri,2011,jumlah_penduduk_miskin,218.1,ribu jiwa,D04,
3506,Kabupaten Kediri,2012,jumlah_penduduk_miskin,209.0,ribu jiwa,D04,
3506,Kabupaten Kediri,2013,jumlah_penduduk_miskin,202.7,ribu jiwa,D04,
3506,Kabupaten Kediri,2014,jumlah_penduduk_miskin,196.8,ribu jiwa,D04,
3506,Kabupaten Kediri,2015,jumlah_penduduk_miskin,199.38,ribu jiwa,D04,
3506,Kabupaten Kediri,2016,jumlah_penduduk_miskin,197.43,ribu jiwa,D04,
3506,Kabupaten Kediri,2017,jumlah_penduduk_miskin,191.08,ribu jiwa,D04,
3506,Kabupaten Kediri,2018,jumlah_penduduk_miskin,177.2,ribu jiwa,D04,
3506,Kabupaten Kediri,2019,jumlah_penduduk_miskin,163.95,ribu jiwa,D04,
3506,Kabupaten Kediri,2020,jumlah_penduduk_miskin,179.93,ribu jiwa,D04,
3506,Kabupaten Kediri,2021,jumlah_penduduk_miskin,184.49,ribu jiwa,D04,
3506,Kabupaten Kediri,2022,jumlah_penduduk_miskin,169.46,ribu jiwa,D04,
3506,Kabupaten Kediri,2023,jumlah_penduduk_miskin,171.18,ribu jiwa,D04,
3506,Kabupaten Kediri,2024,jumlah_penduduk_miskin,159.27,ribu jiwa,D04,
3506,Kabupaten Kediri,2025,jumlah_penduduk_miskin,157.47,ribu jiwa,D04,
3507,Kabupaten Malang,2010,jumlah_penduduk_miskin,306.8,ribu jiwa,D04,
3507,Kabupaten Malang,2011,jumlah_penduduk_miskin,287.4,ribu jiwa,D04,
3507,Kabupaten Malang,2012,jumlah_penduduk_miskin,275.5,ribu jiwa,D04,
3507,Kabupaten Malang,2013,jumlah_penduduk_miskin,288.6,ribu jiwa,D04,
3507,Kabupaten Malang,2014,jumlah_penduduk_miskin,280.3,ribu jiwa,D04,
3507,Kabupaten Malang,2015,jumlah_penduduk_miskin,292.87,ribu jiwa,D04,
3507,Kabupaten Malang,2016,jumlah_penduduk_miskin,293.74,ribu jiwa,D04,
3507,Kabupaten Malang,2017,jumlah_penduduk_miskin,283.96,ribu jiwa,D04,
3507,Kabupaten Malang,2018,jumlah_penduduk_miskin,268.49,ribu jiwa,D04,
3507,Kabupaten Malang,2019,jumlah_penduduk_miskin,246.6,ribu jiwa,D04,
3507,Kabupaten Malang,2020,jumlah_penduduk_miskin,265.56,ribu jiwa,D04,
3507,Kabupaten Malang,2021,jumlah_penduduk_miskin,276.58,ribu jiwa,D04,
3507,Kabupaten Malang,2022,jumlah_penduduk_miskin,252.88,ribu jiwa,D04,
3507,Kabupaten Malang,2023,jumlah_penduduk_miskin,251.36,ribu jiwa,D04,
3507,Kabupaten Malang,2024,jumlah_penduduk_miskin,240.14,ribu jiwa,D04,
3507,Kabupaten Malang,2025,jumlah_penduduk_miskin,235.63,ribu jiwa,D04,
3508,Kabupaten Lumajang,2010,jumlah_penduduk_miskin,140.8,ribu jiwa,D04,
3508,Kabupaten Lumajang,2011,jumlah_penduduk_miskin,131.9,ribu jiwa,D04,
3508,Kabupaten Lumajang,2012,jumlah_penduduk_miskin,126.4,ribu jiwa,D04,
3508,Kabupaten Lumajang,2013,jumlah_penduduk_miskin,124.4,ribu jiwa,D04,
3508,Kabupaten Lumajang,2014,jumlah_penduduk_miskin,120.7,ribu jiwa,D04,
3508,Kabupaten Lumajang,2015,jumlah_penduduk_miskin,118.51,ribu jiwa,D04,
3508,Kabupaten Lumajang,2016,jumlah_penduduk_miskin,115.91,ribu jiwa,D04,
3508,Kabupaten Lumajang,2017,jumlah_penduduk_miskin,112.65,ribu jiwa,D04,
3508,Kabupaten Lumajang,2018,jumlah_penduduk_miskin,103.69,ribu jiwa,D04,
3508,Kabupaten Lumajang,2019,jumlah_penduduk_miskin,98.88,ribu jiwa,D04,
3508,Kabupaten Lumajang,2020,jumlah_penduduk_miskin,102.6,ribu jiwa,D04,
3508,Kabupaten Lumajang,2021,jumlah_penduduk_miskin,105.25,ribu jiwa,D04,
3508,Kabupaten Lumajang,2022,jumlah_penduduk_miskin,95.04,ribu jiwa,D04,
3508,Kabupaten Lumajang,2023,jumlah_penduduk_miskin,93.82,ribu jiwa,D04,
3508,Kabupaten Lumajang,2024,jumlah_penduduk_miskin,91.05,ribu jiwa,D04,
3508,Kabupaten Lumajang,2025,jumlah_penduduk_miskin,90.64,ribu jiwa,D04,
3509,Kabupaten Jember,2010,jumlah_penduduk_miskin,311.8,ribu jiwa,D04,
3509,Kabupaten Jember,2011,jumlah_penduduk_miskin,292.1,ribu jiwa,D04,
3509,Kabupaten Jember,2012,jumlah_penduduk_miskin,280.0,ribu jiwa,D04,
3509,Kabupaten Jember,2013,jumlah_penduduk_miskin,278.5,ribu jiwa,D04,
3509,Kabupaten Jember,2014,jumlah_penduduk_miskin,270.4,ribu jiwa,D04,
3509,Kabupaten Jember,2015,jumlah_penduduk_miskin,269.54,ribu jiwa,D04,
3509,Kabupaten Jember,2016,jumlah_penduduk_miskin,265.1,ribu jiwa,D04,
3509,Kabupaten Jember,2017,jumlah_penduduk_miskin,266.9,ribu jiwa,D04,
3509,Kabupaten Jember,2018,jumlah_penduduk_miskin,243.42,ribu jiwa,D04,
3509,Kabupaten Jember,2019,jumlah_penduduk_miskin,226.57,ribu jiwa,D04,
3509,Kabupaten Jember,2020,jumlah_penduduk_miskin,247.99,ribu jiwa,D04,
3509,Kabupaten Jember,2021,jumlah_penduduk_miskin,257.09,ribu jiwa,D04,
3509,Kabupaten Jember,2022,jumlah_penduduk_miskin,232.73,ribu jiwa,D04,
3509,Kabupaten Jember,2023,jumlah_penduduk_miskin,236.46,ribu jiwa,D04,
3509,Kabupaten Jember,2024,jumlah_penduduk_miskin,224.77,ribu jiwa,D04,
3509,Kabupaten Jember,2025,jumlah_penduduk_miskin,216.76,ribu jiwa,D04,
3510,Kabupaten Banyuwangi,2010,jumlah_penduduk_miskin,175.1,ribu jiwa,D04,
3510,Kabupaten Banyuwangi,2011,jumlah_penduduk_miskin,164.0,ribu jiwa,D04,
3510,Kabupaten Banyuwangi,2012,jumlah_penduduk_miskin,157.2,ribu jiwa,D04,
3510,Kabupaten Banyuwangi,2013,jumlah_penduduk_miskin,152.2,ribu jiwa,D04,
3510,Kabupaten Banyuwangi,2014,jumlah_penduduk_miskin,147.7,ribu jiwa,D04,
3510,Kabupaten Banyuwangi,2015,jumlah_penduduk_miskin,146.0,ribu jiwa,D04,
3510,Kabupaten Banyuwangi,2016,jumlah_penduduk_miskin,140.45,ribu jiwa,D04,
3510,Kabupaten Banyuwangi,2017,jumlah_penduduk_miskin,138.54,ribu jiwa,D04,
3510,Kabupaten Banyuwangi,2018,jumlah_penduduk_miskin,125.5,ribu jiwa,D04,
3510,Kabupaten Banyuwangi,2019,jumlah_penduduk_miskin,121.37,ribu jiwa,D04,
3510,Kabupaten Banyuwangi,2020,jumlah_penduduk_miskin,130.37,ribu jiwa,D04,
3510,Kabupaten Banyuwangi,2021,jumlah_penduduk_miskin,130.93,ribu jiwa,D04,
3510,Kabupaten Banyuwangi,2022,jumlah_penduduk_miskin,122.01,ribu jiwa,D04,
3510,Kabupaten Banyuwangi,2023,jumlah_penduduk_miskin,119.52,ribu jiwa,D04,
3510,Kabupaten Banyuwangi,2024,jumlah_penduduk_miskin,106.61,ribu jiwa,D04,
3510,Kabupaten Banyuwangi,2025,jumlah_penduduk_miskin,100.13,ribu jiwa,D04,
3511,Kabupaten Bondowoso,2010,jumlah_penduduk_miskin,131.9,ribu jiwa,D04,
3511,Kabupaten Bondowoso,2011,jumlah_penduduk_miskin,123.6,ribu jiwa,D04,
3511,Kabupaten Bondowoso,2012,jumlah_penduduk_miskin,118.5,ribu jiwa,D04,
3511,Kabupaten Bondowoso,2013,jumlah_penduduk_miskin,115.3,ribu jiwa,D04,
3511,Kabupaten Bondowoso,2014,jumlah_penduduk_miskin,111.9,ribu jiwa,D04,
3511,Kabupaten Bondowoso,2015,jumlah_penduduk_miskin,113.72,ribu jiwa,D04,
3511,Kabupaten Bondowoso,2016,jumlah_penduduk_miskin,114.63,ribu jiwa,D04,
3511,Kabupaten Bondowoso,2017,jumlah_penduduk_miskin,111.66,ribu jiwa,D04,
3511,Kabupaten Bondowoso,2018,jumlah_penduduk_miskin,110.98,ribu jiwa,D04,
3511,Kabupaten Bondowoso,2019,jumlah_penduduk_miskin,103.33,ribu jiwa,D04,
3511,Kabupaten Bondowoso,2020,jumlah_penduduk_miskin,110.24,ribu jiwa,D04,
3511,Kabupaten Bondowoso,2021,jumlah_penduduk_miskin,115.18,ribu jiwa,D04,
3511,Kabupaten Bondowoso,2022,jumlah_penduduk_miskin,105.69,ribu jiwa,D04,
3511,Kabupaten Bondowoso,2023,jumlah_penduduk_miskin,105.13,ribu jiwa,D04,
3511,Kabupaten Bondowoso,2024,jumlah_penduduk_miskin,99.62,ribu jiwa,D04,
3511,Kabupaten Bondowoso,2025,jumlah_penduduk_miskin,96.71,ribu jiwa,D04,
3512,Kabupaten Situbondo,2010,jumlah_penduduk_miskin,105.2,ribu jiwa,D04,
3512,Kabupaten Situbondo,2011,jumlah_penduduk_miskin,98.6,ribu jiwa,D04,
3512,Kabupaten Situbondo,2012,jumlah_penduduk_miskin,94.5,ribu jiwa,D04,
3512,Kabupaten Situbondo,2013,jumlah_penduduk_miskin,90.3,ribu jiwa,D04,
3512,Kabupaten Situbondo,2014,jumlah_penduduk_miskin,87.7,ribu jiwa,D04,
3512,Kabupaten Situbondo,2015,jumlah_penduduk_miskin,91.17,ribu jiwa,D04,
3512,Kabupaten Situbondo,2016,jumlah_penduduk_miskin,89.68,ribu jiwa,D04,
3512,Kabupaten Situbondo,2017,jumlah_penduduk_miskin,88.23,ribu jiwa,D04,
3512,Kabupaten Situbondo,2018,jumlah_penduduk_miskin,80.27,ribu jiwa,D04,
3512,Kabupaten Situbondo,2019,jumlah_penduduk_miskin,76.44,ribu jiwa,D04,
3512,Kabupaten Situbondo,2020,jumlah_penduduk_miskin,83.74,ribu jiwa,D04,
3512,Kabupaten Situbondo,2021,jumlah_penduduk_miskin,86.95,ribu jiwa,D04,
3512,Kabupaten Situbondo,2022,jumlah_penduduk_miskin,81.46,ribu jiwa,D04,
3512,Kabupaten Situbondo,2023,jumlah_penduduk_miskin,82.62,ribu jiwa,D04,
3512,Kabupaten Situbondo,2024,jumlah_penduduk_miskin,80.17,ribu jiwa,D04,
3512,Kabupaten Situbondo,2025,jumlah_penduduk_miskin,78.02,ribu jiwa,D04,
3513,Kabupaten Probolinggo,2010,jumlah_penduduk_miskin,276.7,ribu jiwa,D04,
3513,Kabupaten Probolinggo,2011,jumlah_penduduk_miskin,259.2,ribu jiwa,D04,
3513,Kabupaten Probolinggo,2012,jumlah_penduduk_miskin,248.5,ribu jiwa,D04,
3513,Kabupaten Probolinggo,2013,jumlah_penduduk_miskin,238.7,ribu jiwa,D04,
3513,Kabupaten Probolinggo,2014,jumlah_penduduk_miskin,231.9,ribu jiwa,D04,
3513,Kabupaten Probolinggo,2015,jumlah_penduduk_miskin,236.96,ribu jiwa,D04,
3513,Kabupaten Probolinggo,2016,jumlah_penduduk_miskin,240.47,ribu jiwa,D04,
3513,Kabupaten Probolinggo,2017,jumlah_penduduk_miskin,236.72,ribu jiwa,D04,
3513,Kabupaten Probolinggo,2018,jumlah_penduduk_miskin,217.06,ribu jiwa,D04,
3513,Kabupaten Probolinggo,2019,jumlah_penduduk_miskin,207.22,ribu jiwa,D04,
3513,Kabupaten Probolinggo,2020,jumlah_penduduk_miskin,218.35,ribu jiwa,D04,
3513,Kabupaten Probolinggo,2021,jumlah_penduduk_miskin,223.32,ribu jiwa,D04,
3513,Kabupaten Probolinggo,2022,jumlah_penduduk_miskin,203.23,ribu jiwa,D04,
3513,Kabupaten Probolinggo,2023,jumlah_penduduk_miskin,205.02,ribu jiwa,D04,
3513,Kabupaten Probolinggo,2024,jumlah_penduduk_miskin,197.11,ribu jiwa,D04,
3513,Kabupaten Probolinggo,2025,jumlah_penduduk_miskin,196.26,ribu jiwa,D04,
3514,Kabupaten Pasuruan,2010,jumlah_penduduk_miskin,199.3,ribu jiwa,D04,
3514,Kabupaten Pasuruan,2011,jumlah_penduduk_miskin,186.7,ribu jiwa,D04,
3514,Kabupaten Pasuruan,2012,jumlah_penduduk_miskin,179.1,ribu jiwa,D04,
3514,Kabupaten Pasuruan,2013,jumlah_penduduk_miskin,175.7,ribu jiwa,D04,
3514,Kabupaten Pasuruan,2014,jumlah_penduduk_miskin,170.7,ribu jiwa,D04,
3514,Kabupaten Pasuruan,2015,jumlah_penduduk_miskin,169.19,ribu jiwa,D04,
3514,Kabupaten Pasuruan,2016,jumlah_penduduk_miskin,168.06,ribu jiwa,D04,
3514,Kabupaten Pasuruan,2017,jumlah_penduduk_miskin,165.64,ribu jiwa,D04,
3514,Kabupaten Pasuruan,2018,jumlah_penduduk_miskin,152.48,ribu jiwa,D04,
3514,Kabupaten Pasuruan,2019,jumlah_penduduk_miskin,141.09,ribu jiwa,D04,
3514,Kabupaten Pasuruan,2020,jumlah_penduduk_miskin,151.43,ribu jiwa,D04,
3514,Kabupaten Pasuruan,2021,jumlah_penduduk_miskin,159.78,ribu jiwa,D04,
3514,Kabupaten Pasuruan,2022,jumlah_penduduk_miskin,148.62,ribu jiwa,D04,
3514,Kabupaten Pasuruan,2023,jumlah_penduduk_miskin,154.09,ribu jiwa,D04,
3514,Kabupaten Pasuruan,2024,jumlah_penduduk_miskin,144.84,ribu jiwa,D04,
3514,Kabupaten Pasuruan,2025,jumlah_penduduk_miskin,138.43,ribu jiwa,D04,
3515,Kabupaten Sidoarjo,2010,jumlah_penduduk_miskin,145.5,ribu jiwa,D04,
3515,Kabupaten Sidoarjo,2011,jumlah_penduduk_miskin,136.3,ribu jiwa,D04,
3515,Kabupaten Sidoarjo,2012,jumlah_penduduk_miskin,130.5,ribu jiwa,D04,
3515,Kabupaten Sidoarjo,2013,jumlah_penduduk_miskin,138.2,ribu jiwa,D04,
3515,Kabupaten Sidoarjo,2014,jumlah_penduduk_miskin,133.8,ribu jiwa,D04,
3515,Kabupaten Sidoarjo,2015,jumlah_penduduk_miskin,136.13,ribu jiwa,D04,
3515,Kabupaten Sidoarjo,2016,jumlah_penduduk_miskin,136.79,ribu jiwa,D04,
3515,Kabupaten Sidoarjo,2017,jumlah_penduduk_miskin,135.42,ribu jiwa,D04,
3515,Kabupaten Sidoarjo,2018,jumlah_penduduk_miskin,125.75,ribu jiwa,D04,
3515,Kabupaten Sidoarjo,2019,jumlah_penduduk_miskin,119.29,ribu jiwa,D04,
3515,Kabupaten Sidoarjo,2020,jumlah_penduduk_miskin,127.05,ribu jiwa,D04,
3515,Kabupaten Sidoarjo,2021,jumlah_penduduk_miskin,137.15,ribu jiwa,D04,
3515,Kabupaten Sidoarjo,2022,jumlah_penduduk_miskin,125.69,ribu jiwa,D04,
3515,Kabupaten Sidoarjo,2023,jumlah_penduduk_miskin,119.15,ribu jiwa,D04,
3515,Kabupaten Sidoarjo,2024,jumlah_penduduk_miskin,109.39,ribu jiwa,D04,
3515,Kabupaten Sidoarjo,2025,jumlah_penduduk_miskin,107.57,ribu jiwa,D04,
3516,Kabupaten Mojokerto,2010,jumlah_penduduk_miskin,125.4,ribu jiwa,D04,
3516,Kabupaten Mojokerto,2011,jumlah_penduduk_miskin,117.5,ribu jiwa,D04,
3516,Kabupaten Mojokerto,2012,jumlah_penduduk_miskin,112.7,ribu jiwa,D04,
3516,Kabupaten Mojokerto,2013,jumlah_penduduk_miskin,116.6,ribu jiwa,D04,
3516,Kabupaten Mojokerto,2014,jumlah_penduduk_miskin,113.3,ribu jiwa,D04,
3516,Kabupaten Mojokerto,2015,jumlah_penduduk_miskin,113.86,ribu jiwa,D04,
3516,Kabupaten Mojokerto,2016,jumlah_penduduk_miskin,115.38,ribu jiwa,D04,
3516,Kabupaten Mojokerto,2017,jumlah_penduduk_miskin,111.79,ribu jiwa,D04,
3516,Kabupaten Mojokerto,2018,jumlah_penduduk_miskin,111.55,ribu jiwa,D04,
3516,Kabupaten Mojokerto,2019,jumlah_penduduk_miskin,108.81,ribu jiwa,D04,
3516,Kabupaten Mojokerto,2020,jumlah_penduduk_miskin,118.8,ribu jiwa,D04,
3516,Kabupaten Mojokerto,2021,jumlah_penduduk_miskin,120.54,ribu jiwa,D04,
3516,Kabupaten Mojokerto,2022,jumlah_penduduk_miskin,111.03,ribu jiwa,D04,
3516,Kabupaten Mojokerto,2023,jumlah_penduduk_miskin,112.86,ribu jiwa,D04,
3516,Kabupaten Mojokerto,2024,jumlah_penduduk_miskin,108.72,ribu jiwa,D04,
3516,Kabupaten Mojokerto,2025,jumlah_penduduk_miskin,102.67,ribu jiwa,D04,
3517,Kabupaten Jombang,2010,jumlah_penduduk_miskin,166.5,ribu jiwa,D04,
3517,Kabupaten Jombang,2011,jumlah_penduduk_miskin,156.0,ribu jiwa,D04,
3517,Kabupaten Jombang,2012,jumlah_penduduk_miskin,149.6,ribu jiwa,D04,
3517,Kabupaten Jombang,2013,jumlah_penduduk_miskin,137.5,ribu jiwa,D04,
3517,Kabupaten Jombang,2014,jumlah_penduduk_miskin,133.5,ribu jiwa,D04,
3517,Kabupaten Jombang,2015,jumlah_penduduk_miskin,133.75,ribu jiwa,D04,
3517,Kabupaten Jombang,2016,jumlah_penduduk_miskin,133.32,ribu jiwa,D04,
3517,Kabupaten Jombang,2017,jumlah_penduduk_miskin,131.16,ribu jiwa,D04,
3517,Kabupaten Jombang,2018,jumlah_penduduk_miskin,120.19,ribu jiwa,D04,
3517,Kabupaten Jombang,2019,jumlah_penduduk_miskin,116.44,ribu jiwa,D04,
3517,Kabupaten Jombang,2020,jumlah_penduduk_miskin,125.94,ribu jiwa,D04,
3517,Kabupaten Jombang,2021,jumlah_penduduk_miskin,127.3,ribu jiwa,D04,
3517,Kabupaten Jombang,2022,jumlah_penduduk_miskin,115.48,ribu jiwa,D04,
3517,Kabupaten Jombang,2023,jumlah_penduduk_miskin,117.36,ribu jiwa,D04,
3517,Kabupaten Jombang,2024,jumlah_penduduk_miskin,110.57,ribu jiwa,D04,
3517,Kabupaten Jombang,2025,jumlah_penduduk_miskin,107.82,ribu jiwa,D04,
3518,Kabupaten Nganjuk,2010,jumlah_penduduk_miskin,151.7,ribu jiwa,D04,
3518,Kabupaten Nganjuk,2011,jumlah_penduduk_miskin,142.1,ribu jiwa,D04,
3518,Kabupaten Nganjuk,2012,jumlah_penduduk_miskin,136.1,ribu jiwa,D04,
3518,Kabupaten Nganjuk,2013,jumlah_penduduk_miskin,140.8,ribu jiwa,D04,
3518,Kabupaten Nganjuk,2014,jumlah_penduduk_miskin,136.5,ribu jiwa,D04,
3518,Kabupaten Nganjuk,2015,jumlah_penduduk_miskin,132.04,ribu jiwa,D04,
3518,Kabupaten Nganjuk,2016,jumlah_penduduk_miskin,127.9,ribu jiwa,D04,
3518,Kabupaten Nganjuk,2017,jumlah_penduduk_miskin,125.52,ribu jiwa,D04,
3518,Kabupaten Nganjuk,2018,jumlah_penduduk_miskin,127.28,ribu jiwa,D04,
3518,Kabupaten Nganjuk,2019,jumlah_penduduk_miskin,118.51,ribu jiwa,D04,
3518,Kabupaten Nganjuk,2020,jumlah_penduduk_miskin,122.73,ribu jiwa,D04,
3518,Kabupaten Nganjuk,2021,jumlah_penduduk_miskin,125.53,ribu jiwa,D04,
3518,Kabupaten Nganjuk,2022,jumlah_penduduk_miskin,113.63,ribu jiwa,D04,
3518,Kabupaten Nganjuk,2023,jumlah_penduduk_miskin,115.86,ribu jiwa,D04,
3518,Kabupaten Nganjuk,2024,jumlah_penduduk_miskin,108.37,ribu jiwa,D04,
3518,Kabupaten Nganjuk,2025,jumlah_penduduk_miskin,107.3,ribu jiwa,D04,
3519,Kabupaten Madiun,2010,jumlah_penduduk_miskin,102.3,ribu jiwa,D04,
3519,Kabupaten Madiun,2011,jumlah_penduduk_miskin,95.8,ribu jiwa,D04,
3519,Kabupaten Madiun,2012,jumlah_penduduk_miskin,91.8,ribu jiwa,D04,
3519,Kabupaten Madiun,2013,jumlah_penduduk_miskin,83.7,ribu jiwa,D04,
3519,Kabupaten Madiun,2014,jumlah_penduduk_miskin,81.2,ribu jiwa,D04,
3519,Kabupaten Madiun,2015,jumlah_penduduk_miskin,84.74,ribu jiwa,D04,
3519,Kabupaten Madiun,2016,jumlah_penduduk_miskin,85.97,ribu jiwa,D04,
3519,Kabupaten Madiun,2017,jumlah_penduduk_miskin,83.43,ribu jiwa,D04,
3519,Kabupaten Madiun,2018,jumlah_penduduk_miskin,77.75,ribu jiwa,D04,
3519,Kabupaten Madiun,2019,jumlah_penduduk_miskin,71.91,ribu jiwa,D04,
3519,Kabupaten Madiun,2020,jumlah_penduduk_miskin,78.3,ribu jiwa,D04,
3519,Kabupaten Madiun,2021,jumlah_penduduk_miskin,81.61,ribu jiwa,D04,
3519,Kabupaten Madiun,2022,jumlah_penduduk_miskin,74.07,ribu jiwa,D04,
3519,Kabupaten Madiun,2023,jumlah_penduduk_miskin,75.87,ribu jiwa,D04,
3519,Kabupaten Madiun,2024,jumlah_penduduk_miskin,73.15,ribu jiwa,D04,
3519,Kabupaten Madiun,2025,jumlah_penduduk_miskin,71.59,ribu jiwa,D04,
3520,Kabupaten Magetan,2010,jumlah_penduduk_miskin,80.3,ribu jiwa,D04,
3520,Kabupaten Magetan,2011,jumlah_penduduk_miskin,75.0,ribu jiwa,D04,
3520,Kabupaten Magetan,2012,jumlah_penduduk_miskin,71.8,ribu jiwa,D04,
3520,Kabupaten Magetan,2013,jumlah_penduduk_miskin,76.3,ribu jiwa,D04,
3520,Kabupaten Magetan,2014,jumlah_penduduk_miskin,74.0,ribu jiwa,D04,
3520,Kabupaten Magetan,2015,jumlah_penduduk_miskin,71.16,ribu jiwa,D04,
3520,Kabupaten Magetan,2016,jumlah_penduduk_miskin,69.24,ribu jiwa,D04,
3520,Kabupaten Magetan,2017,jumlah_penduduk_miskin,65.87,ribu jiwa,D04,
3520,Kabupaten Magetan,2018,jumlah_penduduk_miskin,64.86,ribu jiwa,D04,
3520,Kabupaten Magetan,2019,jumlah_penduduk_miskin,60.43,ribu jiwa,D04,
3520,Kabupaten Magetan,2020,jumlah_penduduk_miskin,65.09,ribu jiwa,D04,
3520,Kabupaten Magetan,2021,jumlah_penduduk_miskin,67.75,ribu jiwa,D04,
3520,Kabupaten Magetan,2022,jumlah_penduduk_miskin,62.65,ribu jiwa,D04,
3520,Kabupaten Magetan,2023,jumlah_penduduk_miskin,62.49,ribu jiwa,D04,
3520,Kabupaten Magetan,2024,jumlah_penduduk_miskin,59.51,ribu jiwa,D04,
3520,Kabupaten Magetan,2025,jumlah_penduduk_miskin,58.38,ribu jiwa,D04,
3521,Kabupaten Ngawi,2010,jumlah_penduduk_miskin,149.2,ribu jiwa,D04,
3521,Kabupaten Ngawi,2011,jumlah_penduduk_miskin,137.8,ribu jiwa,D04,
3521,Kabupaten Ngawi,2012,jumlah_penduduk_miskin,131.7,ribu jiwa,D04,
3521,Kabupaten Ngawi,2013,jumlah_penduduk_miskin,127.5,ribu jiwa,D04,
3521,Kabupaten Ngawi,2014,jumlah_penduduk_miskin,123.2,ribu jiwa,D04,
3521,Kabupaten Ngawi,2015,jumlah_penduduk_miskin,129.32,ribu jiwa,D04,
3521,Kabupaten Ngawi,2016,jumlah_penduduk_miskin,126.65,ribu jiwa,D04,
3521,Kabupaten Ngawi,2017,jumlah_penduduk_miskin,123.76,ribu jiwa,D04,
3521,Kabupaten Ngawi,2018,jumlah_penduduk_miskin,123.09,ribu jiwa,D04,
3521,Kabupaten Ngawi,2019,jumlah_penduduk_miskin,119.43,ribu jiwa,D04,
3521,Kabupaten Ngawi,2020,jumlah_penduduk_miskin,128.19,ribu jiwa,D04,
3521,Kabupaten Ngawi,2021,jumlah_penduduk_miskin,130.81,ribu jiwa,D04,
3521,Kabupaten Ngawi,2022,jumlah_penduduk_miskin,119.02,ribu jiwa,D04,
3521,Kabupaten Ngawi,2023,jumlah_penduduk_miskin,121.3,ribu jiwa,D04,
3521,Kabupaten Ngawi,2024,jumlah_penduduk_miskin,116.47,ribu jiwa,D04,
3521,Kabupaten Ngawi,2025,jumlah_penduduk_miskin,114.9,ribu jiwa,D04,
3522,Kabupaten Bojonegoro,2010,jumlah_penduduk_miskin,227.2,ribu jiwa,D04,
3522,Kabupaten Bojonegoro,2011,jumlah_penduduk_miskin,212.9,ribu jiwa,D04,
3522,Kabupaten Bojonegoro,2012,jumlah_penduduk_miskin,203.9,ribu jiwa,D04,
3522,Kabupaten Bojonegoro,2013,jumlah_penduduk_miskin,196.8,ribu jiwa,D04,
3522,Kabupaten Bojonegoro,2014,jumlah_penduduk_miskin,190.9,ribu jiwa,D04,
3522,Kabupaten Bojonegoro,2015,jumlah_penduduk_miskin,193.99,ribu jiwa,D04,
3522,Kabupaten Bojonegoro,2016,jumlah_penduduk_miskin,180.99,ribu jiwa,D04,
3522,Kabupaten Bojonegoro,2017,jumlah_penduduk_miskin,178.25,ribu jiwa,D04,
3522,Kabupaten Bojonegoro,2018,jumlah_penduduk_miskin,163.94,ribu jiwa,D04,
3522,Kabupaten Bojonegoro,2019,jumlah_penduduk_miskin,154.64,ribu jiwa,D04,
3522,Kabupaten Bojonegoro,2020,jumlah_penduduk_miskin,161.1,ribu jiwa,D04,
3522,Kabupaten Bojonegoro,2021,jumlah_penduduk_miskin,166.52,ribu jiwa,D04,
3522,Kabupaten Bojonegoro,2022,jumlah_penduduk_miskin,153.4,ribu jiwa,D04,
3522,Kabupaten Bojonegoro,2023,jumlah_penduduk_miskin,153.25,ribu jiwa,D04,
3522,Kabupaten Bojonegoro,2024,jumlah_penduduk_miskin,147.33,ribu jiwa,D04,
3522,Kabupaten Bojonegoro,2025,jumlah_penduduk_miskin,144.9,ribu jiwa,D04,
3523,Kabupaten Tuban,2010,jumlah_penduduk_miskin,225.8,ribu jiwa,D04,
3523,Kabupaten Tuban,2011,jumlah_penduduk_miskin,211.5,ribu jiwa,D04,
3523,Kabupaten Tuban,2012,jumlah_penduduk_miskin,202.7,ribu jiwa,D04,
3523,Kabupaten Tuban,2013,jumlah_penduduk_miskin,196.9,ribu jiwa,D04,
3523,Kabupaten Tuban,2014,jumlah_penduduk_miskin,191.1,ribu jiwa,D04,
3523,Kabupaten Tuban,2015,jumlah_penduduk_miskin,196.59,ribu jiwa,D04,
3523,Kabupaten Tuban,2016,jumlah_penduduk_miskin,198.35,ribu jiwa,D04,
3523,Kabupaten Tuban,2017,jumlah_penduduk_miskin,196.1,ribu jiwa,D04,
3523,Kabupaten Tuban,2018,jumlah_penduduk_miskin,178.64,ribu jiwa,D04,
3523,Kabupaten Tuban,2019,jumlah_penduduk_miskin,170.8,ribu jiwa,D04,
3523,Kabupaten Tuban,2020,jumlah_penduduk_miskin,187.13,ribu jiwa,D04,
3523,Kabupaten Tuban,2021,jumlah_penduduk_miskin,192.58,ribu jiwa,D04,
3523,Kabupaten Tuban,2022,jumlah_penduduk_miskin,178.05,ribu jiwa,D04,
3523,Kabupaten Tuban,2023,jumlah_penduduk_miskin,177.25,ribu jiwa,D04,
3523,Kabupaten Tuban,2024,jumlah_penduduk_miskin,171.24,ribu jiwa,D04,
3523,Kabupaten Tuban,2025,jumlah_penduduk_miskin,168.86,ribu jiwa,D04,
3524,Kabupaten Lamongan,2010,jumlah_penduduk_miskin,220.6,ribu jiwa,D04,
3524,Kabupaten Lamongan,2011,jumlah_penduduk_miskin,206.7,ribu jiwa,D04,
3524,Kabupaten Lamongan,2012,jumlah_penduduk_miskin,197.9,ribu jiwa,D04,
3524,Kabupaten Lamongan,2013,jumlah_penduduk_miskin,192.0,ribu jiwa,D04,
3524,Kabupaten Lamongan,2014,jumlah_penduduk_miskin,186.1,ribu jiwa,D04,
3524,Kabupaten Lamongan,2015,jumlah_penduduk_miskin,182.64,ribu jiwa,D04,
3524,Kabupaten Lamongan,2016,jumlah_penduduk_miskin,176.92,ribu jiwa,D04,
3524,Kabupaten Lamongan,2017,jumlah_penduduk_miskin,171.38,ribu jiwa,D04,
3524,Kabupaten Lamongan,2018,jumlah_penduduk_miskin,164.0,ribu jiwa,D04,
3524,Kabupaten Lamongan,2019,jumlah_penduduk_miskin,157.11,ribu jiwa,D04,
3524,Kabupaten Lamongan,2020,jumlah_penduduk_miskin,164.68,ribu jiwa,D04,
3524,Kabupaten Lamongan,2021,jumlah_penduduk_miskin,166.82,ribu jiwa,D04,
3524,Kabupaten Lamongan,2022,jumlah_penduduk_miskin,151.08,ribu jiwa,D04,
3524,Kabupaten Lamongan,2023,jumlah_penduduk_miskin,149.94,ribu jiwa,D04,
3524,Kabupaten Lamongan,2024,jumlah_penduduk_miskin,146.98,ribu jiwa,D04,
3524,Kabupaten Lamongan,2025,jumlah_penduduk_miskin,145.45,ribu jiwa,D04,
3525,Kabupaten Gresik,2010,jumlah_penduduk_miskin,193.9,ribu jiwa,D04,
3525,Kabupaten Gresik,2011,jumlah_penduduk_miskin,181.7,ribu jiwa,D04,
3525,Kabupaten Gresik,2012,jumlah_penduduk_miskin,174.4,ribu jiwa,D04,
3525,Kabupaten Gresik,2013,jumlah_penduduk_miskin,171.6,ribu jiwa,D04,
3525,Kabupaten Gresik,2014,jumlah_penduduk_miskin,166.9,ribu jiwa,D04,
3525,Kabupaten Gresik,2015,jumlah_penduduk_miskin,170.76,ribu jiwa,D04,
3525,Kabupaten Gresik,2016,jumlah_penduduk_miskin,167.12,ribu jiwa,D04,
3525,Kabupaten Gresik,2017,jumlah_penduduk_miskin,164.08,ribu jiwa,D04,
3525,Kabupaten Gresik,2018,jumlah_penduduk_miskin,154.02,ribu jiwa,D04,
3525,Kabupaten Gresik,2019,jumlah_penduduk_miskin,148.61,ribu jiwa,D04,
3525,Kabupaten Gresik,2020,jumlah_penduduk_miskin,164.05,ribu jiwa,D04,
3525,Kabupaten Gresik,2021,jumlah_penduduk_miskin,166.35,ribu jiwa,D04,
3525,Kabupaten Gresik,2022,jumlah_penduduk_miskin,149.64,ribu jiwa,D04,
3525,Kabupaten Gresik,2023,jumlah_penduduk_miskin,149.75,ribu jiwa,D04,
3525,Kabupaten Gresik,2024,jumlah_penduduk_miskin,142.39,ribu jiwa,D04,
3525,Kabupaten Gresik,2025,jumlah_penduduk_miskin,138.55,ribu jiwa,D04,
3526,Kabupaten Bangkalan,2010,jumlah_penduduk_miskin,255.6,ribu jiwa,D04,
3526,Kabupaten Bangkalan,2011,jumlah_penduduk_miskin,239.5,ribu jiwa,D04,
3526,Kabupaten Bangkalan,2012,jumlah_penduduk_miskin,229.8,ribu jiwa,D04,
3526,Kabupaten Bangkalan,2013,jumlah_penduduk_miskin,218.3,ribu jiwa,D04,
3526,Kabupaten Bangkalan,2014,jumlah_penduduk_miskin,212.2,ribu jiwa,D04,
3526,Kabupaten Bangkalan,2015,jumlah_penduduk_miskin,216.23,ribu jiwa,D04,
3526,Kabupaten Bangkalan,2016,jumlah_penduduk_miskin,205.71,ribu jiwa,D04,
3526,Kabupaten Bangkalan,2017,jumlah_penduduk_miskin,206.53,ribu jiwa,D04,
3526,Kabupaten Bangkalan,2018,jumlah_penduduk_miskin,191.33,ribu jiwa,D04,
3526,Kabupaten Bangkalan,2019,jumlah_penduduk_miskin,186.11,ribu jiwa,D04,
3526,Kabupaten Bangkalan,2020,jumlah_penduduk_miskin,204.0,ribu jiwa,D04,
3526,Kabupaten Bangkalan,2021,jumlah_penduduk_miskin,215.97,ribu jiwa,D04,
3526,Kabupaten Bangkalan,2022,jumlah_penduduk_miskin,196.11,ribu jiwa,D04,
3526,Kabupaten Bangkalan,2023,jumlah_penduduk_miskin,196.66,ribu jiwa,D04,
3526,Kabupaten Bangkalan,2024,jumlah_penduduk_miskin,190.94,ribu jiwa,D04,
3526,Kabupaten Bangkalan,2025,jumlah_penduduk_miskin,187.9,ribu jiwa,D04,
3527,Kabupaten Sampang,2010,jumlah_penduduk_miskin,285.5,ribu jiwa,D04,
3527,Kabupaten Sampang,2011,jumlah_penduduk_miskin,267.5,ribu jiwa,D04,
3527,Kabupaten Sampang,2012,jumlah_penduduk_miskin,253.4,ribu jiwa,D04,
3527,Kabupaten Sampang,2013,jumlah_penduduk_miskin,248.2,ribu jiwa,D04,
3527,Kabupaten Sampang,2014,jumlah_penduduk_miskin,239.6,ribu jiwa,D04,
3527,Kabupaten Sampang,2015,jumlah_penduduk_miskin,240.35,ribu jiwa,D04,
3527,Kabupaten Sampang,2016,jumlah_penduduk_miskin,227.8,ribu jiwa,D04,
3527,Kabupaten Sampang,2017,jumlah_penduduk_miskin,225.13,ribu jiwa,D04,
3527,Kabupaten Sampang,2018,jumlah_penduduk_miskin,204.82,ribu jiwa,D04,
3527,Kabupaten Sampang,2019,jumlah_penduduk_miskin,202.21,ribu jiwa,D04,
3527,Kabupaten Sampang,2020,jumlah_penduduk_miskin,224.74,ribu jiwa,D04,
3527,Kabupaten Sampang,2021,jumlah_penduduk_miskin,237.23,ribu jiwa,D04,
3527,Kabupaten Sampang,2022,jumlah_penduduk_miskin,217.97,ribu jiwa,D04,
3527,Kabupaten Sampang,2023,jumlah_penduduk_miskin,221.71,ribu jiwa,D04,
3527,Kabupaten Sampang,2024,jumlah_penduduk_miskin,214.32,ribu jiwa,D04,
3527,Kabupaten Sampang,2025,jumlah_penduduk_miskin,213.98,ribu jiwa,D04,
3528,Kabupaten Pamekasan,2010,jumlah_penduduk_miskin,179.2,ribu jiwa,D04,
3528,Kabupaten Pamekasan,2011,jumlah_penduduk_miskin,167.9,ribu jiwa,D04,
3528,Kabupaten Pamekasan,2012,jumlah_penduduk_miskin,160.8,ribu jiwa,D04,
3528,Kabupaten Pamekasan,2013,jumlah_penduduk_miskin,153.7,ribu jiwa,D04,
3528,Kabupaten Pamekasan,2014,jumlah_penduduk_miskin,148.8,ribu jiwa,D04,
3528,Kabupaten Pamekasan,2015,jumlah_penduduk_miskin,146.92,ribu jiwa,D04,
3528,Kabupaten Pamekasan,2016,jumlah_penduduk_miskin,142.32,ribu jiwa,D04,
3528,Kabupaten Pamekasan,2017,jumlah_penduduk_miskin,137.77,ribu jiwa,D04,
3528,Kabupaten Pamekasan,2018,jumlah_penduduk_miskin,125.76,ribu jiwa,D04,
3528,Kabupaten Pamekasan,2019,jumlah_penduduk_miskin,122.43,ribu jiwa,D04,
3528,Kabupaten Pamekasan,2020,jumlah_penduduk_miskin,129.41,ribu jiwa,D04,
3528,Kabupaten Pamekasan,2021,jumlah_penduduk_miskin,137.12,ribu jiwa,D04,
3528,Kabupaten Pamekasan,2022,jumlah_penduduk_miskin,126.02,ribu jiwa,D04,
3528,Kabupaten Pamekasan,2023,jumlah_penduduk_miskin,126.43,ribu jiwa,D04,
3528,Kabupaten Pamekasan,2024,jumlah_penduduk_miskin,123.46,ribu jiwa,D04,
3528,Kabupaten Pamekasan,2025,jumlah_penduduk_miskin,118.52,ribu jiwa,D04,
3529,Kabupaten Sumenep,2010,jumlah_penduduk_miskin,256.7,ribu jiwa,D04,
3529,Kabupaten Sumenep,2011,jumlah_penduduk_miskin,242.5,ribu jiwa,D04,
3529,Kabupaten Sumenep,2012,jumlah_penduduk_miskin,232.2,ribu jiwa,D04,
3529,Kabupaten Sumenep,2013,jumlah_penduduk_miskin,225.5,ribu jiwa,D04,
3529,Kabupaten Sumenep,2014,jumlah_penduduk_miskin,218.9,ribu jiwa,D04,
3529,Kabupaten Sumenep,2015,jumlah_penduduk_miskin,216.84,ribu jiwa,D04,
3529,Kabupaten Sumenep,2016,jumlah_penduduk_miskin,216.14,ribu jiwa,D04,
3529,Kabupaten Sumenep,2017,jumlah_penduduk_miskin,211.92,ribu jiwa,D04,
3529,Kabupaten Sumenep,2018,jumlah_penduduk_miskin,218.6,ribu jiwa,D04,
3529,Kabupaten Sumenep,2019,jumlah_penduduk_miskin,211.98,ribu jiwa,D04,
3529,Kabupaten Sumenep,2020,jumlah_penduduk_miskin,220.23,ribu jiwa,D04,
3529,Kabupaten Sumenep,2021,jumlah_penduduk_miskin,224.73,ribu jiwa,D04,
3529,Kabupaten Sumenep,2022,jumlah_penduduk_miskin,206.2,ribu jiwa,D04,
3529,Kabupaten Sumenep,2023,jumlah_penduduk_miskin,206.1,ribu jiwa,D04,
3529,Kabupaten Sumenep,2024,jumlah_penduduk_miskin,196.42,ribu jiwa,D04,
3529,Kabupaten Sumenep,2025,jumlah_penduduk_miskin,188.48,ribu jiwa,D04,
3571,Kota Kediri,2010,jumlah_penduduk_miskin,24.9,ribu jiwa,D04,
3571,Kota Kediri,2011,jumlah_penduduk_miskin,23.3,ribu jiwa,D04,
3571,Kota Kediri,2012,jumlah_penduduk_miskin,22.3,ribu jiwa,D04,
3571,Kota Kediri,2013,jumlah_penduduk_miskin,22.8,ribu jiwa,D04,
3571,Kota Kediri,2014,jumlah_penduduk_miskin,22.1,ribu jiwa,D04,
3571,Kota Kediri,2015,jumlah_penduduk_miskin,23.77,ribu jiwa,D04,
3571,Kota Kediri,2016,jumlah_penduduk_miskin,23.64,ribu jiwa,D04,
3571,Kota Kediri,2017,jumlah_penduduk_miskin,24.07,ribu jiwa,D04,
3571,Kota Kediri,2018,jumlah_penduduk_miskin,21.9,ribu jiwa,D04,
3571,Kota Kediri,2019,jumlah_penduduk_miskin,20.54,ribu jiwa,D04,
3571,Kota Kediri,2020,jumlah_penduduk_miskin,22.19,ribu jiwa,D04,
3571,Kota Kediri,2021,jumlah_penduduk_miskin,22.55,ribu jiwa,D04,
3571,Kota Kediri,2022,jumlah_penduduk_miskin,21.15,ribu jiwa,D04,
3571,Kota Kediri,2023,jumlah_penduduk_miskin,21.03,ribu jiwa,D04,
3571,Kota Kediri,2024,jumlah_penduduk_miskin,19.24,ribu jiwa,D04,
3571,Kota Kediri,2025,jumlah_penduduk_miskin,17.93,ribu jiwa,D04,
3572,Kota Blitar,2010,jumlah_penduduk_miskin,10.1,ribu jiwa,D04,
3572,Kota Blitar,2011,jumlah_penduduk_miskin,9.5,ribu jiwa,D04,
3572,Kota Blitar,2012,jumlah_penduduk_miskin,9.1,ribu jiwa,D04,
3572,Kota Blitar,2013,jumlah_penduduk_miskin,10.1,ribu jiwa,D04,
3572,Kota Blitar,2014,jumlah_penduduk_miskin,9.8,ribu jiwa,D04,
3572,Kota Blitar,2015,jumlah_penduduk_miskin,10.04,ribu jiwa,D04,
3572,Kota Blitar,2016,jumlah_penduduk_miskin,9.97,ribu jiwa,D04,
3572,Kota Blitar,2017,jumlah_penduduk_miskin,11.22,ribu jiwa,D04,
3572,Kota Blitar,2018,jumlah_penduduk_miskin,10.47,ribu jiwa,D04,
3572,Kota Blitar,2019,jumlah_penduduk_miskin,10.1,ribu jiwa,D04,
3572,Kota Blitar,2020,jumlah_penduduk_miskin,11.1,ribu jiwa,D04,
3572,Kota Blitar,2021,jumlah_penduduk_miskin,11.33,ribu jiwa,D04,
3572,Kota Blitar,2022,jumlah_penduduk_miskin,10.65,ribu jiwa,D04,
3572,Kota Blitar,2023,jumlah_penduduk_miskin,10.61,ribu jiwa,D04,
3572,Kota Blitar,2024,jumlah_penduduk_miskin,9.86,ribu jiwa,D04,
3572,Kota Blitar,2025,jumlah_penduduk_miskin,9.69,ribu jiwa,D04,
3573,Kota Malang,2010,jumlah_penduduk_miskin,48.5,ribu jiwa,D04,
3573,Kota Malang,2011,jumlah_penduduk_miskin,45.4,ribu jiwa,D04,
3573,Kota Malang,2012,jumlah_penduduk_miskin,43.5,ribu jiwa,D04,
3573,Kota Malang,2013,jumlah_penduduk_miskin,41.0,ribu jiwa,D04,
3573,Kota Malang,2014,jumlah_penduduk_miskin,40.6,ribu jiwa,D04,
3573,Kota Malang,2015,jumlah_penduduk_miskin,39.1,ribu jiwa,D04,
3573,Kota Malang,2016,jumlah_penduduk_miskin,37.03,ribu jiwa,D04,
3573,Kota Malang,2017,jumlah_penduduk_miskin,35.88,ribu jiwa,D04,
3573,Kota Malang,2018,jumlah_penduduk_miskin,35.49,ribu jiwa,D04,
3573,Kota Malang,2019,jumlah_penduduk_miskin,35.39,ribu jiwa,D04,
3573,Kota Malang,2020,jumlah_penduduk_miskin,38.77,ribu jiwa,D04,
3573,Kota Malang,2021,jumlah_penduduk_miskin,40.62,ribu jiwa,D04,
3573,Kota Malang,2022,jumlah_penduduk_miskin,38.56,ribu jiwa,D04,
3573,Kota Malang,2023,jumlah_penduduk_miskin,37.78,ribu jiwa,D04,
3573,Kota Malang,2024,jumlah_penduduk_miskin,34.84,ribu jiwa,D04,
3573,Kota Malang,2025,jumlah_penduduk_miskin,34.41,ribu jiwa,D04,
3574,Kota Probolinggo,2010,jumlah_penduduk_miskin,41.4,ribu jiwa,D04,perlu_verifikasi
3574,Kota Probolinggo,2011,jumlah_penduduk_miskin,38.8,ribu jiwa,D04,perlu_verifikasi
3574,Kota Probolinggo,2012,jumlah_penduduk_miskin,24.3,ribu jiwa,D04,
3574,Kota Probolinggo,2013,jumlah_penduduk_miskin,19.2,ribu jiwa,D04,
3574,Kota Probolinggo,2014,jumlah_penduduk_miskin,19.0,ribu jiwa,D04,
3574,Kota Probolinggo,2015,jumlah_penduduk_miskin,18.66,ribu jiwa,D04,
3574,Kota Probolinggo,2016,jumlah_penduduk_miskin,18.37,ribu jiwa,D04,
3574,Kota Probolinggo,2017,jumlah_penduduk_miskin,18.23,ribu jiwa,D04,
3574,Kota Probolinggo,2018,jumlah_penduduk_miskin,16.9,ribu jiwa,D04,
3574,Kota Probolinggo,2019,jumlah_penduduk_miskin,16.37,ribu jiwa,D04,
3574,Kota Probolinggo,2020,jumlah_penduduk_miskin,17.72,ribu jiwa,D04,
3574,Kota Probolinggo,2021,jumlah_penduduk_miskin,17.91,ribu jiwa,D04,
3574,Kota Probolinggo,2022,jumlah_penduduk_miskin,16.16,ribu jiwa,D04,
3574,Kota Probolinggo,2023,jumlah_penduduk_miskin,15.86,ribu jiwa,D04,
3574,Kota Probolinggo,2024,jumlah_penduduk_miskin,15.24,ribu jiwa,D04,
3574,Kota Probolinggo,2025,jumlah_penduduk_miskin,14.11,ribu jiwa,D04,
3575,Kota Pasuruan,2010,jumlah_penduduk_miskin,16.8,ribu jiwa,D04,
3575,Kota Pasuruan,2011,jumlah_penduduk_miskin,15.7,ribu jiwa,D04,
3575,Kota Pasuruan,2012,jumlah_penduduk_miskin,15.1,ribu jiwa,D04,
3575,Kota Pasuruan,2013,jumlah_penduduk_miskin,14.6,ribu jiwa,D04,
3575,Kota Pasuruan,2014,jumlah_penduduk_miskin,14.2,ribu jiwa,D04,
3575,Kota Pasuruan,2015,jumlah_penduduk_miskin,14.52,ribu jiwa,D04,
3575,Kota Pasuruan,2016,jumlah_penduduk_miskin,14.93,ribu jiwa,D04,
3575,Kota Pasuruan,2017,jumlah_penduduk_miskin,14.85,ribu jiwa,D04,
3575,Kota Pasuruan,2018,jumlah_penduduk_miskin,13.45,ribu jiwa,D04,
3575,Kota Pasuruan,2019,jumlah_penduduk_miskin,12.92,ribu jiwa,D04,
3575,Kota Pasuruan,2020,jumlah_penduduk_miskin,13.4,ribu jiwa,D04,
3575,Kota Pasuruan,2021,jumlah_penduduk_miskin,13.97,ribu jiwa,D04,
3575,Kota Pasuruan,2022,jumlah_penduduk_miskin,13.02,ribu jiwa,D04,
3575,Kota Pasuruan,2023,jumlah_penduduk_miskin,13.56,ribu jiwa,D04,
3575,Kota Pasuruan,2024,jumlah_penduduk_miskin,13.07,ribu jiwa,D04,
3575,Kota Pasuruan,2025,jumlah_penduduk_miskin,12.83,ribu jiwa,D04,
3576,Kota Mojokerto,2010,jumlah_penduduk_miskin,8.9,ribu jiwa,D04,
3576,Kota Mojokerto,2011,jumlah_penduduk_miskin,8.3,ribu jiwa,D04,
3576,Kota Mojokerto,2012,jumlah_penduduk_miskin,8.0,ribu jiwa,D04,
3576,Kota Mojokerto,2013,jumlah_penduduk_miskin,8.3,ribu jiwa,D04,
3576,Kota Mojokerto,2014,jumlah_penduduk_miskin,8.0,ribu jiwa,D04,
3576,Kota Mojokerto,2015,jumlah_penduduk_miskin,7.72,ribu jiwa,D04,
3576,Kota Mojokerto,2016,jumlah_penduduk_miskin,7.24,ribu jiwa,D04,
3576,Kota Mojokerto,2017,jumlah_penduduk_miskin,7.28,ribu jiwa,D04,
3576,Kota Mojokerto,2018,jumlah_penduduk_miskin,7.04,ribu jiwa,D04,
3576,Kota Mojokerto,2019,jumlah_penduduk_miskin,6.63,ribu jiwa,D04,
3576,Kota Mojokerto,2020,jumlah_penduduk_miskin,8.09,ribu jiwa,D04,
3576,Kota Mojokerto,2021,jumlah_penduduk_miskin,8.37,ribu jiwa,D04,
3576,Kota Mojokerto,2022,jumlah_penduduk_miskin,7.88,ribu jiwa,D04,
3576,Kota Mojokerto,2023,jumlah_penduduk_miskin,7.65,ribu jiwa,D04,
3576,Kota Mojokerto,2024,jumlah_penduduk_miskin,7.43,ribu jiwa,D04,
3576,Kota Mojokerto,2025,jumlah_penduduk_miskin,6.77,ribu jiwa,D04,
3577,Kota Madiun,2010,jumlah_penduduk_miskin,10.4,ribu jiwa,D04,
3577,Kota Madiun,2011,jumlah_penduduk_miskin,9.7,ribu jiwa,D04,
3577,Kota Madiun,2012,jumlah_penduduk_miskin,9.3,ribu jiwa,D04,
3577,Kota Madiun,2013,jumlah_penduduk_miskin,8.7,ribu jiwa,D04,
3577,Kota Madiun,2014,jumlah_penduduk_miskin,8.5,ribu jiwa,D04,
3577,Kota Madiun,2015,jumlah_penduduk_miskin,8.55,ribu jiwa,D04,
3577,Kota Madiun,2016,jumlah_penduduk_miskin,9.05,ribu jiwa,D04,
3577,Kota Madiun,2017,jumlah_penduduk_miskin,8.7,ribu jiwa,D04,
3577,Kota Madiun,2018,jumlah_penduduk_miskin,7.92,ribu jiwa,D04,
3577,Kota Madiun,2019,jumlah_penduduk_miskin,7.69,ribu jiwa,D04,
3577,Kota Madiun,2020,jumlah_penduduk_miskin,8.83,ribu jiwa,D04,
3577,Kota Madiun,2021,jumlah_penduduk_miskin,9.06,ribu jiwa,D04,
3577,Kota Madiun,2022,jumlah_penduduk_miskin,8.49,ribu jiwa,D04,
3577,Kota Madiun,2023,jumlah_penduduk_miskin,8.46,ribu jiwa,D04,
3577,Kota Madiun,2024,jumlah_penduduk_miskin,7.84,ribu jiwa,D04,
3577,Kota Madiun,2025,jumlah_penduduk_miskin,6.96,ribu jiwa,D04,
3578,Kota Surabaya,2010,jumlah_penduduk_miskin,195.7,ribu jiwa,D04,
3578,Kota Surabaya,2011,jumlah_penduduk_miskin,183.3,ribu jiwa,D04,
3578,Kota Surabaya,2012,jumlah_penduduk_miskin,175.7,ribu jiwa,D04,
3578,Kota Surabaya,2013,jumlah_penduduk_miskin,169.4,ribu jiwa,D04,
3578,Kota Surabaya,2014,jumlah_penduduk_miskin,164.4,ribu jiwa,D04,
3578,Kota Surabaya,2015,jumlah_penduduk_miskin,165.72,ribu jiwa,D04,
3578,Kota Surabaya,2016,jumlah_penduduk_miskin,161.01,ribu jiwa,D04,
3578,Kota Surabaya,2017,jumlah_penduduk_miskin,154.71,ribu jiwa,D04,
3578,Kota Surabaya,2018,jumlah_penduduk_miskin,140.81,ribu jiwa,D04,
3578,Kota Surabaya,2019,jumlah_penduduk_miskin,130.55,ribu jiwa,D04,
3578,Kota Surabaya,2020,jumlah_penduduk_miskin,145.67,ribu jiwa,D04,
3578,Kota Surabaya,2021,jumlah_penduduk_miskin,152.49,ribu jiwa,D04,
3578,Kota Surabaya,2022,jumlah_penduduk_miskin,138.21,ribu jiwa,D04,
3578,Kota Surabaya,2023,jumlah_penduduk_miskin,136.37,ribu jiwa,D04,
3578,Kota Surabaya,2024,jumlah_penduduk_miskin,116.62,ribu jiwa,D04,
3578,Kota Surabaya,2025,jumlah_penduduk_miskin,105.09,ribu jiwa,D04,
3579,Kota Batu,2010,jumlah_penduduk_miskin,9.7,ribu jiwa,D04,
3579,Kota Batu,2011,jumlah_penduduk_miskin,9.1,ribu jiwa,D04,
3579,Kota Batu,2012,jumlah_penduduk_miskin,8.7,ribu jiwa,D04,
3579,Kota Batu,2013,jumlah_penduduk_miskin,9.4,ribu jiwa,D04,
3579,Kota Batu,2014,jumlah_penduduk_miskin,9.1,ribu jiwa,D04,
3579,Kota Batu,2015,jumlah_penduduk_miskin,9.43,ribu jiwa,D04,
3579,Kota Batu,2016,jumlah_penduduk_miskin,9.05,ribu jiwa,D04,
3579,Kota Batu,2017,jumlah_penduduk_miskin,8.77,ribu jiwa,D04,
3579,Kota Batu,2018,jumlah_penduduk_miskin,7.98,ribu jiwa,D04,
3579,Kota Batu,2019,jumlah_penduduk_miskin,7.89,ribu jiwa,D04,
3579,Kota Batu,2020,jumlah_penduduk_miskin,8.12,ribu jiwa,D04,
3579,Kota Batu,2021,jumlah_penduduk_miskin,8.63,ribu jiwa,D04,
3579,Kota Batu,2022,jumlah_penduduk_miskin,8.05,ribu jiwa,D04,
3579,Kota Batu,2023,jumlah_penduduk_miskin,7.1,ribu jiwa,D04,
3579,Kota Batu,2024,jumlah_penduduk_miskin,6.59,ribu jiwa,D04,
3579,Kota Batu,2025,jumlah_penduduk_miskin,6.22,ribu jiwa,D04,
3501,Kabupaten Pacitan,2010,kepadatan_penduduk,389.0,jiwa/km2,D14,luas_acuan_berbeda
3501,Kabupaten Pacitan,2011,kepadatan_penduduk,381.0,jiwa/km2,D14,luas_acuan_berbeda
3501,Kabupaten Pacitan,2012,kepadatan_penduduk,382.0,jiwa/km2,D14,luas_acuan_berbeda
3501,Kabupaten Pacitan,2013,kepadatan_penduduk,382.0,jiwa/km2,D14,luas_acuan_berbeda
3501,Kabupaten Pacitan,2014,kepadatan_penduduk,387.0,jiwa/km2,D14,luas_acuan_berbeda
3501,Kabupaten Pacitan,2015,kepadatan_penduduk,388.0,jiwa/km2,D14,luas_acuan_berbeda
3501,Kabupaten Pacitan,2016,kepadatan_penduduk,397.0,jiwa/km2,D14,luas_acuan_berbeda
3501,Kabupaten Pacitan,2017,kepadatan_penduduk,398.0,jiwa/km2,D14,luas_acuan_berbeda
3501,Kabupaten Pacitan,2018,kepadatan_penduduk,399.0,jiwa/km2,D14,luas_acuan_berbeda
3501,Kabupaten Pacitan,2019,kepadatan_penduduk,400.0,jiwa/km2,D14,luas_acuan_berbeda
3501,Kabupaten Pacitan,2020,kepadatan_penduduk,422.0,jiwa/km2,D14,luas_acuan_berbeda
3501,Kabupaten Pacitan,2021,kepadatan_penduduk,424.0,jiwa/km2,D14,luas_acuan_berbeda
3501,Kabupaten Pacitan,2022,kepadatan_penduduk,414.0,jiwa/km2,D14,
3501,Kabupaten Pacitan,2023,kepadatan_penduduk,414.0,jiwa/km2,D14,
3501,Kabupaten Pacitan,2024,kepadatan_penduduk,410.0,jiwa/km2,D14,
3501,Kabupaten Pacitan,2025,kepadatan_penduduk,411.0,jiwa/km2,D14,
3502,Kabupaten Ponorogo,2010,kepadatan_penduduk,655.0,jiwa/km2,D14,luas_acuan_berbeda
3502,Kabupaten Ponorogo,2011,kepadatan_penduduk,605.0,jiwa/km2,D14,luas_acuan_berbeda
3502,Kabupaten Ponorogo,2012,kepadatan_penduduk,606.0,jiwa/km2,D14,luas_acuan_berbeda
3502,Kabupaten Ponorogo,2013,kepadatan_penduduk,606.0,jiwa/km2,D14,luas_acuan_berbeda
3502,Kabupaten Ponorogo,2014,kepadatan_penduduk,612.0,jiwa/km2,D14,luas_acuan_berbeda
3502,Kabupaten Ponorogo,2015,kepadatan_penduduk,613.0,jiwa/km2,D14,luas_acuan_berbeda
3502,Kabupaten Ponorogo,2016,kepadatan_penduduk,665.0,jiwa/km2,D14,luas_acuan_berbeda
3502,Kabupaten Ponorogo,2017,kepadatan_penduduk,666.0,jiwa/km2,D14,luas_acuan_berbeda
3502,Kabupaten Ponorogo,2018,kepadatan_penduduk,667.0,jiwa/km2,D14,luas_acuan_berbeda
3502,Kabupaten Ponorogo,2019,kepadatan_penduduk,668.0,jiwa/km2,D14,luas_acuan_berbeda
3502,Kabupaten Ponorogo,2020,kepadatan_penduduk,727.0,jiwa/km2,D14,luas_acuan_berbeda
3502,Kabupaten Ponorogo,2021,kepadatan_penduduk,732.0,jiwa/km2,D14,luas_acuan_berbeda
3502,Kabupaten Ponorogo,2022,kepadatan_penduduk,680.0,jiwa/km2,D14,
3502,Kabupaten Ponorogo,2023,kepadatan_penduduk,676.0,jiwa/km2,D14,
3502,Kabupaten Ponorogo,2024,kepadatan_penduduk,679.0,jiwa/km2,D14,
3502,Kabupaten Ponorogo,2025,kepadatan_penduduk,681.0,jiwa/km2,D14,
3503,Kabupaten Trenggalek,2010,kepadatan_penduduk,588.0,jiwa/km2,D14,luas_acuan_berbeda
3503,Kabupaten Trenggalek,2011,kepadatan_penduduk,542.0,jiwa/km2,D14,luas_acuan_berbeda
3503,Kabupaten Trenggalek,2012,kepadatan_penduduk,544.0,jiwa/km2,D14,luas_acuan_berbeda
3503,Kabupaten Trenggalek,2013,kepadatan_penduduk,544.0,jiwa/km2,D14,luas_acuan_berbeda
3503,Kabupaten Trenggalek,2014,kepadatan_penduduk,552.0,jiwa/km2,D14,luas_acuan_berbeda
3503,Kabupaten Trenggalek,2015,kepadatan_penduduk,554.0,jiwa/km2,D14,luas_acuan_berbeda
3503,Kabupaten Trenggalek,2016,kepadatan_penduduk,603.0,jiwa/km2,D14,luas_acuan_berbeda
3503,Kabupaten Trenggalek,2017,kepadatan_penduduk,604.0,jiwa/km2,D14,luas_acuan_berbeda
3503,Kabupaten Trenggalek,2018,kepadatan_penduduk,606.0,jiwa/km2,D14,luas_acuan_berbeda
3503,Kabupaten Trenggalek,2019,kepadatan_penduduk,607.0,jiwa/km2,D14,luas_acuan_berbeda
3503,Kabupaten Trenggalek,2020,kepadatan_penduduk,637.0,jiwa/km2,D14,luas_acuan_berbeda
3503,Kabupaten Trenggalek,2021,kepadatan_penduduk,641.0,jiwa/km2,D14,luas_acuan_berbeda
3503,Kabupaten Trenggalek,2022,kepadatan_penduduk,592.0,jiwa/km2,D14,
3503,Kabupaten Trenggalek,2023,kepadatan_penduduk,593.0,jiwa/km2,D14,
3503,Kabupaten Trenggalek,2024,kepadatan_penduduk,596.0,jiwa/km2,D14,
3503,Kabupaten Trenggalek,2025,kepadatan_penduduk,598.0,jiwa/km2,D14,
3504,Kabupaten Tulungagung,2010,kepadatan_penduduk,938.0,jiwa/km2,D14,luas_acuan_berbeda
3504,Kabupaten Tulungagung,2011,kepadatan_penduduk,867.0,jiwa/km2,D14,luas_acuan_berbeda
3504,Kabupaten Tulungagung,2012,kepadatan_penduduk,871.0,jiwa/km2,D14,luas_acuan_berbeda
3504,Kabupaten Tulungagung,2013,kepadatan_penduduk,871.0,jiwa/km2,D14,luas_acuan_berbeda
3504,Kabupaten Tulungagung,2014,kepadatan_penduduk,883.0,jiwa/km2,D14,luas_acuan_berbeda
3504,Kabupaten Tulungagung,2015,kepadatan_penduduk,887.0,jiwa/km2,D14,luas_acuan_berbeda
3504,Kabupaten Tulungagung,2016,kepadatan_penduduk,972.0,jiwa/km2,D14,luas_acuan_berbeda
3504,Kabupaten Tulungagung,2017,kepadatan_penduduk,976.0,jiwa/km2,D14,luas_acuan_berbeda
3504,Kabupaten Tulungagung,2018,kepadatan_penduduk,980.0,jiwa/km2,D14,luas_acuan_berbeda
3504,Kabupaten Tulungagung,2019,kepadatan_penduduk,984.0,jiwa/km2,D14,luas_acuan_berbeda
3504,Kabupaten Tulungagung,2020,kepadatan_penduduk,1032.0,jiwa/km2,D14,luas_acuan_berbeda
3504,Kabupaten Tulungagung,2021,kepadatan_penduduk,1039.0,jiwa/km2,D14,luas_acuan_berbeda
3504,Kabupaten Tulungagung,2022,kepadatan_penduduk,966.0,jiwa/km2,D14,
3504,Kabupaten Tulungagung,2023,kepadatan_penduduk,968.0,jiwa/km2,D14,
3504,Kabupaten Tulungagung,2024,kepadatan_penduduk,973.0,jiwa/km2,D14,
3504,Kabupaten Tulungagung,2025,kepadatan_penduduk,978.0,jiwa/km2,D14,
3505,Kabupaten Blitar,2010,kepadatan_penduduk,836.0,jiwa/km2,D14,luas_acuan_berbeda
3505,Kabupaten Blitar,2011,kepadatan_penduduk,640.0,jiwa/km2,D14,luas_acuan_berbeda
3505,Kabupaten Blitar,2012,kepadatan_penduduk,644.0,jiwa/km2,D14,luas_acuan_berbeda
3505,Kabupaten Blitar,2013,kepadatan_penduduk,644.0,jiwa/km2,D14,luas_acuan_berbeda
3505,Kabupaten Blitar,2014,kepadatan_penduduk,651.0,jiwa/km2,D14,luas_acuan_berbeda
3505,Kabupaten Blitar,2015,kepadatan_penduduk,653.0,jiwa/km2,D14,luas_acuan_berbeda
3505,Kabupaten Blitar,2016,kepadatan_penduduk,860.0,jiwa/km2,D14,luas_acuan_berbeda
3505,Kabupaten Blitar,2017,kepadatan_penduduk,863.0,jiwa/km2,D14,luas_acuan_berbeda
3505,Kabupaten Blitar,2018,kepadatan_penduduk,866.0,jiwa/km2,D14,luas_acuan_berbeda
3505,Kabupaten Blitar,2019,kepadatan_penduduk,868.0,jiwa/km2,D14,luas_acuan_berbeda
3505,Kabupaten Blitar,2020,kepadatan_penduduk,916.0,jiwa/km2,D14,luas_acuan_berbeda
3505,Kabupaten Blitar,2021,kepadatan_penduduk,921.0,jiwa/km2,D14,luas_acuan_berbeda
3505,Kabupaten Blitar,2022,kepadatan_penduduk,711.0,jiwa/km2,D14,
3505,Kabupaten Blitar,2023,kepadatan_penduduk,718.0,jiwa/km2,D14,
3505,Kabupaten Blitar,2024,kepadatan_penduduk,724.0,jiwa/km2,D14,
3505,Kabupaten Blitar,2025,kepadatan_penduduk,730.0,jiwa/km2,D14,
3506,Kabupaten Kediri,2010,kepadatan_penduduk,1082.0,jiwa/km2,D14,luas_acuan_berbeda
3506,Kabupaten Kediri,2011,kepadatan_penduduk,992.0,jiwa/km2,D14,luas_acuan_berbeda
3506,Kabupaten Kediri,2012,kepadatan_penduduk,998.0,jiwa/km2,D14,luas_acuan_berbeda
3506,Kabupaten Kediri,2013,kepadatan_penduduk,998.0,jiwa/km2,D14,luas_acuan_berbeda
3506,Kabupaten Kediri,2014,kepadatan_penduduk,1011.0,jiwa/km2,D14,luas_acuan_berbeda
3506,Kabupaten Kediri,2015,kepadatan_penduduk,1016.0,jiwa/km2,D14,luas_acuan_berbeda
3506,Kabupaten Kediri,2016,kepadatan_penduduk,1121.0,jiwa/km2,D14,luas_acuan_berbeda
3506,Kabupaten Kediri,2017,kepadatan_penduduk,1127.0,jiwa/km2,D14,luas_acuan_berbeda
3506,Kabupaten Kediri,2018,kepadatan_penduduk,1131.0,jiwa/km2,D14,luas_acuan_berbeda
3506,Kabupaten Kediri,2019,kepadatan_penduduk,1135.0,jiwa/km2,D14,luas_acuan_berbeda
3506,Kabupaten Kediri,2020,kepadatan_penduduk,1180.0,jiwa/km2,D14,luas_acuan_berbeda
3506,Kabupaten Kediri,2021,kepadatan_penduduk,1186.0,jiwa/km2,D14,luas_acuan_berbeda
3506,Kabupaten Kediri,2022,kepadatan_penduduk,1087.0,jiwa/km2,D14,
3506,Kabupaten Kediri,2023,kepadatan_penduduk,1101.0,jiwa/km2,D14,
3506,Kabupaten Kediri,2024,kepadatan_penduduk,1109.0,jiwa/km2,D14,
3506,Kabupaten Kediri,2025,kepadatan_penduduk,1117.0,jiwa/km2,D14,
3507,Kabupaten Malang,2010,kepadatan_penduduk,693.0,jiwa/km2,D14,luas_acuan_berbeda
3507,Kabupaten Malang,2011,kepadatan_penduduk,716.0,jiwa/km2,D14,luas_acuan_berbeda
3507,Kabupaten Malang,2012,kepadatan_penduduk,721.0,jiwa/km2,D14,luas_acuan_berbeda
3507,Kabupaten Malang,2013,kepadatan_penduduk,721.0,jiwa/km2,D14,luas_acuan_berbeda
3507,Kabupaten Malang,2014,kepadatan_penduduk,731.0,jiwa/km2,D14,luas_acuan_berbeda
3507,Kabupaten Malang,2015,kepadatan_penduduk,736.0,jiwa/km2,D14,luas_acuan_berbeda
3507,Kabupaten Malang,2016,kepadatan_penduduk,725.0,jiwa/km2,D14,luas_acuan_berbeda
3507,Kabupaten Malang,2017,kepadatan_penduduk,730.0,jiwa/km2,D14,luas_acuan_berbeda
3507,Kabupaten Malang,2018,kepadatan_penduduk,734.0,jiwa/km2,D14,luas_acuan_berbeda
3507,Kabupaten Malang,2019,kepadatan_penduduk,738.0,jiwa/km2,D14,luas_acuan_berbeda
3507,Kabupaten Malang,2020,kepadatan_penduduk,752.0,jiwa/km2,D14,luas_acuan_berbeda
3507,Kabupaten Malang,2021,kepadatan_penduduk,756.0,jiwa/km2,D14,luas_acuan_berbeda
3507,Kabupaten Malang,2022,kepadatan_penduduk,773.0,jiwa/km2,D14,
3507,Kabupaten Malang,2023,kepadatan_penduduk,782.0,jiwa/km2,D14,
3507,Kabupaten Malang,2024,kepadatan_penduduk,788.0,jiwa/km2,D14,
3507,Kabupaten Malang,2025,kepadatan_penduduk,793.0,jiwa/km2,D14,
3508,Kabupaten Lumajang,2010,kepadatan_penduduk,562.0,jiwa/km2,D14,luas_acuan_berbeda
3508,Kabupaten Lumajang,2011,kepadatan_penduduk,561.0,jiwa/km2,D14,luas_acuan_berbeda
3508,Kabupaten Lumajang,2012,kepadatan_penduduk,564.0,jiwa/km2,D14,luas_acuan_berbeda
3508,Kabupaten Lumajang,2013,kepadatan_penduduk,564.0,jiwa/km2,D14,luas_acuan_berbeda
3508,Kabupaten Lumajang,2014,kepadatan_penduduk,569.0,jiwa/km2,D14,luas_acuan_berbeda
3508,Kabupaten Lumajang,2015,kepadatan_penduduk,571.0,jiwa/km2,D14,luas_acuan_berbeda
3508,Kabupaten Lumajang,2016,kepadatan_penduduk,577.0,jiwa/km2,D14,luas_acuan_berbeda
3508,Kabupaten Lumajang,2017,kepadatan_penduduk,579.0,jiwa/km2,D14,luas_acuan_berbeda
3508,Kabupaten Lumajang,2018,kepadatan_penduduk,581.0,jiwa/km2,D14,luas_acuan_berbeda
3508,Kabupaten Lumajang,2019,kepadatan_penduduk,582.0,jiwa/km2,D14,luas_acuan_berbeda
3508,Kabupaten Lumajang,2020,kepadatan_penduduk,625.0,jiwa/km2,D14,luas_acuan_berbeda
3508,Kabupaten Lumajang,2021,kepadatan_penduduk,629.0,jiwa/km2,D14,luas_acuan_berbeda
3508,Kabupaten Lumajang,2022,kepadatan_penduduk,633.0,jiwa/km2,D14,
3508,Kabupaten Lumajang,2023,kepadatan_penduduk,634.0,jiwa/km2,D14,
3508,Kabupaten Lumajang,2024,kepadatan_penduduk,638.0,jiwa/km2,D14,
3508,Kabupaten Lumajang,2025,kepadatan_penduduk,641.0,jiwa/km2,D14,
3509,Kabupaten Jember,2010,kepadatan_penduduk,754.0,jiwa/km2,D14,luas_acuan_berbeda
3509,Kabupaten Jember,2011,kepadatan_penduduk,714.0,jiwa/km2,D14,luas_acuan_berbeda
3509,Kabupaten Jember,2012,kepadatan_penduduk,718.0,jiwa/km2,D14,luas_acuan_berbeda
3509,Kabupaten Jember,2013,kepadatan_penduduk,718.0,jiwa/km2,D14,luas_acuan_berbeda
3509,Kabupaten Jember,2014,kepadatan_penduduk,722.0,jiwa/km2,D14,luas_acuan_berbeda
3509,Kabupaten Jember,2015,kepadatan_penduduk,726.0,jiwa/km2,D14,luas_acuan_berbeda
3509,Kabupaten Jember,2016,kepadatan_penduduk,782.0,jiwa/km2,D14,luas_acuan_berbeda
3509,Kabupaten Jember,2017,kepadatan_penduduk,786.0,jiwa/km2,D14,luas_acuan_berbeda
3509,Kabupaten Jember,2018,kepadatan_penduduk,789.0,jiwa/km2,D14,luas_acuan_berbeda
3509,Kabupaten Jember,2019,kepadatan_penduduk,792.0,jiwa/km2,D14,luas_acuan_berbeda
3509,Kabupaten Jember,2020,kepadatan_penduduk,820.0,jiwa/km2,D14,luas_acuan_berbeda
3509,Kabupaten Jember,2021,kepadatan_penduduk,825.0,jiwa/km2,D14,luas_acuan_berbeda
3509,Kabupaten Jember,2022,kepadatan_penduduk,775.0,jiwa/km2,D14,
3509,Kabupaten Jember,2023,kepadatan_penduduk,781.0,jiwa/km2,D14,
3509,Kabupaten Jember,2024,kepadatan_penduduk,786.0,jiwa/km2,D14,
3509,Kabupaten Jember,2025,kepadatan_penduduk,791.0,jiwa/km2,D14,
3510,Kabupaten Banyuwangi,2010,kepadatan_penduduk,269.0,jiwa/km2,D14,luas_acuan_berbeda
3510,Kabupaten Banyuwangi,2011,kepadatan_penduduk,437.0,jiwa/km2,D14,luas_acuan_berbeda
3510,Kabupaten Banyuwangi,2012,kepadatan_penduduk,439.0,jiwa/km2,D14,luas_acuan_berbeda
3510,Kabupaten Banyuwangi,2013,kepadatan_penduduk,439.0,jiwa/km2,D14,luas_acuan_berbeda
3510,Kabupaten Banyuwangi,2014,kepadatan_penduduk,442.0,jiwa/km2,D14,luas_acuan_berbeda
3510,Kabupaten Banyuwangi,2015,kepadatan_penduduk,444.0,jiwa/km2,D14,luas_acuan_berbeda
3510,Kabupaten Banyuwangi,2016,kepadatan_penduduk,277.0,jiwa/km2,D14,luas_acuan_berbeda
3510,Kabupaten Banyuwangi,2017,kepadatan_penduduk,278.0,jiwa/km2,D14,luas_acuan_berbeda
3510,Kabupaten Banyuwangi,2018,kepadatan_penduduk,278.0,jiwa/km2,D14,luas_acuan_berbeda
3510,Kabupaten Banyuwangi,2019,kepadatan_penduduk,279.0,jiwa/km2,D14,luas_acuan_berbeda
3510,Kabupaten Banyuwangi,2020,kepadatan_penduduk,295.0,jiwa/km2,D14,luas_acuan_berbeda
3510,Kabupaten Banyuwangi,2021,kepadatan_penduduk,297.0,jiwa/km2,D14,luas_acuan_berbeda
3510,Kabupaten Banyuwangi,2022,kepadatan_penduduk,482.0,jiwa/km2,D14,
3510,Kabupaten Banyuwangi,2023,kepadatan_penduduk,485.0,jiwa/km2,D14,
3510,Kabupaten Banyuwangi,2024,kepadatan_penduduk,488.0,jiwa/km2,D14,
3510,Kabupaten Banyuwangi,2025,kepadatan_penduduk,491.0,jiwa/km2,D14,
3511,Kabupaten Bondowoso,2010,kepadatan_penduduk,483.0,jiwa/km2,D14,luas_acuan_berbeda
3511,Kabupaten Bondowoso,2011,kepadatan_penduduk,481.0,jiwa/km2,D14,luas_acuan_berbeda
3511,Kabupaten Bondowoso,2012,kepadatan_penduduk,484.0,jiwa/km2,D14,luas_acuan_berbeda
3511,Kabupaten Bondowoso,2013,kepadatan_penduduk,484.0,jiwa/km2,D14,luas_acuan_berbeda
3511,Kabupaten Bondowoso,2014,kepadatan_penduduk,482.0,jiwa/km2,D14,luas_acuan_berbeda
3511,Kabupaten Bondowoso,2015,kepadatan_penduduk,485.0,jiwa/km2,D14,luas_acuan_berbeda
3511,Kabupaten Bondowoso,2016,kepadatan_penduduk,501.0,jiwa/km2,D14,luas_acuan_berbeda
3511,Kabupaten Bondowoso,2017,kepadatan_penduduk,504.0,jiwa/km2,D14,luas_acuan_berbeda
3511,Kabupaten Bondowoso,2018,kepadatan_penduduk,506.0,jiwa/km2,D14,luas_acuan_berbeda
3511,Kabupaten Bondowoso,2019,kepadatan_penduduk,508.0,jiwa/km2,D14,luas_acuan_berbeda
3511,Kabupaten Bondowoso,2020,kepadatan_penduduk,509.0,jiwa/km2,D14,luas_acuan_berbeda
3511,Kabupaten Bondowoso,2021,kepadatan_penduduk,510.0,jiwa/km2,D14,luas_acuan_berbeda
3511,Kabupaten Bondowoso,2022,kepadatan_penduduk,503.0,jiwa/km2,D14,
3511,Kabupaten Bondowoso,2023,kepadatan_penduduk,507.0,jiwa/km2,D14,
3511,Kabupaten Bondowoso,2024,kepadatan_penduduk,510.0,jiwa/km2,D14,
3511,Kabupaten Bondowoso,2025,kepadatan_penduduk,512.0,jiwa/km2,D14,
3512,Kabupaten Situbondo,2010,kepadatan_penduduk,388.0,jiwa/km2,D14,luas_acuan_berbeda
3512,Kabupaten Situbondo,2011,kepadatan_penduduk,395.0,jiwa/km2,D14,luas_acuan_berbeda
3512,Kabupaten Situbondo,2012,kepadatan_penduduk,397.0,jiwa/km2,D14,luas_acuan_berbeda
3512,Kabupaten Situbondo,2013,kepadatan_penduduk,397.0,jiwa/km2,D14,luas_acuan_berbeda
3512,Kabupaten Situbondo,2014,kepadatan_penduduk,403.0,jiwa/km2,D14,luas_acuan_berbeda
3512,Kabupaten Situbondo,2015,kepadatan_penduduk,406.0,jiwa/km2,D14,luas_acuan_berbeda
3512,Kabupaten Situbondo,2016,kepadatan_penduduk,403.0,jiwa/km2,D14,luas_acuan_berbeda
3512,Kabupaten Situbondo,2017,kepadatan_penduduk,405.0,jiwa/km2,D14,luas_acuan_berbeda
3512,Kabupaten Situbondo,2018,kepadatan_penduduk,407.0,jiwa/km2,D14,luas_acuan_berbeda
3512,Kabupaten Situbondo,2019,kepadatan_penduduk,409.0,jiwa/km2,D14,luas_acuan_berbeda
3512,Kabupaten Situbondo,2020,kepadatan_penduduk,411.0,jiwa/km2,D14,luas_acuan_berbeda
3512,Kabupaten Situbondo,2021,kepadatan_penduduk,412.0,jiwa/km2,D14,luas_acuan_berbeda
3512,Kabupaten Situbondo,2022,kepadatan_penduduk,418.0,jiwa/km2,D14,
3512,Kabupaten Situbondo,2023,kepadatan_penduduk,421.0,jiwa/km2,D14,
3512,Kabupaten Situbondo,2024,kepadatan_penduduk,424.0,jiwa/km2,D14,
3512,Kabupaten Situbondo,2025,kepadatan_penduduk,426.0,jiwa/km2,D14,
3513,Kabupaten Probolinggo,2010,kepadatan_penduduk,646.0,jiwa/km2,D14,luas_acuan_berbeda
3513,Kabupaten Probolinggo,2011,kepadatan_penduduk,646.0,jiwa/km2,D14,luas_acuan_berbeda
3513,Kabupaten Probolinggo,2012,kepadatan_penduduk,650.0,jiwa/km2,D14,luas_acuan_berbeda
3513,Kabupaten Probolinggo,2013,kepadatan_penduduk,650.0,jiwa/km2,D14,luas_acuan_berbeda
3513,Kabupaten Probolinggo,2014,kepadatan_penduduk,664.0,jiwa/km2,D14,luas_acuan_berbeda
3513,Kabupaten Probolinggo,2015,kepadatan_penduduk,668.0,jiwa/km2,D14,luas_acuan_berbeda
3513,Kabupaten Probolinggo,2016,kepadatan_penduduk,677.0,jiwa/km2,D14,luas_acuan_berbeda
3513,Kabupaten Probolinggo,2017,kepadatan_penduduk,681.0,jiwa/km2,D14,luas_acuan_berbeda
3513,Kabupaten Probolinggo,2018,kepadatan_penduduk,685.0,jiwa/km2,D14,luas_acuan_berbeda
3513,Kabupaten Probolinggo,2019,kepadatan_penduduk,689.0,jiwa/km2,D14,luas_acuan_berbeda
3513,Kabupaten Probolinggo,2020,kepadatan_penduduk,679.0,jiwa/km2,D14,luas_acuan_berbeda
3513,Kabupaten Probolinggo,2021,kepadatan_penduduk,681.0,jiwa/km2,D14,luas_acuan_berbeda
3513,Kabupaten Probolinggo,2022,kepadatan_penduduk,673.0,jiwa/km2,D14,
3513,Kabupaten Probolinggo,2023,kepadatan_penduduk,682.0,jiwa/km2,D14,
3513,Kabupaten Probolinggo,2024,kepadatan_penduduk,687.0,jiwa/km2,D14,
3513,Kabupaten Probolinggo,2025,kepadatan_penduduk,692.0,jiwa/km2,D14,
3514,Kabupaten Pasuruan,2010,kepadatan_penduduk,1026.0,jiwa/km2,D14,luas_acuan_berbeda
3514,Kabupaten Pasuruan,2011,kepadatan_penduduk,1035.0,jiwa/km2,D14,luas_acuan_berbeda
3514,Kabupaten Pasuruan,2012,kepadatan_penduduk,1043.0,jiwa/km2,D14,luas_acuan_berbeda
3514,Kabupaten Pasuruan,2013,kepadatan_penduduk,1043.0,jiwa/km2,D14,luas_acuan_berbeda
3514,Kabupaten Pasuruan,2014,kepadatan_penduduk,1056.0,jiwa/km2,D14,luas_acuan_berbeda
3514,Kabupaten Pasuruan,2015,kepadatan_penduduk,1064.0,jiwa/km2,D14,luas_acuan_berbeda
3514,Kabupaten Pasuruan,2016,kepadatan_penduduk,1081.0,jiwa/km2,D14,luas_acuan_berbeda
3514,Kabupaten Pasuruan,2017,kepadatan_penduduk,1089.0,jiwa/km2,D14,luas_acuan_berbeda
3514,Kabupaten Pasuruan,2018,kepadatan_penduduk,1097.0,jiwa/km2,D14,luas_acuan_berbeda
3514,Kabupaten Pasuruan,2019,kepadatan_penduduk,1104.0,jiwa/km2,D14,luas_acuan_berbeda
3514,Kabupaten Pasuruan,2020,kepadatan_penduduk,1090.0,jiwa/km2,D14,luas_acuan_berbeda
3514,Kabupaten Pasuruan,2021,kepadatan_penduduk,1093.0,jiwa/km2,D14,luas_acuan_berbeda
3514,Kabupaten Pasuruan,2022,kepadatan_penduduk,1084.0,jiwa/km2,D14,
3514,Kabupaten Pasuruan,2023,kepadatan_penduduk,1101.0,jiwa/km2,D14,
3514,Kabupaten Pasuruan,2024,kepadatan_penduduk,1101.0,jiwa/km2,D14,
3514,Kabupaten Pasuruan,2025,kepadatan_penduduk,1118.0,jiwa/km2,D14,
3515,Kabupaten Sidoarjo,2010,kepadatan_penduduk,3060.0,jiwa/km2,D14,luas_acuan_berbeda
3515,Kabupaten Sidoarjo,2011,kepadatan_penduduk,2794.0,jiwa/km2,D14,luas_acuan_berbeda
3515,Kabupaten Sidoarjo,2012,kepadatan_penduduk,2838.0,jiwa/km2,D14,luas_acuan_berbeda
3515,Kabupaten Sidoarjo,2013,kepadatan_penduduk,2838.0,jiwa/km2,D14,luas_acuan_berbeda
3515,Kabupaten Sidoarjo,2014,kepadatan_penduduk,2898.0,jiwa/km2,D14,luas_acuan_berbeda
3515,Kabupaten Sidoarjo,2015,kepadatan_penduduk,2945.0,jiwa/km2,D14,luas_acuan_berbeda
3515,Kabupaten Sidoarjo,2016,kepadatan_penduduk,3390.0,jiwa/km2,D14,luas_acuan_berbeda
3515,Kabupaten Sidoarjo,2017,kepadatan_penduduk,3442.0,jiwa/km2,D14,luas_acuan_berbeda
3515,Kabupaten Sidoarjo,2018,kepadatan_penduduk,3495.0,jiwa/km2,D14,luas_acuan_berbeda
3515,Kabupaten Sidoarjo,2019,kepadatan_penduduk,3547.0,jiwa/km2,D14,luas_acuan_berbeda
3515,Kabupaten Sidoarjo,2020,kepadatan_penduduk,3283.0,jiwa/km2,D14,luas_acuan_berbeda
3515,Kabupaten Sidoarjo,2021,kepadatan_penduduk,3298.0,jiwa/km2,D14,luas_acuan_berbeda
3515,Kabupaten Sidoarjo,2022,kepadatan_penduduk,2905.0,jiwa/km2,D14,
3515,Kabupaten Sidoarjo,2023,kepadatan_penduduk,2968.0,jiwa/km2,D14,
3515,Kabupaten Sidoarjo,2024,kepadatan_penduduk,2999.0,jiwa/km2,D14,
3515,Kabupaten Sidoarjo,2025,kepadatan_penduduk,3030.0,jiwa/km2,D14,
3516,Kabupaten Mojokerto,2010,kepadatan_penduduk,1429.0,jiwa/km2,D14,luas_acuan_berbeda
3516,Kabupaten Mojokerto,2011,kepadatan_penduduk,1071.0,jiwa/km2,D14,luas_acuan_berbeda
3516,Kabupaten Mojokerto,2012,kepadatan_penduduk,1079.0,jiwa/km2,D14,luas_acuan_berbeda
3516,Kabupaten Mojokerto,2013,kepadatan_penduduk,1079.0,jiwa/km2,D14,luas_acuan_berbeda
3516,Kabupaten Mojokerto,2014,kepadatan_penduduk,1099.0,jiwa/km2,D14,luas_acuan_berbeda
3516,Kabupaten Mojokerto,2015,kepadatan_penduduk,1109.0,jiwa/km2,D14,luas_acuan_berbeda
3516,Kabupaten Mojokerto,2016,kepadatan_penduduk,1519.0,jiwa/km2,D14,luas_acuan_berbeda
3516,Kabupaten Mojokerto,2017,kepadatan_penduduk,1532.0,jiwa/km2,D14,luas_acuan_berbeda
3516,Kabupaten Mojokerto,2018,kepadatan_penduduk,1545.0,jiwa/km2,D14,luas_acuan_berbeda
3516,Kabupaten Mojokerto,2019,kepadatan_penduduk,1558.0,jiwa/km2,D14,luas_acuan_berbeda
3516,Kabupaten Mojokerto,2020,kepadatan_penduduk,1559.0,jiwa/km2,D14,luas_acuan_berbeda
3516,Kabupaten Mojokerto,2021,kepadatan_penduduk,1568.0,jiwa/km2,D14,luas_acuan_berbeda
3516,Kabupaten Mojokerto,2022,kepadatan_penduduk,1151.0,jiwa/km2,D14,
3516,Kabupaten Mojokerto,2023,kepadatan_penduduk,1163.0,jiwa/km2,D14,
3516,Kabupaten Mojokerto,2024,kepadatan_penduduk,1172.0,jiwa/km2,D14,
3516,Kabupaten Mojokerto,2025,kepadatan_penduduk,1181.0,jiwa/km2,D14,
3517,Kabupaten Jombang,2010,kepadatan_penduduk,1078.0,jiwa/km2,D14,luas_acuan_berbeda
3517,Kabupaten Jombang,2011,kepadatan_penduduk,1082.0,jiwa/km2,D14,luas_acuan_berbeda
3517,Kabupaten Jombang,2012,kepadatan_penduduk,1091.0,jiwa/km2,D14,luas_acuan_berbeda
3517,Kabupaten Jombang,2013,kepadatan_penduduk,1091.0,jiwa/km2,D14,luas_acuan_berbeda
3517,Kabupaten Jombang,2014,kepadatan_penduduk,1108.0,jiwa/km2,D14,luas_acuan_berbeda
3517,Kabupaten Jombang,2015,kepadatan_penduduk,1114.0,jiwa/km2,D14,luas_acuan_berbeda
3517,Kabupaten Jombang,2016,kepadatan_penduduk,1119.0,jiwa/km2,D14,luas_acuan_berbeda
3517,Kabupaten Jombang,2017,kepadatan_penduduk,1124.0,jiwa/km2,D14,luas_acuan_berbeda
3517,Kabupaten Jombang,2018,kepadatan_penduduk,1129.0,jiwa/km2,D14,luas_acuan_berbeda
3517,Kabupaten Jombang,2019,kepadatan_penduduk,1134.0,jiwa/km2,D14,luas_acuan_berbeda
3517,Kabupaten Jombang,2020,kepadatan_penduduk,1182.0,jiwa/km2,D14,luas_acuan_berbeda
3517,Kabupaten Jombang,2021,kepadatan_penduduk,1189.0,jiwa/km2,D14,luas_acuan_berbeda
3517,Kabupaten Jombang,2022,kepadatan_penduduk,1204.0,jiwa/km2,D14,
3517,Kabupaten Jombang,2023,kepadatan_penduduk,1218.0,jiwa/km2,D14,
3517,Kabupaten Jombang,2024,kepadatan_penduduk,1228.0,jiwa/km2,D14,
3517,Kabupaten Jombang,2025,kepadatan_penduduk,1238.0,jiwa/km2,D14,
3518,Kabupaten Nganjuk,2010,kepadatan_penduduk,831.0,jiwa/km2,D14,luas_acuan_berbeda
3518,Kabupaten Nganjuk,2011,kepadatan_penduduk,791.0,jiwa/km2,D14,luas_acuan_berbeda
3518,Kabupaten Nganjuk,2012,kepadatan_penduduk,795.0,jiwa/km2,D14,luas_acuan_berbeda
3518,Kabupaten Nganjuk,2013,kepadatan_penduduk,795.0,jiwa/km2,D14,luas_acuan_berbeda
3518,Kabupaten Nganjuk,2014,kepadatan_penduduk,808.0,jiwa/km2,D14,luas_acuan_berbeda
3518,Kabupaten Nganjuk,2015,kepadatan_penduduk,811.0,jiwa/km2,D14,luas_acuan_berbeda
3518,Kabupaten Nganjuk,2016,kepadatan_penduduk,854.0,jiwa/km2,D14,luas_acuan_berbeda
3518,Kabupaten Nganjuk,2017,kepadatan_penduduk,857.0,jiwa/km2,D14,luas_acuan_berbeda
3518,Kabupaten Nganjuk,2018,kepadatan_penduduk,859.0,jiwa/km2,D14,luas_acuan_berbeda
3518,Kabupaten Nganjuk,2019,kepadatan_penduduk,861.0,jiwa/km2,D14,luas_acuan_berbeda
3518,Kabupaten Nganjuk,2020,kepadatan_penduduk,902.0,jiwa/km2,D14,luas_acuan_berbeda
3518,Kabupaten Nganjuk,2021,kepadatan_penduduk,906.0,jiwa/km2,D14,luas_acuan_berbeda
3518,Kabupaten Nganjuk,2022,kepadatan_penduduk,867.0,jiwa/km2,D14,
3518,Kabupaten Nganjuk,2023,kepadatan_penduduk,872.0,jiwa/km2,D14,
3518,Kabupaten Nganjuk,2024,kepadatan_penduduk,878.0,jiwa/km2,D14,
3518,Kabupaten Nganjuk,2025,kepadatan_penduduk,883.0,jiwa/km2,D14,
3519,Kabupaten Madiun,2010,kepadatan_penduduk,638.0,jiwa/km2,D14,luas_acuan_berbeda
3519,Kabupaten Madiun,2011,kepadatan_penduduk,593.0,jiwa/km2,D14,luas_acuan_berbeda
3519,Kabupaten Madiun,2012,kepadatan_penduduk,596.0,jiwa/km2,D14,luas_acuan_berbeda
3519,Kabupaten Madiun,2013,kepadatan_penduduk,596.0,jiwa/km2,D14,luas_acuan_berbeda
3519,Kabupaten Madiun,2014,kepadatan_penduduk,602.0,jiwa/km2,D14,luas_acuan_berbeda
3519,Kabupaten Madiun,2015,kepadatan_penduduk,604.0,jiwa/km2,D14,luas_acuan_berbeda
3519,Kabupaten Madiun,2016,kepadatan_penduduk,653.0,jiwa/km2,D14,luas_acuan_berbeda
3519,Kabupaten Madiun,2017,kepadatan_penduduk,655.0,jiwa/km2,D14,luas_acuan_berbeda
3519,Kabupaten Madiun,2018,kepadatan_penduduk,656.0,jiwa/km2,D14,luas_acuan_berbeda
3519,Kabupaten Madiun,2019,kepadatan_penduduk,657.0,jiwa/km2,D14,luas_acuan_berbeda
3519,Kabupaten Madiun,2020,kepadatan_penduduk,717.0,jiwa/km2,D14,luas_acuan_berbeda
3519,Kabupaten Madiun,2021,kepadatan_penduduk,723.0,jiwa/km2,D14,luas_acuan_berbeda
3519,Kabupaten Madiun,2022,kepadatan_penduduk,668.0,jiwa/km2,D14,
3519,Kabupaten Madiun,2023,kepadatan_penduduk,678.0,jiwa/km2,D14,
3519,Kabupaten Madiun,2024,kepadatan_penduduk,681.0,jiwa/km2,D14,
3519,Kabupaten Madiun,2025,kepadatan_penduduk,683.0,jiwa/km2,D14,
3520,Kabupaten Magetan,2010,kepadatan_penduduk,901.0,jiwa/km2,D14,luas_acuan_berbeda
3520,Kabupaten Magetan,2011,kepadatan_penduduk,877.0,jiwa/km2,D14,luas_acuan_berbeda
3520,Kabupaten Magetan,2012,kepadatan_penduduk,879.0,jiwa/km2,D14,luas_acuan_berbeda
3520,Kabupaten Magetan,2013,kepadatan_penduduk,879.0,jiwa/km2,D14,luas_acuan_berbeda
3520,Kabupaten Magetan,2014,kepadatan_penduduk,888.0,jiwa/km2,D14,luas_acuan_berbeda
3520,Kabupaten Magetan,2015,kepadatan_penduduk,889.0,jiwa/km2,D14,luas_acuan_berbeda
3520,Kabupaten Magetan,2016,kepadatan_penduduk,912.0,jiwa/km2,D14,luas_acuan_berbeda
3520,Kabupaten Magetan,2017,kepadatan_penduduk,913.0,jiwa/km2,D14,luas_acuan_berbeda
3520,Kabupaten Magetan,2018,kepadatan_penduduk,913.0,jiwa/km2,D14,luas_acuan_berbeda
3520,Kabupaten Magetan,2019,kepadatan_penduduk,913.0,jiwa/km2,D14,luas_acuan_berbeda
3520,Kabupaten Magetan,2020,kepadatan_penduduk,974.0,jiwa/km2,D14,luas_acuan_berbeda
3520,Kabupaten Magetan,2021,kepadatan_penduduk,979.0,jiwa/km2,D14,luas_acuan_berbeda
3520,Kabupaten Magetan,2022,kepadatan_penduduk,960.0,jiwa/km2,D14,
3520,Kabupaten Magetan,2023,kepadatan_penduduk,965.0,jiwa/km2,D14,
3520,Kabupaten Magetan,2024,kepadatan_penduduk,970.0,jiwa/km2,D14,
3520,Kabupaten Magetan,2025,kepadatan_penduduk,976.0,jiwa/km2,D14,
3521,Kabupaten Ngawi,2010,kepadatan_penduduk,631.0,jiwa/km2,D14,luas_acuan_berbeda
3521,Kabupaten Ngawi,2011,kepadatan_penduduk,585.0,jiwa/km2,D14,luas_acuan_berbeda
3521,Kabupaten Ngawi,2012,kepadatan_penduduk,587.0,jiwa/km2,D14,luas_acuan_berbeda
3521,Kabupaten Ngawi,2013,kepadatan_penduduk,587.0,jiwa/km2,D14,luas_acuan_berbeda
3521,Kabupaten Ngawi,2014,kepadatan_penduduk,594.0,jiwa/km2,D14,luas_acuan_berbeda
3521,Kabupaten Ngawi,2015,kepadatan_penduduk,595.0,jiwa/km2,D14,luas_acuan_berbeda
3521,Kabupaten Ngawi,2016,kepadatan_penduduk,640.0,jiwa/km2,D14,luas_acuan_berbeda
3521,Kabupaten Ngawi,2017,kepadatan_penduduk,640.0,jiwa/km2,D14,luas_acuan_berbeda
3521,Kabupaten Ngawi,2018,kepadatan_penduduk,640.0,jiwa/km2,D14,luas_acuan_berbeda
3521,Kabupaten Ngawi,2019,kepadatan_penduduk,640.0,jiwa/km2,D14,luas_acuan_berbeda
3521,Kabupaten Ngawi,2020,kepadatan_penduduk,671.0,jiwa/km2,D14,luas_acuan_berbeda
3521,Kabupaten Ngawi,2021,kepadatan_penduduk,674.0,jiwa/km2,D14,luas_acuan_berbeda
3521,Kabupaten Ngawi,2022,kepadatan_penduduk,629.0,jiwa/km2,D14,
3521,Kabupaten Ngawi,2023,kepadatan_penduduk,631.0,jiwa/km2,D14,
3521,Kabupaten Ngawi,2024,kepadatan_penduduk,633.0,jiwa/km2,D14,
3521,Kabupaten Ngawi,2025,kepadatan_penduduk,636.0,jiwa/km2,D14,
3522,Kabupaten Bojonegoro,2010,kepadatan_penduduk,550.0,jiwa/km2,D14,luas_acuan_berbeda
3522,Kabupaten Bojonegoro,2011,kepadatan_penduduk,525.0,jiwa/km2,D14,luas_acuan_berbeda
3522,Kabupaten Bojonegoro,2012,kepadatan_penduduk,527.0,jiwa/km2,D14,luas_acuan_berbeda
3522,Kabupaten Bojonegoro,2013,kepadatan_penduduk,527.0,jiwa/km2,D14,luas_acuan_berbeda
3522,Kabupaten Bojonegoro,2014,kepadatan_penduduk,532.0,jiwa/km2,D14,luas_acuan_berbeda
3522,Kabupaten Bojonegoro,2015,kepadatan_penduduk,534.0,jiwa/km2,D14,luas_acuan_berbeda
3522,Kabupaten Bojonegoro,2016,kepadatan_penduduk,564.0,jiwa/km2,D14,luas_acuan_berbeda
3522,Kabupaten Bojonegoro,2017,kepadatan_penduduk,566.0,jiwa/km2,D14,luas_acuan_berbeda
3522,Kabupaten Bojonegoro,2018,kepadatan_penduduk,567.0,jiwa/km2,D14,luas_acuan_berbeda
3522,Kabupaten Bojonegoro,2019,kepadatan_penduduk,568.0,jiwa/km2,D14,luas_acuan_berbeda
3522,Kabupaten Bojonegoro,2020,kepadatan_penduduk,592.0,jiwa/km2,D14,luas_acuan_berbeda
3522,Kabupaten Bojonegoro,2021,kepadatan_penduduk,595.0,jiwa/km2,D14,luas_acuan_berbeda
3522,Kabupaten Bojonegoro,2022,kepadatan_penduduk,569.0,jiwa/km2,D14,
3522,Kabupaten Bojonegoro,2023,kepadatan_penduduk,571.0,jiwa/km2,D14,
3522,Kabupaten Bojonegoro,2024,kepadatan_penduduk,573.0,jiwa/km2,D14,
3522,Kabupaten Bojonegoro,2025,kepadatan_penduduk,575.0,jiwa/km2,D14,
3523,Kabupaten Tuban,2010,kepadatan_penduduk,610.0,jiwa/km2,D14,luas_acuan_berbeda
3523,Kabupaten Tuban,2011,kepadatan_penduduk,569.0,jiwa/km2,D14,luas_acuan_berbeda
3523,Kabupaten Tuban,2012,kepadatan_penduduk,573.0,jiwa/km2,D14,luas_acuan_berbeda
3523,Kabupaten Tuban,2013,kepadatan_penduduk,573.0,jiwa/km2,D14,luas_acuan_berbeda
3523,Kabupaten Tuban,2014,kepadatan_penduduk,580.0,jiwa/km2,D14,luas_acuan_berbeda
3523,Kabupaten Tuban,2015,kepadatan_penduduk,583.0,jiwa/km2,D14,luas_acuan_berbeda
3523,Kabupaten Tuban,2016,kepadatan_penduduk,632.0,jiwa/km2,D14,luas_acuan_berbeda
3523,Kabupaten Tuban,2017,kepadatan_penduduk,634.0,jiwa/km2,D14,luas_acuan_berbeda
3523,Kabupaten Tuban,2018,kepadatan_penduduk,637.0,jiwa/km2,D14,luas_acuan_berbeda
3523,Kabupaten Tuban,2019,kepadatan_penduduk,640.0,jiwa/km2,D14,luas_acuan_berbeda
3523,Kabupaten Tuban,2020,kepadatan_penduduk,653.0,jiwa/km2,D14,luas_acuan_berbeda
3523,Kabupaten Tuban,2021,kepadatan_penduduk,656.0,jiwa/km2,D14,luas_acuan_berbeda
3523,Kabupaten Tuban,2022,kepadatan_penduduk,613.0,jiwa/km2,D14,
3523,Kabupaten Tuban,2023,kepadatan_penduduk,617.0,jiwa/km2,D14,
3523,Kabupaten Tuban,2024,kepadatan_penduduk,621.0,jiwa/km2,D14,
3523,Kabupaten Tuban,2025,kepadatan_penduduk,624.0,jiwa/km2,D14,
3524,Kabupaten Lamongan,2010,kepadatan_penduduk,662.0,jiwa/km2,D14,luas_acuan_berbeda
3524,Kabupaten Lamongan,2011,kepadatan_penduduk,673.0,jiwa/km2,D14,luas_acuan_berbeda
3524,Kabupaten Lamongan,2012,kepadatan_penduduk,674.0,jiwa/km2,D14,luas_acuan_berbeda
3524,Kabupaten Lamongan,2013,kepadatan_penduduk,674.0,jiwa/km2,D14,luas_acuan_berbeda
3524,Kabupaten Lamongan,2014,kepadatan_penduduk,675.0,jiwa/km2,D14,luas_acuan_berbeda
3524,Kabupaten Lamongan,2015,kepadatan_penduduk,675.0,jiwa/km2,D14,luas_acuan_berbeda
3524,Kabupaten Lamongan,2016,kepadatan_penduduk,667.0,jiwa/km2,D14,luas_acuan_berbeda
3524,Kabupaten Lamongan,2017,kepadatan_penduduk,667.0,jiwa/km2,D14,luas_acuan_berbeda
3524,Kabupaten Lamongan,2018,kepadatan_penduduk,667.0,jiwa/km2,D14,luas_acuan_berbeda
3524,Kabupaten Lamongan,2019,kepadatan_penduduk,667.0,jiwa/km2,D14,luas_acuan_berbeda
3524,Kabupaten Lamongan,2020,kepadatan_penduduk,754.0,jiwa/km2,D14,luas_acuan_berbeda
3524,Kabupaten Lamongan,2021,kepadatan_penduduk,761.0,jiwa/km2,D14,luas_acuan_berbeda
3524,Kabupaten Lamongan,2022,kepadatan_penduduk,783.0,jiwa/km2,D14,
3524,Kabupaten Lamongan,2023,kepadatan_penduduk,781.0,jiwa/km2,D14,
3524,Kabupaten Lamongan,2024,kepadatan_penduduk,786.0,jiwa/km2,D14,
3524,Kabupaten Lamongan,2025,kepadatan_penduduk,791.0,jiwa/km2,D14,
3525,Kabupaten Gresik,2010,kepadatan_penduduk,988.0,jiwa/km2,D14,luas_acuan_berbeda
3525,Kabupaten Gresik,2011,kepadatan_penduduk,969.0,jiwa/km2,D14,luas_acuan_berbeda
3525,Kabupaten Gresik,2012,kepadatan_penduduk,981.0,jiwa/km2,D14,luas_acuan_berbeda
3525,Kabupaten Gresik,2013,kepadatan_penduduk,981.0,jiwa/km2,D14,luas_acuan_berbeda
3525,Kabupaten Gresik,2014,kepadatan_penduduk,1003.0,jiwa/km2,D14,luas_acuan_berbeda
3525,Kabupaten Gresik,2015,kepadatan_penduduk,1015.0,jiwa/km2,D14,luas_acuan_berbeda
3525,Kabupaten Gresik,2016,kepadatan_penduduk,1067.0,jiwa/km2,D14,luas_acuan_berbeda
3525,Kabupaten Gresik,2017,kepadatan_penduduk,1079.0,jiwa/km2,D14,luas_acuan_berbeda
3525,Kabupaten Gresik,2018,kepadatan_penduduk,1090.0,jiwa/km2,D14,luas_acuan_berbeda
3525,Kabupaten Gresik,2019,kepadatan_penduduk,1102.0,jiwa/km2,D14,luas_acuan_berbeda
3525,Kabupaten Gresik,2020,kepadatan_penduduk,1110.0,jiwa/km2,D14,luas_acuan_berbeda
3525,Kabupaten Gresik,2021,kepadatan_penduduk,1109.0,jiwa/km2,D14,luas_acuan_berbeda
3525,Kabupaten Gresik,2022,kepadatan_penduduk,1061.0,jiwa/km2,D14,
3525,Kabupaten Gresik,2023,kepadatan_penduduk,1075.0,jiwa/km2,D14,
3525,Kabupaten Gresik,2024,kepadatan_penduduk,1086.0,jiwa/km2,D14,
3525,Kabupaten Gresik,2025,kepadatan_penduduk,1096.0,jiwa/km2,D14,
3526,Kabupaten Bangkalan,2010,kepadatan_penduduk,905.0,jiwa/km2,D14,luas_acuan_berbeda
3526,Kabupaten Bangkalan,2011,kepadatan_penduduk,708.0,jiwa/km2,D14,luas_acuan_berbeda
3526,Kabupaten Bangkalan,2012,kepadatan_penduduk,716.0,jiwa/km2,D14,luas_acuan_berbeda
3526,Kabupaten Bangkalan,2013,kepadatan_penduduk,716.0,jiwa/km2,D14,luas_acuan_berbeda
3526,Kabupaten Bangkalan,2014,kepadatan_penduduk,726.0,jiwa/km2,D14,luas_acuan_berbeda
3526,Kabupaten Bangkalan,2015,kepadatan_penduduk,732.0,jiwa/km2,D14,luas_acuan_berbeda
3526,Kabupaten Bangkalan,2016,kepadatan_penduduk,961.0,jiwa/km2,D14,luas_acuan_berbeda
3526,Kabupaten Bangkalan,2017,kepadatan_penduduk,969.0,jiwa/km2,D14,luas_acuan_berbeda
3526,Kabupaten Bangkalan,2018,kepadatan_penduduk,978.0,jiwa/km2,D14,luas_acuan_berbeda
3526,Kabupaten Bangkalan,2019,kepadatan_penduduk,986.0,jiwa/km2,D14,luas_acuan_berbeda
3526,Kabupaten Bangkalan,2020,kepadatan_penduduk,1059.0,jiwa/km2,D14,luas_acuan_berbeda
3526,Kabupaten Bangkalan,2021,kepadatan_penduduk,1070.0,jiwa/km2,D14,luas_acuan_berbeda
3526,Kabupaten Bangkalan,2022,kepadatan_penduduk,835.0,jiwa/km2,D14,
3526,Kabupaten Bangkalan,2023,kepadatan_penduduk,839.0,jiwa/km2,D14,
3526,Kabupaten Bangkalan,2024,kepadatan_penduduk,847.0,jiwa/km2,D14,
3526,Kabupaten Bangkalan,2025,kepadatan_penduduk,855.0,jiwa/km2,D14,
3527,Kabupaten Sampang,2010,kepadatan_penduduk,712.0,jiwa/km2,D14,luas_acuan_berbeda
3527,Kabupaten Sampang,2011,kepadatan_penduduk,735.0,jiwa/km2,D14,luas_acuan_berbeda
3527,Kabupaten Sampang,2012,kepadatan_penduduk,743.0,jiwa/km2,D14,luas_acuan_berbeda
3527,Kabupaten Sampang,2013,kepadatan_penduduk,743.0,jiwa/km2,D14,luas_acuan_berbeda
3527,Kabupaten Sampang,2014,kepadatan_penduduk,750.0,jiwa/km2,D14,luas_acuan_berbeda
3527,Kabupaten Sampang,2015,kepadatan_penduduk,759.0,jiwa/km2,D14,luas_acuan_berbeda
3527,Kabupaten Sampang,2016,kepadatan_penduduk,768.0,jiwa/km2,D14,luas_acuan_berbeda
3527,Kabupaten Sampang,2017,kepadatan_penduduk,777.0,jiwa/km2,D14,luas_acuan_berbeda
3527,Kabupaten Sampang,2018,kepadatan_penduduk,786.0,jiwa/km2,D14,luas_acuan_berbeda
3527,Kabupaten Sampang,2019,kepadatan_penduduk,794.0,jiwa/km2,D14,luas_acuan_berbeda
3527,Kabupaten Sampang,2020,kepadatan_penduduk,786.0,jiwa/km2,D14,luas_acuan_berbeda
3527,Kabupaten Sampang,2021,kepadatan_penduduk,792.0,jiwa/km2,D14,luas_acuan_berbeda
3527,Kabupaten Sampang,2022,kepadatan_penduduk,801.0,jiwa/km2,D14,
3527,Kabupaten Sampang,2023,kepadatan_penduduk,818.0,jiwa/km2,D14,
3527,Kabupaten Sampang,2024,kepadatan_penduduk,827.0,jiwa/km2,D14,
3527,Kabupaten Sampang,2025,kepadatan_penduduk,837.0,jiwa/km2,D14,
3528,Kabupaten Pamekasan,2010,kepadatan_penduduk,1005.0,jiwa/km2,D14,luas_acuan_berbeda
3528,Kabupaten Pamekasan,2011,kepadatan_penduduk,1020.0,jiwa/km2,D14,luas_acuan_berbeda
3528,Kabupaten Pamekasan,2012,kepadatan_penduduk,1032.0,jiwa/km2,D14,luas_acuan_berbeda
3528,Kabupaten Pamekasan,2013,kepadatan_penduduk,1032.0,jiwa/km2,D14,luas_acuan_berbeda
3528,Kabupaten Pamekasan,2014,kepadatan_penduduk,1051.0,jiwa/km2,D14,luas_acuan_berbeda
3528,Kabupaten Pamekasan,2015,kepadatan_penduduk,1062.0,jiwa/km2,D14,luas_acuan_berbeda
3528,Kabupaten Pamekasan,2016,kepadatan_penduduk,1078.0,jiwa/km2,D14,luas_acuan_berbeda
3528,Kabupaten Pamekasan,2017,kepadatan_penduduk,1089.0,jiwa/km2,D14,luas_acuan_berbeda
3528,Kabupaten Pamekasan,2018,kepadatan_penduduk,1099.0,jiwa/km2,D14,luas_acuan_berbeda
3528,Kabupaten Pamekasan,2019,kepadatan_penduduk,1110.0,jiwa/km2,D14,luas_acuan_berbeda
3528,Kabupaten Pamekasan,2020,kepadatan_penduduk,1073.0,jiwa/km2,D14,luas_acuan_berbeda
3528,Kabupaten Pamekasan,2021,kepadatan_penduduk,1077.0,jiwa/km2,D14,luas_acuan_berbeda
3528,Kabupaten Pamekasan,2022,kepadatan_penduduk,1079.0,jiwa/km2,D14,
3528,Kabupaten Pamekasan,2023,kepadatan_penduduk,1101.0,jiwa/km2,D14,
3528,Kabupaten Pamekasan,2024,kepadatan_penduduk,1113.0,jiwa/km2,D14,
3528,Kabupaten Pamekasan,2025,kepadatan_penduduk,1123.0,jiwa/km2,D14,
3529,Kabupaten Sumenep,2010,kepadatan_penduduk,522.0,jiwa/km2,D14,luas_acuan_berbeda
3529,Kabupaten Sumenep,2011,kepadatan_penduduk,505.0,jiwa/km2,D14,luas_acuan_berbeda
3529,Kabupaten Sumenep,2012,kepadatan_penduduk,508.0,jiwa/km2,D14,luas_acuan_berbeda
3529,Kabupaten Sumenep,2013,kepadatan_penduduk,508.0,jiwa/km2,D14,luas_acuan_berbeda
3529,Kabupaten Sumenep,2014,kepadatan_penduduk,512.0,jiwa/km2,D14,luas_acuan_berbeda
3529,Kabupaten Sumenep,2015,kepadatan_penduduk,514.0,jiwa/km2,D14,luas_acuan_berbeda
3529,Kabupaten Sumenep,2016,kepadatan_penduduk,539.0,jiwa/km2,D14,luas_acuan_berbeda
3529,Kabupaten Sumenep,2017,kepadatan_penduduk,541.0,jiwa/km2,D14,luas_acuan_berbeda
3529,Kabupaten Sumenep,2018,kepadatan_penduduk,543.0,jiwa/km2,D14,luas_acuan_berbeda
3529,Kabupaten Sumenep,2019,kepadatan_penduduk,545.0,jiwa/km2,D14,luas_acuan_berbeda
3529,Kabupaten Sumenep,2020,kepadatan_penduduk,563.0,jiwa/km2,D14,luas_acuan_berbeda
3529,Kabupaten Sumenep,2021,kepadatan_penduduk,565.0,jiwa/km2,D14,luas_acuan_berbeda
3529,Kabupaten Sumenep,2022,kepadatan_penduduk,545.0,jiwa/km2,D14,
3529,Kabupaten Sumenep,2023,kepadatan_penduduk,550.0,jiwa/km2,D14,
3529,Kabupaten Sumenep,2024,kepadatan_penduduk,553.0,jiwa/km2,D14,
3529,Kabupaten Sumenep,2025,kepadatan_penduduk,556.0,jiwa/km2,D14,
3571,Kota Kediri,2010,kepadatan_penduduk,4235.0,jiwa/km2,D14,luas_acuan_berbeda
3571,Kota Kediri,2011,kepadatan_penduduk,4085.0,jiwa/km2,D14,luas_acuan_berbeda
3571,Kota Kediri,2012,kepadatan_penduduk,4129.0,jiwa/km2,D14,luas_acuan_berbeda
3571,Kota Kediri,2013,kepadatan_penduduk,4129.0,jiwa/km2,D14,luas_acuan_berbeda
3571,Kota Kediri,2014,kepadatan_penduduk,4030.0,jiwa/km2,D14,luas_acuan_berbeda
3571,Kota Kediri,2015,kepadatan_penduduk,4058.0,jiwa/km2,D14,luas_acuan_berbeda
3571,Kota Kediri,2016,kepadatan_penduduk,4448.0,jiwa/km2,D14,luas_acuan_berbeda
3571,Kota Kediri,2017,kepadatan_penduduk,4480.0,jiwa/km2,D14,luas_acuan_berbeda
3571,Kota Kediri,2018,kepadatan_penduduk,4511.0,jiwa/km2,D14,luas_acuan_berbeda
3571,Kota Kediri,2019,kepadatan_penduduk,4540.0,jiwa/km2,D14,luas_acuan_berbeda
3571,Kota Kediri,2020,kepadatan_penduduk,4524.0,jiwa/km2,D14,luas_acuan_berbeda
3571,Kota Kediri,2021,kepadatan_penduduk,4542.0,jiwa/km2,D14,luas_acuan_berbeda
3571,Kota Kediri,2022,kepadatan_penduduk,4305.0,jiwa/km2,D14,
3571,Kota Kediri,2023,kepadatan_penduduk,4391.0,jiwa/km2,D14,
3571,Kota Kediri,2024,kepadatan_penduduk,4436.0,jiwa/km2,D14,
3571,Kota Kediri,2025,kepadatan_penduduk,4480.0,jiwa/km2,D14,
3572,Kota Blitar,2010,kepadatan_penduduk,4052.0,jiwa/km2,D14,luas_acuan_berbeda
3572,Kota Blitar,2011,kepadatan_penduduk,4083.0,jiwa/km2,D14,luas_acuan_berbeda
3572,Kota Blitar,2012,kepadatan_penduduk,4112.0,jiwa/km2,D14,luas_acuan_berbeda
3572,Kota Blitar,2013,kepadatan_penduduk,4112.0,jiwa/km2,D14,luas_acuan_berbeda
3572,Kota Blitar,2014,kepadatan_penduduk,4149.0,jiwa/km2,D14,luas_acuan_berbeda
3572,Kota Blitar,2015,kepadatan_penduduk,4179.0,jiwa/km2,D14,luas_acuan_berbeda
3572,Kota Blitar,2016,kepadatan_penduduk,4271.0,jiwa/km2,D14,luas_acuan_berbeda
3572,Kota Blitar,2017,kepadatan_penduduk,4298.0,jiwa/km2,D14,luas_acuan_berbeda
3572,Kota Blitar,2018,kepadatan_penduduk,4329.0,jiwa/km2,D14,luas_acuan_berbeda
3572,Kota Blitar,2019,kepadatan_penduduk,4357.0,jiwa/km2,D14,luas_acuan_berbeda
3572,Kota Blitar,2020,kepadatan_penduduk,4579.0,jiwa/km2,D14,luas_acuan_berbeda
3572,Kota Blitar,2021,kepadatan_penduduk,4617.0,jiwa/km2,D14,luas_acuan_berbeda
3572,Kota Blitar,2022,kepadatan_penduduk,4577.0,jiwa/km2,D14,
3572,Kota Blitar,2023,kepadatan_penduduk,4619.0,jiwa/km2,D14,
3572,Kota Blitar,2024,kepadatan_penduduk,4664.0,jiwa/km2,D14,
3572,Kota Blitar,2025,kepadatan_penduduk,4709.0,jiwa/km2,D14,
3573,Kota Malang,2010,kepadatan_penduduk,5646.0,jiwa/km2,D14,luas_acuan_berbeda
3573,Kota Malang,2011,kepadatan_penduduk,7587.0,jiwa/km2,D14,luas_acuan_berbeda
3573,Kota Malang,2012,kepadatan_penduduk,7644.0,jiwa/km2,D14,luas_acuan_berbeda
3573,Kota Malang,2013,kepadatan_penduduk,7644.0,jiwa/km2,D14,luas_acuan_berbeda
3573,Kota Malang,2014,kepadatan_penduduk,7691.0,jiwa/km2,D14,luas_acuan_berbeda
3573,Kota Malang,2015,kepadatan_penduduk,7739.0,jiwa/km2,D14,luas_acuan_berbeda
3573,Kota Malang,2016,kepadatan_penduduk,5895.0,jiwa/km2,D14,luas_acuan_berbeda
3573,Kota Malang,2017,kepadatan_penduduk,5929.0,jiwa/km2,D14,luas_acuan_berbeda
3573,Kota Malang,2018,kepadatan_penduduk,5961.0,jiwa/km2,D14,luas_acuan_berbeda
3573,Kota Malang,2019,kepadatan_penduduk,5992.0,jiwa/km2,D14,luas_acuan_berbeda
3573,Kota Malang,2020,kepadatan_penduduk,5808.0,jiwa/km2,D14,luas_acuan_berbeda
3573,Kota Malang,2021,kepadatan_penduduk,5816.0,jiwa/km2,D14,luas_acuan_berbeda
3573,Kota Malang,2022,kepadatan_penduduk,7617.0,jiwa/km2,D14,
3573,Kota Malang,2023,kepadatan_penduduk,7790.0,jiwa/km2,D14,
3573,Kota Malang,2024,kepadatan_penduduk,7857.0,jiwa/km2,D14,
3573,Kota Malang,2025,kepadatan_penduduk,7921.0,jiwa/km2,D14,
3574,Kota Probolinggo,2010,kepadatan_penduduk,3830.0,jiwa/km2,D14,luas_acuan_berbeda
3574,Kota Probolinggo,2011,kepadatan_penduduk,3970.0,jiwa/km2,D14,luas_acuan_berbeda
3574,Kota Probolinggo,2012,kepadatan_penduduk,3998.0,jiwa/km2,D14,luas_acuan_berbeda
3574,Kota Probolinggo,2013,kepadatan_penduduk,3998.0,jiwa/km2,D14,luas_acuan_berbeda
3574,Kota Probolinggo,2014,kepadatan_penduduk,4200.0,jiwa/km2,D14,luas_acuan_berbeda
3574,Kota Probolinggo,2015,kepadatan_penduduk,4241.0,jiwa/km2,D14,luas_acuan_berbeda
3574,Kota Probolinggo,2016,kepadatan_penduduk,4078.0,jiwa/km2,D14,luas_acuan_berbeda
3574,Kota Probolinggo,2017,kepadatan_penduduk,4114.0,jiwa/km2,D14,luas_acuan_berbeda
3574,Kota Probolinggo,2018,kepadatan_penduduk,4147.0,jiwa/km2,D14,luas_acuan_berbeda
3574,Kota Probolinggo,2019,kepadatan_penduduk,4182.0,jiwa/km2,D14,luas_acuan_berbeda
3574,Kota Probolinggo,2020,kepadatan_penduduk,4229.0,jiwa/km2,D14,luas_acuan_berbeda
3574,Kota Probolinggo,2021,kepadatan_penduduk,4256.0,jiwa/km2,D14,luas_acuan_berbeda
3574,Kota Probolinggo,2022,kepadatan_penduduk,4448.0,jiwa/km2,D14,
3574,Kota Probolinggo,2023,kepadatan_penduduk,4517.0,jiwa/km2,D14,
3574,Kota Probolinggo,2024,kepadatan_penduduk,4564.0,jiwa/km2,D14,
3574,Kota Probolinggo,2025,kepadatan_penduduk,4610.0,jiwa/km2,D14,
3575,Kota Pasuruan,2010,kepadatan_penduduk,5278.0,jiwa/km2,D14,luas_acuan_berbeda
3575,Kota Pasuruan,2011,kepadatan_penduduk,5005.0,jiwa/km2,D14,luas_acuan_berbeda
3575,Kota Pasuruan,2012,kepadatan_penduduk,5060.0,jiwa/km2,D14,luas_acuan_berbeda
3575,Kota Pasuruan,2013,kepadatan_penduduk,5060.0,jiwa/km2,D14,luas_acuan_berbeda
3575,Kota Pasuruan,2014,kepadatan_penduduk,5088.0,jiwa/km2,D14,luas_acuan_berbeda
3575,Kota Pasuruan,2015,kepadatan_penduduk,5127.0,jiwa/km2,D14,luas_acuan_berbeda
3575,Kota Pasuruan,2016,kepadatan_penduduk,5560.0,jiwa/km2,D14,luas_acuan_berbeda
3575,Kota Pasuruan,2017,kepadatan_penduduk,5602.0,jiwa/km2,D14,luas_acuan_berbeda
3575,Kota Pasuruan,2018,kepadatan_penduduk,5639.0,jiwa/km2,D14,luas_acuan_berbeda
3575,Kota Pasuruan,2019,kepadatan_penduduk,5677.0,jiwa/km2,D14,luas_acuan_berbeda
3575,Kota Pasuruan,2020,kepadatan_penduduk,5894.0,jiwa/km2,D14,luas_acuan_berbeda
3575,Kota Pasuruan,2021,kepadatan_penduduk,5937.0,jiwa/km2,D14,luas_acuan_berbeda
3575,Kota Pasuruan,2022,kepadatan_penduduk,5424.0,jiwa/km2,D14,
3575,Kota Pasuruan,2023,kepadatan_penduduk,5549.0,jiwa/km2,D14,
3575,Kota Pasuruan,2024,kepadatan_penduduk,5626.0,jiwa/km2,D14,
3575,Kota Pasuruan,2025,kepadatan_penduduk,5701.0,jiwa/km2,D14,
3576,Kota Mojokerto,2010,kepadatan_penduduk,7298.0,jiwa/km2,D14,luas_acuan_berbeda
3576,Kota Mojokerto,2011,kepadatan_penduduk,6130.0,jiwa/km2,D14,luas_acuan_berbeda
3576,Kota Mojokerto,2012,kepadatan_penduduk,6190.0,jiwa/km2,D14,luas_acuan_berbeda
3576,Kota Mojokerto,2013,kepadatan_penduduk,6190.0,jiwa/km2,D14,luas_acuan_berbeda
3576,Kota Mojokerto,2014,kepadatan_penduduk,6236.0,jiwa/km2,D14,luas_acuan_berbeda
3576,Kota Mojokerto,2015,kepadatan_penduduk,6285.0,jiwa/km2,D14,luas_acuan_berbeda
3576,Kota Mojokerto,2016,kepadatan_penduduk,7675.0,jiwa/km2,D14,luas_acuan_berbeda
3576,Kota Mojokerto,2017,kepadatan_penduduk,7728.0,jiwa/km2,D14,luas_acuan_berbeda
3576,Kota Mojokerto,2018,kepadatan_penduduk,7772.0,jiwa/km2,D14,luas_acuan_berbeda
3576,Kota Mojokerto,2019,kepadatan_penduduk,7816.0,jiwa/km2,D14,luas_acuan_berbeda
3576,Kota Mojokerto,2020,kepadatan_penduduk,6553.0,jiwa/km2,D14,luas_acuan_berbeda
3576,Kota Mojokerto,2021,kepadatan_penduduk,6594.0,jiwa/km2,D14,luas_acuan_berbeda
3576,Kota Mojokerto,2022,kepadatan_penduduk,6645.0,jiwa/km2,D14,
3576,Kota Mojokerto,2023,kepadatan_penduduk,6732.0,jiwa/km2,D14,
3576,Kota Mojokerto,2024,kepadatan_penduduk,6796.0,jiwa/km2,D14,
3576,Kota Mojokerto,2025,kepadatan_penduduk,6855.0,jiwa/km2,D14,
3577,Kota Madiun,2010,kepadatan_penduduk,5040.0,jiwa/km2,D14,luas_acuan_berbeda
3577,Kota Madiun,2011,kepadatan_penduduk,5085.0,jiwa/km2,D14,luas_acuan_berbeda
3577,Kota Madiun,2012,kepadatan_penduduk,5121.0,jiwa/km2,D14,luas_acuan_berbeda
3577,Kota Madiun,2013,kepadatan_penduduk,5121.0,jiwa/km2,D14,luas_acuan_berbeda
3577,Kota Madiun,2014,kepadatan_penduduk,5129.0,jiwa/km2,D14,luas_acuan_berbeda
3577,Kota Madiun,2015,kepadatan_penduduk,5147.0,jiwa/km2,D14,luas_acuan_berbeda
3577,Kota Madiun,2016,kepadatan_penduduk,5177.0,jiwa/km2,D14,luas_acuan_berbeda
3577,Kota Madiun,2017,kepadatan_penduduk,5192.0,jiwa/km2,D14,luas_acuan_berbeda
3577,Kota Madiun,2018,kepadatan_penduduk,5218.0,jiwa/km2,D14,luas_acuan_berbeda
3577,Kota Madiun,2019,kepadatan_penduduk,5227.0,jiwa/km2,D14,luas_acuan_berbeda
3577,Kota Madiun,2020,kepadatan_penduduk,5754.0,jiwa/km2,D14,luas_acuan_berbeda
3577,Kota Madiun,2021,kepadatan_penduduk,5805.0,jiwa/km2,D14,luas_acuan_berbeda
3577,Kota Madiun,2022,kepadatan_penduduk,5514.0,jiwa/km2,D14,
3577,Kota Madiun,2023,kepadatan_penduduk,5536.0,jiwa/km2,D14,
3577,Kota Madiun,2024,kepadatan_penduduk,5585.0,jiwa/km2,D14,
3577,Kota Madiun,2025,kepadatan_penduduk,5634.0,jiwa/km2,D14,
3578,Kota Surabaya,2010,kepadatan_penduduk,7889.0,jiwa/km2,D14,luas_acuan_berbeda
3578,Kota Surabaya,2011,kepadatan_penduduk,8502.0,jiwa/km2,D14,luas_acuan_berbeda
3578,Kota Surabaya,2012,kepadatan_penduduk,8551.0,jiwa/km2,D14,luas_acuan_berbeda
3578,Kota Surabaya,2013,kepadatan_penduduk,8551.0,jiwa/km2,D14,luas_acuan_berbeda
3578,Kota Surabaya,2014,kepadatan_penduduk,8562.0,jiwa/km2,D14,luas_acuan_berbeda
3578,Kota Surabaya,2015,kepadatan_penduduk,8606.0,jiwa/km2,D14,luas_acuan_berbeda
3578,Kota Surabaya,2016,kepadatan_penduduk,8166.0,jiwa/km2,D14,luas_acuan_berbeda
3578,Kota Surabaya,2017,kepadatan_penduduk,8201.0,jiwa/km2,D14,luas_acuan_berbeda
3578,Kota Surabaya,2018,kepadatan_penduduk,8233.0,jiwa/km2,D14,luas_acuan_berbeda
3578,Kota Surabaya,2019,kepadatan_penduduk,8263.0,jiwa/km2,D14,luas_acuan_berbeda
3578,Kota Surabaya,2020,kepadatan_penduduk,8200.0,jiwa/km2,D14,luas_acuan_berbeda
3578,Kota Surabaya,2021,kepadatan_penduduk,8217.0,jiwa/km2,D14,luas_acuan_berbeda
3578,Kota Surabaya,2022,kepadatan_penduduk,8595.0,jiwa/km2,D14,
3578,Kota Surabaya,2023,kepadatan_penduduk,8667.0,jiwa/km2,D14,
3578,Kota Surabaya,2024,kepadatan_penduduk,8698.0,jiwa/km2,D14,
3578,Kota Surabaya,2025,kepadatan_penduduk,8727.0,jiwa/km2,D14,
3579,Kota Batu,2010,kepadatan_penduduk,1391.0,jiwa/km2,D14,luas_acuan_berbeda
3579,Kota Batu,2011,kepadatan_penduduk,974.0,jiwa/km2,D14,luas_acuan_berbeda
3579,Kota Batu,2012,kepadatan_penduduk,981.0,jiwa/km2,D14,luas_acuan_berbeda
3579,Kota Batu,2013,kepadatan_penduduk,981.0,jiwa/km2,D14,luas_acuan_berbeda
3579,Kota Batu,2014,kepadatan_penduduk,983.0,jiwa/km2,D14,luas_acuan_berbeda
3579,Kota Batu,2015,kepadatan_penduduk,993.0,jiwa/km2,D14,luas_acuan_berbeda
3579,Kota Batu,2016,kepadatan_penduduk,1480.0,jiwa/km2,D14,luas_acuan_berbeda
3579,Kota Batu,2017,kepadatan_penduduk,1492.0,jiwa/km2,D14,luas_acuan_berbeda
3579,Kota Batu,2018,kepadatan_penduduk,1507.0,jiwa/km2,D14,luas_acuan_berbeda
3579,Kota Batu,2019,kepadatan_penduduk,1520.0,jiwa/km2,D14,luas_acuan_berbeda
3579,Kota Batu,2020,kepadatan_penduduk,1558.0,jiwa/km2,D14,luas_acuan_berbeda
3579,Kota Batu,2021,kepadatan_penduduk,1570.0,jiwa/km2,D14,luas_acuan_berbeda
3579,Kota Batu,2022,kepadatan_penduduk,1116.0,jiwa/km2,D14,
3579,Kota Batu,2023,kepadatan_penduduk,1134.0,jiwa/km2,D14,
3579,Kota Batu,2024,kepadatan_penduduk,1147.0,jiwa/km2,D14,
3579,Kota Batu,2025,kepadatan_penduduk,1159.0,jiwa/km2,D14,
3501,Kabupaten Pacitan,2011,laju_pertumbuhan_pdrb_adhk,6.29,persen,D12,
3501,Kabupaten Pacitan,2012,laju_pertumbuhan_pdrb_adhk,6.33,persen,D12,
3501,Kabupaten Pacitan,2013,laju_pertumbuhan_pdrb_adhk,5.87,persen,D12,
3501,Kabupaten Pacitan,2014,laju_pertumbuhan_pdrb_adhk,5.21,persen,D12,
3501,Kabupaten Pacitan,2015,laju_pertumbuhan_pdrb_adhk,5.1,persen,D12,
3501,Kabupaten Pacitan,2016,laju_pertumbuhan_pdrb_adhk,5.21,persen,D12,
3501,Kabupaten Pacitan,2017,laju_pertumbuhan_pdrb_adhk,4.98,persen,D12,
3501,Kabupaten Pacitan,2018,laju_pertumbuhan_pdrb_adhk,5.47,persen,D12,
3501,Kabupaten Pacitan,2019,laju_pertumbuhan_pdrb_adhk,5.08,persen,D12,
3501,Kabupaten Pacitan,2020,laju_pertumbuhan_pdrb_adhk,-1.84,persen,D12,
3501,Kabupaten Pacitan,2021,laju_pertumbuhan_pdrb_adhk,2.49,persen,D12,
3501,Kabupaten Pacitan,2022,laju_pertumbuhan_pdrb_adhk,5.54,persen,D12,
3501,Kabupaten Pacitan,2023,laju_pertumbuhan_pdrb_adhk,4.46,persen,D12,
3501,Kabupaten Pacitan,2024,laju_pertumbuhan_pdrb_adhk,4.34,persen,D12,
3501,Kabupaten Pacitan,2025,laju_pertumbuhan_pdrb_adhk,6.35,persen,D12,
3502,Kabupaten Ponorogo,2011,laju_pertumbuhan_pdrb_adhk,5.7,persen,D12,
3502,Kabupaten Ponorogo,2012,laju_pertumbuhan_pdrb_adhk,5.98,persen,D12,
3502,Kabupaten Ponorogo,2013,laju_pertumbuhan_pdrb_adhk,5.14,persen,D12,
3502,Kabupaten Ponorogo,2014,laju_pertumbuhan_pdrb_adhk,5.21,persen,D12,
3502,Kabupaten Ponorogo,2015,laju_pertumbuhan_pdrb_adhk,5.24,persen,D12,
3502,Kabupaten Ponorogo,2016,laju_pertumbuhan_pdrb_adhk,5.29,persen,D12,
3502,Kabupaten Ponorogo,2017,laju_pertumbuhan_pdrb_adhk,5.1,persen,D12,
3502,Kabupaten Ponorogo,2018,laju_pertumbuhan_pdrb_adhk,5.27,persen,D12,
3502,Kabupaten Ponorogo,2019,laju_pertumbuhan_pdrb_adhk,5.01,persen,D12,
3502,Kabupaten Ponorogo,2020,laju_pertumbuhan_pdrb_adhk,-0.9,persen,D12,
3502,Kabupaten Ponorogo,2021,laju_pertumbuhan_pdrb_adhk,3.19,persen,D12,
3502,Kabupaten Ponorogo,2022,laju_pertumbuhan_pdrb_adhk,3.24,persen,D12,
3502,Kabupaten Ponorogo,2023,laju_pertumbuhan_pdrb_adhk,5.14,persen,D12,
3502,Kabupaten Ponorogo,2024,laju_pertumbuhan_pdrb_adhk,4.74,persen,D12,
3502,Kabupaten Ponorogo,2025,laju_pertumbuhan_pdrb_adhk,5.37,persen,D12,
3503,Kabupaten Trenggalek,2011,laju_pertumbuhan_pdrb_adhk,5.94,persen,D12,
3503,Kabupaten Trenggalek,2012,laju_pertumbuhan_pdrb_adhk,6.21,persen,D12,
3503,Kabupaten Trenggalek,2013,laju_pertumbuhan_pdrb_adhk,6.0,persen,D12,
3503,Kabupaten Trenggalek,2014,laju_pertumbuhan_pdrb_adhk,5.28,persen,D12,
3503,Kabupaten Trenggalek,2015,laju_pertumbuhan_pdrb_adhk,5.03,persen,D12,
3503,Kabupaten Trenggalek,2016,laju_pertumbuhan_pdrb_adhk,5.0,persen,D12,
3503,Kabupaten Trenggalek,2017,laju_pertumbuhan_pdrb_adhk,5.02,persen,D12,
3503,Kabupaten Trenggalek,2018,laju_pertumbuhan_pdrb_adhk,5.03,persen,D12,
3503,Kabupaten Trenggalek,2019,laju_pertumbuhan_pdrb_adhk,5.08,persen,D12,
3503,Kabupaten Trenggalek,2020,laju_pertumbuhan_pdrb_adhk,-2.17,persen,D12,
3503,Kabupaten Trenggalek,2021,laju_pertumbuhan_pdrb_adhk,3.65,persen,D12,
3503,Kabupaten Trenggalek,2022,laju_pertumbuhan_pdrb_adhk,4.52,persen,D12,
3503,Kabupaten Trenggalek,2023,laju_pertumbuhan_pdrb_adhk,4.92,persen,D12,
3503,Kabupaten Trenggalek,2024,laju_pertumbuhan_pdrb_adhk,4.71,persen,D12,
3503,Kabupaten Trenggalek,2025,laju_pertumbuhan_pdrb_adhk,5.31,persen,D12,
3504,Kabupaten Tulungagung,2011,laju_pertumbuhan_pdrb_adhk,6.37,persen,D12,
3504,Kabupaten Tulungagung,2012,laju_pertumbuhan_pdrb_adhk,6.47,persen,D12,
3504,Kabupaten Tulungagung,2013,laju_pertumbuhan_pdrb_adhk,6.13,persen,D12,
3504,Kabupaten Tulungagung,2014,laju_pertumbuhan_pdrb_adhk,5.46,persen,D12,
3504,Kabupaten Tulungagung,2015,laju_pertumbuhan_pdrb_adhk,4.99,persen,D12,
3504,Kabupaten Tulungagung,2016,laju_pertumbuhan_pdrb_adhk,5.02,persen,D12,
3504,Kabupaten Tulungagung,2017,laju_pertumbuhan_pdrb_adhk,5.08,persen,D12,
3504,Kabupaten Tulungagung,2018,laju_pertumbuhan_pdrb_adhk,5.21,persen,D12,
3504,Kabupaten Tulungagung,2019,laju_pertumbuhan_pdrb_adhk,5.32,persen,D12,
3504,Kabupaten Tulungagung,2020,laju_pertumbuhan_pdrb_adhk,-3.09,persen,D12,
3504,Kabupaten Tulungagung,2021,laju_pertumbuhan_pdrb_adhk,3.53,persen,D12,
3504,Kabupaten Tulungagung,2022,laju_pertumbuhan_pdrb_adhk,5.22,persen,D12,
3504,Kabupaten Tulungagung,2023,laju_pertumbuhan_pdrb_adhk,4.91,persen,D12,
3504,Kabupaten Tulungagung,2024,laju_pertumbuhan_pdrb_adhk,4.86,persen,D12,
3504,Kabupaten Tulungagung,2025,laju_pertumbuhan_pdrb_adhk,5.75,persen,D12,
3505,Kabupaten Blitar,2011,laju_pertumbuhan_pdrb_adhk,5.43,persen,D12,
3505,Kabupaten Blitar,2012,laju_pertumbuhan_pdrb_adhk,5.62,persen,D12,
3505,Kabupaten Blitar,2013,laju_pertumbuhan_pdrb_adhk,5.06,persen,D12,
3505,Kabupaten Blitar,2014,laju_pertumbuhan_pdrb_adhk,5.02,persen,D12,
3505,Kabupaten Blitar,2015,laju_pertumbuhan_pdrb_adhk,5.05,persen,D12,
3505,Kabupaten Blitar,2016,laju_pertumbuhan_pdrb_adhk,5.08,persen,D12,
3505,Kabupaten Blitar,2017,laju_pertumbuhan_pdrb_adhk,5.07,persen,D12,
3505,Kabupaten Blitar,2018,laju_pertumbuhan_pdrb_adhk,5.1,persen,D12,
3505,Kabupaten Blitar,2019,laju_pertumbuhan_pdrb_adhk,5.12,persen,D12,
3505,Kabupaten Blitar,2020,laju_pertumbuhan_pdrb_adhk,-2.29,persen,D12,
3505,Kabupaten Blitar,2021,laju_pertumbuhan_pdrb_adhk,3.02,persen,D12,
3505,Kabupaten Blitar,2022,laju_pertumbuhan_pdrb_adhk,5.2,persen,D12,
3505,Kabupaten Blitar,2023,laju_pertumbuhan_pdrb_adhk,4.45,persen,D12,
3505,Kabupaten Blitar,2024,laju_pertumbuhan_pdrb_adhk,4.44,persen,D12,
3505,Kabupaten Blitar,2025,laju_pertumbuhan_pdrb_adhk,5.06,persen,D12,
3506,Kabupaten Kediri,2011,laju_pertumbuhan_pdrb_adhk,6.03,persen,D12,
3506,Kabupaten Kediri,2012,laju_pertumbuhan_pdrb_adhk,6.11,persen,D12,
3506,Kabupaten Kediri,2013,laju_pertumbuhan_pdrb_adhk,5.82,persen,D12,
3506,Kabupaten Kediri,2014,laju_pertumbuhan_pdrb_adhk,5.32,persen,D12,
3506,Kabupaten Kediri,2015,laju_pertumbuhan_pdrb_adhk,4.88,persen,D12,
3506,Kabupaten Kediri,2016,laju_pertumbuhan_pdrb_adhk,5.02,persen,D12,
3506,Kabupaten Kediri,2017,laju_pertumbuhan_pdrb_adhk,4.9,persen,D12,
3506,Kabupaten Kediri,2018,laju_pertumbuhan_pdrb_adhk,5.07,persen,D12,
3506,Kabupaten Kediri,2019,laju_pertumbuhan_pdrb_adhk,5.06,persen,D12,
3506,Kabupaten Kediri,2020,laju_pertumbuhan_pdrb_adhk,-2.41,persen,D12,
3506,Kabupaten Kediri,2021,laju_pertumbuhan_pdrb_adhk,3.06,persen,D12,
3506,Kabupaten Kediri,2022,laju_pertumbuhan_pdrb_adhk,4.9,persen,D12,
3506,Kabupaten Kediri,2023,laju_pertumbuhan_pdrb_adhk,4.53,persen,D12,
3506,Kabupaten Kediri,2024,laju_pertumbuhan_pdrb_adhk,4.95,persen,D12,
3506,Kabupaten Kediri,2025,laju_pertumbuhan_pdrb_adhk,5.03,persen,D12,
3507,Kabupaten Malang,2011,laju_pertumbuhan_pdrb_adhk,6.65,persen,D12,
3507,Kabupaten Malang,2012,laju_pertumbuhan_pdrb_adhk,6.77,persen,D12,
3507,Kabupaten Malang,2013,laju_pertumbuhan_pdrb_adhk,5.3,persen,D12,
3507,Kabupaten Malang,2014,laju_pertumbuhan_pdrb_adhk,6.01,persen,D12,
3507,Kabupaten Malang,2015,laju_pertumbuhan_pdrb_adhk,5.27,persen,D12,
3507,Kabupaten Malang,2016,laju_pertumbuhan_pdrb_adhk,5.3,persen,D12,
3507,Kabupaten Malang,2017,laju_pertumbuhan_pdrb_adhk,5.43,persen,D12,
3507,Kabupaten Malang,2018,laju_pertumbuhan_pdrb_adhk,5.55,persen,D12,
3507,Kabupaten Malang,2019,laju_pertumbuhan_pdrb_adhk,5.49,persen,D12,
3507,Kabupaten Malang,2020,laju_pertumbuhan_pdrb_adhk,-2.68,persen,D12,
3507,Kabupaten Malang,2021,laju_pertumbuhan_pdrb_adhk,3.12,persen,D12,
3507,Kabupaten Malang,2022,laju_pertumbuhan_pdrb_adhk,5.13,persen,D12,
3507,Kabupaten Malang,2023,laju_pertumbuhan_pdrb_adhk,5.0,persen,D12,
3507,Kabupaten Malang,2024,laju_pertumbuhan_pdrb_adhk,4.96,persen,D12,
3507,Kabupaten Malang,2025,laju_pertumbuhan_pdrb_adhk,5.92,persen,D12,
3508,Kabupaten Lumajang,2011,laju_pertumbuhan_pdrb_adhk,6.2,persen,D12,
3508,Kabupaten Lumajang,2012,laju_pertumbuhan_pdrb_adhk,6.0,persen,D12,
3508,Kabupaten Lumajang,2013,laju_pertumbuhan_pdrb_adhk,5.58,persen,D12,
3508,Kabupaten Lumajang,2014,laju_pertumbuhan_pdrb_adhk,5.32,persen,D12,
3508,Kabupaten Lumajang,2015,laju_pertumbuhan_pdrb_adhk,4.62,persen,D12,
3508,Kabupaten Lumajang,2016,laju_pertumbuhan_pdrb_adhk,4.7,persen,D12,
3508,Kabupaten Lumajang,2017,laju_pertumbuhan_pdrb_adhk,5.05,persen,D12,
3508,Kabupaten Lumajang,2018,laju_pertumbuhan_pdrb_adhk,5.0,persen,D12,
3508,Kabupaten Lumajang,2019,laju_pertumbuhan_pdrb_adhk,4.61,persen,D12,
3508,Kabupaten Lumajang,2020,laju_pertumbuhan_pdrb_adhk,-2.79,persen,D12,
3508,Kabupaten Lumajang,2021,laju_pertumbuhan_pdrb_adhk,3.14,persen,D12,
3508,Kabupaten Lumajang,2022,laju_pertumbuhan_pdrb_adhk,4.43,persen,D12,
3508,Kabupaten Lumajang,2023,laju_pertumbuhan_pdrb_adhk,5.0,persen,D12,
3508,Kabupaten Lumajang,2024,laju_pertumbuhan_pdrb_adhk,4.52,persen,D12,
3508,Kabupaten Lumajang,2025,laju_pertumbuhan_pdrb_adhk,5.35,persen,D12,
3509,Kabupaten Jember,2011,laju_pertumbuhan_pdrb_adhk,5.49,persen,D12,
3509,Kabupaten Jember,2012,laju_pertumbuhan_pdrb_adhk,5.83,persen,D12,
3509,Kabupaten Jember,2013,laju_pertumbuhan_pdrb_adhk,6.06,persen,D12,
3509,Kabupaten Jember,2014,laju_pertumbuhan_pdrb_adhk,6.2,persen,D12,
3509,Kabupaten Jember,2015,laju_pertumbuhan_pdrb_adhk,5.33,persen,D12,
3509,Kabupaten Jember,2016,laju_pertumbuhan_pdrb_adhk,5.23,persen,D12,
3509,Kabupaten Jember,2017,laju_pertumbuhan_pdrb_adhk,5.11,persen,D12,
3509,Kabupaten Jember,2018,laju_pertumbuhan_pdrb_adhk,5.02,persen,D12,
3509,Kabupaten Jember,2019,laju_pertumbuhan_pdrb_adhk,5.51,persen,D12,
3509,Kabupaten Jember,2020,laju_pertumbuhan_pdrb_adhk,-2.98,persen,D12,
3509,Kabupaten Jember,2021,laju_pertumbuhan_pdrb_adhk,4.0,persen,D12,
3509,Kabupaten Jember,2022,laju_pertumbuhan_pdrb_adhk,4.53,persen,D12,
3509,Kabupaten Jember,2023,laju_pertumbuhan_pdrb_adhk,4.93,persen,D12,
3509,Kabupaten Jember,2024,laju_pertumbuhan_pdrb_adhk,4.86,persen,D12,
3509,Kabupaten Jember,2025,laju_pertumbuhan_pdrb_adhk,5.47,persen,D12,
3510,Kabupaten Banyuwangi,2011,laju_pertumbuhan_pdrb_adhk,6.95,persen,D12,
3510,Kabupaten Banyuwangi,2012,laju_pertumbuhan_pdrb_adhk,7.24,persen,D12,
3510,Kabupaten Banyuwangi,2013,laju_pertumbuhan_pdrb_adhk,6.71,persen,D12,
3510,Kabupaten Banyuwangi,2014,laju_pertumbuhan_pdrb_adhk,5.7,persen,D12,
3510,Kabupaten Banyuwangi,2015,laju_pertumbuhan_pdrb_adhk,6.01,persen,D12,
3510,Kabupaten Banyuwangi,2016,laju_pertumbuhan_pdrb_adhk,5.38,persen,D12,
3510,Kabupaten Banyuwangi,2017,laju_pertumbuhan_pdrb_adhk,5.45,persen,D12,
3510,Kabupaten Banyuwangi,2018,laju_pertumbuhan_pdrb_adhk,5.84,persen,D12,
3510,Kabupaten Banyuwangi,2019,laju_pertumbuhan_pdrb_adhk,5.55,persen,D12,
3510,Kabupaten Banyuwangi,2020,laju_pertumbuhan_pdrb_adhk,-3.58,persen,D12,
3510,Kabupaten Banyuwangi,2021,laju_pertumbuhan_pdrb_adhk,4.09,persen,D12,
3510,Kabupaten Banyuwangi,2022,laju_pertumbuhan_pdrb_adhk,4.43,persen,D12,
3510,Kabupaten Banyuwangi,2023,laju_pertumbuhan_pdrb_adhk,5.03,persen,D12,
3510,Kabupaten Banyuwangi,2024,laju_pertumbuhan_pdrb_adhk,4.68,persen,D12,
3510,Kabupaten Banyuwangi,2025,laju_pertumbuhan_pdrb_adhk,5.65,persen,D12,
3511,Kabupaten Bondowoso,2011,laju_pertumbuhan_pdrb_adhk,6.07,persen,D12,
3511,Kabupaten Bondowoso,2012,laju_pertumbuhan_pdrb_adhk,6.09,persen,D12,
3511,Kabupaten Bondowoso,2013,laju_pertumbuhan_pdrb_adhk,5.81,persen,D12,
3511,Kabupaten Bondowoso,2014,laju_pertumbuhan_pdrb_adhk,5.05,persen,D12,
3511,Kabupaten Bondowoso,2015,laju_pertumbuhan_pdrb_adhk,4.95,persen,D12,
3511,Kabupaten Bondowoso,2016,laju_pertumbuhan_pdrb_adhk,4.97,persen,D12,
3511,Kabupaten Bondowoso,2017,laju_pertumbuhan_pdrb_adhk,5.03,persen,D12,
3511,Kabupaten Bondowoso,2018,laju_pertumbuhan_pdrb_adhk,5.08,persen,D12,
3511,Kabupaten Bondowoso,2019,laju_pertumbuhan_pdrb_adhk,5.3,persen,D12,
3511,Kabupaten Bondowoso,2020,laju_pertumbuhan_pdrb_adhk,-1.36,persen,D12,
3511,Kabupaten Bondowoso,2021,laju_pertumbuhan_pdrb_adhk,3.49,persen,D12,
3511,Kabupaten Bondowoso,2022,laju_pertumbuhan_pdrb_adhk,3.51,persen,D12,
3511,Kabupaten Bondowoso,2023,laju_pertumbuhan_pdrb_adhk,4.62,persen,D12,
3511,Kabupaten Bondowoso,2024,laju_pertumbuhan_pdrb_adhk,4.87,persen,D12,
3511,Kabupaten Bondowoso,2025,laju_pertumbuhan_pdrb_adhk,5.32,persen,D12,
3512,Kabupaten Situbondo,2011,laju_pertumbuhan_pdrb_adhk,5.38,persen,D12,
3512,Kabupaten Situbondo,2012,laju_pertumbuhan_pdrb_adhk,5.43,persen,D12,
3512,Kabupaten Situbondo,2013,laju_pertumbuhan_pdrb_adhk,6.19,persen,D12,
3512,Kabupaten Situbondo,2014,laju_pertumbuhan_pdrb_adhk,5.79,persen,D12,
3512,Kabupaten Situbondo,2015,laju_pertumbuhan_pdrb_adhk,4.86,persen,D12,
3512,Kabupaten Situbondo,2016,laju_pertumbuhan_pdrb_adhk,5.0,persen,D12,
3512,Kabupaten Situbondo,2017,laju_pertumbuhan_pdrb_adhk,5.07,persen,D12,
3512,Kabupaten Situbondo,2018,laju_pertumbuhan_pdrb_adhk,5.46,persen,D12,
3512,Kabupaten Situbondo,2019,laju_pertumbuhan_pdrb_adhk,5.44,persen,D12,
3512,Kabupaten Situbondo,2020,laju_pertumbuhan_pdrb_adhk,-2.33,persen,D12,
3512,Kabupaten Situbondo,2021,laju_pertumbuhan_pdrb_adhk,3.26,persen,D12,
3512,Kabupaten Situbondo,2022,laju_pertumbuhan_pdrb_adhk,4.39,persen,D12,
3512,Kabupaten Situbondo,2023,laju_pertumbuhan_pdrb_adhk,4.9,persen,D12,
3512,Kabupaten Situbondo,2024,laju_pertumbuhan_pdrb_adhk,4.81,persen,D12,
3512,Kabupaten Situbondo,2025,laju_pertumbuhan_pdrb_adhk,5.28,persen,D12,
3513,Kabupaten Probolinggo,2011,laju_pertumbuhan_pdrb_adhk,5.88,persen,D12,
3513,Kabupaten Probolinggo,2012,laju_pertumbuhan_pdrb_adhk,6.44,persen,D12,
3513,Kabupaten Probolinggo,2013,laju_pertumbuhan_pdrb_adhk,5.15,persen,D12,
3513,Kabupaten Probolinggo,2014,laju_pertumbuhan_pdrb_adhk,4.9,persen,D12,
3513,Kabupaten Probolinggo,2015,laju_pertumbuhan_pdrb_adhk,4.76,persen,D12,
3513,Kabupaten Probolinggo,2016,laju_pertumbuhan_pdrb_adhk,4.77,persen,D12,
3513,Kabupaten Probolinggo,2017,laju_pertumbuhan_pdrb_adhk,4.46,persen,D12,
3513,Kabupaten Probolinggo,2018,laju_pertumbuhan_pdrb_adhk,4.47,persen,D12,
3513,Kabupaten Probolinggo,2019,laju_pertumbuhan_pdrb_adhk,4.56,persen,D12,
3513,Kabupaten Probolinggo,2020,laju_pertumbuhan_pdrb_adhk,-2.12,persen,D12,
3513,Kabupaten Probolinggo,2021,laju_pertumbuhan_pdrb_adhk,3.35,persen,D12,
3513,Kabupaten Probolinggo,2022,laju_pertumbuhan_pdrb_adhk,4.52,persen,D12,
3513,Kabupaten Probolinggo,2023,laju_pertumbuhan_pdrb_adhk,4.73,persen,D12,
3513,Kabupaten Probolinggo,2024,laju_pertumbuhan_pdrb_adhk,4.82,persen,D12,
3513,Kabupaten Probolinggo,2025,laju_pertumbuhan_pdrb_adhk,5.34,persen,D12,
3514,Kabupaten Pasuruan,2011,laju_pertumbuhan_pdrb_adhk,6.69,persen,D12,
3514,Kabupaten Pasuruan,2012,laju_pertumbuhan_pdrb_adhk,7.5,persen,D12,
3514,Kabupaten Pasuruan,2013,laju_pertumbuhan_pdrb_adhk,6.95,persen,D12,
3514,Kabupaten Pasuruan,2014,laju_pertumbuhan_pdrb_adhk,6.74,persen,D12,
3514,Kabupaten Pasuruan,2015,laju_pertumbuhan_pdrb_adhk,5.38,persen,D12,
3514,Kabupaten Pasuruan,2016,laju_pertumbuhan_pdrb_adhk,5.44,persen,D12,
3514,Kabupaten Pasuruan,2017,laju_pertumbuhan_pdrb_adhk,5.72,persen,D12,
3514,Kabupaten Pasuruan,2018,laju_pertumbuhan_pdrb_adhk,5.73,persen,D12,
3514,Kabupaten Pasuruan,2019,laju_pertumbuhan_pdrb_adhk,5.83,persen,D12,
3514,Kabupaten Pasuruan,2020,laju_pertumbuhan_pdrb_adhk,-2.03,persen,D12,
3514,Kabupaten Pasuruan,2021,laju_pertumbuhan_pdrb_adhk,4.34,persen,D12,
3514,Kabupaten Pasuruan,2022,laju_pertumbuhan_pdrb_adhk,5.32,persen,D12,
3514,Kabupaten Pasuruan,2023,laju_pertumbuhan_pdrb_adhk,5.21,persen,D12,
3514,Kabupaten Pasuruan,2024,laju_pertumbuhan_pdrb_adhk,5.34,persen,D12,
3514,Kabupaten Pasuruan,2025,laju_pertumbuhan_pdrb_adhk,5.66,persen,D12,
3515,Kabupaten Sidoarjo,2011,laju_pertumbuhan_pdrb_adhk,7.04,persen,D12,
3515,Kabupaten Sidoarjo,2012,laju_pertumbuhan_pdrb_adhk,7.26,persen,D12,
3515,Kabupaten Sidoarjo,2013,laju_pertumbuhan_pdrb_adhk,6.89,persen,D12,
3515,Kabupaten Sidoarjo,2014,laju_pertumbuhan_pdrb_adhk,6.44,persen,D12,
3515,Kabupaten Sidoarjo,2015,laju_pertumbuhan_pdrb_adhk,5.24,persen,D12,
3515,Kabupaten Sidoarjo,2016,laju_pertumbuhan_pdrb_adhk,5.51,persen,D12,
3515,Kabupaten Sidoarjo,2017,laju_pertumbuhan_pdrb_adhk,5.8,persen,D12,
3515,Kabupaten Sidoarjo,2018,laju_pertumbuhan_pdrb_adhk,6.01,persen,D12,
3515,Kabupaten Sidoarjo,2019,laju_pertumbuhan_pdrb_adhk,5.99,persen,D12,
3515,Kabupaten Sidoarjo,2020,laju_pertumbuhan_pdrb_adhk,-3.69,persen,D12,
3515,Kabupaten Sidoarjo,2021,laju_pertumbuhan_pdrb_adhk,4.21,persen,D12,
3515,Kabupaten Sidoarjo,2022,laju_pertumbuhan_pdrb_adhk,7.53,persen,D12,
3515,Kabupaten Sidoarjo,2023,laju_pertumbuhan_pdrb_adhk,6.16,persen,D12,
3515,Kabupaten Sidoarjo,2024,laju_pertumbuhan_pdrb_adhk,5.54,persen,D12,
3515,Kabupaten Sidoarjo,2025,laju_pertumbuhan_pdrb_adhk,5.63,persen,D12,
3516,Kabupaten Mojokerto,2011,laju_pertumbuhan_pdrb_adhk,6.61,persen,D12,
3516,Kabupaten Mojokerto,2012,laju_pertumbuhan_pdrb_adhk,7.26,persen,D12,
3516,Kabupaten Mojokerto,2013,laju_pertumbuhan_pdrb_adhk,6.56,persen,D12,
3516,Kabupaten Mojokerto,2014,laju_pertumbuhan_pdrb_adhk,6.45,persen,D12,
3516,Kabupaten Mojokerto,2015,laju_pertumbuhan_pdrb_adhk,5.65,persen,D12,
3516,Kabupaten Mojokerto,2016,laju_pertumbuhan_pdrb_adhk,5.49,persen,D12,
3516,Kabupaten Mojokerto,2017,laju_pertumbuhan_pdrb_adhk,5.73,persen,D12,
3516,Kabupaten Mojokerto,2018,laju_pertumbuhan_pdrb_adhk,5.88,persen,D12,
3516,Kabupaten Mojokerto,2019,laju_pertumbuhan_pdrb_adhk,5.81,persen,D12,
3516,Kabupaten Mojokerto,2020,laju_pertumbuhan_pdrb_adhk,-1.11,persen,D12,
3516,Kabupaten Mojokerto,2021,laju_pertumbuhan_pdrb_adhk,4.12,persen,D12,
3516,Kabupaten Mojokerto,2022,laju_pertumbuhan_pdrb_adhk,5.82,persen,D12,
3516,Kabupaten Mojokerto,2023,laju_pertumbuhan_pdrb_adhk,5.15,persen,D12,
3516,Kabupaten Mojokerto,2024,laju_pertumbuhan_pdrb_adhk,5.29,persen,D12,
3516,Kabupaten Mojokerto,2025,laju_pertumbuhan_pdrb_adhk,5.56,persen,D12,
3517,Kabupaten Jombang,2011,laju_pertumbuhan_pdrb_adhk,5.96,persen,D12,
3517,Kabupaten Jombang,2012,laju_pertumbuhan_pdrb_adhk,6.15,persen,D12,
3517,Kabupaten Jombang,2013,laju_pertumbuhan_pdrb_adhk,5.93,persen,D12,
3517,Kabupaten Jombang,2014,laju_pertumbuhan_pdrb_adhk,5.42,persen,D12,
3517,Kabupaten Jombang,2015,laju_pertumbuhan_pdrb_adhk,5.36,persen,D12,
3517,Kabupaten Jombang,2016,laju_pertumbuhan_pdrb_adhk,5.4,persen,D12,
3517,Kabupaten Jombang,2017,laju_pertumbuhan_pdrb_adhk,5.36,persen,D12,
3517,Kabupaten Jombang,2018,laju_pertumbuhan_pdrb_adhk,5.29,persen,D12,
3517,Kabupaten Jombang,2019,laju_pertumbuhan_pdrb_adhk,5.1,persen,D12,
3517,Kabupaten Jombang,2020,laju_pertumbuhan_pdrb_adhk,-1.98,persen,D12,
3517,Kabupaten Jombang,2021,laju_pertumbuhan_pdrb_adhk,3.24,persen,D12,
3517,Kabupaten Jombang,2022,laju_pertumbuhan_pdrb_adhk,5.37,persen,D12,
3517,Kabupaten Jombang,2023,laju_pertumbuhan_pdrb_adhk,5.04,persen,D12,
3517,Kabupaten Jombang,2024,laju_pertumbuhan_pdrb_adhk,5.15,persen,D12,
3517,Kabupaten Jombang,2025,laju_pertumbuhan_pdrb_adhk,5.34,persen,D12,
3518,Kabupaten Nganjuk,2011,laju_pertumbuhan_pdrb_adhk,5.75,persen,D12,
3518,Kabupaten Nganjuk,2012,laju_pertumbuhan_pdrb_adhk,5.85,persen,D12,
3518,Kabupaten Nganjuk,2013,laju_pertumbuhan_pdrb_adhk,5.4,persen,D12,
3518,Kabupaten Nganjuk,2014,laju_pertumbuhan_pdrb_adhk,5.1,persen,D12,
3518,Kabupaten Nganjuk,2015,laju_pertumbuhan_pdrb_adhk,5.18,persen,D12,
3518,Kabupaten Nganjuk,2016,laju_pertumbuhan_pdrb_adhk,5.29,persen,D12,
3518,Kabupaten Nganjuk,2017,laju_pertumbuhan_pdrb_adhk,5.26,persen,D12,
3518,Kabupaten Nganjuk,2018,laju_pertumbuhan_pdrb_adhk,5.38,persen,D12,
3518,Kabupaten Nganjuk,2019,laju_pertumbuhan_pdrb_adhk,5.36,persen,D12,
3518,Kabupaten Nganjuk,2020,laju_pertumbuhan_pdrb_adhk,-1.71,persen,D12,
3518,Kabupaten Nganjuk,2021,laju_pertumbuhan_pdrb_adhk,3.61,persen,D12,
3518,Kabupaten Nganjuk,2022,laju_pertumbuhan_pdrb_adhk,4.84,persen,D12,
3518,Kabupaten Nganjuk,2023,laju_pertumbuhan_pdrb_adhk,5.4,persen,D12,
3518,Kabupaten Nganjuk,2024,laju_pertumbuhan_pdrb_adhk,4.93,persen,D12,
3518,Kabupaten Nganjuk,2025,laju_pertumbuhan_pdrb_adhk,5.3,persen,D12,
3519,Kabupaten Madiun,2011,laju_pertumbuhan_pdrb_adhk,6.02,persen,D12,
3519,Kabupaten Madiun,2012,laju_pertumbuhan_pdrb_adhk,6.12,persen,D12,
3519,Kabupaten Madiun,2013,laju_pertumbuhan_pdrb_adhk,5.67,persen,D12,
3519,Kabupaten Madiun,2014,laju_pertumbuhan_pdrb_adhk,5.34,persen,D12,
3519,Kabupaten Madiun,2015,laju_pertumbuhan_pdrb_adhk,5.26,persen,D12,
3519,Kabupaten Madiun,2016,laju_pertumbuhan_pdrb_adhk,5.27,persen,D12,
3519,Kabupaten Madiun,2017,laju_pertumbuhan_pdrb_adhk,5.42,persen,D12,
3519,Kabupaten Madiun,2018,laju_pertumbuhan_pdrb_adhk,5.1,persen,D12,
3519,Kabupaten Madiun,2019,laju_pertumbuhan_pdrb_adhk,5.42,persen,D12,
3519,Kabupaten Madiun,2020,laju_pertumbuhan_pdrb_adhk,-0.12,persen,D12,
3519,Kabupaten Madiun,2021,laju_pertumbuhan_pdrb_adhk,3.32,persen,D12,
3519,Kabupaten Madiun,2022,laju_pertumbuhan_pdrb_adhk,4.32,persen,D12,
3519,Kabupaten Madiun,2023,laju_pertumbuhan_pdrb_adhk,5.12,persen,D12,
3519,Kabupaten Madiun,2024,laju_pertumbuhan_pdrb_adhk,4.68,persen,D12,
3519,Kabupaten Madiun,2025,laju_pertumbuhan_pdrb_adhk,5.33,persen,D12,
3520,Kabupaten Magetan,2011,laju_pertumbuhan_pdrb_adhk,5.64,persen,D12,
3520,Kabupaten Magetan,2012,laju_pertumbuhan_pdrb_adhk,5.79,persen,D12,
3520,Kabupaten Magetan,2013,laju_pertumbuhan_pdrb_adhk,5.85,persen,D12,
3520,Kabupaten Magetan,2014,laju_pertumbuhan_pdrb_adhk,5.1,persen,D12,
3520,Kabupaten Magetan,2015,laju_pertumbuhan_pdrb_adhk,5.17,persen,D12,
3520,Kabupaten Magetan,2016,laju_pertumbuhan_pdrb_adhk,5.31,persen,D12,
3520,Kabupaten Magetan,2017,laju_pertumbuhan_pdrb_adhk,5.09,persen,D12,
3520,Kabupaten Magetan,2018,laju_pertumbuhan_pdrb_adhk,5.21,persen,D12,
3520,Kabupaten Magetan,2019,laju_pertumbuhan_pdrb_adhk,5.04,persen,D12,
3520,Kabupaten Magetan,2020,laju_pertumbuhan_pdrb_adhk,-1.64,persen,D12,
3520,Kabupaten Magetan,2021,laju_pertumbuhan_pdrb_adhk,3.04,persen,D12,
3520,Kabupaten Magetan,2022,laju_pertumbuhan_pdrb_adhk,3.89,persen,D12,
3520,Kabupaten Magetan,2023,laju_pertumbuhan_pdrb_adhk,4.47,persen,D12,
3520,Kabupaten Magetan,2024,laju_pertumbuhan_pdrb_adhk,4.79,persen,D12,
3520,Kabupaten Magetan,2025,laju_pertumbuhan_pdrb_adhk,5.41,persen,D12,
3521,Kabupaten Ngawi,2011,laju_pertumbuhan_pdrb_adhk,6.11,persen,D12,
3521,Kabupaten Ngawi,2012,laju_pertumbuhan_pdrb_adhk,6.63,persen,D12,
3521,Kabupaten Ngawi,2013,laju_pertumbuhan_pdrb_adhk,5.5,persen,D12,
3521,Kabupaten Ngawi,2014,laju_pertumbuhan_pdrb_adhk,5.82,persen,D12,
3521,Kabupaten Ngawi,2015,laju_pertumbuhan_pdrb_adhk,5.08,persen,D12,
3521,Kabupaten Ngawi,2016,laju_pertumbuhan_pdrb_adhk,5.21,persen,D12,
3521,Kabupaten Ngawi,2017,laju_pertumbuhan_pdrb_adhk,5.07,persen,D12,
3521,Kabupaten Ngawi,2018,laju_pertumbuhan_pdrb_adhk,5.21,persen,D12,
3521,Kabupaten Ngawi,2019,laju_pertumbuhan_pdrb_adhk,5.05,persen,D12,
3521,Kabupaten Ngawi,2020,laju_pertumbuhan_pdrb_adhk,-1.69,persen,D12,
3521,Kabupaten Ngawi,2021,laju_pertumbuhan_pdrb_adhk,2.55,persen,D12,
3521,Kabupaten Ngawi,2022,laju_pertumbuhan_pdrb_adhk,3.19,persen,D12,
3521,Kabupaten Ngawi,2023,laju_pertumbuhan_pdrb_adhk,4.49,persen,D12,
3521,Kabupaten Ngawi,2024,laju_pertumbuhan_pdrb_adhk,4.64,persen,D12,
3521,Kabupaten Ngawi,2025,laju_pertumbuhan_pdrb_adhk,5.31,persen,D12,
3522,Kabupaten Bojonegoro,2011,laju_pertumbuhan_pdrb_adhk,10.39,persen,D12,
3522,Kabupaten Bojonegoro,2012,laju_pertumbuhan_pdrb_adhk,3.77,persen,D12,
3522,Kabupaten Bojonegoro,2013,laju_pertumbuhan_pdrb_adhk,2.37,persen,D12,
3522,Kabupaten Bojonegoro,2014,laju_pertumbuhan_pdrb_adhk,2.29,persen,D12,
3522,Kabupaten Bojonegoro,2015,laju_pertumbuhan_pdrb_adhk,17.42,persen,D12,
3522,Kabupaten Bojonegoro,2016,laju_pertumbuhan_pdrb_adhk,21.95,persen,D12,
3522,Kabupaten Bojonegoro,2017,laju_pertumbuhan_pdrb_adhk,10.25,persen,D12,
3522,Kabupaten Bojonegoro,2018,laju_pertumbuhan_pdrb_adhk,4.39,persen,D12,
3522,Kabupaten Bojonegoro,2019,laju_pertumbuhan_pdrb_adhk,6.34,persen,D12,
3522,Kabupaten Bojonegoro,2020,laju_pertumbuhan_pdrb_adhk,-0.4,persen,D12,
3522,Kabupaten Bojonegoro,2021,laju_pertumbuhan_pdrb_adhk,-5.54,persen,D12,
3522,Kabupaten Bojonegoro,2022,laju_pertumbuhan_pdrb_adhk,-6.16,persen,D12,
3522,Kabupaten Bojonegoro,2023,laju_pertumbuhan_pdrb_adhk,2.47,persen,D12,
3522,Kabupaten Bojonegoro,2024,laju_pertumbuhan_pdrb_adhk,1.67,persen,D12,
3522,Kabupaten Bojonegoro,2025,laju_pertumbuhan_pdrb_adhk,5.32,persen,D12,
3523,Kabupaten Tuban,2011,laju_pertumbuhan_pdrb_adhk,6.84,persen,D12,
3523,Kabupaten Tuban,2012,laju_pertumbuhan_pdrb_adhk,6.29,persen,D12,
3523,Kabupaten Tuban,2013,laju_pertumbuhan_pdrb_adhk,5.85,persen,D12,
3523,Kabupaten Tuban,2014,laju_pertumbuhan_pdrb_adhk,5.47,persen,D12,
3523,Kabupaten Tuban,2015,laju_pertumbuhan_pdrb_adhk,4.89,persen,D12,
3523,Kabupaten Tuban,2016,laju_pertumbuhan_pdrb_adhk,4.9,persen,D12,
3523,Kabupaten Tuban,2017,laju_pertumbuhan_pdrb_adhk,4.98,persen,D12,
3523,Kabupaten Tuban,2018,laju_pertumbuhan_pdrb_adhk,5.15,persen,D12,
3523,Kabupaten Tuban,2019,laju_pertumbuhan_pdrb_adhk,5.14,persen,D12,
3523,Kabupaten Tuban,2020,laju_pertumbuhan_pdrb_adhk,-5.85,persen,D12,
3523,Kabupaten Tuban,2021,laju_pertumbuhan_pdrb_adhk,3.0,persen,D12,
3523,Kabupaten Tuban,2022,laju_pertumbuhan_pdrb_adhk,8.88,persen,D12,
3523,Kabupaten Tuban,2023,laju_pertumbuhan_pdrb_adhk,4.37,persen,D12,
3523,Kabupaten Tuban,2024,laju_pertumbuhan_pdrb_adhk,3.86,persen,D12,
3523,Kabupaten Tuban,2025,laju_pertumbuhan_pdrb_adhk,4.23,persen,D12,
3524,Kabupaten Lamongan,2011,laju_pertumbuhan_pdrb_adhk,6.67,persen,D12,
3524,Kabupaten Lamongan,2012,laju_pertumbuhan_pdrb_adhk,6.92,persen,D12,
3524,Kabupaten Lamongan,2013,laju_pertumbuhan_pdrb_adhk,6.93,persen,D12,
3524,Kabupaten Lamongan,2014,laju_pertumbuhan_pdrb_adhk,6.3,persen,D12,
3524,Kabupaten Lamongan,2015,laju_pertumbuhan_pdrb_adhk,5.77,persen,D12,
3524,Kabupaten Lamongan,2016,laju_pertumbuhan_pdrb_adhk,5.86,persen,D12,
3524,Kabupaten Lamongan,2017,laju_pertumbuhan_pdrb_adhk,5.5,persen,D12,
3524,Kabupaten Lamongan,2018,laju_pertumbuhan_pdrb_adhk,5.44,persen,D12,
3524,Kabupaten Lamongan,2019,laju_pertumbuhan_pdrb_adhk,5.43,persen,D12,
3524,Kabupaten Lamongan,2020,laju_pertumbuhan_pdrb_adhk,-2.65,persen,D12,
3524,Kabupaten Lamongan,2021,laju_pertumbuhan_pdrb_adhk,3.43,persen,D12,
3524,Kabupaten Lamongan,2022,laju_pertumbuhan_pdrb_adhk,5.56,persen,D12,
3524,Kabupaten Lamongan,2023,laju_pertumbuhan_pdrb_adhk,4.28,persen,D12,
3524,Kabupaten Lamongan,2024,laju_pertumbuhan_pdrb_adhk,4.81,persen,D12,
3524,Kabupaten Lamongan,2025,laju_pertumbuhan_pdrb_adhk,5.4,persen,D12,
3525,Kabupaten Gresik,2011,laju_pertumbuhan_pdrb_adhk,6.48,persen,D12,
3525,Kabupaten Gresik,2012,laju_pertumbuhan_pdrb_adhk,6.92,persen,D12,
3525,Kabupaten Gresik,2013,laju_pertumbuhan_pdrb_adhk,6.05,persen,D12,
3525,Kabupaten Gresik,2014,laju_pertumbuhan_pdrb_adhk,7.04,persen,D12,
3525,Kabupaten Gresik,2015,laju_pertumbuhan_pdrb_adhk,6.58,persen,D12,
3525,Kabupaten Gresik,2016,laju_pertumbuhan_pdrb_adhk,5.49,persen,D12,
3525,Kabupaten Gresik,2017,laju_pertumbuhan_pdrb_adhk,5.83,persen,D12,
3525,Kabupaten Gresik,2018,laju_pertumbuhan_pdrb_adhk,5.81,persen,D12,
3525,Kabupaten Gresik,2019,laju_pertumbuhan_pdrb_adhk,5.42,persen,D12,
3525,Kabupaten Gresik,2020,laju_pertumbuhan_pdrb_adhk,-3.68,persen,D12,
3525,Kabupaten Gresik,2021,laju_pertumbuhan_pdrb_adhk,3.79,persen,D12,
3525,Kabupaten Gresik,2022,laju_pertumbuhan_pdrb_adhk,7.38,persen,D12,
3525,Kabupaten Gresik,2023,laju_pertumbuhan_pdrb_adhk,4.62,persen,D12,
3525,Kabupaten Gresik,2024,laju_pertumbuhan_pdrb_adhk,4.79,persen,D12,
3525,Kabupaten Gresik,2025,laju_pertumbuhan_pdrb_adhk,4.91,persen,D12,
3526,Kabupaten Bangkalan,2011,laju_pertumbuhan_pdrb_adhk,3.31,persen,D12,
3526,Kabupaten Bangkalan,2012,laju_pertumbuhan_pdrb_adhk,-1.42,persen,D12,
3526,Kabupaten Bangkalan,2013,laju_pertumbuhan_pdrb_adhk,0.19,persen,D12,
3526,Kabupaten Bangkalan,2014,laju_pertumbuhan_pdrb_adhk,7.19,persen,D12,
3526,Kabupaten Bangkalan,2015,laju_pertumbuhan_pdrb_adhk,-2.66,persen,D12,
3526,Kabupaten Bangkalan,2016,laju_pertumbuhan_pdrb_adhk,0.66,persen,D12,
3526,Kabupaten Bangkalan,2017,laju_pertumbuhan_pdrb_adhk,3.53,persen,D12,
3526,Kabupaten Bangkalan,2018,laju_pertumbuhan_pdrb_adhk,4.22,persen,D12,
3526,Kabupaten Bangkalan,2019,laju_pertumbuhan_pdrb_adhk,1.03,persen,D12,
3526,Kabupaten Bangkalan,2020,laju_pertumbuhan_pdrb_adhk,-5.59,persen,D12,
3526,Kabupaten Bangkalan,2021,laju_pertumbuhan_pdrb_adhk,-2.07,persen,D12,
3526,Kabupaten Bangkalan,2022,laju_pertumbuhan_pdrb_adhk,-1.12,persen,D12,
3526,Kabupaten Bangkalan,2023,laju_pertumbuhan_pdrb_adhk,1.2,persen,D12,
3526,Kabupaten Bangkalan,2024,laju_pertumbuhan_pdrb_adhk,1.94,persen,D12,
3526,Kabupaten Bangkalan,2025,laju_pertumbuhan_pdrb_adhk,4.53,persen,D12,
3527,Kabupaten Sampang,2011,laju_pertumbuhan_pdrb_adhk,2.5,persen,D12,
3527,Kabupaten Sampang,2012,laju_pertumbuhan_pdrb_adhk,5.77,persen,D12,
3527,Kabupaten Sampang,2013,laju_pertumbuhan_pdrb_adhk,6.53,persen,D12,
3527,Kabupaten Sampang,2014,laju_pertumbuhan_pdrb_adhk,0.08,persen,D12,
3527,Kabupaten Sampang,2015,laju_pertumbuhan_pdrb_adhk,2.08,persen,D12,
3527,Kabupaten Sampang,2016,laju_pertumbuhan_pdrb_adhk,6.17,persen,D12,
3527,Kabupaten Sampang,2017,laju_pertumbuhan_pdrb_adhk,4.69,persen,D12,
3527,Kabupaten Sampang,2018,laju_pertumbuhan_pdrb_adhk,4.11,persen,D12,
3527,Kabupaten Sampang,2019,laju_pertumbuhan_pdrb_adhk,1.85,persen,D12,
3527,Kabupaten Sampang,2020,laju_pertumbuhan_pdrb_adhk,-0.29,persen,D12,
3527,Kabupaten Sampang,2021,laju_pertumbuhan_pdrb_adhk,0.22,persen,D12,
3527,Kabupaten Sampang,2022,laju_pertumbuhan_pdrb_adhk,2.31,persen,D12,
3527,Kabupaten Sampang,2023,laju_pertumbuhan_pdrb_adhk,2.56,persen,D12,
3527,Kabupaten Sampang,2024,laju_pertumbuhan_pdrb_adhk,1.71,persen,D12,
3527,Kabupaten Sampang,2025,laju_pertumbuhan_pdrb_adhk,3.45,persen,D12,
3528,Kabupaten Pamekasan,2011,laju_pertumbuhan_pdrb_adhk,6.22,persen,D12,
3528,Kabupaten Pamekasan,2012,laju_pertumbuhan_pdrb_adhk,6.25,persen,D12,
3528,Kabupaten Pamekasan,2013,laju_pertumbuhan_pdrb_adhk,6.1,persen,D12,
3528,Kabupaten Pamekasan,2014,laju_pertumbuhan_pdrb_adhk,5.62,persen,D12,
3528,Kabupaten Pamekasan,2015,laju_pertumbuhan_pdrb_adhk,5.32,persen,D12,
3528,Kabupaten Pamekasan,2016,laju_pertumbuhan_pdrb_adhk,5.35,persen,D12,
3528,Kabupaten Pamekasan,2017,laju_pertumbuhan_pdrb_adhk,5.04,persen,D12,
3528,Kabupaten Pamekasan,2018,laju_pertumbuhan_pdrb_adhk,5.46,persen,D12,
3528,Kabupaten Pamekasan,2019,laju_pertumbuhan_pdrb_adhk,4.92,persen,D12,
3528,Kabupaten Pamekasan,2020,laju_pertumbuhan_pdrb_adhk,-2.54,persen,D12,
3528,Kabupaten Pamekasan,2021,laju_pertumbuhan_pdrb_adhk,3.41,persen,D12,
3528,Kabupaten Pamekasan,2022,laju_pertumbuhan_pdrb_adhk,4.66,persen,D12,
3528,Kabupaten Pamekasan,2023,laju_pertumbuhan_pdrb_adhk,4.96,persen,D12,
3528,Kabupaten Pamekasan,2024,laju_pertumbuhan_pdrb_adhk,4.88,persen,D12,
3528,Kabupaten Pamekasan,2025,laju_pertumbuhan_pdrb_adhk,5.47,persen,D12,
3529,Kabupaten Sumenep,2011,laju_pertumbuhan_pdrb_adhk,6.13,persen,D12,
3529,Kabupaten Sumenep,2012,laju_pertumbuhan_pdrb_adhk,9.96,persen,D12,
3529,Kabupaten Sumenep,2013,laju_pertumbuhan_pdrb_adhk,14.45,persen,D12,
3529,Kabupaten Sumenep,2014,laju_pertumbuhan_pdrb_adhk,6.23,persen,D12,
3529,Kabupaten Sumenep,2015,laju_pertumbuhan_pdrb_adhk,1.27,persen,D12,
3529,Kabupaten Sumenep,2016,laju_pertumbuhan_pdrb_adhk,2.58,persen,D12,
3529,Kabupaten Sumenep,2017,laju_pertumbuhan_pdrb_adhk,2.86,persen,D12,
3529,Kabupaten Sumenep,2018,laju_pertumbuhan_pdrb_adhk,3.63,persen,D12,
3529,Kabupaten Sumenep,2019,laju_pertumbuhan_pdrb_adhk,0.14,persen,D12,
3529,Kabupaten Sumenep,2020,laju_pertumbuhan_pdrb_adhk,-1.13,persen,D12,
3529,Kabupaten Sumenep,2021,laju_pertumbuhan_pdrb_adhk,2.61,persen,D12,
3529,Kabupaten Sumenep,2022,laju_pertumbuhan_pdrb_adhk,3.11,persen,D12,
3529,Kabupaten Sumenep,2023,laju_pertumbuhan_pdrb_adhk,5.35,persen,D12,
3529,Kabupaten Sumenep,2024,laju_pertumbuhan_pdrb_adhk,3.77,persen,D12,
3529,Kabupaten Sumenep,2025,laju_pertumbuhan_pdrb_adhk,4.85,persen,D12,
3571,Kota Kediri,2011,laju_pertumbuhan_pdrb_adhk,4.29,persen,D12,
3571,Kota Kediri,2012,laju_pertumbuhan_pdrb_adhk,5.27,persen,D12,
3571,Kota Kediri,2013,laju_pertumbuhan_pdrb_adhk,3.52,persen,D12,
3571,Kota Kediri,2014,laju_pertumbuhan_pdrb_adhk,5.85,persen,D12,
3571,Kota Kediri,2015,laju_pertumbuhan_pdrb_adhk,5.36,persen,D12,
3571,Kota Kediri,2016,laju_pertumbuhan_pdrb_adhk,5.54,persen,D12,
3571,Kota Kediri,2017,laju_pertumbuhan_pdrb_adhk,5.14,persen,D12,
3571,Kota Kediri,2018,laju_pertumbuhan_pdrb_adhk,5.43,persen,D12,
3571,Kota Kediri,2019,laju_pertumbuhan_pdrb_adhk,5.47,persen,D12,
3571,Kota Kediri,2020,laju_pertumbuhan_pdrb_adhk,-6.25,persen,D12,
3571,Kota Kediri,2021,laju_pertumbuhan_pdrb_adhk,2.5,persen,D12,
3571,Kota Kediri,2022,laju_pertumbuhan_pdrb_adhk,3.96,persen,D12,
3571,Kota Kediri,2023,laju_pertumbuhan_pdrb_adhk,1.92,persen,D12,
3571,Kota Kediri,2024,laju_pertumbuhan_pdrb_adhk,3.43,persen,D12,
3571,Kota Kediri,2025,laju_pertumbuhan_pdrb_adhk,1.74,persen,D12,
3572,Kota Blitar,2011,laju_pertumbuhan_pdrb_adhk,6.43,persen,D12,
3572,Kota Blitar,2012,laju_pertumbuhan_pdrb_adhk,6.52,persen,D12,
3572,Kota Blitar,2013,laju_pertumbuhan_pdrb_adhk,6.5,persen,D12,
3572,Kota Blitar,2014,laju_pertumbuhan_pdrb_adhk,5.88,persen,D12,
3572,Kota Blitar,2015,laju_pertumbuhan_pdrb_adhk,5.68,persen,D12,
3572,Kota Blitar,2016,laju_pertumbuhan_pdrb_adhk,5.76,persen,D12,
3572,Kota Blitar,2017,laju_pertumbuhan_pdrb_adhk,5.78,persen,D12,
3572,Kota Blitar,2018,laju_pertumbuhan_pdrb_adhk,5.82,persen,D12,
3572,Kota Blitar,2019,laju_pertumbuhan_pdrb_adhk,5.84,persen,D12,
3572,Kota Blitar,2020,laju_pertumbuhan_pdrb_adhk,-2.28,persen,D12,
3572,Kota Blitar,2021,laju_pertumbuhan_pdrb_adhk,4.28,persen,D12,
3572,Kota Blitar,2022,laju_pertumbuhan_pdrb_adhk,5.22,persen,D12,
3572,Kota Blitar,2023,laju_pertumbuhan_pdrb_adhk,5.29,persen,D12,
3572,Kota Blitar,2024,laju_pertumbuhan_pdrb_adhk,5.33,persen,D12,
3572,Kota Blitar,2025,laju_pertumbuhan_pdrb_adhk,5.31,persen,D12,
3573,Kota Malang,2011,laju_pertumbuhan_pdrb_adhk,6.04,persen,D12,
3573,Kota Malang,2012,laju_pertumbuhan_pdrb_adhk,6.26,persen,D12,
3573,Kota Malang,2013,laju_pertumbuhan_pdrb_adhk,6.2,persen,D12,
3573,Kota Malang,2014,laju_pertumbuhan_pdrb_adhk,5.8,persen,D12,
3573,Kota Malang,2015,laju_pertumbuhan_pdrb_adhk,5.61,persen,D12,
3573,Kota Malang,2016,laju_pertumbuhan_pdrb_adhk,5.61,persen,D12,
3573,Kota Malang,2017,laju_pertumbuhan_pdrb_adhk,5.69,persen,D12,
3573,Kota Malang,2018,laju_pertumbuhan_pdrb_adhk,5.72,persen,D12,
3573,Kota Malang,2019,laju_pertumbuhan_pdrb_adhk,5.73,persen,D12,
3573,Kota Malang,2020,laju_pertumbuhan_pdrb_adhk,-2.26,persen,D12,
3573,Kota Malang,2021,laju_pertumbuhan_pdrb_adhk,4.21,persen,D12,
3573,Kota Malang,2022,laju_pertumbuhan_pdrb_adhk,6.32,persen,D12,
3573,Kota Malang,2023,laju_pertumbuhan_pdrb_adhk,6.07,persen,D12,
3573,Kota Malang,2024,laju_pertumbuhan_pdrb_adhk,5.41,persen,D12,
3573,Kota Malang,2025,laju_pertumbuhan_pdrb_adhk,5.92,persen,D12,
3574,Kota Probolinggo,2011,laju_pertumbuhan_pdrb_adhk,5.95,persen,D12,
3574,Kota Probolinggo,2012,laju_pertumbuhan_pdrb_adhk,6.49,persen,D12,
3574,Kota Probolinggo,2013,laju_pertumbuhan_pdrb_adhk,6.47,persen,D12,
3574,Kota Probolinggo,2014,laju_pertumbuhan_pdrb_adhk,5.93,persen,D12,
3574,Kota Probolinggo,2015,laju_pertumbuhan_pdrb_adhk,5.86,persen,D12,
3574,Kota Probolinggo,2016,laju_pertumbuhan_pdrb_adhk,5.88,persen,D12,
3574,Kota Probolinggo,2017,laju_pertumbuhan_pdrb_adhk,5.88,persen,D12,
3574,Kota Probolinggo,2018,laju_pertumbuhan_pdrb_adhk,5.93,persen,D12,
3574,Kota Probolinggo,2019,laju_pertumbuhan_pdrb_adhk,5.94,persen,D12,
3574,Kota Probolinggo,2020,laju_pertumbuhan_pdrb_adhk,-3.64,persen,D12,
3574,Kota Probolinggo,2021,laju_pertumbuhan_pdrb_adhk,4.06,persen,D12,
3574,Kota Probolinggo,2022,laju_pertumbuhan_pdrb_adhk,6.12,persen,D12,
3574,Kota Probolinggo,2023,laju_pertumbuhan_pdrb_adhk,6.04,persen,D12,
3574,Kota Probolinggo,2024,laju_pertumbuhan_pdrb_adhk,5.15,persen,D12,
3574,Kota Probolinggo,2025,laju_pertumbuhan_pdrb_adhk,5.68,persen,D12,
3575,Kota Pasuruan,2011,laju_pertumbuhan_pdrb_adhk,6.28,persen,D12,
3575,Kota Pasuruan,2012,laju_pertumbuhan_pdrb_adhk,6.31,persen,D12,
3575,Kota Pasuruan,2013,laju_pertumbuhan_pdrb_adhk,6.51,persen,D12,
3575,Kota Pasuruan,2014,laju_pertumbuhan_pdrb_adhk,5.7,persen,D12,
3575,Kota Pasuruan,2015,laju_pertumbuhan_pdrb_adhk,5.53,persen,D12,
3575,Kota Pasuruan,2016,laju_pertumbuhan_pdrb_adhk,5.46,persen,D12,
3575,Kota Pasuruan,2017,laju_pertumbuhan_pdrb_adhk,5.47,persen,D12,
3575,Kota Pasuruan,2018,laju_pertumbuhan_pdrb_adhk,5.54,persen,D12,
3575,Kota Pasuruan,2019,laju_pertumbuhan_pdrb_adhk,5.56,persen,D12,
3575,Kota Pasuruan,2020,laju_pertumbuhan_pdrb_adhk,-4.33,persen,D12,
3575,Kota Pasuruan,2021,laju_pertumbuhan_pdrb_adhk,3.64,persen,D12,
3575,Kota Pasuruan,2022,laju_pertumbuhan_pdrb_adhk,6.22,persen,D12,
3575,Kota Pasuruan,2023,laju_pertumbuhan_pdrb_adhk,5.65,persen,D12,
3575,Kota Pasuruan,2024,laju_pertumbuhan_pdrb_adhk,5.45,persen,D12,
3575,Kota Pasuruan,2025,laju_pertumbuhan_pdrb_adhk,5.52,persen,D12,
3576,Kota Mojokerto,2011,laju_pertumbuhan_pdrb_adhk,5.97,persen,D12,
3576,Kota Mojokerto,2012,laju_pertumbuhan_pdrb_adhk,6.09,persen,D12,
3576,Kota Mojokerto,2013,laju_pertumbuhan_pdrb_adhk,6.2,persen,D12,
3576,Kota Mojokerto,2014,laju_pertumbuhan_pdrb_adhk,5.83,persen,D12,
3576,Kota Mojokerto,2015,laju_pertumbuhan_pdrb_adhk,5.74,persen,D12,
3576,Kota Mojokerto,2016,laju_pertumbuhan_pdrb_adhk,5.77,persen,D12,
3576,Kota Mojokerto,2017,laju_pertumbuhan_pdrb_adhk,5.65,persen,D12,
3576,Kota Mojokerto,2018,laju_pertumbuhan_pdrb_adhk,5.8,persen,D12,
3576,Kota Mojokerto,2019,laju_pertumbuhan_pdrb_adhk,5.65,persen,D12,
3576,Kota Mojokerto,2020,laju_pertumbuhan_pdrb_adhk,-3.69,persen,D12,
3576,Kota Mojokerto,2021,laju_pertumbuhan_pdrb_adhk,3.65,persen,D12,
3576,Kota Mojokerto,2022,laju_pertumbuhan_pdrb_adhk,5.56,persen,D12,
3576,Kota Mojokerto,2023,laju_pertumbuhan_pdrb_adhk,2.79,persen,D12,
3576,Kota Mojokerto,2024,laju_pertumbuhan_pdrb_adhk,5.32,persen,D12,
3576,Kota Mojokerto,2025,laju_pertumbuhan_pdrb_adhk,5.34,persen,D12,
3577,Kota Madiun,2011,laju_pertumbuhan_pdrb_adhk,6.79,persen,D12,
3577,Kota Madiun,2012,laju_pertumbuhan_pdrb_adhk,6.83,persen,D12,
3577,Kota Madiun,2013,laju_pertumbuhan_pdrb_adhk,7.68,persen,D12,
3577,Kota Madiun,2014,laju_pertumbuhan_pdrb_adhk,6.62,persen,D12,
3577,Kota Madiun,2015,laju_pertumbuhan_pdrb_adhk,6.15,persen,D12,
3577,Kota Madiun,2016,laju_pertumbuhan_pdrb_adhk,5.9,persen,D12,
3577,Kota Madiun,2017,laju_pertumbuhan_pdrb_adhk,5.93,persen,D12,
3577,Kota Madiun,2018,laju_pertumbuhan_pdrb_adhk,5.96,persen,D12,
3577,Kota Madiun,2019,laju_pertumbuhan_pdrb_adhk,5.69,persen,D12,
3577,Kota Madiun,2020,laju_pertumbuhan_pdrb_adhk,-5.34,persen,D12,
3577,Kota Madiun,2021,laju_pertumbuhan_pdrb_adhk,4.79,persen,D12,
3577,Kota Madiun,2022,laju_pertumbuhan_pdrb_adhk,5.52,persen,D12,
3577,Kota Madiun,2023,laju_pertumbuhan_pdrb_adhk,5.8,persen,D12,
3577,Kota Madiun,2024,laju_pertumbuhan_pdrb_adhk,5.73,persen,D12,
3577,Kota Madiun,2025,laju_pertumbuhan_pdrb_adhk,5.69,persen,D12,
3578,Kota Surabaya,2011,laju_pertumbuhan_pdrb_adhk,7.13,persen,D12,
3578,Kota Surabaya,2012,laju_pertumbuhan_pdrb_adhk,7.35,persen,D12,
3578,Kota Surabaya,2013,laju_pertumbuhan_pdrb_adhk,7.58,persen,D12,
3578,Kota Surabaya,2014,laju_pertumbuhan_pdrb_adhk,6.96,persen,D12,
3578,Kota Surabaya,2015,laju_pertumbuhan_pdrb_adhk,5.97,persen,D12,
3578,Kota Surabaya,2016,laju_pertumbuhan_pdrb_adhk,6.0,persen,D12,
3578,Kota Surabaya,2017,laju_pertumbuhan_pdrb_adhk,6.13,persen,D12,
3578,Kota Surabaya,2018,laju_pertumbuhan_pdrb_adhk,6.19,persen,D12,
3578,Kota Surabaya,2019,laju_pertumbuhan_pdrb_adhk,6.09,persen,D12,
3578,Kota Surabaya,2020,laju_pertumbuhan_pdrb_adhk,-4.85,persen,D12,
3578,Kota Surabaya,2021,laju_pertumbuhan_pdrb_adhk,4.29,persen,D12,
3578,Kota Surabaya,2022,laju_pertumbuhan_pdrb_adhk,6.51,persen,D12,
3578,Kota Surabaya,2023,laju_pertumbuhan_pdrb_adhk,5.7,persen,D12,
3578,Kota Surabaya,2024,laju_pertumbuhan_pdrb_adhk,5.76,persen,D12,
3578,Kota Surabaya,2025,laju_pertumbuhan_pdrb_adhk,5.87,persen,D12,
3579,Kota Batu,2011,laju_pertumbuhan_pdrb_adhk,7.13,persen,D12,
3579,Kota Batu,2012,laju_pertumbuhan_pdrb_adhk,7.26,persen,D12,
3579,Kota Batu,2013,laju_pertumbuhan_pdrb_adhk,7.29,persen,D12,
3579,Kota Batu,2014,laju_pertumbuhan_pdrb_adhk,6.9,persen,D12,
3579,Kota Batu,2015,laju_pertumbuhan_pdrb_adhk,6.69,persen,D12,
3579,Kota Batu,2016,laju_pertumbuhan_pdrb_adhk,6.61,persen,D12,
3579,Kota Batu,2017,laju_pertumbuhan_pdrb_adhk,6.56,persen,D12,
3579,Kota Batu,2018,laju_pertumbuhan_pdrb_adhk,6.5,persen,D12,
3579,Kota Batu,2019,laju_pertumbuhan_pdrb_adhk,6.51,persen,D12,
3579,Kota Batu,2020,laju_pertumbuhan_pdrb_adhk,-6.46,persen,D12,
3579,Kota Batu,2021,laju_pertumbuhan_pdrb_adhk,4.04,persen,D12,
3579,Kota Batu,2022,laju_pertumbuhan_pdrb_adhk,6.18,persen,D12,
3579,Kota Batu,2023,laju_pertumbuhan_pdrb_adhk,6.2,persen,D12,
3579,Kota Batu,2024,laju_pertumbuhan_pdrb_adhk,5.0,persen,D12,
3579,Kota Batu,2025,laju_pertumbuhan_pdrb_adhk,4.85,persen,D12,
3501,Kabupaten Pacitan,2010,pdrb_per_kapita_adhb,12582.9,ribu rupiah,D11,
3501,Kabupaten Pacitan,2011,pdrb_per_kapita_adhb,13958.6,ribu rupiah,D11,
3501,Kabupaten Pacitan,2012,pdrb_per_kapita_adhb,15529.5,ribu rupiah,D11,
3501,Kabupaten Pacitan,2013,pdrb_per_kapita_adhb,17185.7,ribu rupiah,D11,
3501,Kabupaten Pacitan,2014,pdrb_per_kapita_adhb,19094.1,ribu rupiah,D11,
3501,Kabupaten Pacitan,2015,pdrb_per_kapita_adhb,21035.6,ribu rupiah,D11,
3501,Kabupaten Pacitan,2016,pdrb_per_kapita_adhb,23115.4,ribu rupiah,D11,
3501,Kabupaten Pacitan,2017,pdrb_per_kapita_adhb,24893.0,ribu rupiah,D11,
3501,Kabupaten Pacitan,2018,pdrb_per_kapita_adhb,27000.0,ribu rupiah,D11,
3501,Kabupaten Pacitan,2019,pdrb_per_kapita_adhb,28733.8,ribu rupiah,D11,
3501,Kabupaten Pacitan,2020,pdrb_per_kapita_adhb,26972.4,ribu rupiah,D11,
3501,Kabupaten Pacitan,2021,pdrb_per_kapita_adhb,27932.3,ribu rupiah,D11,
3501,Kabupaten Pacitan,2022,pdrb_per_kapita_adhb,30627.3,ribu rupiah,D11,
3501,Kabupaten Pacitan,2023,pdrb_per_kapita_adhb,33148.6,ribu rupiah,D11,
3501,Kabupaten Pacitan,2024,pdrb_per_kapita_adhb,35096.3,ribu rupiah,D11,
3501,Kabupaten Pacitan,2025,pdrb_per_kapita_adhb,38215.1,ribu rupiah,D11,
3502,Kabupaten Ponorogo,2010,pdrb_per_kapita_adhb,10460.7,ribu rupiah,D11,
3502,Kabupaten Ponorogo,2011,pdrb_per_kapita_adhb,11591.2,ribu rupiah,D11,
3502,Kabupaten Ponorogo,2012,pdrb_per_kapita_adhb,12819.1,ribu rupiah,D11,
3502,Kabupaten Ponorogo,2013,pdrb_per_kapita_adhb,14068.5,ribu rupiah,D11,
3502,Kabupaten Ponorogo,2014,pdrb_per_kapita_adhb,15470.2,ribu rupiah,D11,
3502,Kabupaten Ponorogo,2015,pdrb_per_kapita_adhb,17196.3,ribu rupiah,D11,
3502,Kabupaten Ponorogo,2016,pdrb_per_kapita_adhb,18899.6,ribu rupiah,D11,
3502,Kabupaten Ponorogo,2017,pdrb_per_kapita_adhb,20336.0,ribu rupiah,D11,
3502,Kabupaten Ponorogo,2018,pdrb_per_kapita_adhb,22021.0,ribu rupiah,D11,
3502,Kabupaten Ponorogo,2019,pdrb_per_kapita_adhb,23422.9,ribu rupiah,D11,
3502,Kabupaten Ponorogo,2020,pdrb_per_kapita_adhb,21653.6,ribu rupiah,D11,
3502,Kabupaten Ponorogo,2021,pdrb_per_kapita_adhb,22432.1,ribu rupiah,D11,
3502,Kabupaten Ponorogo,2022,pdrb_per_kapita_adhb,24094.3,ribu rupiah,D11,
3502,Kabupaten Ponorogo,2023,pdrb_per_kapita_adhb,26313.9,ribu rupiah,D11,
3502,Kabupaten Ponorogo,2024,pdrb_per_kapita_adhb,28088.0,ribu rupiah,D11,
3502,Kabupaten Ponorogo,2025,pdrb_per_kapita_adhb,30006.8,ribu rupiah,D11,
3503,Kabupaten Trenggalek,2010,pdrb_per_kapita_adhb,11785.6,ribu rupiah,D11,
3503,Kabupaten Trenggalek,2011,pdrb_per_kapita_adhb,13176.5,ribu rupiah,D11,
3503,Kabupaten Trenggalek,2012,pdrb_per_kapita_adhb,14623.9,ribu rupiah,D11,
3503,Kabupaten Trenggalek,2013,pdrb_per_kapita_adhb,16098.3,ribu rupiah,D11,
3503,Kabupaten Trenggalek,2014,pdrb_per_kapita_adhb,17904.8,ribu rupiah,D11,
3503,Kabupaten Trenggalek,2015,pdrb_per_kapita_adhb,19783.4,ribu rupiah,D11,
3503,Kabupaten Trenggalek,2016,pdrb_per_kapita_adhb,21576.7,ribu rupiah,D11,
3503,Kabupaten Trenggalek,2017,pdrb_per_kapita_adhb,23202.0,ribu rupiah,D11,
3503,Kabupaten Trenggalek,2018,pdrb_per_kapita_adhb,24974.0,ribu rupiah,D11,
3503,Kabupaten Trenggalek,2019,pdrb_per_kapita_adhb,26634.5,ribu rupiah,D11,
3503,Kabupaten Trenggalek,2020,pdrb_per_kapita_adhb,25087.3,ribu rupiah,D11,
3503,Kabupaten Trenggalek,2021,pdrb_per_kapita_adhb,26160.0,ribu rupiah,D11,
3503,Kabupaten Trenggalek,2022,pdrb_per_kapita_adhb,28309.5,ribu rupiah,D11,
3503,Kabupaten Trenggalek,2023,pdrb_per_kapita_adhb,30681.0,ribu rupiah,D11,
3503,Kabupaten Trenggalek,2024,pdrb_per_kapita_adhb,32725.6,ribu rupiah,D11,
3503,Kabupaten Trenggalek,2025,pdrb_per_kapita_adhb,35110.4,ribu rupiah,D11,
3504,Kabupaten Tulungagung,2010,pdrb_per_kapita_adhb,16906.2,ribu rupiah,D11,
3504,Kabupaten Tulungagung,2011,pdrb_per_kapita_adhb,18883.9,ribu rupiah,D11,
3504,Kabupaten Tulungagung,2012,pdrb_per_kapita_adhb,20920.1,ribu rupiah,D11,
3504,Kabupaten Tulungagung,2013,pdrb_per_kapita_adhb,23038.4,ribu rupiah,D11,
3504,Kabupaten Tulungagung,2014,pdrb_per_kapita_adhb,25374.6,ribu rupiah,D11,
3504,Kabupaten Tulungagung,2015,pdrb_per_kapita_adhb,27825.4,ribu rupiah,D11,
3504,Kabupaten Tulungagung,2016,pdrb_per_kapita_adhb,30335.5,ribu rupiah,D11,
3504,Kabupaten Tulungagung,2017,pdrb_per_kapita_adhb,32635.0,ribu rupiah,D11,
3504,Kabupaten Tulungagung,2018,pdrb_per_kapita_adhb,35252.0,ribu rupiah,D11,
3504,Kabupaten Tulungagung,2019,pdrb_per_kapita_adhb,37724.6,ribu rupiah,D11,
3504,Kabupaten Tulungagung,2020,pdrb_per_kapita_adhb,35142.7,ribu rupiah,D11,
3504,Kabupaten Tulungagung,2021,pdrb_per_kapita_adhb,36688.3,ribu rupiah,D11,
3504,Kabupaten Tulungagung,2022,pdrb_per_kapita_adhb,40068.7,ribu rupiah,D11,
3504,Kabupaten Tulungagung,2023,pdrb_per_kapita_adhb,43296.9,ribu rupiah,D11,
3504,Kabupaten Tulungagung,2024,pdrb_per_kapita_adhb,46008.7,ribu rupiah,D11,
3504,Kabupaten Tulungagung,2025,pdrb_per_kapita_adhb,49485.4,ribu rupiah,D11,
3505,Kabupaten Blitar,2010,pdrb_per_kapita_adhb,14490.7,ribu rupiah,D11,
3505,Kabupaten Blitar,2011,pdrb_per_kapita_adhb,16015.1,ribu rupiah,D11,
3505,Kabupaten Blitar,2012,pdrb_per_kapita_adhb,17576.2,ribu rupiah,D11,
3505,Kabupaten Blitar,2013,pdrb_per_kapita_adhb,19138.9,ribu rupiah,D11,
3505,Kabupaten Blitar,2014,pdrb_per_kapita_adhb,21161.1,ribu rupiah,D11,
3505,Kabupaten Blitar,2015,pdrb_per_kapita_adhb,23377.2,ribu rupiah,D11,
3505,Kabupaten Blitar,2016,pdrb_per_kapita_adhb,25516.2,ribu rupiah,D11,
3505,Kabupaten Blitar,2017,pdrb_per_kapita_adhb,27365.0,ribu rupiah,D11,
3505,Kabupaten Blitar,2018,pdrb_per_kapita_adhb,29475.0,ribu rupiah,D11,
3505,Kabupaten Blitar,2019,pdrb_per_kapita_adhb,31388.4,ribu rupiah,D11,
3505,Kabupaten Blitar,2020,pdrb_per_kapita_adhb,29489.6,ribu rupiah,D11,
3505,Kabupaten Blitar,2021,pdrb_per_kapita_adhb,30683.3,ribu rupiah,D11,
3505,Kabupaten Blitar,2022,pdrb_per_kapita_adhb,33284.7,ribu rupiah,D11,
3505,Kabupaten Blitar,2023,pdrb_per_kapita_adhb,35811.7,ribu rupiah,D11,
3505,Kabupaten Blitar,2024,pdrb_per_kapita_adhb,37810.6,ribu rupiah,D11,
3505,Kabupaten Blitar,2025,pdrb_per_kapita_adhb,40200.2,ribu rupiah,D11,
3506,Kabupaten Kediri,2010,pdrb_per_kapita_adhb,12144.6,ribu rupiah,D11,
3506,Kabupaten Kediri,2011,pdrb_per_kapita_adhb,13503.2,ribu rupiah,D11,
3506,Kabupaten Kediri,2012,pdrb_per_kapita_adhb,14843.4,ribu rupiah,D11,
3506,Kabupaten Kediri,2013,pdrb_per_kapita_adhb,16401.9,ribu rupiah,D11,
3506,Kabupaten Kediri,2014,pdrb_per_kapita_adhb,18035.8,ribu rupiah,D11,
3506,Kabupaten Kediri,2015,pdrb_per_kapita_adhb,19715.2,ribu rupiah,D11,
3506,Kabupaten Kediri,2016,pdrb_per_kapita_adhb,21362.6,ribu rupiah,D11,
3506,Kabupaten Kediri,2017,pdrb_per_kapita_adhb,22922.0,ribu rupiah,D11,
3506,Kabupaten Kediri,2018,pdrb_per_kapita_adhb,24608.0,ribu rupiah,D11,
3506,Kabupaten Kediri,2019,pdrb_per_kapita_adhb,26152.2,ribu rupiah,D11,
3506,Kabupaten Kediri,2020,pdrb_per_kapita_adhb,24884.6,ribu rupiah,D11,
3506,Kabupaten Kediri,2021,pdrb_per_kapita_adhb,25867.0,ribu rupiah,D11,
3506,Kabupaten Kediri,2022,pdrb_per_kapita_adhb,28034.8,ribu rupiah,D11,
3506,Kabupaten Kediri,2023,pdrb_per_kapita_adhb,30192.7,ribu rupiah,D11,
3506,Kabupaten Kediri,2024,pdrb_per_kapita_adhb,32338.7,ribu rupiah,D11,
3506,Kabupaten Kediri,2025,pdrb_per_kapita_adhb,34496.0,ribu rupiah,D11,
3507,Kabupaten Malang,2010,pdrb_per_kapita_adhb,16860.9,ribu rupiah,D11,
3507,Kabupaten Malang,2011,pdrb_per_kapita_adhb,19003.2,ribu rupiah,D11,
3507,Kabupaten Malang,2012,pdrb_per_kapita_adhb,21196.1,ribu rupiah,D11,
3507,Kabupaten Malang,2013,pdrb_per_kapita_adhb,23388.5,ribu rupiah,D11,
3507,Kabupaten Malang,2014,pdrb_per_kapita_adhb,26089.5,ribu rupiah,D11,
3507,Kabupaten Malang,2015,pdrb_per_kapita_adhb,29022.5,ribu rupiah,D11,
3507,Kabupaten Malang,2016,pdrb_per_kapita_adhb,31940.1,ribu rupiah,D11,
3507,Kabupaten Malang,2017,pdrb_per_kapita_adhb,34534.0,ribu rupiah,D11,
3507,Kabupaten Malang,2018,pdrb_per_kapita_adhb,37359.0,ribu rupiah,D11,
3507,Kabupaten Malang,2019,pdrb_per_kapita_adhb,39780.5,ribu rupiah,D11,
3507,Kabupaten Malang,2020,pdrb_per_kapita_adhb,38495.2,ribu rupiah,D11,
3507,Kabupaten Malang,2021,pdrb_per_kapita_adhb,40056.7,ribu rupiah,D11,
3507,Kabupaten Malang,2022,pdrb_per_kapita_adhb,43581.3,ribu rupiah,D11,
3507,Kabupaten Malang,2023,pdrb_per_kapita_adhb,47272.2,ribu rupiah,D11,
3507,Kabupaten Malang,2024,pdrb_per_kapita_adhb,50593.4,ribu rupiah,D11,
3507,Kabupaten Malang,2025,pdrb_per_kapita_adhb,54520.6,ribu rupiah,D11,
3508,Kabupaten Lumajang,2010,pdrb_per_kapita_adhb,14140.1,ribu rupiah,D11,
3508,Kabupaten Lumajang,2011,pdrb_per_kapita_adhb,15865.8,ribu rupiah,D11,
3508,Kabupaten Lumajang,2012,pdrb_per_kapita_adhb,17470.6,ribu rupiah,D11,
3508,Kabupaten Lumajang,2013,pdrb_per_kapita_adhb,19180.1,ribu rupiah,D11,
3508,Kabupaten Lumajang,2014,pdrb_per_kapita_adhb,21417.7,ribu rupiah,D11,
3508,Kabupaten Lumajang,2015,pdrb_per_kapita_adhb,23701.3,ribu rupiah,D11,
3508,Kabupaten Lumajang,2016,pdrb_per_kapita_adhb,25769.6,ribu rupiah,D11,
3508,Kabupaten Lumajang,2017,pdrb_per_kapita_adhb,27616.0,ribu rupiah,D11,
3508,Kabupaten Lumajang,2018,pdrb_per_kapita_adhb,29516.0,ribu rupiah,D11,
3508,Kabupaten Lumajang,2019,pdrb_per_kapita_adhb,31292.8,ribu rupiah,D11,
3508,Kabupaten Lumajang,2020,pdrb_per_kapita_adhb,28707.0,ribu rupiah,D11,
3508,Kabupaten Lumajang,2021,pdrb_per_kapita_adhb,29938.8,ribu rupiah,D11,
3508,Kabupaten Lumajang,2022,pdrb_per_kapita_adhb,32383.7,ribu rupiah,D11,
3508,Kabupaten Lumajang,2023,pdrb_per_kapita_adhb,35178.1,ribu rupiah,D11,
3508,Kabupaten Lumajang,2024,pdrb_per_kapita_adhb,37578.6,ribu rupiah,D11,
3508,Kabupaten Lumajang,2025,pdrb_per_kapita_adhb,40348.8,ribu rupiah,D11,
3509,Kabupaten Jember,2010,pdrb_per_kapita_adhb,14275.8,ribu rupiah,D11,
3509,Kabupaten Jember,2011,pdrb_per_kapita_adhb,15792.2,ribu rupiah,D11,
3509,Kabupaten Jember,2012,pdrb_per_kapita_adhb,17456.2,ribu rupiah,D11,
3509,Kabupaten Jember,2013,pdrb_per_kapita_adhb,18919.8,ribu rupiah,D11,
3509,Kabupaten Jember,2014,pdrb_per_kapita_adhb,21131.8,ribu rupiah,D11,
3509,Kabupaten Jember,2015,pdrb_per_kapita_adhb,23421.3,ribu rupiah,D11,
3509,Kabupaten Jember,2016,pdrb_per_kapita_adhb,25824.7,ribu rupiah,D11,
3509,Kabupaten Jember,2017,pdrb_per_kapita_adhb,27730.0,ribu rupiah,D11,
3509,Kabupaten Jember,2018,pdrb_per_kapita_adhb,29505.0,ribu rupiah,D11,
3509,Kabupaten Jember,2019,pdrb_per_kapita_adhb,31497.9,ribu rupiah,D11,
3509,Kabupaten Jember,2020,pdrb_per_kapita_adhb,30022.9,ribu rupiah,D11,
3509,Kabupaten Jember,2021,pdrb_per_kapita_adhb,31781.0,ribu rupiah,D11,
3509,Kabupaten Jember,2022,pdrb_per_kapita_adhb,34264.5,ribu rupiah,D11,
3509,Kabupaten Jember,2023,pdrb_per_kapita_adhb,36836.8,ribu rupiah,D11,
3509,Kabupaten Jember,2024,pdrb_per_kapita_adhb,39464.3,ribu rupiah,D11,
3509,Kabupaten Jember,2025,pdrb_per_kapita_adhb,42357.3,ribu rupiah,D11,
3510,Kabupaten Banyuwangi,2010,pdrb_per_kapita_adhb,20822.3,ribu rupiah,D11,
3510,Kabupaten Banyuwangi,2011,pdrb_per_kapita_adhb,23579.4,ribu rupiah,D11,
3510,Kabupaten Banyuwangi,2012,pdrb_per_kapita_adhb,26743.4,ribu rupiah,D11,
3510,Kabupaten Banyuwangi,2013,pdrb_per_kapita_adhb,29928.7,ribu rupiah,D11,
3510,Kabupaten Banyuwangi,2014,pdrb_per_kapita_adhb,33607.0,ribu rupiah,D11,
3510,Kabupaten Banyuwangi,2015,pdrb_per_kapita_adhb,37751.3,ribu rupiah,D11,
3510,Kabupaten Banyuwangi,2016,pdrb_per_kapita_adhb,41468.2,ribu rupiah,D11,
3510,Kabupaten Banyuwangi,2017,pdrb_per_kapita_adhb,44944.0,ribu rupiah,D11,
3510,Kabupaten Banyuwangi,2018,pdrb_per_kapita_adhb,48359.0,ribu rupiah,D11,
3510,Kabupaten Banyuwangi,2019,pdrb_per_kapita_adhb,51788.1,ribu rupiah,D11,
3510,Kabupaten Banyuwangi,2020,pdrb_per_kapita_adhb,47566.9,ribu rupiah,D11,
3510,Kabupaten Banyuwangi,2021,pdrb_per_kapita_adhb,49896.2,ribu rupiah,D11,
3510,Kabupaten Banyuwangi,2022,pdrb_per_kapita_adhb,53822.4,ribu rupiah,D11,
3510,Kabupaten Banyuwangi,2023,pdrb_per_kapita_adhb,58085.9,ribu rupiah,D11,
3510,Kabupaten Banyuwangi,2024,pdrb_per_kapita_adhb,62085.6,ribu rupiah,D11,
3510,Kabupaten Banyuwangi,2025,pdrb_per_kapita_adhb,67081.2,ribu rupiah,D11,
3511,Kabupaten Bondowoso,2010,pdrb_per_kapita_adhb,11533.2,ribu rupiah,D11,
3511,Kabupaten Bondowoso,2011,pdrb_per_kapita_adhb,12850.6,ribu rupiah,D11,
3511,Kabupaten Bondowoso,2012,pdrb_per_kapita_adhb,14214.3,ribu rupiah,D11,
3511,Kabupaten Bondowoso,2013,pdrb_per_kapita_adhb,15665.2,ribu rupiah,D11,
3511,Kabupaten Bondowoso,2014,pdrb_per_kapita_adhb,17272.3,ribu rupiah,D11,
3511,Kabupaten Bondowoso,2015,pdrb_per_kapita_adhb,19030.0,ribu rupiah,D11,
3511,Kabupaten Bondowoso,2016,pdrb_per_kapita_adhb,20727.4,ribu rupiah,D11,
3511,Kabupaten Bondowoso,2017,pdrb_per_kapita_adhb,22274.0,ribu rupiah,D11,
3511,Kabupaten Bondowoso,2018,pdrb_per_kapita_adhb,23948.0,ribu rupiah,D11,
3511,Kabupaten Bondowoso,2019,pdrb_per_kapita_adhb,25583.5,ribu rupiah,D11,
3511,Kabupaten Bondowoso,2020,pdrb_per_kapita_adhb,25705.7,ribu rupiah,D11,
3511,Kabupaten Bondowoso,2021,pdrb_per_kapita_adhb,27009.3,ribu rupiah,D11,
3511,Kabupaten Bondowoso,2022,pdrb_per_kapita_adhb,29216.6,ribu rupiah,D11,
3511,Kabupaten Bondowoso,2023,pdrb_per_kapita_adhb,31432.1,ribu rupiah,D11,
3511,Kabupaten Bondowoso,2024,pdrb_per_kapita_adhb,33500.9,ribu rupiah,D11,
3511,Kabupaten Bondowoso,2025,pdrb_per_kapita_adhb,35871.6,ribu rupiah,D11,
3512,Kabupaten Situbondo,2010,pdrb_per_kapita_adhb,13051.2,ribu rupiah,D11,
3512,Kabupaten Situbondo,2011,pdrb_per_kapita_adhb,14590.4,ribu rupiah,D11,
3512,Kabupaten Situbondo,2012,pdrb_per_kapita_adhb,16277.0,ribu rupiah,D11,
3512,Kabupaten Situbondo,2013,pdrb_per_kapita_adhb,18030.6,ribu rupiah,D11,
3512,Kabupaten Situbondo,2014,pdrb_per_kapita_adhb,20028.3,ribu rupiah,D11,
3512,Kabupaten Situbondo,2015,pdrb_per_kapita_adhb,22093.0,ribu rupiah,D11,
3512,Kabupaten Situbondo,2016,pdrb_per_kapita_adhb,24177.3,ribu rupiah,D11,
3512,Kabupaten Situbondo,2017,pdrb_per_kapita_adhb,25824.0,ribu rupiah,D11,
3512,Kabupaten Situbondo,2018,pdrb_per_kapita_adhb,27733.0,ribu rupiah,D11,
3512,Kabupaten Situbondo,2019,pdrb_per_kapita_adhb,29578.4,ribu rupiah,D11,
3512,Kabupaten Situbondo,2020,pdrb_per_kapita_adhb,29244.2,ribu rupiah,D11,
3512,Kabupaten Situbondo,2021,pdrb_per_kapita_adhb,30765.4,ribu rupiah,D11,
3512,Kabupaten Situbondo,2022,pdrb_per_kapita_adhb,33367.5,ribu rupiah,D11,
3512,Kabupaten Situbondo,2023,pdrb_per_kapita_adhb,36189.6,ribu rupiah,D11,
3512,Kabupaten Situbondo,2024,pdrb_per_kapita_adhb,38676.9,ribu rupiah,D11,
3512,Kabupaten Situbondo,2025,pdrb_per_kapita_adhb,41143.3,ribu rupiah,D11,
3513,Kabupaten Probolinggo,2010,pdrb_per_kapita_adhb,13674.2,ribu rupiah,D11,
3513,Kabupaten Probolinggo,2011,pdrb_per_kapita_adhb,15230.8,ribu rupiah,D11,
3513,Kabupaten Probolinggo,2012,pdrb_per_kapita_adhb,16837.2,ribu rupiah,D11,
3513,Kabupaten Probolinggo,2013,pdrb_per_kapita_adhb,18545.9,ribu rupiah,D11,
3513,Kabupaten Probolinggo,2014,pdrb_per_kapita_adhb,20444.9,ribu rupiah,D11,
3513,Kabupaten Probolinggo,2015,pdrb_per_kapita_adhb,22523.9,ribu rupiah,D11,
3513,Kabupaten Probolinggo,2016,pdrb_per_kapita_adhb,24430.2,ribu rupiah,D11,
3513,Kabupaten Probolinggo,2017,pdrb_per_kapita_adhb,25936.0,ribu rupiah,D11,
3513,Kabupaten Probolinggo,2018,pdrb_per_kapita_adhb,27547.0,ribu rupiah,D11,
3513,Kabupaten Probolinggo,2019,pdrb_per_kapita_adhb,29093.9,ribu rupiah,D11,
3513,Kabupaten Probolinggo,2020,pdrb_per_kapita_adhb,29280.1,ribu rupiah,D11,
3513,Kabupaten Probolinggo,2021,pdrb_per_kapita_adhb,30708.3,ribu rupiah,D11,
3513,Kabupaten Probolinggo,2022,pdrb_per_kapita_adhb,33323.4,ribu rupiah,D11,
3513,Kabupaten Probolinggo,2023,pdrb_per_kapita_adhb,36006.2,ribu rupiah,D11,
3513,Kabupaten Probolinggo,2024,pdrb_per_kapita_adhb,38536.6,ribu rupiah,D11,
3513,Kabupaten Probolinggo,2025,pdrb_per_kapita_adhb,41408.9,ribu rupiah,D11,
3514,Kabupaten Pasuruan,2010,pdrb_per_kapita_adhb,40342.0,ribu rupiah,D11,
3514,Kabupaten Pasuruan,2011,pdrb_per_kapita_adhb,45448.4,ribu rupiah,D11,
3514,Kabupaten Pasuruan,2012,pdrb_per_kapita_adhb,50306.9,ribu rupiah,D11,
3514,Kabupaten Pasuruan,2013,pdrb_per_kapita_adhb,54565.4,ribu rupiah,D11,
3514,Kabupaten Pasuruan,2014,pdrb_per_kapita_adhb,60453.4,ribu rupiah,D11,
3514,Kabupaten Pasuruan,2015,pdrb_per_kapita_adhb,66240.0,ribu rupiah,D11,
3514,Kabupaten Pasuruan,2016,pdrb_per_kapita_adhb,72085.0,ribu rupiah,D11,
3514,Kabupaten Pasuruan,2017,pdrb_per_kapita_adhb,77792.0,ribu rupiah,D11,
3514,Kabupaten Pasuruan,2018,pdrb_per_kapita_adhb,84045.0,ribu rupiah,D11,
3514,Kabupaten Pasuruan,2019,pdrb_per_kapita_adhb,89580.6,ribu rupiah,D11,
3514,Kabupaten Pasuruan,2020,pdrb_per_kapita_adhb,90746.9,ribu rupiah,D11,
3514,Kabupaten Pasuruan,2021,pdrb_per_kapita_adhb,97170.8,ribu rupiah,D11,
3514,Kabupaten Pasuruan,2022,pdrb_per_kapita_adhb,105849.8,ribu rupiah,D11,
3514,Kabupaten Pasuruan,2023,pdrb_per_kapita_adhb,113682.7,ribu rupiah,D11,
3514,Kabupaten Pasuruan,2024,pdrb_per_kapita_adhb,121689.1,ribu rupiah,D11,
3514,Kabupaten Pasuruan,2025,pdrb_per_kapita_adhb,131054.6,ribu rupiah,D11,
3515,Kabupaten Sidoarjo,2010,pdrb_per_kapita_adhb,41789.6,ribu rupiah,D11,
3515,Kabupaten Sidoarjo,2011,pdrb_per_kapita_adhb,47009.1,ribu rupiah,D11,
3515,Kabupaten Sidoarjo,2012,pdrb_per_kapita_adhb,52482.5,ribu rupiah,D11,
3515,Kabupaten Sidoarjo,2013,pdrb_per_kapita_adhb,57464.2,ribu rupiah,D11,
3515,Kabupaten Sidoarjo,2014,pdrb_per_kapita_adhb,63172.8,ribu rupiah,D11,
3515,Kabupaten Sidoarjo,2015,pdrb_per_kapita_adhb,68993.9,ribu rupiah,D11,
3515,Kabupaten Sidoarjo,2016,pdrb_per_kapita_adhb,74410.9,ribu rupiah,D11,
3515,Kabupaten Sidoarjo,2017,pdrb_per_kapita_adhb,79764.0,ribu rupiah,D11,
3515,Kabupaten Sidoarjo,2018,pdrb_per_kapita_adhb,85373.0,ribu rupiah,D11,
3515,Kabupaten Sidoarjo,2019,pdrb_per_kapita_adhb,90618.0,ribu rupiah,D11,
3515,Kabupaten Sidoarjo,2020,pdrb_per_kapita_adhb,94817.6,ribu rupiah,D11,
3515,Kabupaten Sidoarjo,2021,pdrb_per_kapita_adhb,100251.9,ribu rupiah,D11,
3515,Kabupaten Sidoarjo,2022,pdrb_per_kapita_adhb,115389.3,ribu rupiah,D11,
3515,Kabupaten Sidoarjo,2023,pdrb_per_kapita_adhb,127381.7,ribu rupiah,D11,
3515,Kabupaten Sidoarjo,2024,pdrb_per_kapita_adhb,136721.1,ribu rupiah,D11,
3515,Kabupaten Sidoarjo,2025,pdrb_per_kapita_adhb,145529.0,ribu rupiah,D11,
3516,Kabupaten Mojokerto,2010,pdrb_per_kapita_adhb,33197.4,ribu rupiah,D11,
3516,Kabupaten Mojokerto,2011,pdrb_per_kapita_adhb,37229.7,ribu rupiah,D11,
3516,Kabupaten Mojokerto,2012,pdrb_per_kapita_adhb,41335.4,ribu rupiah,D11,
3516,Kabupaten Mojokerto,2013,pdrb_per_kapita_adhb,45146.5,ribu rupiah,D11,
3516,Kabupaten Mojokerto,2014,pdrb_per_kapita_adhb,49699.7,ribu rupiah,D11,
3516,Kabupaten Mojokerto,2015,pdrb_per_kapita_adhb,54446.2,ribu rupiah,D11,
3516,Kabupaten Mojokerto,2016,pdrb_per_kapita_adhb,59287.4,ribu rupiah,D11,
3516,Kabupaten Mojokerto,2017,pdrb_per_kapita_adhb,64359.0,ribu rupiah,D11,
3516,Kabupaten Mojokerto,2018,pdrb_per_kapita_adhb,69159.0,ribu rupiah,D11,
3516,Kabupaten Mojokerto,2019,pdrb_per_kapita_adhb,73651.1,ribu rupiah,D11,
3516,Kabupaten Mojokerto,2020,pdrb_per_kapita_adhb,73335.5,ribu rupiah,D11,
3516,Kabupaten Mojokerto,2021,pdrb_per_kapita_adhb,77339.7,ribu rupiah,D11,
3516,Kabupaten Mojokerto,2022,pdrb_per_kapita_adhb,84307.4,ribu rupiah,D11,
3516,Kabupaten Mojokerto,2023,pdrb_per_kapita_adhb,91112.0,ribu rupiah,D11,
3516,Kabupaten Mojokerto,2024,pdrb_per_kapita_adhb,98010.9,ribu rupiah,D11,
3516,Kabupaten Mojokerto,2025,pdrb_per_kapita_adhb,105452.4,ribu rupiah,D11,
3517,Kabupaten Jombang,2010,pdrb_per_kapita_adhb,14397.6,ribu rupiah,D11,
3517,Kabupaten Jombang,2011,pdrb_per_kapita_adhb,16054.5,ribu rupiah,D11,
3517,Kabupaten Jombang,2012,pdrb_per_kapita_adhb,17683.1,ribu rupiah,D11,
3517,Kabupaten Jombang,2013,pdrb_per_kapita_adhb,19360.0,ribu rupiah,D11,
3517,Kabupaten Jombang,2014,pdrb_per_kapita_adhb,21335.8,ribu rupiah,D11,
3517,Kabupaten Jombang,2015,pdrb_per_kapita_adhb,23487.5,ribu rupiah,D11,
3517,Kabupaten Jombang,2016,pdrb_per_kapita_adhb,25642.2,ribu rupiah,D11,
3517,Kabupaten Jombang,2017,pdrb_per_kapita_adhb,27787.0,ribu rupiah,D11,
3517,Kabupaten Jombang,2018,pdrb_per_kapita_adhb,30097.0,ribu rupiah,D11,
3517,Kabupaten Jombang,2019,pdrb_per_kapita_adhb,32004.5,ribu rupiah,D11,
3517,Kabupaten Jombang,2020,pdrb_per_kapita_adhb,30303.4,ribu rupiah,D11,
3517,Kabupaten Jombang,2021,pdrb_per_kapita_adhb,31448.7,ribu rupiah,D11,
3517,Kabupaten Jombang,2022,pdrb_per_kapita_adhb,34292.3,ribu rupiah,D11,
3517,Kabupaten Jombang,2023,pdrb_per_kapita_adhb,36990.7,ribu rupiah,D11,
3517,Kabupaten Jombang,2024,pdrb_per_kapita_adhb,39553.1,ribu rupiah,D11,
3517,Kabupaten Jombang,2025,pdrb_per_kapita_adhb,42358.7,ribu rupiah,D11,
3518,Kabupaten Nganjuk,2010,pdrb_per_kapita_adhb,11192.6,ribu rupiah,D11,
3518,Kabupaten Nganjuk,2011,pdrb_per_kapita_adhb,12415.2,ribu rupiah,D11,
3518,Kabupaten Nganjuk,2012,pdrb_per_kapita_adhb,13691.6,ribu rupiah,D11,
3518,Kabupaten Nganjuk,2013,pdrb_per_kapita_adhb,15116.7,ribu rupiah,D11,
3518,Kabupaten Nganjuk,2014,pdrb_per_kapita_adhb,16617.3,ribu rupiah,D11,
3518,Kabupaten Nganjuk,2015,pdrb_per_kapita_adhb,18356.8,ribu rupiah,D11,
3518,Kabupaten Nganjuk,2016,pdrb_per_kapita_adhb,20186.5,ribu rupiah,D11,
3518,Kabupaten Nganjuk,2017,pdrb_per_kapita_adhb,21738.0,ribu rupiah,D11,
3518,Kabupaten Nganjuk,2018,pdrb_per_kapita_adhb,23560.0,ribu rupiah,D11,
3518,Kabupaten Nganjuk,2019,pdrb_per_kapita_adhb,25268.9,ribu rupiah,D11,
3518,Kabupaten Nganjuk,2020,pdrb_per_kapita_adhb,24134.3,ribu rupiah,D11,
3518,Kabupaten Nganjuk,2021,pdrb_per_kapita_adhb,25279.6,ribu rupiah,D11,
3518,Kabupaten Nganjuk,2022,pdrb_per_kapita_adhb,27583.2,ribu rupiah,D11,
3518,Kabupaten Nganjuk,2023,pdrb_per_kapita_adhb,29916.6,ribu rupiah,D11,
3518,Kabupaten Nganjuk,2024,pdrb_per_kapita_adhb,32047.5,ribu rupiah,D11,
3518,Kabupaten Nganjuk,2025,pdrb_per_kapita_adhb,34314.2,ribu rupiah,D11,
3519,Kabupaten Madiun,2010,pdrb_per_kapita_adhb,12238.2,ribu rupiah,D11,
3519,Kabupaten Madiun,2011,pdrb_per_kapita_adhb,13684.7,ribu rupiah,D11,
3519,Kabupaten Madiun,2012,pdrb_per_kapita_adhb,15217.7,ribu rupiah,D11,
3519,Kabupaten Madiun,2013,pdrb_per_kapita_adhb,16808.8,ribu rupiah,D11,
3519,Kabupaten Madiun,2014,pdrb_per_kapita_adhb,18593.5,ribu rupiah,D11,
3519,Kabupaten Madiun,2015,pdrb_per_kapita_adhb,20561.2,ribu rupiah,D11,
3519,Kabupaten Madiun,2016,pdrb_per_kapita_adhb,22458.7,ribu rupiah,D11,
3519,Kabupaten Madiun,2017,pdrb_per_kapita_adhb,24085.0,ribu rupiah,D11,
3519,Kabupaten Madiun,2018,pdrb_per_kapita_adhb,25882.0,ribu rupiah,D11,
3519,Kabupaten Madiun,2019,pdrb_per_kapita_adhb,27723.6,ribu rupiah,D11,
3519,Kabupaten Madiun,2020,pdrb_per_kapita_adhb,25811.1,ribu rupiah,D11,
3519,Kabupaten Madiun,2021,pdrb_per_kapita_adhb,26801.6,ribu rupiah,D11,
3519,Kabupaten Madiun,2022,pdrb_per_kapita_adhb,29109.8,ribu rupiah,D11,
3519,Kabupaten Madiun,2023,pdrb_per_kapita_adhb,31587.9,ribu rupiah,D11,
3519,Kabupaten Madiun,2024,pdrb_per_kapita_adhb,33712.4,ribu rupiah,D11,
3519,Kabupaten Madiun,2025,pdrb_per_kapita_adhb,36116.4,ribu rupiah,D11,
3520,Kabupaten Magetan,2010,pdrb_per_kapita_adhb,13323.9,ribu rupiah,D11,
3520,Kabupaten Magetan,2011,pdrb_per_kapita_adhb,14819.3,ribu rupiah,D11,
3520,Kabupaten Magetan,2012,pdrb_per_kapita_adhb,16320.9,ribu rupiah,D11,
3520,Kabupaten Magetan,2013,pdrb_per_kapita_adhb,18080.3,ribu rupiah,D11,
3520,Kabupaten Magetan,2014,pdrb_per_kapita_adhb,20051.1,ribu rupiah,D11,
3520,Kabupaten Magetan,2015,pdrb_per_kapita_adhb,22123.3,ribu rupiah,D11,
3520,Kabupaten Magetan,2016,pdrb_per_kapita_adhb,24192.6,ribu rupiah,D11,
3520,Kabupaten Magetan,2017,pdrb_per_kapita_adhb,25920.0,ribu rupiah,D11,
3520,Kabupaten Magetan,2018,pdrb_per_kapita_adhb,28022.0,ribu rupiah,D11,
3520,Kabupaten Magetan,2019,pdrb_per_kapita_adhb,29745.7,ribu rupiah,D11,
3520,Kabupaten Magetan,2020,pdrb_per_kapita_adhb,28023.8,ribu rupiah,D11,
3520,Kabupaten Magetan,2021,pdrb_per_kapita_adhb,29080.7,ribu rupiah,D11,
3520,Kabupaten Magetan,2022,pdrb_per_kapita_adhb,31275.4,ribu rupiah,D11,
3520,Kabupaten Magetan,2023,pdrb_per_kapita_adhb,33627.2,ribu rupiah,D11,
3520,Kabupaten Magetan,2024,pdrb_per_kapita_adhb,35853.1,ribu rupiah,D11,
3520,Kabupaten Magetan,2025,pdrb_per_kapita_adhb,38263.7,ribu rupiah,D11,
3521,Kabupaten Ngawi,2010,pdrb_per_kapita_adhb,10325.8,ribu rupiah,D11,
3521,Kabupaten Ngawi,2011,pdrb_per_kapita_adhb,11616.6,ribu rupiah,D11,
3521,Kabupaten Ngawi,2012,pdrb_per_kapita_adhb,13002.1,ribu rupiah,D11,
3521,Kabupaten Ngawi,2013,pdrb_per_kapita_adhb,14584.5,ribu rupiah,D11,
3521,Kabupaten Ngawi,2014,pdrb_per_kapita_adhb,16081.0,ribu rupiah,D11,
3521,Kabupaten Ngawi,2015,pdrb_per_kapita_adhb,18091.8,ribu rupiah,D11,
3521,Kabupaten Ngawi,2016,pdrb_per_kapita_adhb,19928.1,ribu rupiah,D11,
3521,Kabupaten Ngawi,2017,pdrb_per_kapita_adhb,21340.0,ribu rupiah,D11,
3521,Kabupaten Ngawi,2018,pdrb_per_kapita_adhb,23058.0,ribu rupiah,D11,
3521,Kabupaten Ngawi,2019,pdrb_per_kapita_adhb,24408.5,ribu rupiah,D11,
3521,Kabupaten Ngawi,2020,pdrb_per_kapita_adhb,23322.7,ribu rupiah,D11,
3521,Kabupaten Ngawi,2021,pdrb_per_kapita_adhb,23838.3,ribu rupiah,D11,
3521,Kabupaten Ngawi,2022,pdrb_per_kapita_adhb,25602.3,ribu rupiah,D11,
3521,Kabupaten Ngawi,2023,pdrb_per_kapita_adhb,27619.3,ribu rupiah,D11,
3521,Kabupaten Ngawi,2024,pdrb_per_kapita_adhb,29346.5,ribu rupiah,D11,
3521,Kabupaten Ngawi,2025,pdrb_per_kapita_adhb,31279.3,ribu rupiah,D11,
3522,Kabupaten Bojonegoro,2010,pdrb_per_kapita_adhb,27461.8,ribu rupiah,D11,
3522,Kabupaten Bojonegoro,2011,pdrb_per_kapita_adhb,33961.2,ribu rupiah,D11,
3522,Kabupaten Bojonegoro,2012,pdrb_per_kapita_adhb,35718.4,ribu rupiah,D11,
3522,Kabupaten Bojonegoro,2013,pdrb_per_kapita_adhb,39202.6,ribu rupiah,D11,
3522,Kabupaten Bojonegoro,2014,pdrb_per_kapita_adhb,41004.5,ribu rupiah,D11,
3522,Kabupaten Bojonegoro,2015,pdrb_per_kapita_adhb,39306.5,ribu rupiah,D11,
3522,Kabupaten Bojonegoro,2016,pdrb_per_kapita_adhb,44810.0,ribu rupiah,D11,
3522,Kabupaten Bojonegoro,2017,pdrb_per_kapita_adhb,52147.0,ribu rupiah,D11,
3522,Kabupaten Bojonegoro,2018,pdrb_per_kapita_adhb,58727.0,ribu rupiah,D11,
3522,Kabupaten Bojonegoro,2019,pdrb_per_kapita_adhb,62445.7,ribu rupiah,D11,
3522,Kabupaten Bojonegoro,2020,pdrb_per_kapita_adhb,54048.0,ribu rupiah,D11,
3522,Kabupaten Bojonegoro,2021,pdrb_per_kapita_adhb,64424.3,ribu rupiah,D11,
3522,Kabupaten Bojonegoro,2022,pdrb_per_kapita_adhb,76507.3,ribu rupiah,D11,
3522,Kabupaten Bojonegoro,2023,pdrb_per_kapita_adhb,74242.2,ribu rupiah,D11,
3522,Kabupaten Bojonegoro,2024,pdrb_per_kapita_adhb,76808.4,ribu rupiah,D11,
3522,Kabupaten Bojonegoro,2025,pdrb_per_kapita_adhb,78894.2,ribu rupiah,D11,
3523,Kabupaten Tuban,2010,pdrb_per_kapita_adhb,24995.7,ribu rupiah,D11,
3523,Kabupaten Tuban,2011,pdrb_per_kapita_adhb,27893.3,ribu rupiah,D11,
3523,Kabupaten Tuban,2012,pdrb_per_kapita_adhb,31007.2,ribu rupiah,D11,
3523,Kabupaten Tuban,2013,pdrb_per_kapita_adhb,34173.0,ribu rupiah,D11,
3523,Kabupaten Tuban,2014,pdrb_per_kapita_adhb,38184.6,ribu rupiah,D11,
3523,Kabupaten Tuban,2015,pdrb_per_kapita_adhb,41753.6,ribu rupiah,D11,
3523,Kabupaten Tuban,2016,pdrb_per_kapita_adhb,45158.3,ribu rupiah,D11,
3523,Kabupaten Tuban,2017,pdrb_per_kapita_adhb,48471.0,ribu rupiah,D11,
3523,Kabupaten Tuban,2018,pdrb_per_kapita_adhb,51990.0,ribu rupiah,D11,
3523,Kabupaten Tuban,2019,pdrb_per_kapita_adhb,55400.7,ribu rupiah,D11,
3523,Kabupaten Tuban,2020,pdrb_per_kapita_adhb,52084.9,ribu rupiah,D11,
3523,Kabupaten Tuban,2021,pdrb_per_kapita_adhb,54739.5,ribu rupiah,D11,
3523,Kabupaten Tuban,2022,pdrb_per_kapita_adhb,62058.7,ribu rupiah,D11,
3523,Kabupaten Tuban,2023,pdrb_per_kapita_adhb,67175.8,ribu rupiah,D11,
3523,Kabupaten Tuban,2024,pdrb_per_kapita_adhb,71099.1,ribu rupiah,D11,
3523,Kabupaten Tuban,2025,pdrb_per_kapita_adhb,75150.5,ribu rupiah,D11,
3524,Kabupaten Lamongan,2010,pdrb_per_kapita_adhb,13784.4,ribu rupiah,D11,
3524,Kabupaten Lamongan,2011,pdrb_per_kapita_adhb,15442.0,ribu rupiah,D11,
3524,Kabupaten Lamongan,2012,pdrb_per_kapita_adhb,17357.8,ribu rupiah,D11,
3524,Kabupaten Lamongan,2013,pdrb_per_kapita_adhb,19397.1,ribu rupiah,D11,
3524,Kabupaten Lamongan,2014,pdrb_per_kapita_adhb,21653.2,ribu rupiah,D11,
3524,Kabupaten Lamongan,2015,pdrb_per_kapita_adhb,24201.2,ribu rupiah,D11,
3524,Kabupaten Lamongan,2016,pdrb_per_kapita_adhb,26686.3,ribu rupiah,D11,
3524,Kabupaten Lamongan,2017,pdrb_per_kapita_adhb,28836.0,ribu rupiah,D11,
3524,Kabupaten Lamongan,2018,pdrb_per_kapita_adhb,31309.0,ribu rupiah,D11,
3524,Kabupaten Lamongan,2019,pdrb_per_kapita_adhb,33109.3,ribu rupiah,D11,
3524,Kabupaten Lamongan,2020,pdrb_per_kapita_adhb,29220.6,ribu rupiah,D11,
3524,Kabupaten Lamongan,2021,pdrb_per_kapita_adhb,30373.1,ribu rupiah,D11,
3524,Kabupaten Lamongan,2022,pdrb_per_kapita_adhb,33398.6,ribu rupiah,D11,
3524,Kabupaten Lamongan,2023,pdrb_per_kapita_adhb,35725.7,ribu rupiah,D11,
3524,Kabupaten Lamongan,2024,pdrb_per_kapita_adhb,37787.6,ribu rupiah,D11,
3524,Kabupaten Lamongan,2025,pdrb_per_kapita_adhb,40469.2,ribu rupiah,D11,
3525,Kabupaten Gresik,2010,pdrb_per_kapita_adhb,50016.9,ribu rupiah,D11,
3525,Kabupaten Gresik,2011,pdrb_per_kapita_adhb,56244.6,ribu rupiah,D11,
3525,Kabupaten Gresik,2012,pdrb_per_kapita_adhb,61852.9,ribu rupiah,D11,
3525,Kabupaten Gresik,2013,pdrb_per_kapita_adhb,67763.8,ribu rupiah,D11,
3525,Kabupaten Gresik,2014,pdrb_per_kapita_adhb,75545.8,ribu rupiah,D11,
3525,Kabupaten Gresik,2015,pdrb_per_kapita_adhb,80174.9,ribu rupiah,D11,
3525,Kabupaten Gresik,2016,pdrb_per_kapita_adhb,84899.6,ribu rupiah,D11,
3525,Kabupaten Gresik,2017,pdrb_per_kapita_adhb,92232.0,ribu rupiah,D11,
3525,Kabupaten Gresik,2018,pdrb_per_kapita_adhb,100252.0,ribu rupiah,D11,
3525,Kabupaten Gresik,2019,pdrb_per_kapita_adhb,105676.4,ribu rupiah,D11,
3525,Kabupaten Gresik,2020,pdrb_per_kapita_adhb,102622.8,ribu rupiah,D11,
3525,Kabupaten Gresik,2021,pdrb_per_kapita_adhb,109418.3,ribu rupiah,D11,
3525,Kabupaten Gresik,2022,pdrb_per_kapita_adhb,122650.1,ribu rupiah,D11,
3525,Kabupaten Gresik,2023,pdrb_per_kapita_adhb,130527.0,ribu rupiah,D11,
3525,Kabupaten Gresik,2024,pdrb_per_kapita_adhb,138271.2,ribu rupiah,D11,
3525,Kabupaten Gresik,2025,pdrb_per_kapita_adhb,146668.4,ribu rupiah,D11,
3526,Kabupaten Bangkalan,2010,pdrb_per_kapita_adhb,17463.7,ribu rupiah,D11,
3526,Kabupaten Bangkalan,2011,pdrb_per_kapita_adhb,19279.7,ribu rupiah,D11,
3526,Kabupaten Bangkalan,2012,pdrb_per_kapita_adhb,19436.0,ribu rupiah,D11,
3526,Kabupaten Bangkalan,2013,pdrb_per_kapita_adhb,20841.0,ribu rupiah,D11,
3526,Kabupaten Bangkalan,2014,pdrb_per_kapita_adhb,22952.7,ribu rupiah,D11,
3526,Kabupaten Bangkalan,2015,pdrb_per_kapita_adhb,20118.3,ribu rupiah,D11,
3526,Kabupaten Bangkalan,2016,pdrb_per_kapita_adhb,20758.0,ribu rupiah,D11,
3526,Kabupaten Bangkalan,2017,pdrb_per_kapita_adhb,22304.0,ribu rupiah,D11,
3526,Kabupaten Bangkalan,2018,pdrb_per_kapita_adhb,24361.0,ribu rupiah,D11,
3526,Kabupaten Bangkalan,2019,pdrb_per_kapita_adhb,24977.6,ribu rupiah,D11,
3526,Kabupaten Bangkalan,2020,pdrb_per_kapita_adhb,22038.2,ribu rupiah,D11,
3526,Kabupaten Bangkalan,2021,pdrb_per_kapita_adhb,23147.7,ribu rupiah,D11,
3526,Kabupaten Bangkalan,2022,pdrb_per_kapita_adhb,25134.3,ribu rupiah,D11,
3526,Kabupaten Bangkalan,2023,pdrb_per_kapita_adhb,25408.1,ribu rupiah,D11,
3526,Kabupaten Bangkalan,2024,pdrb_per_kapita_adhb,26066.4,ribu rupiah,D11,
3526,Kabupaten Bangkalan,2025,pdrb_per_kapita_adhb,27588.1,ribu rupiah,D11,
3527,Kabupaten Sampang,2010,pdrb_per_kapita_adhb,11427.3,ribu rupiah,D11,
3527,Kabupaten Sampang,2011,pdrb_per_kapita_adhb,12460.7,ribu rupiah,D11,
3527,Kabupaten Sampang,2012,pdrb_per_kapita_adhb,13490.6,ribu rupiah,D11,
3527,Kabupaten Sampang,2013,pdrb_per_kapita_adhb,15301.3,ribu rupiah,D11,
3527,Kabupaten Sampang,2014,pdrb_per_kapita_adhb,15799.0,ribu rupiah,D11,
3527,Kabupaten Sampang,2015,pdrb_per_kapita_adhb,15688.8,ribu rupiah,D11,
3527,Kabupaten Sampang,2016,pdrb_per_kapita_adhb,17140.4,ribu rupiah,D11,
3527,Kabupaten Sampang,2017,pdrb_per_kapita_adhb,18390.0,ribu rupiah,D11,
3527,Kabupaten Sampang,2018,pdrb_per_kapita_adhb,19726.0,ribu rupiah,D11,
3527,Kabupaten Sampang,2019,pdrb_per_kapita_adhb,20191.4,ribu rupiah,D11,
3527,Kabupaten Sampang,2020,pdrb_per_kapita_adhb,20503.0,ribu rupiah,D11,
3527,Kabupaten Sampang,2021,pdrb_per_kapita_adhb,21064.1,ribu rupiah,D11,
3527,Kabupaten Sampang,2022,pdrb_per_kapita_adhb,23186.1,ribu rupiah,D11,
3527,Kabupaten Sampang,2023,pdrb_per_kapita_adhb,23978.2,ribu rupiah,D11,
3527,Kabupaten Sampang,2024,pdrb_per_kapita_adhb,24483.8,ribu rupiah,D11,
3527,Kabupaten Sampang,2025,pdrb_per_kapita_adhb,25531.5,ribu rupiah,D11,
3528,Kabupaten Pamekasan,2010,pdrb_per_kapita_adhb,8758.0,ribu rupiah,D11,
3528,Kabupaten Pamekasan,2011,pdrb_per_kapita_adhb,9812.2,ribu rupiah,D11,
3528,Kabupaten Pamekasan,2012,pdrb_per_kapita_adhb,10886.0,ribu rupiah,D11,
3528,Kabupaten Pamekasan,2013,pdrb_per_kapita_adhb,11976.9,ribu rupiah,D11,
3528,Kabupaten Pamekasan,2014,pdrb_per_kapita_adhb,13234.9,ribu rupiah,D11,
3528,Kabupaten Pamekasan,2015,pdrb_per_kapita_adhb,14550.2,ribu rupiah,D11,
3528,Kabupaten Pamekasan,2016,pdrb_per_kapita_adhb,15833.6,ribu rupiah,D11,
3528,Kabupaten Pamekasan,2017,pdrb_per_kapita_adhb,16941.0,ribu rupiah,D11,
3528,Kabupaten Pamekasan,2018,pdrb_per_kapita_adhb,18259.0,ribu rupiah,D11,
3528,Kabupaten Pamekasan,2019,pdrb_per_kapita_adhb,19330.6,ribu rupiah,D11,
3528,Kabupaten Pamekasan,2020,pdrb_per_kapita_adhb,19778.6,ribu rupiah,D11,
3528,Kabupaten Pamekasan,2021,pdrb_per_kapita_adhb,20596.4,ribu rupiah,D11,
3528,Kabupaten Pamekasan,2022,pdrb_per_kapita_adhb,22225.7,ribu rupiah,D11,
3528,Kabupaten Pamekasan,2023,pdrb_per_kapita_adhb,23842.1,ribu rupiah,D11,
3528,Kabupaten Pamekasan,2024,pdrb_per_kapita_adhb,25423.6,ribu rupiah,D11,
3528,Kabupaten Pamekasan,2025,pdrb_per_kapita_adhb,27206.0,ribu rupiah,D11,
3529,Kabupaten Sumenep,2010,pdrb_per_kapita_adhb,14490.4,ribu rupiah,D11,
3529,Kabupaten Sumenep,2011,pdrb_per_kapita_adhb,16615.0,ribu rupiah,D11,
3529,Kabupaten Sumenep,2012,pdrb_per_kapita_adhb,19007.4,ribu rupiah,D11,
3529,Kabupaten Sumenep,2013,pdrb_per_kapita_adhb,23897.3,ribu rupiah,D11,
3529,Kabupaten Sumenep,2014,pdrb_per_kapita_adhb,26528.7,ribu rupiah,D11,
3529,Kabupaten Sumenep,2015,pdrb_per_kapita_adhb,25329.6,ribu rupiah,D11,
3529,Kabupaten Sumenep,2016,pdrb_per_kapita_adhb,26902.9,ribu rupiah,D11,
3529,Kabupaten Sumenep,2017,pdrb_per_kapita_adhb,28252.0,ribu rupiah,D11,
3529,Kabupaten Sumenep,2018,pdrb_per_kapita_adhb,30135.0,ribu rupiah,D11,
3529,Kabupaten Sumenep,2019,pdrb_per_kapita_adhb,30569.3,ribu rupiah,D11,
3529,Kabupaten Sumenep,2020,pdrb_per_kapita_adhb,29166.2,ribu rupiah,D11,
3529,Kabupaten Sumenep,2021,pdrb_per_kapita_adhb,31177.3,ribu rupiah,D11,
3529,Kabupaten Sumenep,2022,pdrb_per_kapita_adhb,35324.2,ribu rupiah,D11,
3529,Kabupaten Sumenep,2023,pdrb_per_kapita_adhb,37473.5,ribu rupiah,D11,
3529,Kabupaten Sumenep,2024,pdrb_per_kapita_adhb,39215.0,ribu rupiah,D11,
3529,Kabupaten Sumenep,2025,pdrb_per_kapita_adhb,42090.3,ribu rupiah,D11,
3571,Kota Kediri,2010,pdrb_per_kapita_adhb,213789.3,ribu rupiah,D11,
3571,Kota Kediri,2011,pdrb_per_kapita_adhb,235783.0,ribu rupiah,D11,
3571,Kota Kediri,2012,pdrb_per_kapita_adhb,264173.7,ribu rupiah,D11,
3571,Kota Kediri,2013,pdrb_per_kapita_adhb,288696.2,ribu rupiah,D11,
3571,Kota Kediri,2014,pdrb_per_kapita_adhb,315369.1,ribu rupiah,D11,
3571,Kota Kediri,2015,pdrb_per_kapita_adhb,348015.2,ribu rupiah,D11,
3571,Kota Kediri,2016,pdrb_per_kapita_adhb,379190.7,ribu rupiah,D11,
3571,Kota Kediri,2017,pdrb_per_kapita_adhb,407215.0,ribu rupiah,D11,
3571,Kota Kediri,2018,pdrb_per_kapita_adhb,447216.0,ribu rupiah,D11,
3571,Kota Kediri,2019,pdrb_per_kapita_adhb,483981.5,ribu rupiah,D11,
3571,Kota Kediri,2020,pdrb_per_kapita_adhb,462198.7,ribu rupiah,D11,
3571,Kota Kediri,2021,pdrb_per_kapita_adhb,489294.0,ribu rupiah,D11,
3571,Kota Kediri,2022,pdrb_per_kapita_adhb,522857.1,ribu rupiah,D11,
3571,Kota Kediri,2023,pdrb_per_kapita_adhb,541067.7,ribu rupiah,D11,
3571,Kota Kediri,2024,pdrb_per_kapita_adhb,565840.5,ribu rupiah,D11,
3571,Kota Kediri,2025,pdrb_per_kapita_adhb,581557.8,ribu rupiah,D11,
3572,Kota Blitar,2010,pdrb_per_kapita_adhb,21565.9,ribu rupiah,D11,
3572,Kota Blitar,2011,pdrb_per_kapita_adhb,23844.3,ribu rupiah,D11,
3572,Kota Blitar,2012,pdrb_per_kapita_adhb,26319.2,ribu rupiah,D11,
3572,Kota Blitar,2013,pdrb_per_kapita_adhb,28956.9,ribu rupiah,D11,
3572,Kota Blitar,2014,pdrb_per_kapita_adhb,31806.3,ribu rupiah,D11,
3572,Kota Blitar,2015,pdrb_per_kapita_adhb,34946.5,ribu rupiah,D11,
3572,Kota Blitar,2016,pdrb_per_kapita_adhb,38334.2,ribu rupiah,D11,
3572,Kota Blitar,2017,pdrb_per_kapita_adhb,41304.0,ribu rupiah,D11,
3572,Kota Blitar,2018,pdrb_per_kapita_adhb,44702.0,ribu rupiah,D11,
3572,Kota Blitar,2019,pdrb_per_kapita_adhb,47840.8,ribu rupiah,D11,
3572,Kota Blitar,2020,pdrb_per_kapita_adhb,45090.1,ribu rupiah,D11,
3572,Kota Blitar,2021,pdrb_per_kapita_adhb,47329.3,ribu rupiah,D11,
3572,Kota Blitar,2022,pdrb_per_kapita_adhb,51593.4,ribu rupiah,D11,
3572,Kota Blitar,2023,pdrb_per_kapita_adhb,55523.3,ribu rupiah,D11,
3572,Kota Blitar,2024,pdrb_per_kapita_adhb,59326.4,ribu rupiah,D11,
3572,Kota Blitar,2025,pdrb_per_kapita_adhb,63145.6,ribu rupiah,D11,
3573,Kota Malang,2010,pdrb_per_kapita_adhb,38162.6,ribu rupiah,D11,
3573,Kota Malang,2011,pdrb_per_kapita_adhb,42206.8,ribu rupiah,D11,
3573,Kota Malang,2012,pdrb_per_kapita_adhb,46429.9,ribu rupiah,D11,
3573,Kota Malang,2013,pdrb_per_kapita_adhb,50927.4,ribu rupiah,D11,
3573,Kota Malang,2014,pdrb_per_kapita_adhb,55039.3,ribu rupiah,D11,
3573,Kota Malang,2015,pdrb_per_kapita_adhb,60876.8,ribu rupiah,D11,
3573,Kota Malang,2016,pdrb_per_kapita_adhb,66758.1,ribu rupiah,D11,
3573,Kota Malang,2017,pdrb_per_kapita_adhb,72078.0,ribu rupiah,D11,
3573,Kota Malang,2018,pdrb_per_kapita_adhb,78161.0,ribu rupiah,D11,
3573,Kota Malang,2019,pdrb_per_kapita_adhb,83528.1,ribu rupiah,D11,
3573,Kota Malang,2020,pdrb_per_kapita_adhb,85539.5,ribu rupiah,D11,
3573,Kota Malang,2021,pdrb_per_kapita_adhb,90159.9,ribu rupiah,D11,
3573,Kota Malang,2022,pdrb_per_kapita_adhb,98884.9,ribu rupiah,D11,
3573,Kota Malang,2023,pdrb_per_kapita_adhb,107541.8,ribu rupiah,D11,
3573,Kota Malang,2024,pdrb_per_kapita_adhb,114721.6,ribu rupiah,D11,
3573,Kota Malang,2025,pdrb_per_kapita_adhb,122918.7,ribu rupiah,D11,
3574,Kota Probolinggo,2010,pdrb_per_kapita_adhb,22608.1,ribu rupiah,D11,
3574,Kota Probolinggo,2011,pdrb_per_kapita_adhb,24427.3,ribu rupiah,D11,
3574,Kota Probolinggo,2012,pdrb_per_kapita_adhb,26747.4,ribu rupiah,D11,
3574,Kota Probolinggo,2013,pdrb_per_kapita_adhb,29319.0,ribu rupiah,D11,
3574,Kota Probolinggo,2014,pdrb_per_kapita_adhb,32013.8,ribu rupiah,D11,
3574,Kota Probolinggo,2015,pdrb_per_kapita_adhb,35249.4,ribu rupiah,D11,
3574,Kota Probolinggo,2016,pdrb_per_kapita_adhb,38460.0,ribu rupiah,D11,
3574,Kota Probolinggo,2017,pdrb_per_kapita_adhb,41438.0,ribu rupiah,D11,
3574,Kota Probolinggo,2018,pdrb_per_kapita_adhb,44732.0,ribu rupiah,D11,
3574,Kota Probolinggo,2019,pdrb_per_kapita_adhb,47804.1,ribu rupiah,D11,
3574,Kota Probolinggo,2020,pdrb_per_kapita_adhb,46301.6,ribu rupiah,D11,
3574,Kota Probolinggo,2021,pdrb_per_kapita_adhb,48406.1,ribu rupiah,D11,
3574,Kota Probolinggo,2022,pdrb_per_kapita_adhb,52920.9,ribu rupiah,D11,
3574,Kota Probolinggo,2023,pdrb_per_kapita_adhb,57885.1,ribu rupiah,D11,
3574,Kota Probolinggo,2024,pdrb_per_kapita_adhb,61613.6,ribu rupiah,D11,
3574,Kota Probolinggo,2025,pdrb_per_kapita_adhb,65483.3,ribu rupiah,D11,
3575,Kota Pasuruan,2010,pdrb_per_kapita_adhb,19193.0,ribu rupiah,D11,
3575,Kota Pasuruan,2011,pdrb_per_kapita_adhb,21171.1,ribu rupiah,D11,
3575,Kota Pasuruan,2012,pdrb_per_kapita_adhb,23104.7,ribu rupiah,D11,
3575,Kota Pasuruan,2013,pdrb_per_kapita_adhb,25135.6,ribu rupiah,D11,
3575,Kota Pasuruan,2014,pdrb_per_kapita_adhb,27656.9,ribu rupiah,D11,
3575,Kota Pasuruan,2015,pdrb_per_kapita_adhb,30541.2,ribu rupiah,D11,
3575,Kota Pasuruan,2016,pdrb_per_kapita_adhb,33435.3,ribu rupiah,D11,
3575,Kota Pasuruan,2017,pdrb_per_kapita_adhb,35940.0,ribu rupiah,D11,
3575,Kota Pasuruan,2018,pdrb_per_kapita_adhb,38714.0,ribu rupiah,D11,
3575,Kota Pasuruan,2019,pdrb_per_kapita_adhb,41324.6,ribu rupiah,D11,
3575,Kota Pasuruan,2020,pdrb_per_kapita_adhb,38774.0,ribu rupiah,D11,
3575,Kota Pasuruan,2021,pdrb_per_kapita_adhb,40372.0,ribu rupiah,D11,
3575,Kota Pasuruan,2022,pdrb_per_kapita_adhb,44302.5,ribu rupiah,D11,
3575,Kota Pasuruan,2023,pdrb_per_kapita_adhb,48057.8,ribu rupiah,D11,
3575,Kota Pasuruan,2024,pdrb_per_kapita_adhb,51087.4,ribu rupiah,D11,
3575,Kota Pasuruan,2025,pdrb_per_kapita_adhb,54005.6,ribu rupiah,D11,
3576,Kota Mojokerto,2010,pdrb_per_kapita_adhb,24764.4,ribu rupiah,D11,
3576,Kota Mojokerto,2011,pdrb_per_kapita_adhb,27252.1,ribu rupiah,D11,
3576,Kota Mojokerto,2012,pdrb_per_kapita_adhb,29886.1,ribu rupiah,D11,
3576,Kota Mojokerto,2013,pdrb_per_kapita_adhb,32600.5,ribu rupiah,D11,
3576,Kota Mojokerto,2014,pdrb_per_kapita_adhb,35502.0,ribu rupiah,D11,
3576,Kota Mojokerto,2015,pdrb_per_kapita_adhb,38835.2,ribu rupiah,D11,
3576,Kota Mojokerto,2016,pdrb_per_kapita_adhb,42492.3,ribu rupiah,D11,
3576,Kota Mojokerto,2017,pdrb_per_kapita_adhb,45791.0,ribu rupiah,D11,
3576,Kota Mojokerto,2018,pdrb_per_kapita_adhb,49370.0,ribu rupiah,D11,
3576,Kota Mojokerto,2019,pdrb_per_kapita_adhb,52536.1,ribu rupiah,D11,
3576,Kota Mojokerto,2020,pdrb_per_kapita_adhb,49840.4,ribu rupiah,D11,
3576,Kota Mojokerto,2021,pdrb_per_kapita_adhb,51961.6,ribu rupiah,D11,
3576,Kota Mojokerto,2022,pdrb_per_kapita_adhb,56648.2,ribu rupiah,D11,
3576,Kota Mojokerto,2023,pdrb_per_kapita_adhb,59061.3,ribu rupiah,D11,
3576,Kota Mojokerto,2024,pdrb_per_kapita_adhb,62683.9,ribu rupiah,D11,
3576,Kota Mojokerto,2025,pdrb_per_kapita_adhb,66235.4,ribu rupiah,D11,
3577,Kota Madiun,2010,pdrb_per_kapita_adhb,35499.3,ribu rupiah,D11,
3577,Kota Madiun,2011,pdrb_per_kapita_adhb,39596.1,ribu rupiah,D11,
3577,Kota Madiun,2012,pdrb_per_kapita_adhb,43575.4,ribu rupiah,D11,
3577,Kota Madiun,2013,pdrb_per_kapita_adhb,48188.9,ribu rupiah,D11,
3577,Kota Madiun,2014,pdrb_per_kapita_adhb,52833.1,ribu rupiah,D11,
3577,Kota Madiun,2015,pdrb_per_kapita_adhb,58240.4,ribu rupiah,D11,
3577,Kota Madiun,2016,pdrb_per_kapita_adhb,63696.5,ribu rupiah,D11,
3577,Kota Madiun,2017,pdrb_per_kapita_adhb,68779.0,ribu rupiah,D11,
3577,Kota Madiun,2018,pdrb_per_kapita_adhb,74302.0,ribu rupiah,D11,
3577,Kota Madiun,2019,pdrb_per_kapita_adhb,79653.9,ribu rupiah,D11,
3577,Kota Madiun,2020,pdrb_per_kapita_adhb,69463.1,ribu rupiah,D11,
3577,Kota Madiun,2021,pdrb_per_kapita_adhb,73502.0,ribu rupiah,D11,
3577,Kota Madiun,2022,pdrb_per_kapita_adhb,79816.6,ribu rupiah,D11,
3577,Kota Madiun,2023,pdrb_per_kapita_adhb,86285.0,ribu rupiah,D11,
3577,Kota Madiun,2024,pdrb_per_kapita_adhb,92449.2,ribu rupiah,D11,
3577,Kota Madiun,2025,pdrb_per_kapita_adhb,98078.5,ribu rupiah,D11,
3578,Kota Surabaya,2010,pdrb_per_kapita_adhb,83418.8,ribu rupiah,D11,
3578,Kota Surabaya,2011,pdrb_per_kapita_adhb,93861.1,ribu rupiah,D11,
3578,Kota Surabaya,2012,pdrb_per_kapita_adhb,104494.0,ribu rupiah,D11,
3578,Kota Surabaya,2013,pdrb_per_kapita_adhb,116162.4,ribu rupiah,D11,
3578,Kota Surabaya,2014,pdrb_per_kapita_adhb,128921.6,ribu rupiah,D11,
3578,Kota Surabaya,2015,pdrb_per_kapita_adhb,142604.6,ribu rupiah,D11,
3578,Kota Surabaya,2016,pdrb_per_kapita_adhb,157730.2,ribu rupiah,D11,
3578,Kota Surabaya,2017,pdrb_per_kapita_adhb,171505.0,ribu rupiah,D11,
3578,Kota Surabaya,2018,pdrb_per_kapita_adhb,186739.0,ribu rupiah,D11,
3578,Kota Surabaya,2019,pdrb_per_kapita_adhb,200358.8,ribu rupiah,D11,
3578,Kota Surabaya,2020,pdrb_per_kapita_adhb,193009.9,ribu rupiah,D11,
3578,Kota Surabaya,2021,pdrb_per_kapita_adhb,204410.6,ribu rupiah,D11,
3578,Kota Surabaya,2022,pdrb_per_kapita_adhb,226080.4,ribu rupiah,D11,
3578,Kota Surabaya,2023,pdrb_per_kapita_adhb,245684.8,ribu rupiah,D11,
3578,Kota Surabaya,2024,pdrb_per_kapita_adhb,264371.9,ribu rupiah,D11,
3578,Kota Surabaya,2025,pdrb_per_kapita_adhb,283306.1,ribu rupiah,D11,
3579,Kota Batu,2010,pdrb_per_kapita_adhb,34089.0,ribu rupiah,D11,
3579,Kota Batu,2011,pdrb_per_kapita_adhb,37938.2,ribu rupiah,D11,
3579,Kota Batu,2012,pdrb_per_kapita_adhb,41497.9,ribu rupiah,D11,
3579,Kota Batu,2013,pdrb_per_kapita_adhb,46274.9,ribu rupiah,D11,
3579,Kota Batu,2014,pdrb_per_kapita_adhb,51660.2,ribu rupiah,D11,
3579,Kota Batu,2015,pdrb_per_kapita_adhb,57408.4,ribu rupiah,D11,
3579,Kota Batu,2016,pdrb_per_kapita_adhb,63776.5,ribu rupiah,D11,
3579,Kota Batu,2017,pdrb_per_kapita_adhb,69812.0,ribu rupiah,D11,
3579,Kota Batu,2018,pdrb_per_kapita_adhb,76005.0,ribu rupiah,D11,
3579,Kota Batu,2019,pdrb_per_kapita_adhb,81461.4,ribu rupiah,D11,
3579,Kota Batu,2020,pdrb_per_kapita_adhb,74883.6,ribu rupiah,D11,
3579,Kota Batu,2021,pdrb_per_kapita_adhb,78330.9,ribu rupiah,D11,
3579,Kota Batu,2022,pdrb_per_kapita_adhb,85413.5,ribu rupiah,D11,
3579,Kota Batu,2023,pdrb_per_kapita_adhb,93214.3,ribu rupiah,D11,
3579,Kota Batu,2024,pdrb_per_kapita_adhb,99487.2,ribu rupiah,D11,
3579,Kota Batu,2025,pdrb_per_kapita_adhb,105197.5,ribu rupiah,D11,
3501,Kabupaten Pacitan,2020,pengeluaran_bukan_makanan,372964.26,rupiah/kapita/bulan,D18,
3501,Kabupaten Pacitan,2021,pengeluaran_bukan_makanan,303472.56,rupiah/kapita/bulan,D18,
3501,Kabupaten Pacitan,2022,pengeluaran_bukan_makanan,334514.53,rupiah/kapita/bulan,D18,
3501,Kabupaten Pacitan,2023,pengeluaran_bukan_makanan,447284.0,rupiah/kapita/bulan,D18,
3501,Kabupaten Pacitan,2024,pengeluaran_bukan_makanan,401499.0,rupiah/kapita/bulan,D18,
3501,Kabupaten Pacitan,2025,pengeluaran_bukan_makanan,477180.0,rupiah/kapita/bulan,D18,
3502,Kabupaten Ponorogo,2020,pengeluaran_bukan_makanan,559609.1,rupiah/kapita/bulan,D18,
3502,Kabupaten Ponorogo,2021,pengeluaran_bukan_makanan,472499.11,rupiah/kapita/bulan,D18,
3502,Kabupaten Ponorogo,2022,pengeluaran_bukan_makanan,471114.75,rupiah/kapita/bulan,D18,
3502,Kabupaten Ponorogo,2023,pengeluaran_bukan_makanan,579361.0,rupiah/kapita/bulan,D18,
3502,Kabupaten Ponorogo,2024,pengeluaran_bukan_makanan,545871.0,rupiah/kapita/bulan,D18,
3502,Kabupaten Ponorogo,2025,pengeluaran_bukan_makanan,638393.0,rupiah/kapita/bulan,D18,
3503,Kabupaten Trenggalek,2020,pengeluaran_bukan_makanan,439881.65,rupiah/kapita/bulan,D18,
3503,Kabupaten Trenggalek,2021,pengeluaran_bukan_makanan,372533.82,rupiah/kapita/bulan,D18,
3503,Kabupaten Trenggalek,2022,pengeluaran_bukan_makanan,400113.17,rupiah/kapita/bulan,D18,
3503,Kabupaten Trenggalek,2023,pengeluaran_bukan_makanan,455796.0,rupiah/kapita/bulan,D18,
3503,Kabupaten Trenggalek,2024,pengeluaran_bukan_makanan,468003.0,rupiah/kapita/bulan,D18,
3503,Kabupaten Trenggalek,2025,pengeluaran_bukan_makanan,489579.0,rupiah/kapita/bulan,D18,
3504,Kabupaten Tulungagung,2020,pengeluaran_bukan_makanan,528686.92,rupiah/kapita/bulan,D18,
3504,Kabupaten Tulungagung,2021,pengeluaran_bukan_makanan,528823.29,rupiah/kapita/bulan,D18,
3504,Kabupaten Tulungagung,2022,pengeluaran_bukan_makanan,529725.06,rupiah/kapita/bulan,D18,
3504,Kabupaten Tulungagung,2023,pengeluaran_bukan_makanan,584081.0,rupiah/kapita/bulan,D18,
3504,Kabupaten Tulungagung,2024,pengeluaran_bukan_makanan,516744.0,rupiah/kapita/bulan,D18,
3504,Kabupaten Tulungagung,2025,pengeluaran_bukan_makanan,511544.0,rupiah/kapita/bulan,D18,
3505,Kabupaten Blitar,2020,pengeluaran_bukan_makanan,466690.56,rupiah/kapita/bulan,D18,
3505,Kabupaten Blitar,2021,pengeluaran_bukan_makanan,458256.17,rupiah/kapita/bulan,D18,
3505,Kabupaten Blitar,2022,pengeluaran_bukan_makanan,466193.45,rupiah/kapita/bulan,D18,
3505,Kabupaten Blitar,2023,pengeluaran_bukan_makanan,534634.0,rupiah/kapita/bulan,D18,
3505,Kabupaten Blitar,2024,pengeluaran_bukan_makanan,543668.0,rupiah/kapita/bulan,D18,
3505,Kabupaten Blitar,2025,pengeluaran_bukan_makanan,749195.0,rupiah/kapita/bulan,D18,
3506,Kabupaten Kediri,2020,pengeluaran_bukan_makanan,439795.07,rupiah/kapita/bulan,D18,
3506,Kabupaten Kediri,2021,pengeluaran_bukan_makanan,449811.63,rupiah/kapita/bulan,D18,
3506,Kabupaten Kediri,2022,pengeluaran_bukan_makanan,500283.38,rupiah/kapita/bulan,D18,
3506,Kabupaten Kediri,2023,pengeluaran_bukan_makanan,464645.0,rupiah/kapita/bulan,D18,
3506,Kabupaten Kediri,2024,pengeluaran_bukan_makanan,457495.0,rupiah/kapita/bulan,D18,
3506,Kabupaten Kediri,2025,pengeluaran_bukan_makanan,520804.0,rupiah/kapita/bulan,D18,
3507,Kabupaten Malang,2020,pengeluaran_bukan_makanan,507778.58,rupiah/kapita/bulan,D18,
3507,Kabupaten Malang,2021,pengeluaran_bukan_makanan,484433.37,rupiah/kapita/bulan,D18,
3507,Kabupaten Malang,2022,pengeluaran_bukan_makanan,490747.23,rupiah/kapita/bulan,D18,
3507,Kabupaten Malang,2023,pengeluaran_bukan_makanan,579251.0,rupiah/kapita/bulan,D18,
3507,Kabupaten Malang,2024,pengeluaran_bukan_makanan,529858.0,rupiah/kapita/bulan,D18,
3507,Kabupaten Malang,2025,pengeluaran_bukan_makanan,578303.0,rupiah/kapita/bulan,D18,
3508,Kabupaten Lumajang,2020,pengeluaran_bukan_makanan,323100.19,rupiah/kapita/bulan,D18,
3508,Kabupaten Lumajang,2021,pengeluaran_bukan_makanan,425209.63,rupiah/kapita/bulan,D18,
3508,Kabupaten Lumajang,2022,pengeluaran_bukan_makanan,479759.99,rupiah/kapita/bulan,D18,
3508,Kabupaten Lumajang,2023,pengeluaran_bukan_makanan,597504.0,rupiah/kapita/bulan,D18,
3508,Kabupaten Lumajang,2024,pengeluaran_bukan_makanan,543266.0,rupiah/kapita/bulan,D18,
3508,Kabupaten Lumajang,2025,pengeluaran_bukan_makanan,435227.0,rupiah/kapita/bulan,D18,
3509,Kabupaten Jember,2020,pengeluaran_bukan_makanan,393163.13,rupiah/kapita/bulan,D18,
3509,Kabupaten Jember,2021,pengeluaran_bukan_makanan,438756.27,rupiah/kapita/bulan,D18,
3509,Kabupaten Jember,2022,pengeluaran_bukan_makanan,373585.31,rupiah/kapita/bulan,D18,
3509,Kabupaten Jember,2023,pengeluaran_bukan_makanan,484513.0,rupiah/kapita/bulan,D18,
3509,Kabupaten Jember,2024,pengeluaran_bukan_makanan,500910.0,rupiah/kapita/bulan,D18,
3509,Kabupaten Jember,2025,pengeluaran_bukan_makanan,501243.0,rupiah/kapita/bulan,D18,
3510,Kabupaten Banyuwangi,2020,pengeluaran_bukan_makanan,490987.1,rupiah/kapita/bulan,D18,
3510,Kabupaten Banyuwangi,2021,pengeluaran_bukan_makanan,637829.64,rupiah/kapita/bulan,D18,
3510,Kabupaten Banyuwangi,2022,pengeluaran_bukan_makanan,526351.72,rupiah/kapita/bulan,D18,
3510,Kabupaten Banyuwangi,2023,pengeluaran_bukan_makanan,661152.0,rupiah/kapita/bulan,D18,
3510,Kabupaten Banyuwangi,2024,pengeluaran_bukan_makanan,722269.0,rupiah/kapita/bulan,D18,
3510,Kabupaten Banyuwangi,2025,pengeluaran_bukan_makanan,706703.0,rupiah/kapita/bulan,D18,
3511,Kabupaten Bondowoso,2020,pengeluaran_bukan_makanan,367036.11,rupiah/kapita/bulan,D18,
3511,Kabupaten Bondowoso,2021,pengeluaran_bukan_makanan,377471.29,rupiah/kapita/bulan,D18,
3511,Kabupaten Bondowoso,2022,pengeluaran_bukan_makanan,436723.55,rupiah/kapita/bulan,D18,
3511,Kabupaten Bondowoso,2023,pengeluaran_bukan_makanan,480896.0,rupiah/kapita/bulan,D18,
3511,Kabupaten Bondowoso,2024,pengeluaran_bukan_makanan,464748.0,rupiah/kapita/bulan,D18,
3511,Kabupaten Bondowoso,2025,pengeluaran_bukan_makanan,475584.0,rupiah/kapita/bulan,D18,
3512,Kabupaten Situbondo,2020,pengeluaran_bukan_makanan,340941.67,rupiah/kapita/bulan,D18,
3512,Kabupaten Situbondo,2021,pengeluaran_bukan_makanan,376556.5,rupiah/kapita/bulan,D18,
3512,Kabupaten Situbondo,2022,pengeluaran_bukan_makanan,363869.32,rupiah/kapita/bulan,D18,
3512,Kabupaten Situbondo,2023,pengeluaran_bukan_makanan,452918.0,rupiah/kapita/bulan,D18,
3512,Kabupaten Situbondo,2024,pengeluaran_bukan_makanan,548612.0,rupiah/kapita/bulan,D18,
3512,Kabupaten Situbondo,2025,pengeluaran_bukan_makanan,450443.0,rupiah/kapita/bulan,D18,
3513,Kabupaten Probolinggo,2020,pengeluaran_bukan_makanan,379429.69,rupiah/kapita/bulan,D18,
3513,Kabupaten Probolinggo,2021,pengeluaran_bukan_makanan,351361.46,rupiah/kapita/bulan,D18,
3513,Kabupaten Probolinggo,2022,pengeluaran_bukan_makanan,315718.14,rupiah/kapita/bulan,D18,
3513,Kabupaten Probolinggo,2023,pengeluaran_bukan_makanan,402550.0,rupiah/kapita/bulan,D18,
3513,Kabupaten Probolinggo,2024,pengeluaran_bukan_makanan,459675.0,rupiah/kapita/bulan,D18,
3513,Kabupaten Probolinggo,2025,pengeluaran_bukan_makanan,468089.0,rupiah/kapita/bulan,D18,
3514,Kabupaten Pasuruan,2020,pengeluaran_bukan_makanan,484886.82,rupiah/kapita/bulan,D18,
3514,Kabupaten Pasuruan,2021,pengeluaran_bukan_makanan,418802.7,rupiah/kapita/bulan,D18,
3514,Kabupaten Pasuruan,2022,pengeluaran_bukan_makanan,433233.76,rupiah/kapita/bulan,D18,
3514,Kabupaten Pasuruan,2023,pengeluaran_bukan_makanan,528064.0,rupiah/kapita/bulan,D18,
3514,Kabupaten Pasuruan,2024,pengeluaran_bukan_makanan,507103.0,rupiah/kapita/bulan,D18,
3514,Kabupaten Pasuruan,2025,pengeluaran_bukan_makanan,474519.0,rupiah/kapita/bulan,D18,
3515,Kabupaten Sidoarjo,2020,pengeluaran_bukan_makanan,915416.44,rupiah/kapita/bulan,D18,
3515,Kabupaten Sidoarjo,2021,pengeluaran_bukan_makanan,949895.77,rupiah/kapita/bulan,D18,
3515,Kabupaten Sidoarjo,2022,pengeluaran_bukan_makanan,939105.65,rupiah/kapita/bulan,D18,
3515,Kabupaten Sidoarjo,2023,pengeluaran_bukan_makanan,1117683.0,rupiah/kapita/bulan,D18,
3515,Kabupaten Sidoarjo,2024,pengeluaran_bukan_makanan,1077398.0,rupiah/kapita/bulan,D18,
3515,Kabupaten Sidoarjo,2025,pengeluaran_bukan_makanan,1050587.0,rupiah/kapita/bulan,D18,
3516,Kabupaten Mojokerto,2020,pengeluaran_bukan_makanan,597767.13,rupiah/kapita/bulan,D18,
3516,Kabupaten Mojokerto,2021,pengeluaran_bukan_makanan,514400.89,rupiah/kapita/bulan,D18,
3516,Kabupaten Mojokerto,2022,pengeluaran_bukan_makanan,591978.99,rupiah/kapita/bulan,D18,
3516,Kabupaten Mojokerto,2023,pengeluaran_bukan_makanan,615585.0,rupiah/kapita/bulan,D18,
3516,Kabupaten Mojokerto,2024,pengeluaran_bukan_makanan,651955.0,rupiah/kapita/bulan,D18,
3516,Kabupaten Mojokerto,2025,pengeluaran_bukan_makanan,673129.0,rupiah/kapita/bulan,D18,
3517,Kabupaten Jombang,2020,pengeluaran_bukan_makanan,494049.74,rupiah/kapita/bulan,D18,
3517,Kabupaten Jombang,2021,pengeluaran_bukan_makanan,494622.45,rupiah/kapita/bulan,D18,
3517,Kabupaten Jombang,2022,pengeluaran_bukan_makanan,470539.76,rupiah/kapita/bulan,D18,
3517,Kabupaten Jombang,2023,pengeluaran_bukan_makanan,533313.0,rupiah/kapita/bulan,D18,
3517,Kabupaten Jombang,2024,pengeluaran_bukan_makanan,515412.0,rupiah/kapita/bulan,D18,
3517,Kabupaten Jombang,2025,pengeluaran_bukan_makanan,522345.0,rupiah/kapita/bulan,D18,
3518,Kabupaten Nganjuk,2020,pengeluaran_bukan_makanan,410690.17,rupiah/kapita/bulan,D18,
3518,Kabupaten Nganjuk,2021,pengeluaran_bukan_makanan,425701.68,rupiah/kapita/bulan,D18,
3518,Kabupaten Nganjuk,2022,pengeluaran_bukan_makanan,440496.68,rupiah/kapita/bulan,D18,
3518,Kabupaten Nganjuk,2023,pengeluaran_bukan_makanan,521845.0,rupiah/kapita/bulan,D18,
3518,Kabupaten Nganjuk,2024,pengeluaran_bukan_makanan,538109.0,rupiah/kapita/bulan,D18,
3518,Kabupaten Nganjuk,2025,pengeluaran_bukan_makanan,559795.0,rupiah/kapita/bulan,D18,
3519,Kabupaten Madiun,2020,pengeluaran_bukan_makanan,468957.64,rupiah/kapita/bulan,D18,
3519,Kabupaten Madiun,2021,pengeluaran_bukan_makanan,418303.46,rupiah/kapita/bulan,D18,
3519,Kabupaten Madiun,2022,pengeluaran_bukan_makanan,462927.93,rupiah/kapita/bulan,D18,
3519,Kabupaten Madiun,2023,pengeluaran_bukan_makanan,482036.0,rupiah/kapita/bulan,D18,
3519,Kabupaten Madiun,2024,pengeluaran_bukan_makanan,502877.0,rupiah/kapita/bulan,D18,
3519,Kabupaten Madiun,2025,pengeluaran_bukan_makanan,544040.0,rupiah/kapita/bulan,D18,
3520,Kabupaten Magetan,2020,pengeluaran_bukan_makanan,480351.68,rupiah/kapita/bulan,D18,
3520,Kabupaten Magetan,2021,pengeluaran_bukan_makanan,484232.88,rupiah/kapita/bulan,D18,
3520,Kabupaten Magetan,2022,pengeluaran_bukan_makanan,496690.47,rupiah/kapita/bulan,D18,
3520,Kabupaten Magetan,2023,pengeluaran_bukan_makanan,613417.0,rupiah/kapita/bulan,D18,
3520,Kabupaten Magetan,2024,pengeluaran_bukan_makanan,565201.0,rupiah/kapita/bulan,D18,
3520,Kabupaten Magetan,2025,pengeluaran_bukan_makanan,651432.0,rupiah/kapita/bulan,D18,
3521,Kabupaten Ngawi,2020,pengeluaran_bukan_makanan,386601.47,rupiah/kapita/bulan,D18,
3521,Kabupaten Ngawi,2021,pengeluaran_bukan_makanan,402450.57,rupiah/kapita/bulan,D18,
3521,Kabupaten Ngawi,2022,pengeluaran_bukan_makanan,391069.12,rupiah/kapita/bulan,D18,
3521,Kabupaten Ngawi,2023,pengeluaran_bukan_makanan,433110.0,rupiah/kapita/bulan,D18,
3521,Kabupaten Ngawi,2024,pengeluaran_bukan_makanan,508582.0,rupiah/kapita/bulan,D18,
3521,Kabupaten Ngawi,2025,pengeluaran_bukan_makanan,511536.0,rupiah/kapita/bulan,D18,
3522,Kabupaten Bojonegoro,2020,pengeluaran_bukan_makanan,430561.0,rupiah/kapita/bulan,D18,
3522,Kabupaten Bojonegoro,2021,pengeluaran_bukan_makanan,463398.56,rupiah/kapita/bulan,D18,
3522,Kabupaten Bojonegoro,2022,pengeluaran_bukan_makanan,403282.6,rupiah/kapita/bulan,D18,
3522,Kabupaten Bojonegoro,2023,pengeluaran_bukan_makanan,469369.0,rupiah/kapita/bulan,D18,
3522,Kabupaten Bojonegoro,2024,pengeluaran_bukan_makanan,517579.0,rupiah/kapita/bulan,D18,
3522,Kabupaten Bojonegoro,2025,pengeluaran_bukan_makanan,527034.0,rupiah/kapita/bulan,D18,
3523,Kabupaten Tuban,2020,pengeluaran_bukan_makanan,420257.21,rupiah/kapita/bulan,D18,
3523,Kabupaten Tuban,2021,pengeluaran_bukan_makanan,478776.15,rupiah/kapita/bulan,D18,
3523,Kabupaten Tuban,2022,pengeluaran_bukan_makanan,580619.96,rupiah/kapita/bulan,D18,
3523,Kabupaten Tuban,2023,pengeluaran_bukan_makanan,584519.0,rupiah/kapita/bulan,D18,
3523,Kabupaten Tuban,2024,pengeluaran_bukan_makanan,588295.0,rupiah/kapita/bulan,D18,
3523,Kabupaten Tuban,2025,pengeluaran_bukan_makanan,605214.0,rupiah/kapita/bulan,D18,
3524,Kabupaten Lamongan,2020,pengeluaran_bukan_makanan,482973.41,rupiah/kapita/bulan,D18,
3524,Kabupaten Lamongan,2021,pengeluaran_bukan_makanan,513879.05,rupiah/kapita/bulan,D18,
3524,Kabupaten Lamongan,2022,pengeluaran_bukan_makanan,520490.51,rupiah/kapita/bulan,D18,
3524,Kabupaten Lamongan,2023,pengeluaran_bukan_makanan,633059.0,rupiah/kapita/bulan,D18,
3524,Kabupaten Lamongan,2024,pengeluaran_bukan_makanan,610344.0,rupiah/kapita/bulan,D18,
3524,Kabupaten Lamongan,2025,pengeluaran_bukan_makanan,656775.0,rupiah/kapita/bulan,D18,
3525,Kabupaten Gresik,2020,pengeluaran_bukan_makanan,700011.87,rupiah/kapita/bulan,D18,
3525,Kabupaten Gresik,2021,pengeluaran_bukan_makanan,678409.46,rupiah/kapita/bulan,D18,
3525,Kabupaten Gresik,2022,pengeluaran_bukan_makanan,699906.67,rupiah/kapita/bulan,D18,
3525,Kabupaten Gresik,2023,pengeluaran_bukan_makanan,868981.0,rupiah/kapita/bulan,D18,
3525,Kabupaten Gresik,2024,pengeluaran_bukan_makanan,927459.0,rupiah/kapita/bulan,D18,
3525,Kabupaten Gresik,2025,pengeluaran_bukan_makanan,991639.0,rupiah/kapita/bulan,D18,
3526,Kabupaten Bangkalan,2020,pengeluaran_bukan_makanan,311142.08,rupiah/kapita/bulan,D18,
3526,Kabupaten Bangkalan,2021,pengeluaran_bukan_makanan,247650.46,rupiah/kapita/bulan,D18,
3526,Kabupaten Bangkalan,2022,pengeluaran_bukan_makanan,274616.26,rupiah/kapita/bulan,D18,
3526,Kabupaten Bangkalan,2023,pengeluaran_bukan_makanan,303355.0,rupiah/kapita/bulan,D18,
3526,Kabupaten Bangkalan,2024,pengeluaran_bukan_makanan,297742.0,rupiah/kapita/bulan,D18,
3526,Kabupaten Bangkalan,2025,pengeluaran_bukan_makanan,315639.0,rupiah/kapita/bulan,D18,
3527,Kabupaten Sampang,2020,pengeluaran_bukan_makanan,247837.11,rupiah/kapita/bulan,D18,
3527,Kabupaten Sampang,2021,pengeluaran_bukan_makanan,247575.48,rupiah/kapita/bulan,D18,
3527,Kabupaten Sampang,2022,pengeluaran_bukan_makanan,288433.15,rupiah/kapita/bulan,D18,
3527,Kabupaten Sampang,2023,pengeluaran_bukan_makanan,283911.0,rupiah/kapita/bulan,D18,
3527,Kabupaten Sampang,2024,pengeluaran_bukan_makanan,326840.0,rupiah/kapita/bulan,D18,
3527,Kabupaten Sampang,2025,pengeluaran_bukan_makanan,316368.0,rupiah/kapita/bulan,D18,
3528,Kabupaten Pamekasan,2020,pengeluaran_bukan_makanan,297369.15,rupiah/kapita/bulan,D18,
3528,Kabupaten Pamekasan,2021,pengeluaran_bukan_makanan,284785.47,rupiah/kapita/bulan,D18,
3528,Kabupaten Pamekasan,2022,pengeluaran_bukan_makanan,296267.99,rupiah/kapita/bulan,D18,
3528,Kabupaten Pamekasan,2023,pengeluaran_bukan_makanan,387945.0,rupiah/kapita/bulan,D18,
3528,Kabupaten Pamekasan,2024,pengeluaran_bukan_makanan,334089.0,rupiah/kapita/bulan,D18,
3528,Kabupaten Pamekasan,2025,pengeluaran_bukan_makanan,487698.0,rupiah/kapita/bulan,D18,
3529,Kabupaten Sumenep,2020,pengeluaran_bukan_makanan,342688.6,rupiah/kapita/bulan,D18,
3529,Kabupaten Sumenep,2021,pengeluaran_bukan_makanan,426956.24,rupiah/kapita/bulan,D18,
3529,Kabupaten Sumenep,2022,pengeluaran_bukan_makanan,529712.81,rupiah/kapita/bulan,D18,
3529,Kabupaten Sumenep,2023,pengeluaran_bukan_makanan,634659.0,rupiah/kapita/bulan,D18,
3529,Kabupaten Sumenep,2024,pengeluaran_bukan_makanan,633248.0,rupiah/kapita/bulan,D18,
3529,Kabupaten Sumenep,2025,pengeluaran_bukan_makanan,677204.0,rupiah/kapita/bulan,D18,
3571,Kota Kediri,2020,pengeluaran_bukan_makanan,688322.62,rupiah/kapita/bulan,D18,
3571,Kota Kediri,2021,pengeluaran_bukan_makanan,861305.71,rupiah/kapita/bulan,D18,
3571,Kota Kediri,2022,pengeluaran_bukan_makanan,846211.71,rupiah/kapita/bulan,D18,
3571,Kota Kediri,2023,pengeluaran_bukan_makanan,976022.0,rupiah/kapita/bulan,D18,
3571,Kota Kediri,2024,pengeluaran_bukan_makanan,808902.0,rupiah/kapita/bulan,D18,
3571,Kota Kediri,2025,pengeluaran_bukan_makanan,864955.0,rupiah/kapita/bulan,D18,
3572,Kota Blitar,2020,pengeluaran_bukan_makanan,771865.35,rupiah/kapita/bulan,D18,
3572,Kota Blitar,2021,pengeluaran_bukan_makanan,873911.04,rupiah/kapita/bulan,D18,
3572,Kota Blitar,2022,pengeluaran_bukan_makanan,852846.46,rupiah/kapita/bulan,D18,
3572,Kota Blitar,2023,pengeluaran_bukan_makanan,921000.0,rupiah/kapita/bulan,D18,
3572,Kota Blitar,2024,pengeluaran_bukan_makanan,772419.0,rupiah/kapita/bulan,D18,
3572,Kota Blitar,2025,pengeluaran_bukan_makanan,867315.0,rupiah/kapita/bulan,D18,
3573,Kota Malang,2020,pengeluaran_bukan_makanan,1097699.71,rupiah/kapita/bulan,D18,
3573,Kota Malang,2021,pengeluaran_bukan_makanan,1098119.27,rupiah/kapita/bulan,D18,
3573,Kota Malang,2022,pengeluaran_bukan_makanan,1163562.82,rupiah/kapita/bulan,D18,
3573,Kota Malang,2023,pengeluaran_bukan_makanan,1246896.0,rupiah/kapita/bulan,D18,
3573,Kota Malang,2024,pengeluaran_bukan_makanan,1216256.0,rupiah/kapita/bulan,D18,
3573,Kota Malang,2025,pengeluaran_bukan_makanan,1126221.0,rupiah/kapita/bulan,D18,
3574,Kota Probolinggo,2020,pengeluaran_bukan_makanan,699473.5,rupiah/kapita/bulan,D18,
3574,Kota Probolinggo,2021,pengeluaran_bukan_makanan,796269.84,rupiah/kapita/bulan,D18,
3574,Kota Probolinggo,2022,pengeluaran_bukan_makanan,810501.28,rupiah/kapita/bulan,D18,
3574,Kota Probolinggo,2023,pengeluaran_bukan_makanan,876028.0,rupiah/kapita/bulan,D18,
3574,Kota Probolinggo,2024,pengeluaran_bukan_makanan,866130.0,rupiah/kapita/bulan,D18,
3574,Kota Probolinggo,2025,pengeluaran_bukan_makanan,911977.0,rupiah/kapita/bulan,D18,
3575,Kota Pasuruan,2020,pengeluaran_bukan_makanan,573519.55,rupiah/kapita/bulan,D18,
3575,Kota Pasuruan,2021,pengeluaran_bukan_makanan,707963.64,rupiah/kapita/bulan,D18,
3575,Kota Pasuruan,2022,pengeluaran_bukan_makanan,806118.8,rupiah/kapita/bulan,D18,
3575,Kota Pasuruan,2023,pengeluaran_bukan_makanan,785161.0,rupiah/kapita/bulan,D18,
3575,Kota Pasuruan,2024,pengeluaran_bukan_makanan,759857.0,rupiah/kapita/bulan,D18,
3575,Kota Pasuruan,2025,pengeluaran_bukan_makanan,870822.0,rupiah/kapita/bulan,D18,
3576,Kota Mojokerto,2020,pengeluaran_bukan_makanan,770511.26,rupiah/kapita/bulan,D18,
3576,Kota Mojokerto,2021,pengeluaran_bukan_makanan,838397.51,rupiah/kapita/bulan,D18,
3576,Kota Mojokerto,2022,pengeluaran_bukan_makanan,932628.66,rupiah/kapita/bulan,D18,
3576,Kota Mojokerto,2023,pengeluaran_bukan_makanan,890527.0,rupiah/kapita/bulan,D18,
3576,Kota Mojokerto,2024,pengeluaran_bukan_makanan,917901.0,rupiah/kapita/bulan,D18,
3576,Kota Mojokerto,2025,pengeluaran_bukan_makanan,853597.0,rupiah/kapita/bulan,D18,
3577,Kota Madiun,2020,pengeluaran_bukan_makanan,914507.01,rupiah/kapita/bulan,D18,
3577,Kota Madiun,2021,pengeluaran_bukan_makanan,916467.18,rupiah/kapita/bulan,D18,
3577,Kota Madiun,2022,pengeluaran_bukan_makanan,1034318.42,rupiah/kapita/bulan,D18,
3577,Kota Madiun,2023,pengeluaran_bukan_makanan,1185275.0,rupiah/kapita/bulan,D18,
3577,Kota Madiun,2024,pengeluaran_bukan_makanan,1192130.0,rupiah/kapita/bulan,D18,
3577,Kota Madiun,2025,pengeluaran_bukan_makanan,1079651.0,rupiah/kapita/bulan,D18,
3578,Kota Surabaya,2020,pengeluaran_bukan_makanan,1101421.13,rupiah/kapita/bulan,D18,
3578,Kota Surabaya,2021,pengeluaran_bukan_makanan,1141846.49,rupiah/kapita/bulan,D18,
3578,Kota Surabaya,2022,pengeluaran_bukan_makanan,1149823.65,rupiah/kapita/bulan,D18,
3578,Kota Surabaya,2023,pengeluaran_bukan_makanan,1497216.0,rupiah/kapita/bulan,D18,
3578,Kota Surabaya,2024,pengeluaran_bukan_makanan,1541008.0,rupiah/kapita/bulan,D18,
3578,Kota Surabaya,2025,pengeluaran_bukan_makanan,1759084.0,rupiah/kapita/bulan,D18,
3579,Kota Batu,2020,pengeluaran_bukan_makanan,770883.63,rupiah/kapita/bulan,D18,
3579,Kota Batu,2021,pengeluaran_bukan_makanan,754178.4,rupiah/kapita/bulan,D18,
3579,Kota Batu,2022,pengeluaran_bukan_makanan,751664.0,rupiah/kapita/bulan,D18,
3579,Kota Batu,2023,pengeluaran_bukan_makanan,1054934.0,rupiah/kapita/bulan,D18,perlu_verifikasi
3579,Kota Batu,2024,pengeluaran_bukan_makanan,968134.0,rupiah/kapita/bulan,D18,
3579,Kota Batu,2025,pengeluaran_bukan_makanan,1054934.0,rupiah/kapita/bulan,D18,perlu_verifikasi
3501,Kabupaten Pacitan,2020,pengeluaran_makanan,416124.73,rupiah/kapita/bulan,D18,
3501,Kabupaten Pacitan,2021,pengeluaran_makanan,385890.0,rupiah/kapita/bulan,D18,
3501,Kabupaten Pacitan,2022,pengeluaran_makanan,428206.0,rupiah/kapita/bulan,D18,
3501,Kabupaten Pacitan,2023,pengeluaran_makanan,486370.0,rupiah/kapita/bulan,D18,
3501,Kabupaten Pacitan,2024,pengeluaran_makanan,520500.0,rupiah/kapita/bulan,D18,
3501,Kabupaten Pacitan,2025,pengeluaran_makanan,534501.0,rupiah/kapita/bulan,D18,
3502,Kabupaten Ponorogo,2020,pengeluaran_makanan,458674.26,rupiah/kapita/bulan,D18,
3502,Kabupaten Ponorogo,2021,pengeluaran_makanan,450919.79,rupiah/kapita/bulan,D18,
3502,Kabupaten Ponorogo,2022,pengeluaran_makanan,491339.62,rupiah/kapita/bulan,D18,
3502,Kabupaten Ponorogo,2023,pengeluaran_makanan,557950.0,rupiah/kapita/bulan,D18,
3502,Kabupaten Ponorogo,2024,pengeluaran_makanan,543502.0,rupiah/kapita/bulan,D18,
3502,Kabupaten Ponorogo,2025,pengeluaran_makanan,636033.0,rupiah/kapita/bulan,D18,
3503,Kabupaten Trenggalek,2020,pengeluaran_makanan,423843.05,rupiah/kapita/bulan,D18,
3503,Kabupaten Trenggalek,2021,pengeluaran_makanan,418704.98,rupiah/kapita/bulan,D18,
3503,Kabupaten Trenggalek,2022,pengeluaran_makanan,459763.58,rupiah/kapita/bulan,D18,
3503,Kabupaten Trenggalek,2023,pengeluaran_makanan,499323.0,rupiah/kapita/bulan,D18,
3503,Kabupaten Trenggalek,2024,pengeluaran_makanan,500993.0,rupiah/kapita/bulan,D18,
3503,Kabupaten Trenggalek,2025,pengeluaran_makanan,575710.0,rupiah/kapita/bulan,D18,
3504,Kabupaten Tulungagung,2020,pengeluaran_makanan,504173.21,rupiah/kapita/bulan,D18,
3504,Kabupaten Tulungagung,2021,pengeluaran_makanan,545930.23,rupiah/kapita/bulan,D18,
3504,Kabupaten Tulungagung,2022,pengeluaran_makanan,670291.46,rupiah/kapita/bulan,D18,
3504,Kabupaten Tulungagung,2023,pengeluaran_makanan,593856.0,rupiah/kapita/bulan,D18,
3504,Kabupaten Tulungagung,2024,pengeluaran_makanan,561154.0,rupiah/kapita/bulan,D18,
3504,Kabupaten Tulungagung,2025,pengeluaran_makanan,616718.0,rupiah/kapita/bulan,D18,
3505,Kabupaten Blitar,2020,pengeluaran_makanan,418784.61,rupiah/kapita/bulan,D18,
3505,Kabupaten Blitar,2021,pengeluaran_makanan,473965.5,rupiah/kapita/bulan,D18,
3505,Kabupaten Blitar,2022,pengeluaran_makanan,479054.47,rupiah/kapita/bulan,D18,
3505,Kabupaten Blitar,2023,pengeluaran_makanan,518580.0,rupiah/kapita/bulan,D18,
3505,Kabupaten Blitar,2024,pengeluaran_makanan,543633.0,rupiah/kapita/bulan,D18,
3505,Kabupaten Blitar,2025,pengeluaran_makanan,683143.0,rupiah/kapita/bulan,D18,
3506,Kabupaten Kediri,2020,pengeluaran_makanan,457247.09,rupiah/kapita/bulan,D18,
3506,Kabupaten Kediri,2021,pengeluaran_makanan,492551.43,rupiah/kapita/bulan,D18,
3506,Kabupaten Kediri,2022,pengeluaran_makanan,581309.37,rupiah/kapita/bulan,D18,
3506,Kabupaten Kediri,2023,pengeluaran_makanan,577205.0,rupiah/kapita/bulan,D18,
3506,Kabupaten Kediri,2024,pengeluaran_makanan,587238.0,rupiah/kapita/bulan,D18,
3506,Kabupaten Kediri,2025,pengeluaran_makanan,613058.0,rupiah/kapita/bulan,D18,
3507,Kabupaten Malang,2020,pengeluaran_makanan,450081.62,rupiah/kapita/bulan,D18,
3507,Kabupaten Malang,2021,pengeluaran_makanan,489609.88,rupiah/kapita/bulan,D18,
3507,Kabupaten Malang,2022,pengeluaran_makanan,505171.77,rupiah/kapita/bulan,D18,
3507,Kabupaten Malang,2023,pengeluaran_makanan,618371.0,rupiah/kapita/bulan,D18,
3507,Kabupaten Malang,2024,pengeluaran_makanan,631096.0,rupiah/kapita/bulan,D18,
3507,Kabupaten Malang,2025,pengeluaran_makanan,619374.0,rupiah/kapita/bulan,D18,
3508,Kabupaten Lumajang,2020,pengeluaran_makanan,433284.11,rupiah/kapita/bulan,D18,
3508,Kabupaten Lumajang,2021,pengeluaran_makanan,571290.48,rupiah/kapita/bulan,D18,
3508,Kabupaten Lumajang,2022,pengeluaran_makanan,627259.51,rupiah/kapita/bulan,D18,
3508,Kabupaten Lumajang,2023,pengeluaran_makanan,718784.0,rupiah/kapita/bulan,D18,
3508,Kabupaten Lumajang,2024,pengeluaran_makanan,731211.0,rupiah/kapita/bulan,D18,
3508,Kabupaten Lumajang,2025,pengeluaran_makanan,694707.0,rupiah/kapita/bulan,D18,
3509,Kabupaten Jember,2020,pengeluaran_makanan,482798.98,rupiah/kapita/bulan,D18,
3509,Kabupaten Jember,2021,pengeluaran_makanan,497730.8,rupiah/kapita/bulan,D18,
3509,Kabupaten Jember,2022,pengeluaran_makanan,517006.5,rupiah/kapita/bulan,D18,
3509,Kabupaten Jember,2023,pengeluaran_makanan,569040.0,rupiah/kapita/bulan,D18,
3509,Kabupaten Jember,2024,pengeluaran_makanan,610281.0,rupiah/kapita/bulan,D18,
3509,Kabupaten Jember,2025,pengeluaran_makanan,610853.0,rupiah/kapita/bulan,D18,
3510,Kabupaten Banyuwangi,2020,pengeluaran_makanan,499811.88,rupiah/kapita/bulan,D18,
3510,Kabupaten Banyuwangi,2021,pengeluaran_makanan,550554.9,rupiah/kapita/bulan,D18,
3510,Kabupaten Banyuwangi,2022,pengeluaran_makanan,567864.87,rupiah/kapita/bulan,D18,
3510,Kabupaten Banyuwangi,2023,pengeluaran_makanan,642992.0,rupiah/kapita/bulan,D18,
3510,Kabupaten Banyuwangi,2024,pengeluaran_makanan,794027.0,rupiah/kapita/bulan,D18,
3510,Kabupaten Banyuwangi,2025,pengeluaran_makanan,728123.0,rupiah/kapita/bulan,D18,
3511,Kabupaten Bondowoso,2020,pengeluaran_makanan,440710.41,rupiah/kapita/bulan,D18,
3511,Kabupaten Bondowoso,2021,pengeluaran_makanan,477034.27,rupiah/kapita/bulan,D18,
3511,Kabupaten Bondowoso,2022,pengeluaran_makanan,482787.33,rupiah/kapita/bulan,D18,
3511,Kabupaten Bondowoso,2023,pengeluaran_makanan,554571.0,rupiah/kapita/bulan,D18,
3511,Kabupaten Bondowoso,2024,pengeluaran_makanan,625529.0,rupiah/kapita/bulan,D18,
3511,Kabupaten Bondowoso,2025,pengeluaran_makanan,612528.0,rupiah/kapita/bulan,D18,
3512,Kabupaten Situbondo,2020,pengeluaran_makanan,432954.48,rupiah/kapita/bulan,D18,
3512,Kabupaten Situbondo,2021,pengeluaran_makanan,492349.22,rupiah/kapita/bulan,D18,
3512,Kabupaten Situbondo,2022,pengeluaran_makanan,496304.7,rupiah/kapita/bulan,D18,
3512,Kabupaten Situbondo,2023,pengeluaran_makanan,548337.0,rupiah/kapita/bulan,D18,
3512,Kabupaten Situbondo,2024,pengeluaran_makanan,590252.0,rupiah/kapita/bulan,D18,
3512,Kabupaten Situbondo,2025,pengeluaran_makanan,521268.0,rupiah/kapita/bulan,D18,
3513,Kabupaten Probolinggo,2020,pengeluaran_makanan,479768.44,rupiah/kapita/bulan,D18,
3513,Kabupaten Probolinggo,2021,pengeluaran_makanan,452521.56,rupiah/kapita/bulan,D18,
3513,Kabupaten Probolinggo,2022,pengeluaran_makanan,474668.71,rupiah/kapita/bulan,D18,
3513,Kabupaten Probolinggo,2023,pengeluaran_makanan,518809.0,rupiah/kapita/bulan,D18,
3513,Kabupaten Probolinggo,2024,pengeluaran_makanan,589486.0,rupiah/kapita/bulan,D18,
3513,Kabupaten Probolinggo,2025,pengeluaran_makanan,603436.0,rupiah/kapita/bulan,D18,
3514,Kabupaten Pasuruan,2020,pengeluaran_makanan,529155.99,rupiah/kapita/bulan,D18,
3514,Kabupaten Pasuruan,2021,pengeluaran_makanan,548666.05,rupiah/kapita/bulan,D18,
3514,Kabupaten Pasuruan,2022,pengeluaran_makanan,574004.96,rupiah/kapita/bulan,D18,
3514,Kabupaten Pasuruan,2023,pengeluaran_makanan,608993.0,rupiah/kapita/bulan,D18,
3514,Kabupaten Pasuruan,2024,pengeluaran_makanan,633030.0,rupiah/kapita/bulan,D18,
3514,Kabupaten Pasuruan,2025,pengeluaran_makanan,681924.0,rupiah/kapita/bulan,D18,
3515,Kabupaten Sidoarjo,2020,pengeluaran_makanan,687465.17,rupiah/kapita/bulan,D18,
3515,Kabupaten Sidoarjo,2021,pengeluaran_makanan,753079.58,rupiah/kapita/bulan,D18,
3515,Kabupaten Sidoarjo,2022,pengeluaran_makanan,759940.77,rupiah/kapita/bulan,D18,
3515,Kabupaten Sidoarjo,2023,pengeluaran_makanan,824954.0,rupiah/kapita/bulan,D18,
3515,Kabupaten Sidoarjo,2024,pengeluaran_makanan,881850.0,rupiah/kapita/bulan,D18,
3515,Kabupaten Sidoarjo,2025,pengeluaran_makanan,876237.0,rupiah/kapita/bulan,D18,
3516,Kabupaten Mojokerto,2020,pengeluaran_makanan,608467.45,rupiah/kapita/bulan,D18,
3516,Kabupaten Mojokerto,2021,pengeluaran_makanan,638190.89,rupiah/kapita/bulan,D18,
3516,Kabupaten Mojokerto,2022,pengeluaran_makanan,675297.02,rupiah/kapita/bulan,D18,
3516,Kabupaten Mojokerto,2023,pengeluaran_makanan,739483.0,rupiah/kapita/bulan,D18,
3516,Kabupaten Mojokerto,2024,pengeluaran_makanan,693059.0,rupiah/kapita/bulan,D18,
3516,Kabupaten Mojokerto,2025,pengeluaran_makanan,766105.0,rupiah/kapita/bulan,D18,
3517,Kabupaten Jombang,2020,pengeluaran_makanan,506896.84,rupiah/kapita/bulan,D18,
3517,Kabupaten Jombang,2021,pengeluaran_makanan,550236.33,rupiah/kapita/bulan,D18,
3517,Kabupaten Jombang,2022,pengeluaran_makanan,597518.37,rupiah/kapita/bulan,D18,
3517,Kabupaten Jombang,2023,pengeluaran_makanan,593500.0,rupiah/kapita/bulan,D18,
3517,Kabupaten Jombang,2024,pengeluaran_makanan,642604.0,rupiah/kapita/bulan,D18,
3517,Kabupaten Jombang,2025,pengeluaran_makanan,637170.0,rupiah/kapita/bulan,D18,
3518,Kabupaten Nganjuk,2020,pengeluaran_makanan,470127.48,rupiah/kapita/bulan,D18,
3518,Kabupaten Nganjuk,2021,pengeluaran_makanan,519725.8,rupiah/kapita/bulan,D18,
3518,Kabupaten Nganjuk,2022,pengeluaran_makanan,525825.34,rupiah/kapita/bulan,D18,
3518,Kabupaten Nganjuk,2023,pengeluaran_makanan,581282.0,rupiah/kapita/bulan,D18,
3518,Kabupaten Nganjuk,2024,pengeluaran_makanan,653635.0,rupiah/kapita/bulan,D18,
3518,Kabupaten Nganjuk,2025,pengeluaran_makanan,640577.0,rupiah/kapita/bulan,D18,
3519,Kabupaten Madiun,2020,pengeluaran_makanan,448200.15,rupiah/kapita/bulan,D18,
3519,Kabupaten Madiun,2021,pengeluaran_makanan,448640.57,rupiah/kapita/bulan,D18,
3519,Kabupaten Madiun,2022,pengeluaran_makanan,488619.38,rupiah/kapita/bulan,D18,
3519,Kabupaten Madiun,2023,pengeluaran_makanan,528863.0,rupiah/kapita/bulan,D18,
3519,Kabupaten Madiun,2024,pengeluaran_makanan,596261.0,rupiah/kapita/bulan,D18,
3519,Kabupaten Madiun,2025,pengeluaran_makanan,652289.0,rupiah/kapita/bulan,D18,
3520,Kabupaten Magetan,2020,pengeluaran_makanan,461372.3,rupiah/kapita/bulan,D18,
3520,Kabupaten Magetan,2021,pengeluaran_makanan,488179.14,rupiah/kapita/bulan,D18,
3520,Kabupaten Magetan,2022,pengeluaran_makanan,549483.28,rupiah/kapita/bulan,D18,
3520,Kabupaten Magetan,2023,pengeluaran_makanan,564058.0,rupiah/kapita/bulan,D18,
3520,Kabupaten Magetan,2024,pengeluaran_makanan,569804.0,rupiah/kapita/bulan,D18,
3520,Kabupaten Magetan,2025,pengeluaran_makanan,658252.0,rupiah/kapita/bulan,D18,
3521,Kabupaten Ngawi,2020,pengeluaran_makanan,430665.93,rupiah/kapita/bulan,D18,
3521,Kabupaten Ngawi,2021,pengeluaran_makanan,459742.43,rupiah/kapita/bulan,D18,
3521,Kabupaten Ngawi,2022,pengeluaran_makanan,456207.38,rupiah/kapita/bulan,D18,
3521,Kabupaten Ngawi,2023,pengeluaran_makanan,535190.0,rupiah/kapita/bulan,D18,
3521,Kabupaten Ngawi,2024,pengeluaran_makanan,704185.0,rupiah/kapita/bulan,D18,
3521,Kabupaten Ngawi,2025,pengeluaran_makanan,660109.0,rupiah/kapita/bulan,D18,
3522,Kabupaten Bojonegoro,2020,pengeluaran_makanan,473456.88,rupiah/kapita/bulan,D18,
3522,Kabupaten Bojonegoro,2021,pengeluaran_makanan,488003.16,rupiah/kapita/bulan,D18,
3522,Kabupaten Bojonegoro,2022,pengeluaran_makanan,518922.31,rupiah/kapita/bulan,D18,
3522,Kabupaten Bojonegoro,2023,pengeluaran_makanan,591449.0,rupiah/kapita/bulan,D18,
3522,Kabupaten Bojonegoro,2024,pengeluaran_makanan,598570.0,rupiah/kapita/bulan,D18,
3522,Kabupaten Bojonegoro,2025,pengeluaran_makanan,661954.0,rupiah/kapita/bulan,D18,
3523,Kabupaten Tuban,2020,pengeluaran_makanan,470367.17,rupiah/kapita/bulan,D18,
3523,Kabupaten Tuban,2021,pengeluaran_makanan,521108.72,rupiah/kapita/bulan,D18,
3523,Kabupaten Tuban,2022,pengeluaran_makanan,658688.93,rupiah/kapita/bulan,D18,
3523,Kabupaten Tuban,2023,pengeluaran_makanan,682590.0,rupiah/kapita/bulan,D18,
3523,Kabupaten Tuban,2024,pengeluaran_makanan,676531.0,rupiah/kapita/bulan,D18,
3523,Kabupaten Tuban,2025,pengeluaran_makanan,710899.0,rupiah/kapita/bulan,D18,
3524,Kabupaten Lamongan,2020,pengeluaran_makanan,535671.69,rupiah/kapita/bulan,D18,
3524,Kabupaten Lamongan,2021,pengeluaran_makanan,586065.05,rupiah/kapita/bulan,D18,
3524,Kabupaten Lamongan,2022,pengeluaran_makanan,660748.02,rupiah/kapita/bulan,D18,
3524,Kabupaten Lamongan,2023,pengeluaran_makanan,738608.0,rupiah/kapita/bulan,D18,
3524,Kabupaten Lamongan,2024,pengeluaran_makanan,704189.0,rupiah/kapita/bulan,D18,
3524,Kabupaten Lamongan,2025,pengeluaran_makanan,742652.0,rupiah/kapita/bulan,D18,
3525,Kabupaten Gresik,2020,pengeluaran_makanan,604969.45,rupiah/kapita/bulan,D18,
3525,Kabupaten Gresik,2021,pengeluaran_makanan,707931.07,rupiah/kapita/bulan,D18,
3525,Kabupaten Gresik,2022,pengeluaran_makanan,707601.69,rupiah/kapita/bulan,D18,
3525,Kabupaten Gresik,2023,pengeluaran_makanan,859823.0,rupiah/kapita/bulan,D18,
3525,Kabupaten Gresik,2024,pengeluaran_makanan,891691.0,rupiah/kapita/bulan,D18,
3525,Kabupaten Gresik,2025,pengeluaran_makanan,934936.0,rupiah/kapita/bulan,D18,
3526,Kabupaten Bangkalan,2020,pengeluaran_makanan,480793.15,rupiah/kapita/bulan,D18,
3526,Kabupaten Bangkalan,2021,pengeluaran_makanan,448548.16,rupiah/kapita/bulan,D18,
3526,Kabupaten Bangkalan,2022,pengeluaran_makanan,504884.59,rupiah/kapita/bulan,D18,
3526,Kabupaten Bangkalan,2023,pengeluaran_makanan,506043.0,rupiah/kapita/bulan,D18,
3526,Kabupaten Bangkalan,2024,pengeluaran_makanan,518358.0,rupiah/kapita/bulan,D18,
3526,Kabupaten Bangkalan,2025,pengeluaran_makanan,567232.0,rupiah/kapita/bulan,D18,
3527,Kabupaten Sampang,2020,pengeluaran_makanan,420135.17,rupiah/kapita/bulan,D18,
3527,Kabupaten Sampang,2021,pengeluaran_makanan,415493.3,rupiah/kapita/bulan,D18,
3527,Kabupaten Sampang,2022,pengeluaran_makanan,444960.49,rupiah/kapita/bulan,D18,
3527,Kabupaten Sampang,2023,pengeluaran_makanan,456234.0,rupiah/kapita/bulan,D18,
3527,Kabupaten Sampang,2024,pengeluaran_makanan,514229.0,rupiah/kapita/bulan,D18,
3527,Kabupaten Sampang,2025,pengeluaran_makanan,508101.0,rupiah/kapita/bulan,D18,
3528,Kabupaten Pamekasan,2020,pengeluaran_makanan,417229.27,rupiah/kapita/bulan,D18,
3528,Kabupaten Pamekasan,2021,pengeluaran_makanan,393797.62,rupiah/kapita/bulan,D18,
3528,Kabupaten Pamekasan,2022,pengeluaran_makanan,447394.68,rupiah/kapita/bulan,D18,
3528,Kabupaten Pamekasan,2023,pengeluaran_makanan,502460.0,rupiah/kapita/bulan,D18,
3528,Kabupaten Pamekasan,2024,pengeluaran_makanan,467112.0,rupiah/kapita/bulan,D18,
3528,Kabupaten Pamekasan,2025,pengeluaran_makanan,650926.0,rupiah/kapita/bulan,D18,
3529,Kabupaten Sumenep,2020,pengeluaran_makanan,550379.05,rupiah/kapita/bulan,D18,
3529,Kabupaten Sumenep,2021,pengeluaran_makanan,674636.37,rupiah/kapita/bulan,D18,
3529,Kabupaten Sumenep,2022,pengeluaran_makanan,1000169.66,rupiah/kapita/bulan,D18,
3529,Kabupaten Sumenep,2023,pengeluaran_makanan,1052321.0,rupiah/kapita/bulan,D18,
3529,Kabupaten Sumenep,2024,pengeluaran_makanan,897200.0,rupiah/kapita/bulan,D18,
3529,Kabupaten Sumenep,2025,pengeluaran_makanan,857786.0,rupiah/kapita/bulan,D18,
3571,Kota Kediri,2020,pengeluaran_makanan,561467.16,rupiah/kapita/bulan,D18,
3571,Kota Kediri,2021,pengeluaran_makanan,639163.42,rupiah/kapita/bulan,D18,
3571,Kota Kediri,2022,pengeluaran_makanan,706618.9,rupiah/kapita/bulan,D18,
3571,Kota Kediri,2023,pengeluaran_makanan,685402.0,rupiah/kapita/bulan,D18,
3571,Kota Kediri,2024,pengeluaran_makanan,723775.0,rupiah/kapita/bulan,D18,
3571,Kota Kediri,2025,pengeluaran_makanan,725051.0,rupiah/kapita/bulan,D18,
3572,Kota Blitar,2020,pengeluaran_makanan,597780.76,rupiah/kapita/bulan,D18,
3572,Kota Blitar,2021,pengeluaran_makanan,665838.28,rupiah/kapita/bulan,D18,
3572,Kota Blitar,2022,pengeluaran_makanan,636690.19,rupiah/kapita/bulan,D18,
3572,Kota Blitar,2023,pengeluaran_makanan,705624.0,rupiah/kapita/bulan,D18,
3572,Kota Blitar,2024,pengeluaran_makanan,695961.0,rupiah/kapita/bulan,D18,
3572,Kota Blitar,2025,pengeluaran_makanan,766886.0,rupiah/kapita/bulan,D18,
3573,Kota Malang,2020,pengeluaran_makanan,645868.83,rupiah/kapita/bulan,D18,
3573,Kota Malang,2021,pengeluaran_makanan,667894.5,rupiah/kapita/bulan,D18,
3573,Kota Malang,2022,pengeluaran_makanan,715369.93,rupiah/kapita/bulan,D18,
3573,Kota Malang,2023,pengeluaran_makanan,742935.0,rupiah/kapita/bulan,D18,
3573,Kota Malang,2024,pengeluaran_makanan,738702.0,rupiah/kapita/bulan,D18,
3573,Kota Malang,2025,pengeluaran_makanan,763834.0,rupiah/kapita/bulan,D18,
3574,Kota Probolinggo,2020,pengeluaran_makanan,513885.07,rupiah/kapita/bulan,D18,
3574,Kota Probolinggo,2021,pengeluaran_makanan,559266.45,rupiah/kapita/bulan,D18,
3574,Kota Probolinggo,2022,pengeluaran_makanan,562485.26,rupiah/kapita/bulan,D18,
3574,Kota Probolinggo,2023,pengeluaran_makanan,576394.0,rupiah/kapita/bulan,D18,
3574,Kota Probolinggo,2024,pengeluaran_makanan,604520.0,rupiah/kapita/bulan,D18,
3574,Kota Probolinggo,2025,pengeluaran_makanan,700159.0,rupiah/kapita/bulan,D18,
3575,Kota Pasuruan,2020,pengeluaran_makanan,636369.15,rupiah/kapita/bulan,D18,
3575,Kota Pasuruan,2021,pengeluaran_makanan,664357.11,rupiah/kapita/bulan,D18,
3575,Kota Pasuruan,2022,pengeluaran_makanan,758149.35,rupiah/kapita/bulan,D18,
3575,Kota Pasuruan,2023,pengeluaran_makanan,746400.0,rupiah/kapita/bulan,D18,
3575,Kota Pasuruan,2024,pengeluaran_makanan,807394.0,rupiah/kapita/bulan,D18,
3575,Kota Pasuruan,2025,pengeluaran_makanan,845668.0,rupiah/kapita/bulan,D18,
3576,Kota Mojokerto,2020,pengeluaran_makanan,612720.69,rupiah/kapita/bulan,D18,
3576,Kota Mojokerto,2021,pengeluaran_makanan,667978.72,rupiah/kapita/bulan,D18,
3576,Kota Mojokerto,2022,pengeluaran_makanan,736250.49,rupiah/kapita/bulan,D18,
3576,Kota Mojokerto,2023,pengeluaran_makanan,723505.0,rupiah/kapita/bulan,D18,
3576,Kota Mojokerto,2024,pengeluaran_makanan,754591.0,rupiah/kapita/bulan,D18,
3576,Kota Mojokerto,2025,pengeluaran_makanan,792172.0,rupiah/kapita/bulan,D18,
3577,Kota Madiun,2020,pengeluaran_makanan,655444.39,rupiah/kapita/bulan,D18,
3577,Kota Madiun,2021,pengeluaran_makanan,695312.48,rupiah/kapita/bulan,D18,
3577,Kota Madiun,2022,pengeluaran_makanan,796090.69,rupiah/kapita/bulan,D18,
3577,Kota Madiun,2023,pengeluaran_makanan,845296.0,rupiah/kapita/bulan,D18,
3577,Kota Madiun,2024,pengeluaran_makanan,851609.0,rupiah/kapita/bulan,D18,
3577,Kota Madiun,2025,pengeluaran_makanan,805067.0,rupiah/kapita/bulan,D18,
3578,Kota Surabaya,2020,pengeluaran_makanan,777724.54,rupiah/kapita/bulan,D18,
3578,Kota Surabaya,2021,pengeluaran_makanan,810743.2,rupiah/kapita/bulan,D18,
3578,Kota Surabaya,2022,pengeluaran_makanan,819124.48,rupiah/kapita/bulan,D18,
3578,Kota Surabaya,2023,pengeluaran_makanan,948701.0,rupiah/kapita/bulan,D18,
3578,Kota Surabaya,2024,pengeluaran_makanan,1061448.0,rupiah/kapita/bulan,D18,
3578,Kota Surabaya,2025,pengeluaran_makanan,1145921.0,rupiah/kapita/bulan,D18,
3579,Kota Batu,2020,pengeluaran_makanan,598322.63,rupiah/kapita/bulan,D18,
3579,Kota Batu,2021,pengeluaran_makanan,621752.92,rupiah/kapita/bulan,D18,
3579,Kota Batu,2022,pengeluaran_makanan,672454.75,rupiah/kapita/bulan,D18,
3579,Kota Batu,2023,pengeluaran_makanan,722176.0,rupiah/kapita/bulan,D18,
3579,Kota Batu,2024,pengeluaran_makanan,767683.0,rupiah/kapita/bulan,D18,
3579,Kota Batu,2025,pengeluaran_makanan,781257.0,rupiah/kapita/bulan,D18,
3501,Kabupaten Pacitan,2010,pengeluaran_per_kapita_disesuaikan,6775.0,ribu rupiah/orang/tahun,D05,
3501,Kabupaten Pacitan,2011,pengeluaran_per_kapita_disesuaikan,7232.0,ribu rupiah/orang/tahun,D05,
3501,Kabupaten Pacitan,2012,pengeluaran_per_kapita_disesuaikan,7496.0,ribu rupiah/orang/tahun,D05,
3501,Kabupaten Pacitan,2013,pengeluaran_per_kapita_disesuaikan,7626.0,ribu rupiah/orang/tahun,D05,
3501,Kabupaten Pacitan,2014,pengeluaran_per_kapita_disesuaikan,7656.0,ribu rupiah/orang/tahun,D05,
3501,Kabupaten Pacitan,2015,pengeluaran_per_kapita_disesuaikan,7686.0,ribu rupiah/orang/tahun,D05,
3501,Kabupaten Pacitan,2016,pengeluaran_per_kapita_disesuaikan,8048.0,ribu rupiah/orang/tahun,D05,
3501,Kabupaten Pacitan,2017,pengeluaran_per_kapita_disesuaikan,8288.0,ribu rupiah/orang/tahun,D05,
3501,Kabupaten Pacitan,2018,pengeluaran_per_kapita_disesuaikan,8527.0,ribu rupiah/orang/tahun,D05,
3501,Kabupaten Pacitan,2019,pengeluaran_per_kapita_disesuaikan,9033.0,ribu rupiah/orang/tahun,D05,
3501,Kabupaten Pacitan,2020,pengeluaran_per_kapita_disesuaikan,8796.0,ribu rupiah/orang/tahun,D05,
3501,Kabupaten Pacitan,2021,pengeluaran_per_kapita_disesuaikan,8887.0,ribu rupiah/orang/tahun,D05,
3501,Kabupaten Pacitan,2022,pengeluaran_per_kapita_disesuaikan,9184.0,ribu rupiah/orang/tahun,D05,
3501,Kabupaten Pacitan,2023,pengeluaran_per_kapita_disesuaikan,9681.0,ribu rupiah/orang/tahun,D05,
3501,Kabupaten Pacitan,2024,pengeluaran_per_kapita_disesuaikan,10099.0,ribu rupiah/orang/tahun,D05,
3501,Kabupaten Pacitan,2025,pengeluaran_per_kapita_disesuaikan,10756.0,ribu rupiah/orang/tahun,D05,
3502,Kabupaten Ponorogo,2010,pengeluaran_per_kapita_disesuaikan,7537.0,ribu rupiah/orang/tahun,D05,
3502,Kabupaten Ponorogo,2011,pengeluaran_per_kapita_disesuaikan,7849.0,ribu rupiah/orang/tahun,D05,
3502,Kabupaten Ponorogo,2012,pengeluaran_per_kapita_disesuaikan,8188.0,ribu rupiah/orang/tahun,D05,
3502,Kabupaten Ponorogo,2013,pengeluaran_per_kapita_disesuaikan,8354.0,ribu rupiah/orang/tahun,D05,
3502,Kabupaten Ponorogo,2014,pengeluaran_per_kapita_disesuaikan,8383.0,ribu rupiah/orang/tahun,D05,
3502,Kabupaten Ponorogo,2015,pengeluaran_per_kapita_disesuaikan,8654.0,ribu rupiah/orang/tahun,D05,
3502,Kabupaten Ponorogo,2016,pengeluaran_per_kapita_disesuaikan,8908.0,ribu rupiah/orang/tahun,D05,
3502,Kabupaten Ponorogo,2017,pengeluaran_per_kapita_disesuaikan,9107.0,ribu rupiah/orang/tahun,D05,
3502,Kabupaten Ponorogo,2018,pengeluaran_per_kapita_disesuaikan,9426.0,ribu rupiah/orang/tahun,D05,
3502,Kabupaten Ponorogo,2019,pengeluaran_per_kapita_disesuaikan,9883.0,ribu rupiah/orang/tahun,D05,
3502,Kabupaten Ponorogo,2020,pengeluaran_per_kapita_disesuaikan,9670.0,ribu rupiah/orang/tahun,D05,
3502,Kabupaten Ponorogo,2021,pengeluaran_per_kapita_disesuaikan,9851.0,ribu rupiah/orang/tahun,D05,
3502,Kabupaten Ponorogo,2022,pengeluaran_per_kapita_disesuaikan,10199.0,ribu rupiah/orang/tahun,D05,
3502,Kabupaten Ponorogo,2023,pengeluaran_per_kapita_disesuaikan,10658.0,ribu rupiah/orang/tahun,D05,
3502,Kabupaten Ponorogo,2024,pengeluaran_per_kapita_disesuaikan,11065.0,ribu rupiah/orang/tahun,D05,
3502,Kabupaten Ponorogo,2025,pengeluaran_per_kapita_disesuaikan,11561.0,ribu rupiah/orang/tahun,D05,
3503,Kabupaten Trenggalek,2010,pengeluaran_per_kapita_disesuaikan,7584.0,ribu rupiah/orang/tahun,D05,
3503,Kabupaten Trenggalek,2011,pengeluaran_per_kapita_disesuaikan,7936.0,ribu rupiah/orang/tahun,D05,
3503,Kabupaten Trenggalek,2012,pengeluaran_per_kapita_disesuaikan,8249.0,ribu rupiah/orang/tahun,D05,
3503,Kabupaten Trenggalek,2013,pengeluaran_per_kapita_disesuaikan,8389.0,ribu rupiah/orang/tahun,D05,
3503,Kabupaten Trenggalek,2014,pengeluaran_per_kapita_disesuaikan,8417.0,ribu rupiah/orang/tahun,D05,
3503,Kabupaten Trenggalek,2015,pengeluaran_per_kapita_disesuaikan,8445.0,ribu rupiah/orang/tahun,D05,
3503,Kabupaten Trenggalek,2016,pengeluaran_per_kapita_disesuaikan,8829.0,ribu rupiah/orang/tahun,D05,
3503,Kabupaten Trenggalek,2017,pengeluaran_per_kapita_disesuaikan,9034.0,ribu rupiah/orang/tahun,D05,
3503,Kabupaten Trenggalek,2018,pengeluaran_per_kapita_disesuaikan,9400.0,ribu rupiah/orang/tahun,D05,
3503,Kabupaten Trenggalek,2019,pengeluaran_per_kapita_disesuaikan,9865.0,ribu rupiah/orang/tahun,D05,
3503,Kabupaten Trenggalek,2020,pengeluaran_per_kapita_disesuaikan,9630.0,ribu rupiah/orang/tahun,D05,
3503,Kabupaten Trenggalek,2021,pengeluaran_per_kapita_disesuaikan,9743.0,ribu rupiah/orang/tahun,D05,
3503,Kabupaten Trenggalek,2022,pengeluaran_per_kapita_disesuaikan,10042.0,ribu rupiah/orang/tahun,D05,
3503,Kabupaten Trenggalek,2023,pengeluaran_per_kapita_disesuaikan,10465.0,ribu rupiah/orang/tahun,D05,
3503,Kabupaten Trenggalek,2024,pengeluaran_per_kapita_disesuaikan,10872.0,ribu rupiah/orang/tahun,D05,
3503,Kabupaten Trenggalek,2025,pengeluaran_per_kapita_disesuaikan,11322.0,ribu rupiah/orang/tahun,D05,
3504,Kabupaten Tulungagung,2010,pengeluaran_per_kapita_disesuaikan,8660.0,ribu rupiah/orang/tahun,D05,
3504,Kabupaten Tulungagung,2011,pengeluaran_per_kapita_disesuaikan,8929.0,ribu rupiah/orang/tahun,D05,
3504,Kabupaten Tulungagung,2012,pengeluaran_per_kapita_disesuaikan,9256.0,ribu rupiah/orang/tahun,D05,
3504,Kabupaten Tulungagung,2013,pengeluaran_per_kapita_disesuaikan,9477.0,ribu rupiah/orang/tahun,D05,
3504,Kabupaten Tulungagung,2014,pengeluaran_per_kapita_disesuaikan,9505.0,ribu rupiah/orang/tahun,D05,
3504,Kabupaten Tulungagung,2015,pengeluaran_per_kapita_disesuaikan,9534.0,ribu rupiah/orang/tahun,D05,
3504,Kabupaten Tulungagung,2016,pengeluaran_per_kapita_disesuaikan,9881.0,ribu rupiah/orang/tahun,D05,
3504,Kabupaten Tulungagung,2017,pengeluaran_per_kapita_disesuaikan,10114.0,ribu rupiah/orang/tahun,D05,
3504,Kabupaten Tulungagung,2018,pengeluaran_per_kapita_disesuaikan,10455.0,ribu rupiah/orang/tahun,D05,
3504,Kabupaten Tulungagung,2019,pengeluaran_per_kapita_disesuaikan,10891.0,ribu rupiah/orang/tahun,D05,
3504,Kabupaten Tulungagung,2020,pengeluaran_per_kapita_disesuaikan,10705.0,ribu rupiah/orang/tahun,D05,
3504,Kabupaten Tulungagung,2021,pengeluaran_per_kapita_disesuaikan,10807.0,ribu rupiah/orang/tahun,D05,
3504,Kabupaten Tulungagung,2022,pengeluaran_per_kapita_disesuaikan,11162.0,ribu rupiah/orang/tahun,D05,
3504,Kabupaten Tulungagung,2023,pengeluaran_per_kapita_disesuaikan,11565.0,ribu rupiah/orang/tahun,D05,
3504,Kabupaten Tulungagung,2024,pengeluaran_per_kapita_disesuaikan,11966.0,ribu rupiah/orang/tahun,D05,
3504,Kabupaten Tulungagung,2025,pengeluaran_per_kapita_disesuaikan,12505.0,ribu rupiah/orang/tahun,D05,
3505,Kabupaten Blitar,2010,pengeluaran_per_kapita_disesuaikan,8423.0,ribu rupiah/orang/tahun,D05,
3505,Kabupaten Blitar,2011,pengeluaran_per_kapita_disesuaikan,8726.0,ribu rupiah/orang/tahun,D05,
3505,Kabupaten Blitar,2012,pengeluaran_per_kapita_disesuaikan,9076.0,ribu rupiah/orang/tahun,D05,
3505,Kabupaten Blitar,2013,pengeluaran_per_kapita_disesuaikan,9217.0,ribu rupiah/orang/tahun,D05,
3505,Kabupaten Blitar,2014,pengeluaran_per_kapita_disesuaikan,9245.0,ribu rupiah/orang/tahun,D05,
3505,Kabupaten Blitar,2015,pengeluaran_per_kapita_disesuaikan,9272.0,ribu rupiah/orang/tahun,D05,
3505,Kabupaten Blitar,2016,pengeluaran_per_kapita_disesuaikan,9467.0,ribu rupiah/orang/tahun,D05,
3505,Kabupaten Blitar,2017,pengeluaran_per_kapita_disesuaikan,9828.0,ribu rupiah/orang/tahun,D05,
3505,Kabupaten Blitar,2018,pengeluaran_per_kapita_disesuaikan,10327.0,ribu rupiah/orang/tahun,D05,
3505,Kabupaten Blitar,2019,pengeluaran_per_kapita_disesuaikan,10861.0,ribu rupiah/orang/tahun,D05,
3505,Kabupaten Blitar,2020,pengeluaran_per_kapita_disesuaikan,10654.0,ribu rupiah/orang/tahun,D05,
3505,Kabupaten Blitar,2021,pengeluaran_per_kapita_disesuaikan,10757.0,ribu rupiah/orang/tahun,D05,
3505,Kabupaten Blitar,2022,pengeluaran_per_kapita_disesuaikan,11001.0,ribu rupiah/orang/tahun,D05,
3505,Kabupaten Blitar,2023,pengeluaran_per_kapita_disesuaikan,11499.0,ribu rupiah/orang/tahun,D05,
3505,Kabupaten Blitar,2024,pengeluaran_per_kapita_disesuaikan,12020.0,ribu rupiah/orang/tahun,D05,
3505,Kabupaten Blitar,2025,pengeluaran_per_kapita_disesuaikan,12633.0,ribu rupiah/orang/tahun,D05,
3506,Kabupaten Kediri,2010,pengeluaran_per_kapita_disesuaikan,8791.0,ribu rupiah/orang/tahun,D05,
3506,Kabupaten Kediri,2011,pengeluaran_per_kapita_disesuaikan,9102.0,ribu rupiah/orang/tahun,D05,
3506,Kabupaten Kediri,2012,pengeluaran_per_kapita_disesuaikan,9449.0,ribu rupiah/orang/tahun,D05,
3506,Kabupaten Kediri,2013,pengeluaran_per_kapita_disesuaikan,9605.0,ribu rupiah/orang/tahun,D05,
3506,Kabupaten Kediri,2014,pengeluaran_per_kapita_disesuaikan,9633.0,ribu rupiah/orang/tahun,D05,
3506,Kabupaten Kediri,2015,pengeluaran_per_kapita_disesuaikan,9883.0,ribu rupiah/orang/tahun,D05,
3506,Kabupaten Kediri,2016,pengeluaran_per_kapita_disesuaikan,10140.0,ribu rupiah/orang/tahun,D05,
3506,Kabupaten Kediri,2017,pengeluaran_per_kapita_disesuaikan,10326.0,ribu rupiah/orang/tahun,D05,
3506,Kabupaten Kediri,2018,pengeluaran_per_kapita_disesuaikan,10853.0,ribu rupiah/orang/tahun,D05,
3506,Kabupaten Kediri,2019,pengeluaran_per_kapita_disesuaikan,11146.0,ribu rupiah/orang/tahun,D05,
3506,Kabupaten Kediri,2020,pengeluaran_per_kapita_disesuaikan,11000.0,ribu rupiah/orang/tahun,D05,
3506,Kabupaten Kediri,2021,pengeluaran_per_kapita_disesuaikan,11127.0,ribu rupiah/orang/tahun,D05,
3506,Kabupaten Kediri,2022,pengeluaran_per_kapita_disesuaikan,11565.0,ribu rupiah/orang/tahun,D05,
3506,Kabupaten Kediri,2023,pengeluaran_per_kapita_disesuaikan,11952.0,ribu rupiah/orang/tahun,D05,
3506,Kabupaten Kediri,2024,pengeluaran_per_kapita_disesuaikan,12388.0,ribu rupiah/orang/tahun,D05,
3506,Kabupaten Kediri,2025,pengeluaran_per_kapita_disesuaikan,12968.0,ribu rupiah/orang/tahun,D05,
3507,Kabupaten Malang,2010,pengeluaran_per_kapita_disesuaikan,7980.0,ribu rupiah/orang/tahun,D05,
3507,Kabupaten Malang,2011,pengeluaran_per_kapita_disesuaikan,8300.0,ribu rupiah/orang/tahun,D05,
3507,Kabupaten Malang,2012,pengeluaran_per_kapita_disesuaikan,8633.0,ribu rupiah/orang/tahun,D05,
3507,Kabupaten Malang,2013,pengeluaran_per_kapita_disesuaikan,8788.0,ribu rupiah/orang/tahun,D05,
3507,Kabupaten Malang,2014,pengeluaran_per_kapita_disesuaikan,8817.0,ribu rupiah/orang/tahun,D05,
3507,Kabupaten Malang,2015,pengeluaran_per_kapita_disesuaikan,8845.0,ribu rupiah/orang/tahun,D05,
3507,Kabupaten Malang,2016,pengeluaran_per_kapita_disesuaikan,9018.0,ribu rupiah/orang/tahun,D05,
3507,Kabupaten Malang,2017,pengeluaran_per_kapita_disesuaikan,9356.0,ribu rupiah/orang/tahun,D05,
3507,Kabupaten Malang,2018,pengeluaran_per_kapita_disesuaikan,9844.0,ribu rupiah/orang/tahun,D05,
3507,Kabupaten Malang,2019,pengeluaran_per_kapita_disesuaikan,10270.0,ribu rupiah/orang/tahun,D05,
3507,Kabupaten Malang,2020,pengeluaran_per_kapita_disesuaikan,10028.0,ribu rupiah/orang/tahun,D05,
3507,Kabupaten Malang,2021,pengeluaran_per_kapita_disesuaikan,10163.0,ribu rupiah/orang/tahun,D05,
3507,Kabupaten Malang,2022,pengeluaran_per_kapita_disesuaikan,10326.0,ribu rupiah/orang/tahun,D05,
3507,Kabupaten Malang,2023,pengeluaran_per_kapita_disesuaikan,10791.0,ribu rupiah/orang/tahun,D05,
3507,Kabupaten Malang,2024,pengeluaran_per_kapita_disesuaikan,11190.0,ribu rupiah/orang/tahun,D05,
3507,Kabupaten Malang,2025,pengeluaran_per_kapita_disesuaikan,11681.0,ribu rupiah/orang/tahun,D05,
3508,Kabupaten Lumajang,2010,pengeluaran_per_kapita_disesuaikan,7116.0,ribu rupiah/orang/tahun,D05,
3508,Kabupaten Lumajang,2011,pengeluaran_per_kapita_disesuaikan,7467.0,ribu rupiah/orang/tahun,D05,
3508,Kabupaten Lumajang,2012,pengeluaran_per_kapita_disesuaikan,7772.0,ribu rupiah/orang/tahun,D05,
3508,Kabupaten Lumajang,2013,pengeluaran_per_kapita_disesuaikan,7869.0,ribu rupiah/orang/tahun,D05,
3508,Kabupaten Lumajang,2014,pengeluaran_per_kapita_disesuaikan,7895.0,ribu rupiah/orang/tahun,D05,
3508,Kabupaten Lumajang,2015,pengeluaran_per_kapita_disesuaikan,7921.0,ribu rupiah/orang/tahun,D05,
3508,Kabupaten Lumajang,2016,pengeluaran_per_kapita_disesuaikan,8311.0,ribu rupiah/orang/tahun,D05,
3508,Kabupaten Lumajang,2017,pengeluaran_per_kapita_disesuaikan,8503.0,ribu rupiah/orang/tahun,D05,
3508,Kabupaten Lumajang,2018,pengeluaran_per_kapita_disesuaikan,8931.0,ribu rupiah/orang/tahun,D05,
3508,Kabupaten Lumajang,2019,pengeluaran_per_kapita_disesuaikan,9274.0,ribu rupiah/orang/tahun,D05,
3508,Kabupaten Lumajang,2020,pengeluaran_per_kapita_disesuaikan,9088.0,ribu rupiah/orang/tahun,D05,
3508,Kabupaten Lumajang,2021,pengeluaran_per_kapita_disesuaikan,9203.0,ribu rupiah/orang/tahun,D05,
3508,Kabupaten Lumajang,2022,pengeluaran_per_kapita_disesuaikan,9466.0,ribu rupiah/orang/tahun,D05,
3508,Kabupaten Lumajang,2023,pengeluaran_per_kapita_disesuaikan,9720.0,ribu rupiah/orang/tahun,D05,
3508,Kabupaten Lumajang,2024,pengeluaran_per_kapita_disesuaikan,10124.0,ribu rupiah/orang/tahun,D05,
3508,Kabupaten Lumajang,2025,pengeluaran_per_kapita_disesuaikan,10603.0,ribu rupiah/orang/tahun,D05,
3509,Kabupaten Jember,2010,pengeluaran_per_kapita_disesuaikan,7380.0,ribu rupiah/orang/tahun,D05,
3509,Kabupaten Jember,2011,pengeluaran_per_kapita_disesuaikan,7732.0,ribu rupiah/orang/tahun,D05,
3509,Kabupaten Jember,2012,pengeluaran_per_kapita_disesuaikan,8069.0,ribu rupiah/orang/tahun,D05,
3509,Kabupaten Jember,2013,pengeluaran_per_kapita_disesuaikan,8198.0,ribu rupiah/orang/tahun,D05,
3509,Kabupaten Jember,2014,pengeluaran_per_kapita_disesuaikan,8227.0,ribu rupiah/orang/tahun,D05,
3509,Kabupaten Jember,2015,pengeluaran_per_kapita_disesuaikan,8255.0,ribu rupiah/orang/tahun,D05,
3509,Kabupaten Jember,2016,pengeluaran_per_kapita_disesuaikan,8409.0,ribu rupiah/orang/tahun,D05,
3509,Kabupaten Jember,2017,pengeluaran_per_kapita_disesuaikan,8698.0,ribu rupiah/orang/tahun,D05,
3509,Kabupaten Jember,2018,pengeluaran_per_kapita_disesuaikan,9090.0,ribu rupiah/orang/tahun,D05,
3509,Kabupaten Jember,2019,pengeluaran_per_kapita_disesuaikan,9525.0,ribu rupiah/orang/tahun,D05,
3509,Kabupaten Jember,2020,pengeluaran_per_kapita_disesuaikan,9294.0,ribu rupiah/orang/tahun,D05,
3509,Kabupaten Jember,2021,pengeluaran_per_kapita_disesuaikan,9410.0,ribu rupiah/orang/tahun,D05,
3509,Kabupaten Jember,2022,pengeluaran_per_kapita_disesuaikan,9840.0,ribu rupiah/orang/tahun,D05,
3509,Kabupaten Jember,2023,pengeluaran_per_kapita_disesuaikan,10277.0,ribu rupiah/orang/tahun,D05,
3509,Kabupaten Jember,2024,pengeluaran_per_kapita_disesuaikan,10700.0,ribu rupiah/orang/tahun,D05,
3509,Kabupaten Jember,2025,pengeluaran_per_kapita_disesuaikan,11147.0,ribu rupiah/orang/tahun,D05,
3510,Kabupaten Banyuwangi,2010,pengeluaran_per_kapita_disesuaikan,9262.0,ribu rupiah/orang/tahun,D05,
3510,Kabupaten Banyuwangi,2011,pengeluaran_per_kapita_disesuaikan,9741.0,ribu rupiah/orang/tahun,D05,
3510,Kabupaten Banyuwangi,2012,pengeluaran_per_kapita_disesuaikan,10118.0,ribu rupiah/orang/tahun,D05,
3510,Kabupaten Banyuwangi,2013,pengeluaran_per_kapita_disesuaikan,10341.0,ribu rupiah/orang/tahun,D05,
3510,Kabupaten Banyuwangi,2014,pengeluaran_per_kapita_disesuaikan,10379.0,ribu rupiah/orang/tahun,D05,
3510,Kabupaten Banyuwangi,2015,pengeluaran_per_kapita_disesuaikan,10692.0,ribu rupiah/orang/tahun,D05,
3510,Kabupaten Banyuwangi,2016,pengeluaran_per_kapita_disesuaikan,11171.0,ribu rupiah/orang/tahun,D05,
3510,Kabupaten Banyuwangi,2017,pengeluaran_per_kapita_disesuaikan,11438.0,ribu rupiah/orang/tahun,D05,
3510,Kabupaten Banyuwangi,2018,pengeluaran_per_kapita_disesuaikan,11828.0,ribu rupiah/orang/tahun,D05,
3510,Kabupaten Banyuwangi,2019,pengeluaran_per_kapita_disesuaikan,12264.0,ribu rupiah/orang/tahun,D05,
3510,Kabupaten Banyuwangi,2020,pengeluaran_per_kapita_disesuaikan,12140.0,ribu rupiah/orang/tahun,D05,
3510,Kabupaten Banyuwangi,2021,pengeluaran_per_kapita_disesuaikan,12217.0,ribu rupiah/orang/tahun,D05,
3510,Kabupaten Banyuwangi,2022,pengeluaran_per_kapita_disesuaikan,12320.0,ribu rupiah/orang/tahun,D05,
3510,Kabupaten Banyuwangi,2023,pengeluaran_per_kapita_disesuaikan,12820.0,ribu rupiah/orang/tahun,D05,
3510,Kabupaten Banyuwangi,2024,pengeluaran_per_kapita_disesuaikan,13320.0,ribu rupiah/orang/tahun,D05,
3510,Kabupaten Banyuwangi,2025,pengeluaran_per_kapita_disesuaikan,13963.0,ribu rupiah/orang/tahun,D05,
3511,Kabupaten Bondowoso,2010,pengeluaran_per_kapita_disesuaikan,8064.0,ribu rupiah/orang/tahun,D05,
3511,Kabupaten Bondowoso,2011,pengeluaran_per_kapita_disesuaikan,8418.0,ribu rupiah/orang/tahun,D05,
3511,Kabupaten Bondowoso,2012,pengeluaran_per_kapita_disesuaikan,8856.0,ribu rupiah/orang/tahun,D05,
3511,Kabupaten Bondowoso,2013,pengeluaran_per_kapita_disesuaikan,9138.0,ribu rupiah/orang/tahun,D05,
3511,Kabupaten Bondowoso,2014,pengeluaran_per_kapita_disesuaikan,9176.0,ribu rupiah/orang/tahun,D05,
3511,Kabupaten Bondowoso,2015,pengeluaran_per_kapita_disesuaikan,9519.0,ribu rupiah/orang/tahun,D05,
3511,Kabupaten Bondowoso,2016,pengeluaran_per_kapita_disesuaikan,10007.0,ribu rupiah/orang/tahun,D05,
3511,Kabupaten Bondowoso,2017,pengeluaran_per_kapita_disesuaikan,10086.0,ribu rupiah/orang/tahun,D05,
3511,Kabupaten Bondowoso,2018,pengeluaran_per_kapita_disesuaikan,10429.0,ribu rupiah/orang/tahun,D05,
3511,Kabupaten Bondowoso,2019,pengeluaran_per_kapita_disesuaikan,10665.0,ribu rupiah/orang/tahun,D05,
3511,Kabupaten Bondowoso,2020,pengeluaran_per_kapita_disesuaikan,10610.0,ribu rupiah/orang/tahun,D05,
3511,Kabupaten Bondowoso,2021,pengeluaran_per_kapita_disesuaikan,10690.0,ribu rupiah/orang/tahun,D05,
3511,Kabupaten Bondowoso,2022,pengeluaran_per_kapita_disesuaikan,10851.0,ribu rupiah/orang/tahun,D05,
3511,Kabupaten Bondowoso,2023,pengeluaran_per_kapita_disesuaikan,11255.0,ribu rupiah/orang/tahun,D05,
3511,Kabupaten Bondowoso,2024,pengeluaran_per_kapita_disesuaikan,11689.0,ribu rupiah/orang/tahun,D05,
3511,Kabupaten Bondowoso,2025,pengeluaran_per_kapita_disesuaikan,12192.0,ribu rupiah/orang/tahun,D05,
3512,Kabupaten Situbondo,2010,pengeluaran_per_kapita_disesuaikan,7442.0,ribu rupiah/orang/tahun,D05,
3512,Kabupaten Situbondo,2011,pengeluaran_per_kapita_disesuaikan,7812.0,ribu rupiah/orang/tahun,D05,
3512,Kabupaten Situbondo,2012,pengeluaran_per_kapita_disesuaikan,8174.0,ribu rupiah/orang/tahun,D05,
3512,Kabupaten Situbondo,2013,pengeluaran_per_kapita_disesuaikan,8351.0,ribu rupiah/orang/tahun,D05,
3512,Kabupaten Situbondo,2014,pengeluaran_per_kapita_disesuaikan,8383.0,ribu rupiah/orang/tahun,D05,
3512,Kabupaten Situbondo,2015,pengeluaran_per_kapita_disesuaikan,8677.0,ribu rupiah/orang/tahun,D05,
3512,Kabupaten Situbondo,2016,pengeluaran_per_kapita_disesuaikan,9106.0,ribu rupiah/orang/tahun,D05,
3512,Kabupaten Situbondo,2017,pengeluaran_per_kapita_disesuaikan,9178.0,ribu rupiah/orang/tahun,D05,
3512,Kabupaten Situbondo,2018,pengeluaran_per_kapita_disesuaikan,9692.0,ribu rupiah/orang/tahun,D05,
3512,Kabupaten Situbondo,2019,pengeluaran_per_kapita_disesuaikan,10097.0,ribu rupiah/orang/tahun,D05,
3512,Kabupaten Situbondo,2020,pengeluaran_per_kapita_disesuaikan,9857.0,ribu rupiah/orang/tahun,D05,
3512,Kabupaten Situbondo,2021,pengeluaran_per_kapita_disesuaikan,9996.0,ribu rupiah/orang/tahun,D05,
3512,Kabupaten Situbondo,2022,pengeluaran_per_kapita_disesuaikan,10263.0,ribu rupiah/orang/tahun,D05,
3512,Kabupaten Situbondo,2023,pengeluaran_per_kapita_disesuaikan,10702.0,ribu rupiah/orang/tahun,D05,
3512,Kabupaten Situbondo,2024,pengeluaran_per_kapita_disesuaikan,11216.0,ribu rupiah/orang/tahun,D05,
3512,Kabupaten Situbondo,2025,pengeluaran_per_kapita_disesuaikan,11713.0,ribu rupiah/orang/tahun,D05,
3513,Kabupaten Probolinggo,2010,pengeluaran_per_kapita_disesuaikan,9004.0,ribu rupiah/orang/tahun,D05,
3513,Kabupaten Probolinggo,2011,pengeluaran_per_kapita_disesuaikan,9359.0,ribu rupiah/orang/tahun,D05,
3513,Kabupaten Probolinggo,2012,pengeluaran_per_kapita_disesuaikan,9721.0,ribu rupiah/orang/tahun,D05,
3513,Kabupaten Probolinggo,2013,pengeluaran_per_kapita_disesuaikan,9847.0,ribu rupiah/orang/tahun,D05,
3513,Kabupaten Probolinggo,2014,pengeluaran_per_kapita_disesuaikan,9877.0,ribu rupiah/orang/tahun,D05,
3513,Kabupaten Probolinggo,2015,pengeluaran_per_kapita_disesuaikan,9976.0,ribu rupiah/orang/tahun,D05,
3513,Kabupaten Probolinggo,2016,pengeluaran_per_kapita_disesuaikan,10170.0,ribu rupiah/orang/tahun,D05,
3513,Kabupaten Probolinggo,2017,pengeluaran_per_kapita_disesuaikan,10239.0,ribu rupiah/orang/tahun,D05,
3513,Kabupaten Probolinggo,2018,pengeluaran_per_kapita_disesuaikan,10700.0,ribu rupiah/orang/tahun,D05,
3513,Kabupaten Probolinggo,2019,pengeluaran_per_kapita_disesuaikan,10972.0,ribu rupiah/orang/tahun,D05,
3513,Kabupaten Probolinggo,2020,pengeluaran_per_kapita_disesuaikan,10859.0,ribu rupiah/orang/tahun,D05,
3513,Kabupaten Probolinggo,2021,pengeluaran_per_kapita_disesuaikan,10969.0,ribu rupiah/orang/tahun,D05,
3513,Kabupaten Probolinggo,2022,pengeluaran_per_kapita_disesuaikan,11254.0,ribu rupiah/orang/tahun,D05,
3513,Kabupaten Probolinggo,2023,pengeluaran_per_kapita_disesuaikan,11756.0,ribu rupiah/orang/tahun,D05,
3513,Kabupaten Probolinggo,2024,pengeluaran_per_kapita_disesuaikan,12258.0,ribu rupiah/orang/tahun,D05,
3513,Kabupaten Probolinggo,2025,pengeluaran_per_kapita_disesuaikan,12749.0,ribu rupiah/orang/tahun,D05,
3514,Kabupaten Pasuruan,2010,pengeluaran_per_kapita_disesuaikan,7343.0,ribu rupiah/orang/tahun,D05,
3514,Kabupaten Pasuruan,2011,pengeluaran_per_kapita_disesuaikan,7661.0,ribu rupiah/orang/tahun,D05,
3514,Kabupaten Pasuruan,2012,pengeluaran_per_kapita_disesuaikan,8075.0,ribu rupiah/orang/tahun,D05,
3514,Kabupaten Pasuruan,2013,pengeluaran_per_kapita_disesuaikan,8261.0,ribu rupiah/orang/tahun,D05,
3514,Kabupaten Pasuruan,2014,pengeluaran_per_kapita_disesuaikan,8293.0,ribu rupiah/orang/tahun,D05,
3514,Kabupaten Pasuruan,2015,pengeluaran_per_kapita_disesuaikan,8707.0,ribu rupiah/orang/tahun,D05,
3514,Kabupaten Pasuruan,2016,pengeluaran_per_kapita_disesuaikan,9198.0,ribu rupiah/orang/tahun,D05,
3514,Kabupaten Pasuruan,2017,pengeluaran_per_kapita_disesuaikan,9556.0,ribu rupiah/orang/tahun,D05,
3514,Kabupaten Pasuruan,2018,pengeluaran_per_kapita_disesuaikan,9933.0,ribu rupiah/orang/tahun,D05,
3514,Kabupaten Pasuruan,2019,pengeluaran_per_kapita_disesuaikan,10381.0,ribu rupiah/orang/tahun,D05,
3514,Kabupaten Pasuruan,2020,pengeluaran_per_kapita_disesuaikan,10164.0,ribu rupiah/orang/tahun,D05,
3514,Kabupaten Pasuruan,2021,pengeluaran_per_kapita_disesuaikan,10297.0,ribu rupiah/orang/tahun,D05,
3514,Kabupaten Pasuruan,2022,pengeluaran_per_kapita_disesuaikan,10726.0,ribu rupiah/orang/tahun,D05,
3514,Kabupaten Pasuruan,2023,pengeluaran_per_kapita_disesuaikan,11239.0,ribu rupiah/orang/tahun,D05,
3514,Kabupaten Pasuruan,2024,pengeluaran_per_kapita_disesuaikan,11617.0,ribu rupiah/orang/tahun,D05,
3514,Kabupaten Pasuruan,2025,pengeluaran_per_kapita_disesuaikan,12117.0,ribu rupiah/orang/tahun,D05,
3515,Kabupaten Sidoarjo,2010,pengeluaran_per_kapita_disesuaikan,11717.0,ribu rupiah/orang/tahun,D05,
3515,Kabupaten Sidoarjo,2011,pengeluaran_per_kapita_disesuaikan,12095.0,ribu rupiah/orang/tahun,D05,
3515,Kabupaten Sidoarjo,2012,pengeluaran_per_kapita_disesuaikan,12457.0,ribu rupiah/orang/tahun,D05,
3515,Kabupaten Sidoarjo,2013,pengeluaran_per_kapita_disesuaikan,12602.0,ribu rupiah/orang/tahun,D05,
3515,Kabupaten Sidoarjo,2014,pengeluaran_per_kapita_disesuaikan,12632.0,ribu rupiah/orang/tahun,D05,
3515,Kabupaten Sidoarjo,2015,pengeluaran_per_kapita_disesuaikan,12879.0,ribu rupiah/orang/tahun,D05,
3515,Kabupaten Sidoarjo,2016,pengeluaran_per_kapita_disesuaikan,13320.0,ribu rupiah/orang/tahun,D05,
3515,Kabupaten Sidoarjo,2017,pengeluaran_per_kapita_disesuaikan,13710.0,ribu rupiah/orang/tahun,D05,
3515,Kabupaten Sidoarjo,2018,pengeluaran_per_kapita_disesuaikan,14168.0,ribu rupiah/orang/tahun,D05,
3515,Kabupaten Sidoarjo,2019,pengeluaran_per_kapita_disesuaikan,14609.0,ribu rupiah/orang/tahun,D05,
3515,Kabupaten Sidoarjo,2020,pengeluaran_per_kapita_disesuaikan,14458.0,ribu rupiah/orang/tahun,D05,
3515,Kabupaten Sidoarjo,2021,pengeluaran_per_kapita_disesuaikan,14578.0,ribu rupiah/orang/tahun,D05,
3515,Kabupaten Sidoarjo,2022,pengeluaran_per_kapita_disesuaikan,14808.0,ribu rupiah/orang/tahun,D05,
3515,Kabupaten Sidoarjo,2023,pengeluaran_per_kapita_disesuaikan,15311.0,ribu rupiah/orang/tahun,D05,
3515,Kabupaten Sidoarjo,2024,pengeluaran_per_kapita_disesuaikan,15710.0,ribu rupiah/orang/tahun,D05,
3515,Kabupaten Sidoarjo,2025,pengeluaran_per_kapita_disesuaikan,16366.0,ribu rupiah/orang/tahun,D05,
3516,Kabupaten Mojokerto,2010,pengeluaran_per_kapita_disesuaikan,10099.0,ribu rupiah/orang/tahun,D05,
3516,Kabupaten Mojokerto,2011,pengeluaran_per_kapita_disesuaikan,10552.0,ribu rupiah/orang/tahun,D05,
3516,Kabupaten Mojokerto,2012,pengeluaran_per_kapita_disesuaikan,10915.0,ribu rupiah/orang/tahun,D05,
3516,Kabupaten Mojokerto,2013,pengeluaran_per_kapita_disesuaikan,11171.0,ribu rupiah/orang/tahun,D05,
3516,Kabupaten Mojokerto,2014,pengeluaran_per_kapita_disesuaikan,11208.0,ribu rupiah/orang/tahun,D05,
3516,Kabupaten Mojokerto,2015,pengeluaran_per_kapita_disesuaikan,11559.0,ribu rupiah/orang/tahun,D05,
3516,Kabupaten Mojokerto,2016,pengeluaran_per_kapita_disesuaikan,11798.0,ribu rupiah/orang/tahun,D05,
3516,Kabupaten Mojokerto,2017,pengeluaran_per_kapita_disesuaikan,12240.0,ribu rupiah/orang/tahun,D05,
3516,Kabupaten Mojokerto,2018,pengeluaran_per_kapita_disesuaikan,12454.0,ribu rupiah/orang/tahun,D05,
3516,Kabupaten Mojokerto,2019,pengeluaran_per_kapita_disesuaikan,12860.0,ribu rupiah/orang/tahun,D05,
3516,Kabupaten Mojokerto,2020,pengeluaran_per_kapita_disesuaikan,12779.0,ribu rupiah/orang/tahun,D05,
3516,Kabupaten Mojokerto,2021,pengeluaran_per_kapita_disesuaikan,12844.0,ribu rupiah/orang/tahun,D05,
3516,Kabupaten Mojokerto,2022,pengeluaran_per_kapita_disesuaikan,13051.0,ribu rupiah/orang/tahun,D05,
3516,Kabupaten Mojokerto,2023,pengeluaran_per_kapita_disesuaikan,13467.0,ribu rupiah/orang/tahun,D05,
3516,Kabupaten Mojokerto,2024,pengeluaran_per_kapita_disesuaikan,13903.0,ribu rupiah/orang/tahun,D05,
3516,Kabupaten Mojokerto,2025,pengeluaran_per_kapita_disesuaikan,14525.0,ribu rupiah/orang/tahun,D05,
3517,Kabupaten Jombang,2010,pengeluaran_per_kapita_disesuaikan,8788.0,ribu rupiah/orang/tahun,D05,
3517,Kabupaten Jombang,2011,pengeluaran_per_kapita_disesuaikan,9112.0,ribu rupiah/orang/tahun,D05,
3517,Kabupaten Jombang,2012,pengeluaran_per_kapita_disesuaikan,9493.0,ribu rupiah/orang/tahun,D05,
3517,Kabupaten Jombang,2013,pengeluaran_per_kapita_disesuaikan,9678.0,ribu rupiah/orang/tahun,D05,
3517,Kabupaten Jombang,2014,pengeluaran_per_kapita_disesuaikan,9709.0,ribu rupiah/orang/tahun,D05,
3517,Kabupaten Jombang,2015,pengeluaran_per_kapita_disesuaikan,9963.0,ribu rupiah/orang/tahun,D05,
3517,Kabupaten Jombang,2016,pengeluaran_per_kapita_disesuaikan,10237.0,ribu rupiah/orang/tahun,D05,
3517,Kabupaten Jombang,2017,pengeluaran_per_kapita_disesuaikan,10560.0,ribu rupiah/orang/tahun,D05,
3517,Kabupaten Jombang,2018,pengeluaran_per_kapita_disesuaikan,10999.0,ribu rupiah/orang/tahun,D05,
3517,Kabupaten Jombang,2019,pengeluaran_per_kapita_disesuaikan,11533.0,ribu rupiah/orang/tahun,D05,
3517,Kabupaten Jombang,2020,pengeluaran_per_kapita_disesuaikan,11261.0,ribu rupiah/orang/tahun,D05,
3517,Kabupaten Jombang,2021,pengeluaran_per_kapita_disesuaikan,11394.0,ribu rupiah/orang/tahun,D05,
3517,Kabupaten Jombang,2022,pengeluaran_per_kapita_disesuaikan,11579.0,ribu rupiah/orang/tahun,D05,
3517,Kabupaten Jombang,2023,pengeluaran_per_kapita_disesuaikan,11999.0,ribu rupiah/orang/tahun,D05,
3517,Kabupaten Jombang,2024,pengeluaran_per_kapita_disesuaikan,12454.0,ribu rupiah/orang/tahun,D05,
3517,Kabupaten Jombang,2025,pengeluaran_per_kapita_disesuaikan,12976.0,ribu rupiah/orang/tahun,D05,
3518,Kabupaten Nganjuk,2010,pengeluaran_per_kapita_disesuaikan,9663.0,ribu rupiah/orang/tahun,D05,
3518,Kabupaten Nganjuk,2011,pengeluaran_per_kapita_disesuaikan,10100.0,ribu rupiah/orang/tahun,D05,
3518,Kabupaten Nganjuk,2012,pengeluaran_per_kapita_disesuaikan,10656.0,ribu rupiah/orang/tahun,D05,
3518,Kabupaten Nganjuk,2013,pengeluaran_per_kapita_disesuaikan,10717.0,ribu rupiah/orang/tahun,D05,
3518,Kabupaten Nganjuk,2014,pengeluaran_per_kapita_disesuaikan,10754.0,ribu rupiah/orang/tahun,D05,
3518,Kabupaten Nganjuk,2015,pengeluaran_per_kapita_disesuaikan,10995.0,ribu rupiah/orang/tahun,D05,
3518,Kabupaten Nganjuk,2016,pengeluaran_per_kapita_disesuaikan,11451.0,ribu rupiah/orang/tahun,D05,
3518,Kabupaten Nganjuk,2017,pengeluaran_per_kapita_disesuaikan,11560.0,ribu rupiah/orang/tahun,D05,
3518,Kabupaten Nganjuk,2018,pengeluaran_per_kapita_disesuaikan,11768.0,ribu rupiah/orang/tahun,D05,
3518,Kabupaten Nganjuk,2019,pengeluaran_per_kapita_disesuaikan,12200.0,ribu rupiah/orang/tahun,D05,
3518,Kabupaten Nganjuk,2020,pengeluaran_per_kapita_disesuaikan,12130.0,ribu rupiah/orang/tahun,D05,
3518,Kabupaten Nganjuk,2021,pengeluaran_per_kapita_disesuaikan,12172.0,ribu rupiah/orang/tahun,D05,
3518,Kabupaten Nganjuk,2022,pengeluaran_per_kapita_disesuaikan,12349.0,ribu rupiah/orang/tahun,D05,
3518,Kabupaten Nganjuk,2023,pengeluaran_per_kapita_disesuaikan,12821.0,ribu rupiah/orang/tahun,D05,
3518,Kabupaten Nganjuk,2024,pengeluaran_per_kapita_disesuaikan,13376.0,ribu rupiah/orang/tahun,D05,
3518,Kabupaten Nganjuk,2025,pengeluaran_per_kapita_disesuaikan,14068.0,ribu rupiah/orang/tahun,D05,
3519,Kabupaten Madiun,2010,pengeluaran_per_kapita_disesuaikan,9416.0,ribu rupiah/orang/tahun,D05,
3519,Kabupaten Madiun,2011,pengeluaran_per_kapita_disesuaikan,9995.0,ribu rupiah/orang/tahun,D05,
3519,Kabupaten Madiun,2012,pengeluaran_per_kapita_disesuaikan,10429.0,ribu rupiah/orang/tahun,D05,
3519,Kabupaten Madiun,2013,pengeluaran_per_kapita_disesuaikan,10625.0,ribu rupiah/orang/tahun,D05,
3519,Kabupaten Madiun,2014,pengeluaran_per_kapita_disesuaikan,10667.0,ribu rupiah/orang/tahun,D05,
3519,Kabupaten Madiun,2015,pengeluaran_per_kapita_disesuaikan,10710.0,ribu rupiah/orang/tahun,D05,
3519,Kabupaten Madiun,2016,pengeluaran_per_kapita_disesuaikan,10904.0,ribu rupiah/orang/tahun,D05,
3519,Kabupaten Madiun,2017,pengeluaran_per_kapita_disesuaikan,11012.0,ribu rupiah/orang/tahun,D05,
3519,Kabupaten Madiun,2018,pengeluaran_per_kapita_disesuaikan,11351.0,ribu rupiah/orang/tahun,D05,
3519,Kabupaten Madiun,2019,pengeluaran_per_kapita_disesuaikan,11650.0,ribu rupiah/orang/tahun,D05,
3519,Kabupaten Madiun,2020,pengeluaran_per_kapita_disesuaikan,11574.0,ribu rupiah/orang/tahun,D05,
3519,Kabupaten Madiun,2021,pengeluaran_per_kapita_disesuaikan,11658.0,ribu rupiah/orang/tahun,D05,
3519,Kabupaten Madiun,2022,pengeluaran_per_kapita_disesuaikan,11848.0,ribu rupiah/orang/tahun,D05,
3519,Kabupaten Madiun,2023,pengeluaran_per_kapita_disesuaikan,12259.0,ribu rupiah/orang/tahun,D05,
3519,Kabupaten Madiun,2024,pengeluaran_per_kapita_disesuaikan,12668.0,ribu rupiah/orang/tahun,D05,
3519,Kabupaten Madiun,2025,pengeluaran_per_kapita_disesuaikan,13325.0,ribu rupiah/orang/tahun,D05,
3520,Kabupaten Magetan,2010,pengeluaran_per_kapita_disesuaikan,8961.0,ribu rupiah/orang/tahun,D05,
3520,Kabupaten Magetan,2011,pengeluaran_per_kapita_disesuaikan,9635.0,ribu rupiah/orang/tahun,D05,
3520,Kabupaten Magetan,2012,pengeluaran_per_kapita_disesuaikan,10375.0,ribu rupiah/orang/tahun,D05,
3520,Kabupaten Magetan,2013,pengeluaran_per_kapita_disesuaikan,10484.0,ribu rupiah/orang/tahun,D05,
3520,Kabupaten Magetan,2014,pengeluaran_per_kapita_disesuaikan,10539.0,ribu rupiah/orang/tahun,D05,
3520,Kabupaten Magetan,2015,pengeluaran_per_kapita_disesuaikan,10594.0,ribu rupiah/orang/tahun,D05,
3520,Kabupaten Magetan,2016,pengeluaran_per_kapita_disesuaikan,10988.0,ribu rupiah/orang/tahun,D05,
3520,Kabupaten Magetan,2017,pengeluaran_per_kapita_disesuaikan,11288.0,ribu rupiah/orang/tahun,D05,
3520,Kabupaten Magetan,2018,pengeluaran_per_kapita_disesuaikan,11539.0,ribu rupiah/orang/tahun,D05,
3520,Kabupaten Magetan,2019,pengeluaran_per_kapita_disesuaikan,11779.0,ribu rupiah/orang/tahun,D05,
3520,Kabupaten Magetan,2020,pengeluaran_per_kapita_disesuaikan,11776.0,ribu rupiah/orang/tahun,D05,
3520,Kabupaten Magetan,2021,pengeluaran_per_kapita_disesuaikan,11833.0,ribu rupiah/orang/tahun,D05,
3520,Kabupaten Magetan,2022,pengeluaran_per_kapita_disesuaikan,12031.0,ribu rupiah/orang/tahun,D05,
3520,Kabupaten Magetan,2023,pengeluaran_per_kapita_disesuaikan,12495.0,ribu rupiah/orang/tahun,D05,
3520,Kabupaten Magetan,2024,pengeluaran_per_kapita_disesuaikan,12915.0,ribu rupiah/orang/tahun,D05,
3520,Kabupaten Magetan,2025,pengeluaran_per_kapita_disesuaikan,13515.0,ribu rupiah/orang/tahun,D05,
3521,Kabupaten Ngawi,2010,pengeluaran_per_kapita_disesuaikan,9003.0,ribu rupiah/orang/tahun,D05,
3521,Kabupaten Ngawi,2011,pengeluaran_per_kapita_disesuaikan,9388.0,ribu rupiah/orang/tahun,D05,
3521,Kabupaten Ngawi,2012,pengeluaran_per_kapita_disesuaikan,9905.0,ribu rupiah/orang/tahun,D05,
3521,Kabupaten Ngawi,2013,pengeluaran_per_kapita_disesuaikan,10105.0,ribu rupiah/orang/tahun,D05,
3521,Kabupaten Ngawi,2014,pengeluaran_per_kapita_disesuaikan,10143.0,ribu rupiah/orang/tahun,D05,
3521,Kabupaten Ngawi,2015,pengeluaran_per_kapita_disesuaikan,10584.0,ribu rupiah/orang/tahun,D05,
3521,Kabupaten Ngawi,2016,pengeluaran_per_kapita_disesuaikan,10810.0,ribu rupiah/orang/tahun,D05,
3521,Kabupaten Ngawi,2017,pengeluaran_per_kapita_disesuaikan,10899.0,ribu rupiah/orang/tahun,D05,
3521,Kabupaten Ngawi,2018,pengeluaran_per_kapita_disesuaikan,11187.0,ribu rupiah/orang/tahun,D05,
3521,Kabupaten Ngawi,2019,pengeluaran_per_kapita_disesuaikan,11468.0,ribu rupiah/orang/tahun,D05,
3521,Kabupaten Ngawi,2020,pengeluaran_per_kapita_disesuaikan,11418.0,ribu rupiah/orang/tahun,D05,
3521,Kabupaten Ngawi,2021,pengeluaran_per_kapita_disesuaikan,11459.0,ribu rupiah/orang/tahun,D05,
3521,Kabupaten Ngawi,2022,pengeluaran_per_kapita_disesuaikan,11563.0,ribu rupiah/orang/tahun,D05,
3521,Kabupaten Ngawi,2023,pengeluaran_per_kapita_disesuaikan,11897.0,ribu rupiah/orang/tahun,D05,
3521,Kabupaten Ngawi,2024,pengeluaran_per_kapita_disesuaikan,12414.0,ribu rupiah/orang/tahun,D05,
3521,Kabupaten Ngawi,2025,pengeluaran_per_kapita_disesuaikan,12837.0,ribu rupiah/orang/tahun,D05,
3522,Kabupaten Bojonegoro,2010,pengeluaran_per_kapita_disesuaikan,8087.0,ribu rupiah/orang/tahun,D05,
3522,Kabupaten Bojonegoro,2011,pengeluaran_per_kapita_disesuaikan,8413.0,ribu rupiah/orang/tahun,D05,
3522,Kabupaten Bojonegoro,2012,pengeluaran_per_kapita_disesuaikan,8809.0,ribu rupiah/orang/tahun,D05,
3522,Kabupaten Bojonegoro,2013,pengeluaran_per_kapita_disesuaikan,8934.0,ribu rupiah/orang/tahun,D05,
3522,Kabupaten Bojonegoro,2014,pengeluaran_per_kapita_disesuaikan,8964.0,ribu rupiah/orang/tahun,D05,
3522,Kabupaten Bojonegoro,2015,pengeluaran_per_kapita_disesuaikan,8993.0,ribu rupiah/orang/tahun,D05,
3522,Kabupaten Bojonegoro,2016,pengeluaran_per_kapita_disesuaikan,9420.0,ribu rupiah/orang/tahun,D05,
3522,Kabupaten Bojonegoro,2017,pengeluaran_per_kapita_disesuaikan,9553.0,ribu rupiah/orang/tahun,D05,
3522,Kabupaten Bojonegoro,2018,pengeluaran_per_kapita_disesuaikan,9926.0,ribu rupiah/orang/tahun,D05,
3522,Kabupaten Bojonegoro,2019,pengeluaran_per_kapita_disesuaikan,10265.0,ribu rupiah/orang/tahun,D05,
3522,Kabupaten Bojonegoro,2020,pengeluaran_per_kapita_disesuaikan,10121.0,ribu rupiah/orang/tahun,D05,
3522,Kabupaten Bojonegoro,2021,pengeluaran_per_kapita_disesuaikan,10221.0,ribu rupiah/orang/tahun,D05,
3522,Kabupaten Bojonegoro,2022,pengeluaran_per_kapita_disesuaikan,10323.0,ribu rupiah/orang/tahun,D05,
3522,Kabupaten Bojonegoro,2023,pengeluaran_per_kapita_disesuaikan,10776.0,ribu rupiah/orang/tahun,D05,
3522,Kabupaten Bojonegoro,2024,pengeluaran_per_kapita_disesuaikan,11204.0,ribu rupiah/orang/tahun,D05,
3522,Kabupaten Bojonegoro,2025,pengeluaran_per_kapita_disesuaikan,11796.0,ribu rupiah/orang/tahun,D05,
3523,Kabupaten Tuban,2010,pengeluaran_per_kapita_disesuaikan,7898.0,ribu rupiah/orang/tahun,D05,
3523,Kabupaten Tuban,2011,pengeluaran_per_kapita_disesuaikan,8332.0,ribu rupiah/orang/tahun,D05,
3523,Kabupaten Tuban,2012,pengeluaran_per_kapita_disesuaikan,8706.0,ribu rupiah/orang/tahun,D05,
3523,Kabupaten Tuban,2013,pengeluaran_per_kapita_disesuaikan,8872.0,ribu rupiah/orang/tahun,D05,
3523,Kabupaten Tuban,2014,pengeluaran_per_kapita_disesuaikan,8906.0,ribu rupiah/orang/tahun,D05,
3523,Kabupaten Tuban,2015,pengeluaran_per_kapita_disesuaikan,8940.0,ribu rupiah/orang/tahun,D05,
3523,Kabupaten Tuban,2016,pengeluaran_per_kapita_disesuaikan,9353.0,ribu rupiah/orang/tahun,D05,
3523,Kabupaten Tuban,2017,pengeluaran_per_kapita_disesuaikan,9540.0,ribu rupiah/orang/tahun,D05,
3523,Kabupaten Tuban,2018,pengeluaran_per_kapita_disesuaikan,10048.0,ribu rupiah/orang/tahun,D05,
3523,Kabupaten Tuban,2019,pengeluaran_per_kapita_disesuaikan,10499.0,ribu rupiah/orang/tahun,D05,
3523,Kabupaten Tuban,2020,pengeluaran_per_kapita_disesuaikan,10238.0,ribu rupiah/orang/tahun,D05,
3523,Kabupaten Tuban,2021,pengeluaran_per_kapita_disesuaikan,10380.0,ribu rupiah/orang/tahun,D05,
3523,Kabupaten Tuban,2022,pengeluaran_per_kapita_disesuaikan,10703.0,ribu rupiah/orang/tahun,D05,
3523,Kabupaten Tuban,2023,pengeluaran_per_kapita_disesuaikan,11174.0,ribu rupiah/orang/tahun,D05,
3523,Kabupaten Tuban,2024,pengeluaran_per_kapita_disesuaikan,11579.0,ribu rupiah/orang/tahun,D05,
3523,Kabupaten Tuban,2025,pengeluaran_per_kapita_disesuaikan,12117.0,ribu rupiah/orang/tahun,D05,
3524,Kabupaten Lamongan,2010,pengeluaran_per_kapita_disesuaikan,8553.0,ribu rupiah/orang/tahun,D05,
3524,Kabupaten Lamongan,2011,pengeluaran_per_kapita_disesuaikan,8966.0,ribu rupiah/orang/tahun,D05,
3524,Kabupaten Lamongan,2012,pengeluaran_per_kapita_disesuaikan,9386.0,ribu rupiah/orang/tahun,D05,
3524,Kabupaten Lamongan,2013,pengeluaran_per_kapita_disesuaikan,9511.0,ribu rupiah/orang/tahun,D05,
3524,Kabupaten Lamongan,2014,pengeluaran_per_kapita_disesuaikan,9545.0,ribu rupiah/orang/tahun,D05,
3524,Kabupaten Lamongan,2015,pengeluaran_per_kapita_disesuaikan,9821.0,ribu rupiah/orang/tahun,D05,
3524,Kabupaten Lamongan,2016,pengeluaran_per_kapita_disesuaikan,10252.0,ribu rupiah/orang/tahun,D05,
3524,Kabupaten Lamongan,2017,pengeluaran_per_kapita_disesuaikan,10664.0,ribu rupiah/orang/tahun,D05,
3524,Kabupaten Lamongan,2018,pengeluaran_per_kapita_disesuaikan,11108.0,ribu rupiah/orang/tahun,D05,
3524,Kabupaten Lamongan,2019,pengeluaran_per_kapita_disesuaikan,11572.0,ribu rupiah/orang/tahun,D05,
3524,Kabupaten Lamongan,2020,pengeluaran_per_kapita_disesuaikan,11456.0,ribu rupiah/orang/tahun,D05,
3524,Kabupaten Lamongan,2021,pengeluaran_per_kapita_disesuaikan,11510.0,ribu rupiah/orang/tahun,D05,
3524,Kabupaten Lamongan,2022,pengeluaran_per_kapita_disesuaikan,11648.0,ribu rupiah/orang/tahun,D05,
3524,Kabupaten Lamongan,2023,pengeluaran_per_kapita_disesuaikan,12019.0,ribu rupiah/orang/tahun,D05,
3524,Kabupaten Lamongan,2024,pengeluaran_per_kapita_disesuaikan,12419.0,ribu rupiah/orang/tahun,D05,
3524,Kabupaten Lamongan,2025,pengeluaran_per_kapita_disesuaikan,12963.0,ribu rupiah/orang/tahun,D05,
3525,Kabupaten Gresik,2010,pengeluaran_per_kapita_disesuaikan,10491.0,ribu rupiah/orang/tahun,D05,
3525,Kabupaten Gresik,2011,pengeluaran_per_kapita_disesuaikan,10926.0,ribu rupiah/orang/tahun,D05,
3525,Kabupaten Gresik,2012,pengeluaran_per_kapita_disesuaikan,11360.0,ribu rupiah/orang/tahun,D05,
3525,Kabupaten Gresik,2013,pengeluaran_per_kapita_disesuaikan,11480.0,ribu rupiah/orang/tahun,D05,
3525,Kabupaten Gresik,2014,pengeluaran_per_kapita_disesuaikan,11514.0,ribu rupiah/orang/tahun,D05,
3525,Kabupaten Gresik,2015,pengeluaran_per_kapita_disesuaikan,11548.0,ribu rupiah/orang/tahun,D05,
3525,Kabupaten Gresik,2016,pengeluaran_per_kapita_disesuaikan,11961.0,ribu rupiah/orang/tahun,D05,
3525,Kabupaten Gresik,2017,pengeluaran_per_kapita_disesuaikan,12375.0,ribu rupiah/orang/tahun,D05,
3525,Kabupaten Gresik,2018,pengeluaran_per_kapita_disesuaikan,12845.0,ribu rupiah/orang/tahun,D05,
3525,Kabupaten Gresik,2019,pengeluaran_per_kapita_disesuaikan,13295.0,ribu rupiah/orang/tahun,D05,
3525,Kabupaten Gresik,2020,pengeluaran_per_kapita_disesuaikan,13246.0,ribu rupiah/orang/tahun,D05,
3525,Kabupaten Gresik,2021,pengeluaran_per_kapita_disesuaikan,13280.0,ribu rupiah/orang/tahun,D05,
3525,Kabupaten Gresik,2022,pengeluaran_per_kapita_disesuaikan,13384.0,ribu rupiah/orang/tahun,D05,
3525,Kabupaten Gresik,2023,pengeluaran_per_kapita_disesuaikan,13870.0,ribu rupiah/orang/tahun,D05,
3525,Kabupaten Gresik,2024,pengeluaran_per_kapita_disesuaikan,14356.0,ribu rupiah/orang/tahun,D05,
3525,Kabupaten Gresik,2025,pengeluaran_per_kapita_disesuaikan,14983.0,ribu rupiah/orang/tahun,D05,
3526,Kabupaten Bangkalan,2010,pengeluaran_per_kapita_disesuaikan,6709.0,ribu rupiah/orang/tahun,D05,
3526,Kabupaten Bangkalan,2011,pengeluaran_per_kapita_disesuaikan,7006.0,ribu rupiah/orang/tahun,D05,
3526,Kabupaten Bangkalan,2012,pengeluaran_per_kapita_disesuaikan,7316.0,ribu rupiah/orang/tahun,D05,
3526,Kabupaten Bangkalan,2013,pengeluaran_per_kapita_disesuaikan,7434.0,ribu rupiah/orang/tahun,D05,
3526,Kabupaten Bangkalan,2014,pengeluaran_per_kapita_disesuaikan,7459.0,ribu rupiah/orang/tahun,D05,
3526,Kabupaten Bangkalan,2015,pengeluaran_per_kapita_disesuaikan,7667.0,ribu rupiah/orang/tahun,D05,
3526,Kabupaten Bangkalan,2016,pengeluaran_per_kapita_disesuaikan,8030.0,ribu rupiah/orang/tahun,D05,
3526,Kabupaten Bangkalan,2017,pengeluaran_per_kapita_disesuaikan,8192.0,ribu rupiah/orang/tahun,D05,
3526,Kabupaten Bangkalan,2018,pengeluaran_per_kapita_disesuaikan,8393.0,ribu rupiah/orang/tahun,D05,
3526,Kabupaten Bangkalan,2019,pengeluaran_per_kapita_disesuaikan,8718.0,ribu rupiah/orang/tahun,D05,
3526,Kabupaten Bangkalan,2020,pengeluaran_per_kapita_disesuaikan,8610.0,ribu rupiah/orang/tahun,D05,
3526,Kabupaten Bangkalan,2021,pengeluaran_per_kapita_disesuaikan,8673.0,ribu rupiah/orang/tahun,D05,
3526,Kabupaten Bangkalan,2022,pengeluaran_per_kapita_disesuaikan,8971.0,ribu rupiah/orang/tahun,D05,
3526,Kabupaten Bangkalan,2023,pengeluaran_per_kapita_disesuaikan,9438.0,ribu rupiah/orang/tahun,D05,
3526,Kabupaten Bangkalan,2024,pengeluaran_per_kapita_disesuaikan,9841.0,ribu rupiah/orang/tahun,D05,
3526,Kabupaten Bangkalan,2025,pengeluaran_per_kapita_disesuaikan,10265.0,ribu rupiah/orang/tahun,D05,
3527,Kabupaten Sampang,2010,pengeluaran_per_kapita_disesuaikan,6952.0,ribu rupiah/orang/tahun,D05,
3527,Kabupaten Sampang,2011,pengeluaran_per_kapita_disesuaikan,7337.0,ribu rupiah/orang/tahun,D05,
3527,Kabupaten Sampang,2012,pengeluaran_per_kapita_disesuaikan,7692.0,ribu rupiah/orang/tahun,D05,
3527,Kabupaten Sampang,2013,pengeluaran_per_kapita_disesuaikan,7769.0,ribu rupiah/orang/tahun,D05,
3527,Kabupaten Sampang,2014,pengeluaran_per_kapita_disesuaikan,7798.0,ribu rupiah/orang/tahun,D05,
3527,Kabupaten Sampang,2015,pengeluaran_per_kapita_disesuaikan,7827.0,ribu rupiah/orang/tahun,D05,
3527,Kabupaten Sampang,2016,pengeluaran_per_kapita_disesuaikan,8096.0,ribu rupiah/orang/tahun,D05,
3527,Kabupaten Sampang,2017,pengeluaran_per_kapita_disesuaikan,8352.0,ribu rupiah/orang/tahun,D05,
3527,Kabupaten Sampang,2018,pengeluaran_per_kapita_disesuaikan,8569.0,ribu rupiah/orang/tahun,D05,
3527,Kabupaten Sampang,2019,pengeluaran_per_kapita_disesuaikan,8760.0,ribu rupiah/orang/tahun,D05,
3527,Kabupaten Sampang,2020,pengeluaran_per_kapita_disesuaikan,8739.0,ribu rupiah/orang/tahun,D05,
3527,Kabupaten Sampang,2021,pengeluaran_per_kapita_disesuaikan,8790.0,ribu rupiah/orang/tahun,D05,
3527,Kabupaten Sampang,2022,pengeluaran_per_kapita_disesuaikan,8944.0,ribu rupiah/orang/tahun,D05,
3527,Kabupaten Sampang,2023,pengeluaran_per_kapita_disesuaikan,9363.0,ribu rupiah/orang/tahun,D05,
3527,Kabupaten Sampang,2024,pengeluaran_per_kapita_disesuaikan,9782.0,ribu rupiah/orang/tahun,D05,
3527,Kabupaten Sampang,2025,pengeluaran_per_kapita_disesuaikan,10030.0,ribu rupiah/orang/tahun,D05,
3528,Kabupaten Pamekasan,2010,pengeluaran_per_kapita_disesuaikan,6532.0,ribu rupiah/orang/tahun,D05,
3528,Kabupaten Pamekasan,2011,pengeluaran_per_kapita_disesuaikan,6922.0,ribu rupiah/orang/tahun,D05,
3528,Kabupaten Pamekasan,2012,pengeluaran_per_kapita_disesuaikan,7260.0,ribu rupiah/orang/tahun,D05,
3528,Kabupaten Pamekasan,2013,pengeluaran_per_kapita_disesuaikan,7445.0,ribu rupiah/orang/tahun,D05,
3528,Kabupaten Pamekasan,2014,pengeluaran_per_kapita_disesuaikan,7478.0,ribu rupiah/orang/tahun,D05,
3528,Kabupaten Pamekasan,2015,pengeluaran_per_kapita_disesuaikan,7679.0,ribu rupiah/orang/tahun,D05,
3528,Kabupaten Pamekasan,2016,pengeluaran_per_kapita_disesuaikan,7975.0,ribu rupiah/orang/tahun,D05,
3528,Kabupaten Pamekasan,2017,pengeluaran_per_kapita_disesuaikan,8311.0,ribu rupiah/orang/tahun,D05,
3528,Kabupaten Pamekasan,2018,pengeluaran_per_kapita_disesuaikan,8536.0,ribu rupiah/orang/tahun,D05,
3528,Kabupaten Pamekasan,2019,pengeluaran_per_kapita_disesuaikan,8834.0,ribu rupiah/orang/tahun,D05,
3528,Kabupaten Pamekasan,2020,pengeluaran_per_kapita_disesuaikan,8739.0,ribu rupiah/orang/tahun,D05,
3528,Kabupaten Pamekasan,2021,pengeluaran_per_kapita_disesuaikan,8804.0,ribu rupiah/orang/tahun,D05,
3528,Kabupaten Pamekasan,2022,pengeluaran_per_kapita_disesuaikan,8967.0,ribu rupiah/orang/tahun,D05,
3528,Kabupaten Pamekasan,2023,pengeluaran_per_kapita_disesuaikan,9420.0,ribu rupiah/orang/tahun,D05,
3528,Kabupaten Pamekasan,2024,pengeluaran_per_kapita_disesuaikan,9811.0,ribu rupiah/orang/tahun,D05,
3528,Kabupaten Pamekasan,2025,pengeluaran_per_kapita_disesuaikan,10206.0,ribu rupiah/orang/tahun,D05,
3529,Kabupaten Sumenep,2010,pengeluaran_per_kapita_disesuaikan,5746.0,ribu rupiah/orang/tahun,D05,
3529,Kabupaten Sumenep,2011,pengeluaran_per_kapita_disesuaikan,6524.0,ribu rupiah/orang/tahun,D05,
3529,Kabupaten Sumenep,2012,pengeluaran_per_kapita_disesuaikan,6834.0,ribu rupiah/orang/tahun,D05,
3529,Kabupaten Sumenep,2013,pengeluaran_per_kapita_disesuaikan,7093.0,ribu rupiah/orang/tahun,D05,
3529,Kabupaten Sumenep,2014,pengeluaran_per_kapita_disesuaikan,7143.0,ribu rupiah/orang/tahun,D05,
3529,Kabupaten Sumenep,2015,pengeluaran_per_kapita_disesuaikan,7577.0,ribu rupiah/orang/tahun,D05,
3529,Kabupaten Sumenep,2016,pengeluaran_per_kapita_disesuaikan,7846.0,ribu rupiah/orang/tahun,D05,
3529,Kabupaten Sumenep,2017,pengeluaran_per_kapita_disesuaikan,8316.0,ribu rupiah/orang/tahun,D05,
3529,Kabupaten Sumenep,2018,pengeluaran_per_kapita_disesuaikan,8722.0,ribu rupiah/orang/tahun,D05,
3529,Kabupaten Sumenep,2019,pengeluaran_per_kapita_disesuaikan,9082.0,ribu rupiah/orang/tahun,D05,
3529,Kabupaten Sumenep,2020,pengeluaran_per_kapita_disesuaikan,8888.0,ribu rupiah/orang/tahun,D05,
3529,Kabupaten Sumenep,2021,pengeluaran_per_kapita_disesuaikan,9000.0,ribu rupiah/orang/tahun,D05,
3529,Kabupaten Sumenep,2022,pengeluaran_per_kapita_disesuaikan,9388.0,ribu rupiah/orang/tahun,D05,
3529,Kabupaten Sumenep,2023,pengeluaran_per_kapita_disesuaikan,9807.0,ribu rupiah/orang/tahun,D05,
3529,Kabupaten Sumenep,2024,pengeluaran_per_kapita_disesuaikan,10156.0,ribu rupiah/orang/tahun,D05,
3529,Kabupaten Sumenep,2025,pengeluaran_per_kapita_disesuaikan,10631.0,ribu rupiah/orang/tahun,D05,
3571,Kota Kediri,2010,pengeluaran_per_kapita_disesuaikan,9765.0,ribu rupiah/orang/tahun,D05,
3571,Kota Kediri,2011,pengeluaran_per_kapita_disesuaikan,10098.0,ribu rupiah/orang/tahun,D05,
3571,Kota Kediri,2012,pengeluaran_per_kapita_disesuaikan,10432.0,ribu rupiah/orang/tahun,D05,
3571,Kota Kediri,2013,pengeluaran_per_kapita_disesuaikan,10670.0,ribu rupiah/orang/tahun,D05,
3571,Kota Kediri,2014,pengeluaran_per_kapita_disesuaikan,10702.0,ribu rupiah/orang/tahun,D05,
3571,Kota Kediri,2015,pengeluaran_per_kapita_disesuaikan,10733.0,ribu rupiah/orang/tahun,D05,
3571,Kota Kediri,2016,pengeluaran_per_kapita_disesuaikan,11070.0,ribu rupiah/orang/tahun,D05,
3571,Kota Kediri,2017,pengeluaran_per_kapita_disesuaikan,11550.0,ribu rupiah/orang/tahun,D05,
3571,Kota Kediri,2018,pengeluaran_per_kapita_disesuaikan,11976.0,ribu rupiah/orang/tahun,D05,
3571,Kota Kediri,2019,pengeluaran_per_kapita_disesuaikan,12440.0,ribu rupiah/orang/tahun,D05,
3571,Kota Kediri,2020,pengeluaran_per_kapita_disesuaikan,12239.0,ribu rupiah/orang/tahun,D05,
3571,Kota Kediri,2021,pengeluaran_per_kapita_disesuaikan,12359.0,ribu rupiah/orang/tahun,D05,
3571,Kota Kediri,2022,pengeluaran_per_kapita_disesuaikan,12762.0,ribu rupiah/orang/tahun,D05,
3571,Kota Kediri,2023,pengeluaran_per_kapita_disesuaikan,13276.0,ribu rupiah/orang/tahun,D05,
3571,Kota Kediri,2024,pengeluaran_per_kapita_disesuaikan,13670.0,ribu rupiah/orang/tahun,D05,
3571,Kota Kediri,2025,pengeluaran_per_kapita_disesuaikan,14284.0,ribu rupiah/orang/tahun,D05,
3572,Kota Blitar,2010,pengeluaran_per_kapita_disesuaikan,10756.0,ribu rupiah/orang/tahun,D05,
3572,Kota Blitar,2011,pengeluaran_per_kapita_disesuaikan,11071.0,ribu rupiah/orang/tahun,D05,
3572,Kota Blitar,2012,pengeluaran_per_kapita_disesuaikan,11534.0,ribu rupiah/orang/tahun,D05,
3572,Kota Blitar,2013,pengeluaran_per_kapita_disesuaikan,11641.0,ribu rupiah/orang/tahun,D05,
3572,Kota Blitar,2014,pengeluaran_per_kapita_disesuaikan,11672.0,ribu rupiah/orang/tahun,D05,
3572,Kota Blitar,2015,pengeluaran_per_kapita_disesuaikan,12258.0,ribu rupiah/orang/tahun,D05,
3572,Kota Blitar,2016,pengeluaran_per_kapita_disesuaikan,12499.0,ribu rupiah/orang/tahun,D05,
3572,Kota Blitar,2017,pengeluaran_per_kapita_disesuaikan,12910.0,ribu rupiah/orang/tahun,D05,
3572,Kota Blitar,2018,pengeluaran_per_kapita_disesuaikan,13391.0,ribu rupiah/orang/tahun,D05,
3572,Kota Blitar,2019,pengeluaran_per_kapita_disesuaikan,13851.0,ribu rupiah/orang/tahun,D05,
3572,Kota Blitar,2020,pengeluaran_per_kapita_disesuaikan,13733.0,ribu rupiah/orang/tahun,D05,
3572,Kota Blitar,2021,pengeluaran_per_kapita_disesuaikan,13816.0,ribu rupiah/orang/tahun,D05,
3572,Kota Blitar,2022,pengeluaran_per_kapita_disesuaikan,14058.0,ribu rupiah/orang/tahun,D05,
3572,Kota Blitar,2023,pengeluaran_per_kapita_disesuaikan,14548.0,ribu rupiah/orang/tahun,D05,
3572,Kota Blitar,2024,pengeluaran_per_kapita_disesuaikan,14933.0,ribu rupiah/orang/tahun,D05,
3572,Kota Blitar,2025,pengeluaran_per_kapita_disesuaikan,15586.0,ribu rupiah/orang/tahun,D05,
3573,Kota Malang,2010,pengeluaran_per_kapita_disesuaikan,14754.0,ribu rupiah/orang/tahun,D05,
3573,Kota Malang,2011,pengeluaran_per_kapita_disesuaikan,15015.0,ribu rupiah/orang/tahun,D05,
3573,Kota Malang,2012,pengeluaran_per_kapita_disesuaikan,15287.0,ribu rupiah/orang/tahun,D05,
3573,Kota Malang,2013,pengeluaran_per_kapita_disesuaikan,15378.0,ribu rupiah/orang/tahun,D05,
3573,Kota Malang,2014,pengeluaran_per_kapita_disesuaikan,15399.0,ribu rupiah/orang/tahun,D05,
3573,Kota Malang,2015,pengeluaran_per_kapita_disesuaikan,15420.0,ribu rupiah/orang/tahun,D05,
3573,Kota Malang,2016,pengeluaran_per_kapita_disesuaikan,15732.0,ribu rupiah/orang/tahun,D05,
3573,Kota Malang,2017,pengeluaran_per_kapita_disesuaikan,15939.0,ribu rupiah/orang/tahun,D05,
3573,Kota Malang,2018,pengeluaran_per_kapita_disesuaikan,16158.0,ribu rupiah/orang/tahun,D05,
3573,Kota Malang,2019,pengeluaran_per_kapita_disesuaikan,16666.0,ribu rupiah/orang/tahun,D05,
3573,Kota Malang,2020,pengeluaran_per_kapita_disesuaikan,16593.0,ribu rupiah/orang/tahun,D05,
3573,Kota Malang,2021,pengeluaran_per_kapita_disesuaikan,16663.0,ribu rupiah/orang/tahun,D05,
3573,Kota Malang,2022,pengeluaran_per_kapita_disesuaikan,16897.0,ribu rupiah/orang/tahun,D05,
3573,Kota Malang,2023,pengeluaran_per_kapita_disesuaikan,17222.0,ribu rupiah/orang/tahun,D05,
3573,Kota Malang,2024,pengeluaran_per_kapita_disesuaikan,17791.0,ribu rupiah/orang/tahun,D05,
3573,Kota Malang,2025,pengeluaran_per_kapita_disesuaikan,18596.0,ribu rupiah/orang/tahun,D05,
3574,Kota Probolinggo,2010,pengeluaran_per_kapita_disesuaikan,8894.0,ribu rupiah/orang/tahun,D05,
3574,Kota Probolinggo,2011,pengeluaran_per_kapita_disesuaikan,9387.0,ribu rupiah/orang/tahun,D05,
3574,Kota Probolinggo,2012,pengeluaran_per_kapita_disesuaikan,9864.0,ribu rupiah/orang/tahun,D05,
3574,Kota Probolinggo,2013,pengeluaran_per_kapita_disesuaikan,10089.0,ribu rupiah/orang/tahun,D05,
3574,Kota Probolinggo,2014,pengeluaran_per_kapita_disesuaikan,10182.0,ribu rupiah/orang/tahun,D05,
3574,Kota Probolinggo,2015,pengeluaran_per_kapita_disesuaikan,10558.0,ribu rupiah/orang/tahun,D05,
3574,Kota Probolinggo,2016,pengeluaran_per_kapita_disesuaikan,10792.0,ribu rupiah/orang/tahun,D05,
3574,Kota Probolinggo,2017,pengeluaran_per_kapita_disesuaikan,11390.0,ribu rupiah/orang/tahun,D05,
3574,Kota Probolinggo,2018,pengeluaran_per_kapita_disesuaikan,11796.0,ribu rupiah/orang/tahun,D05,
3574,Kota Probolinggo,2019,pengeluaran_per_kapita_disesuaikan,12280.0,ribu rupiah/orang/tahun,D05,
3574,Kota Probolinggo,2020,pengeluaran_per_kapita_disesuaikan,12180.0,ribu rupiah/orang/tahun,D05,
3574,Kota Probolinggo,2021,pengeluaran_per_kapita_disesuaikan,12245.0,ribu rupiah/orang/tahun,D05,
3574,Kota Probolinggo,2022,pengeluaran_per_kapita_disesuaikan,12571.0,ribu rupiah/orang/tahun,D05,
3574,Kota Probolinggo,2023,pengeluaran_per_kapita_disesuaikan,12999.0,ribu rupiah/orang/tahun,D05,
3574,Kota Probolinggo,2024,pengeluaran_per_kapita_disesuaikan,13405.0,ribu rupiah/orang/tahun,D05,
3574,Kota Probolinggo,2025,pengeluaran_per_kapita_disesuaikan,14134.0,ribu rupiah/orang/tahun,D05,
3575,Kota Pasuruan,2010,pengeluaran_per_kapita_disesuaikan,10237.0,ribu rupiah/orang/tahun,D05,
3575,Kota Pasuruan,2011,pengeluaran_per_kapita_disesuaikan,10705.0,ribu rupiah/orang/tahun,D05,
3575,Kota Pasuruan,2012,pengeluaran_per_kapita_disesuaikan,11184.0,ribu rupiah/orang/tahun,D05,
3575,Kota Pasuruan,2013,pengeluaran_per_kapita_disesuaikan,11484.0,ribu rupiah/orang/tahun,D05,
3575,Kota Pasuruan,2014,pengeluaran_per_kapita_disesuaikan,11527.0,ribu rupiah/orang/tahun,D05,
3575,Kota Pasuruan,2015,pengeluaran_per_kapita_disesuaikan,11963.0,ribu rupiah/orang/tahun,D05,
3575,Kota Pasuruan,2016,pengeluaran_per_kapita_disesuaikan,12295.0,ribu rupiah/orang/tahun,D05,
3575,Kota Pasuruan,2017,pengeluaran_per_kapita_disesuaikan,12557.0,ribu rupiah/orang/tahun,D05,
3575,Kota Pasuruan,2018,pengeluaran_per_kapita_disesuaikan,12931.0,ribu rupiah/orang/tahun,D05,
3575,Kota Pasuruan,2019,pengeluaran_per_kapita_disesuaikan,13393.0,ribu rupiah/orang/tahun,D05,
3575,Kota Pasuruan,2020,pengeluaran_per_kapita_disesuaikan,13281.0,ribu rupiah/orang/tahun,D05,
3575,Kota Pasuruan,2021,pengeluaran_per_kapita_disesuaikan,13354.0,ribu rupiah/orang/tahun,D05,
3575,Kota Pasuruan,2022,pengeluaran_per_kapita_disesuaikan,13803.0,ribu rupiah/orang/tahun,D05,
3575,Kota Pasuruan,2023,pengeluaran_per_kapita_disesuaikan,14250.0,ribu rupiah/orang/tahun,D05,
3575,Kota Pasuruan,2024,pengeluaran_per_kapita_disesuaikan,14664.0,ribu rupiah/orang/tahun,D05,
3575,Kota Pasuruan,2025,pengeluaran_per_kapita_disesuaikan,15289.0,ribu rupiah/orang/tahun,D05,
3576,Kota Mojokerto,2010,pengeluaran_per_kapita_disesuaikan,10371.0,ribu rupiah/orang/tahun,D05,
3576,Kota Mojokerto,2011,pengeluaran_per_kapita_disesuaikan,10762.0,ribu rupiah/orang/tahun,D05,
3576,Kota Mojokerto,2012,pengeluaran_per_kapita_disesuaikan,11191.0,ribu rupiah/orang/tahun,D05,
3576,Kota Mojokerto,2013,pengeluaran_per_kapita_disesuaikan,11625.0,ribu rupiah/orang/tahun,D05,
3576,Kota Mojokerto,2014,pengeluaran_per_kapita_disesuaikan,11689.0,ribu rupiah/orang/tahun,D05,
3576,Kota Mojokerto,2015,pengeluaran_per_kapita_disesuaikan,12060.0,ribu rupiah/orang/tahun,D05,
3576,Kota Mojokerto,2016,pengeluaran_per_kapita_disesuaikan,12449.0,ribu rupiah/orang/tahun,D05,
3576,Kota Mojokerto,2017,pengeluaran_per_kapita_disesuaikan,12804.0,ribu rupiah/orang/tahun,D05,
3576,Kota Mojokerto,2018,pengeluaran_per_kapita_disesuaikan,13155.0,ribu rupiah/orang/tahun,D05,
3576,Kota Mojokerto,2019,pengeluaran_per_kapita_disesuaikan,13710.0,ribu rupiah/orang/tahun,D05,
3576,Kota Mojokerto,2020,pengeluaran_per_kapita_disesuaikan,13499.0,ribu rupiah/orang/tahun,D05,
3576,Kota Mojokerto,2021,pengeluaran_per_kapita_disesuaikan,13610.0,ribu rupiah/orang/tahun,D05,
3576,Kota Mojokerto,2022,pengeluaran_per_kapita_disesuaikan,14054.0,ribu rupiah/orang/tahun,D05,
3576,Kota Mojokerto,2023,pengeluaran_per_kapita_disesuaikan,14422.0,ribu rupiah/orang/tahun,D05,
3576,Kota Mojokerto,2024,pengeluaran_per_kapita_disesuaikan,14842.0,ribu rupiah/orang/tahun,D05,
3576,Kota Mojokerto,2025,pengeluaran_per_kapita_disesuaikan,15374.0,ribu rupiah/orang/tahun,D05,
3577,Kota Madiun,2010,pengeluaran_per_kapita_disesuaikan,13455.0,ribu rupiah/orang/tahun,D05,
3577,Kota Madiun,2011,pengeluaran_per_kapita_disesuaikan,13799.0,ribu rupiah/orang/tahun,D05,
3577,Kota Madiun,2012,pengeluaran_per_kapita_disesuaikan,14317.0,ribu rupiah/orang/tahun,D05,
3577,Kota Madiun,2013,pengeluaran_per_kapita_disesuaikan,14604.0,ribu rupiah/orang/tahun,D05,
3577,Kota Madiun,2014,pengeluaran_per_kapita_disesuaikan,14643.0,ribu rupiah/orang/tahun,D05,
3577,Kota Madiun,2015,pengeluaran_per_kapita_disesuaikan,14723.0,ribu rupiah/orang/tahun,D05,
3577,Kota Madiun,2016,pengeluaran_per_kapita_disesuaikan,15300.0,ribu rupiah/orang/tahun,D05,
3577,Kota Madiun,2017,pengeluaran_per_kapita_disesuaikan,15415.0,ribu rupiah/orang/tahun,D05,
3577,Kota Madiun,2018,pengeluaran_per_kapita_disesuaikan,15616.0,ribu rupiah/orang/tahun,D05,
3577,Kota Madiun,2019,pengeluaran_per_kapita_disesuaikan,16040.0,ribu rupiah/orang/tahun,D05,
3577,Kota Madiun,2020,pengeluaran_per_kapita_disesuaikan,16018.0,ribu rupiah/orang/tahun,D05,
3577,Kota Madiun,2021,pengeluaran_per_kapita_disesuaikan,16095.0,ribu rupiah/orang/tahun,D05,
3577,Kota Madiun,2022,pengeluaran_per_kapita_disesuaikan,16503.0,ribu rupiah/orang/tahun,D05,
3577,Kota Madiun,2023,pengeluaran_per_kapita_disesuaikan,17115.0,ribu rupiah/orang/tahun,D05,
3577,Kota Madiun,2024,pengeluaran_per_kapita_disesuaikan,17518.0,ribu rupiah/orang/tahun,D05,
3577,Kota Madiun,2025,pengeluaran_per_kapita_disesuaikan,18173.0,ribu rupiah/orang/tahun,D05,
3578,Kota Surabaya,2010,pengeluaran_per_kapita_disesuaikan,14473.0,ribu rupiah/orang/tahun,D05,
3578,Kota Surabaya,2011,pengeluaran_per_kapita_disesuaikan,14777.0,ribu rupiah/orang/tahun,D05,
3578,Kota Surabaya,2012,pengeluaran_per_kapita_disesuaikan,15104.0,ribu rupiah/orang/tahun,D05,
3578,Kota Surabaya,2013,pengeluaran_per_kapita_disesuaikan,15488.0,ribu rupiah/orang/tahun,D05,
3578,Kota Surabaya,2014,pengeluaran_per_kapita_disesuaikan,15492.0,ribu rupiah/orang/tahun,D05,
3578,Kota Surabaya,2015,pengeluaran_per_kapita_disesuaikan,15991.0,ribu rupiah/orang/tahun,D05,
3578,Kota Surabaya,2016,pengeluaran_per_kapita_disesuaikan,16295.0,ribu rupiah/orang/tahun,D05,
3578,Kota Surabaya,2017,pengeluaran_per_kapita_disesuaikan,16726.0,ribu rupiah/orang/tahun,D05,
3578,Kota Surabaya,2018,pengeluaran_per_kapita_disesuaikan,17157.0,ribu rupiah/orang/tahun,D05,
3578,Kota Surabaya,2019,pengeluaran_per_kapita_disesuaikan,17854.0,ribu rupiah/orang/tahun,D05,
3578,Kota Surabaya,2020,pengeluaran_per_kapita_disesuaikan,17755.0,ribu rupiah/orang/tahun,D05,
3578,Kota Surabaya,2021,pengeluaran_per_kapita_disesuaikan,17862.0,ribu rupiah/orang/tahun,D05,
3578,Kota Surabaya,2022,pengeluaran_per_kapita_disesuaikan,18345.0,ribu rupiah/orang/tahun,D05,
3578,Kota Surabaya,2023,pengeluaran_per_kapita_disesuaikan,18977.0,ribu rupiah/orang/tahun,D05,
3578,Kota Surabaya,2024,pengeluaran_per_kapita_disesuaikan,19666.0,ribu rupiah/orang/tahun,D05,
3578,Kota Surabaya,2025,pengeluaran_per_kapita_disesuaikan,20679.0,ribu rupiah/orang/tahun,D05,
3579,Kota Batu,2010,pengeluaran_per_kapita_disesuaikan,9395.0,ribu rupiah/orang/tahun,D05,
3579,Kota Batu,2011,pengeluaran_per_kapita_disesuaikan,9980.0,ribu rupiah/orang/tahun,D05,
3579,Kota Batu,2012,pengeluaran_per_kapita_disesuaikan,10667.0,ribu rupiah/orang/tahun,D05,
3579,Kota Batu,2013,pengeluaran_per_kapita_disesuaikan,10803.0,ribu rupiah/orang/tahun,D05,
3579,Kota Batu,2014,pengeluaran_per_kapita_disesuaikan,10853.0,ribu rupiah/orang/tahun,D05,
3579,Kota Batu,2015,pengeluaran_per_kapita_disesuaikan,11274.0,ribu rupiah/orang/tahun,D05,
3579,Kota Batu,2016,pengeluaran_per_kapita_disesuaikan,11772.0,ribu rupiah/orang/tahun,D05,
3579,Kota Batu,2017,pengeluaran_per_kapita_disesuaikan,12057.0,ribu rupiah/orang/tahun,D05,
3579,Kota Batu,2018,pengeluaran_per_kapita_disesuaikan,12466.0,ribu rupiah/orang/tahun,D05,
3579,Kota Batu,2019,pengeluaran_per_kapita_disesuaikan,12870.0,ribu rupiah/orang/tahun,D05,
3579,Kota Batu,2020,pengeluaran_per_kapita_disesuaikan,12824.0,ribu rupiah/orang/tahun,D05,
3579,Kota Batu,2021,pengeluaran_per_kapita_disesuaikan,12887.0,ribu rupiah/orang/tahun,D05,
3579,Kota Batu,2022,pengeluaran_per_kapita_disesuaikan,13094.0,ribu rupiah/orang/tahun,D05,
3579,Kota Batu,2023,pengeluaran_per_kapita_disesuaikan,13603.0,ribu rupiah/orang/tahun,D05,
3579,Kota Batu,2024,pengeluaran_per_kapita_disesuaikan,14253.0,ribu rupiah/orang/tahun,D05,
3579,Kota Batu,2025,pengeluaran_per_kapita_disesuaikan,14807.0,ribu rupiah/orang/tahun,D05,
3501,Kabupaten Pacitan,2020,pengeluaran_total,789088.99,rupiah/kapita/bulan,D18,turunan_makanan_plus_bukan_makanan
3501,Kabupaten Pacitan,2021,pengeluaran_total,689362.56,rupiah/kapita/bulan,D18,turunan_makanan_plus_bukan_makanan
3501,Kabupaten Pacitan,2022,pengeluaran_total,762720.53,rupiah/kapita/bulan,D18,turunan_makanan_plus_bukan_makanan
3501,Kabupaten Pacitan,2023,pengeluaran_total,933654.0,rupiah/kapita/bulan,D18,turunan_makanan_plus_bukan_makanan
3501,Kabupaten Pacitan,2024,pengeluaran_total,921999.0,rupiah/kapita/bulan,D18,turunan_makanan_plus_bukan_makanan
3501,Kabupaten Pacitan,2025,pengeluaran_total,1011681.0,rupiah/kapita/bulan,D18,turunan_makanan_plus_bukan_makanan
3502,Kabupaten Ponorogo,2020,pengeluaran_total,1018283.36,rupiah/kapita/bulan,D18,turunan_makanan_plus_bukan_makanan
3502,Kabupaten Ponorogo,2021,pengeluaran_total,923418.9,rupiah/kapita/bulan,D18,turunan_makanan_plus_bukan_makanan
3502,Kabupaten Ponorogo,2022,pengeluaran_total,962454.37,rupiah/kapita/bulan,D18,turunan_makanan_plus_bukan_makanan
3502,Kabupaten Ponorogo,2023,pengeluaran_total,1137311.0,rupiah/kapita/bulan,D18,turunan_makanan_plus_bukan_makanan
3502,Kabupaten Ponorogo,2024,pengeluaran_total,1089373.0,rupiah/kapita/bulan,D18,turunan_makanan_plus_bukan_makanan
3502,Kabupaten Ponorogo,2025,pengeluaran_total,1274426.0,rupiah/kapita/bulan,D18,turunan_makanan_plus_bukan_makanan
3503,Kabupaten Trenggalek,2020,pengeluaran_total,863724.7,rupiah/kapita/bulan,D18,turunan_makanan_plus_bukan_makanan
3503,Kabupaten Trenggalek,2021,pengeluaran_total,791238.8,rupiah/kapita/bulan,D18,turunan_makanan_plus_bukan_makanan
3503,Kabupaten Trenggalek,2022,pengeluaran_total,859876.75,rupiah/kapita/bulan,D18,turunan_makanan_plus_bukan_makanan
3503,Kabupaten Trenggalek,2023,pengeluaran_total,955119.0,rupiah/kapita/bulan,D18,turunan_makanan_plus_bukan_makanan
3503,Kabupaten Trenggalek,2024,pengeluaran_total,968996.0,rupiah/kapita/bulan,D18,turunan_makanan_plus_bukan_makanan
3503,Kabupaten Trenggalek,2025,pengeluaran_total,1065289.0,rupiah/kapita/bulan,D18,turunan_makanan_plus_bukan_makanan
3504,Kabupaten Tulungagung,2020,pengeluaran_total,1032860.13,rupiah/kapita/bulan,D18,turunan_makanan_plus_bukan_makanan
3504,Kabupaten Tulungagung,2021,pengeluaran_total,1074753.52,rupiah/kapita/bulan,D18,turunan_makanan_plus_bukan_makanan
3504,Kabupaten Tulungagung,2022,pengeluaran_total,1200016.52,rupiah/kapita/bulan,D18,turunan_makanan_plus_bukan_makanan
3504,Kabupaten Tulungagung,2023,pengeluaran_total,1177937.0,rupiah/kapita/bulan,D18,turunan_makanan_plus_bukan_makanan
3504,Kabupaten Tulungagung,2024,pengeluaran_total,1077898.0,rupiah/kapita/bulan,D18,turunan_makanan_plus_bukan_makanan
3504,Kabupaten Tulungagung,2025,pengeluaran_total,1128262.0,rupiah/kapita/bulan,D18,turunan_makanan_plus_bukan_makanan
3505,Kabupaten Blitar,2020,pengeluaran_total,885475.17,rupiah/kapita/bulan,D18,turunan_makanan_plus_bukan_makanan
3505,Kabupaten Blitar,2021,pengeluaran_total,932221.67,rupiah/kapita/bulan,D18,turunan_makanan_plus_bukan_makanan
3505,Kabupaten Blitar,2022,pengeluaran_total,945247.92,rupiah/kapita/bulan,D18,turunan_makanan_plus_bukan_makanan
3505,Kabupaten Blitar,2023,pengeluaran_total,1053214.0,rupiah/kapita/bulan,D18,turunan_makanan_plus_bukan_makanan
3505,Kabupaten Blitar,2024,pengeluaran_total,1087301.0,rupiah/kapita/bulan,D18,turunan_makanan_plus_bukan_makanan
3505,Kabupaten Blitar,2025,pengeluaran_total,1432338.0,rupiah/kapita/bulan,D18,turunan_makanan_plus_bukan_makanan
3506,Kabupaten Kediri,2020,pengeluaran_total,897042.16,rupiah/kapita/bulan,D18,turunan_makanan_plus_bukan_makanan
3506,Kabupaten Kediri,2021,pengeluaran_total,942363.06,rupiah/kapita/bulan,D18,turunan_makanan_plus_bukan_makanan
3506,Kabupaten Kediri,2022,pengeluaran_total,1081592.75,rupiah/kapita/bulan,D18,turunan_makanan_plus_bukan_makanan
3506,Kabupaten Kediri,2023,pengeluaran_total,1041850.0,rupiah/kapita/bulan,D18,turunan_makanan_plus_bukan_makanan
3506,Kabupaten Kediri,2024,pengeluaran_total,1044733.0,rupiah/kapita/bulan,D18,turunan_makanan_plus_bukan_makanan
3506,Kabupaten Kediri,2025,pengeluaran_total,1133862.0,rupiah/kapita/bulan,D18,turunan_makanan_plus_bukan_makanan
3507,Kabupaten Malang,2020,pengeluaran_total,957860.2,rupiah/kapita/bulan,D18,turunan_makanan_plus_bukan_makanan
3507,Kabupaten Malang,2021,pengeluaran_total,974043.25,rupiah/kapita/bulan,D18,turunan_makanan_plus_bukan_makanan
3507,Kabupaten Malang,2022,pengeluaran_total,995919.0,rupiah/kapita/bulan,D18,turunan_makanan_plus_bukan_makanan
3507,Kabupaten Malang,2023,pengeluaran_total,1197622.0,rupiah/kapita/bulan,D18,turunan_makanan_plus_bukan_makanan
3507,Kabupaten Malang,2024,pengeluaran_total,1160954.0,rupiah/kapita/bulan,D18,turunan_makanan_plus_bukan_makanan
3507,Kabupaten Malang,2025,pengeluaran_total,1197677.0,rupiah/kapita/bulan,D18,turunan_makanan_plus_bukan_makanan
3508,Kabupaten Lumajang,2020,pengeluaran_total,756384.3,rupiah/kapita/bulan,D18,turunan_makanan_plus_bukan_makanan
3508,Kabupaten Lumajang,2021,pengeluaran_total,996500.11,rupiah/kapita/bulan,D18,turunan_makanan_plus_bukan_makanan
3508,Kabupaten Lumajang,2022,pengeluaran_total,1107019.5,rupiah/kapita/bulan,D18,turunan_makanan_plus_bukan_makanan
3508,Kabupaten Lumajang,2023,pengeluaran_total,1316288.0,rupiah/kapita/bulan,D18,turunan_makanan_plus_bukan_makanan
3508,Kabupaten Lumajang,2024,pengeluaran_total,1274477.0,rupiah/kapita/bulan,D18,turunan_makanan_plus_bukan_makanan
3508,Kabupaten Lumajang,2025,pengeluaran_total,1129934.0,rupiah/kapita/bulan,D18,turunan_makanan_plus_bukan_makanan
3509,Kabupaten Jember,2020,pengeluaran_total,875962.11,rupiah/kapita/bulan,D18,turunan_makanan_plus_bukan_makanan
3509,Kabupaten Jember,2021,pengeluaran_total,936487.07,rupiah/kapita/bulan,D18,turunan_makanan_plus_bukan_makanan
3509,Kabupaten Jember,2022,pengeluaran_total,890591.81,rupiah/kapita/bulan,D18,turunan_makanan_plus_bukan_makanan
3509,Kabupaten Jember,2023,pengeluaran_total,1053553.0,rupiah/kapita/bulan,D18,turunan_makanan_plus_bukan_makanan
3509,Kabupaten Jember,2024,pengeluaran_total,1111191.0,rupiah/kapita/bulan,D18,turunan_makanan_plus_bukan_makanan
3509,Kabupaten Jember,2025,pengeluaran_total,1112096.0,rupiah/kapita/bulan,D18,turunan_makanan_plus_bukan_makanan
3510,Kabupaten Banyuwangi,2020,pengeluaran_total,990798.98,rupiah/kapita/bulan,D18,turunan_makanan_plus_bukan_makanan
3510,Kabupaten Banyuwangi,2021,pengeluaran_total,1188384.54,rupiah/kapita/bulan,D18,turunan_makanan_plus_bukan_makanan
3510,Kabupaten Banyuwangi,2022,pengeluaran_total,1094216.59,rupiah/kapita/bulan,D18,turunan_makanan_plus_bukan_makanan
3510,Kabupaten Banyuwangi,2023,pengeluaran_total,1304144.0,rupiah/kapita/bulan,D18,turunan_makanan_plus_bukan_makanan
3510,Kabupaten Banyuwangi,2024,pengeluaran_total,1516296.0,rupiah/kapita/bulan,D18,turunan_makanan_plus_bukan_makanan
3510,Kabupaten Banyuwangi,2025,pengeluaran_total,1434826.0,rupiah/kapita/bulan,D18,turunan_makanan_plus_bukan_makanan
3511,Kabupaten Bondowoso,2020,pengeluaran_total,807746.52,rupiah/kapita/bulan,D18,turunan_makanan_plus_bukan_makanan
3511,Kabupaten Bondowoso,2021,pengeluaran_total,854505.56,rupiah/kapita/bulan,D18,turunan_makanan_plus_bukan_makanan
3511,Kabupaten Bondowoso,2022,pengeluaran_total,919510.88,rupiah/kapita/bulan,D18,turunan_makanan_plus_bukan_makanan
3511,Kabupaten Bondowoso,2023,pengeluaran_total,1035467.0,rupiah/kapita/bulan,D18,turunan_makanan_plus_bukan_makanan
3511,Kabupaten Bondowoso,2024,pengeluaran_total,1090277.0,rupiah/kapita/bulan,D18,turunan_makanan_plus_bukan_makanan
3511,Kabupaten Bondowoso,2025,pengeluaran_total,1088112.0,rupiah/kapita/bulan,D18,turunan_makanan_plus_bukan_makanan
3512,Kabupaten Situbondo,2020,pengeluaran_total,773896.15,rupiah/kapita/bulan,D18,turunan_makanan_plus_bukan_makanan
3512,Kabupaten Situbondo,2021,pengeluaran_total,868905.72,rupiah/kapita/bulan,D18,turunan_makanan_plus_bukan_makanan
3512,Kabupaten Situbondo,2022,pengeluaran_total,860174.02,rupiah/kapita/bulan,D18,turunan_makanan_plus_bukan_makanan
3512,Kabupaten Situbondo,2023,pengeluaran_total,1001255.0,rupiah/kapita/bulan,D18,turunan_makanan_plus_bukan_makanan
3512,Kabupaten Situbondo,2024,pengeluaran_total,1138864.0,rupiah/kapita/bulan,D18,turunan_makanan_plus_bukan_makanan
3512,Kabupaten Situbondo,2025,pengeluaran_total,971711.0,rupiah/kapita/bulan,D18,turunan_makanan_plus_bukan_makanan
3513,Kabupaten Probolinggo,2020,pengeluaran_total,859198.13,rupiah/kapita/bulan,D18,turunan_makanan_plus_bukan_makanan
3513,Kabupaten Probolinggo,2021,pengeluaran_total,803883.02,rupiah/kapita/bulan,D18,turunan_makanan_plus_bukan_makanan
3513,Kabupaten Probolinggo,2022,pengeluaran_total,790386.85,rupiah/kapita/bulan,D18,turunan_makanan_plus_bukan_makanan
3513,Kabupaten Probolinggo,2023,pengeluaran_total,921359.0,rupiah/kapita/bulan,D18,turunan_makanan_plus_bukan_makanan
3513,Kabupaten Probolinggo,2024,pengeluaran_total,1049161.0,rupiah/kapita/bulan,D18,turunan_makanan_plus_bukan_makanan
3513,Kabupaten Probolinggo,2025,pengeluaran_total,1071525.0,rupiah/kapita/bulan,D18,turunan_makanan_plus_bukan_makanan
3514,Kabupaten Pasuruan,2020,pengeluaran_total,1014042.81,rupiah/kapita/bulan,D18,turunan_makanan_plus_bukan_makanan
3514,Kabupaten Pasuruan,2021,pengeluaran_total,967468.75,rupiah/kapita/bulan,D18,turunan_makanan_plus_bukan_makanan
3514,Kabupaten Pasuruan,2022,pengeluaran_total,1007238.72,rupiah/kapita/bulan,D18,turunan_makanan_plus_bukan_makanan
3514,Kabupaten Pasuruan,2023,pengeluaran_total,1137057.0,rupiah/kapita/bulan,D18,turunan_makanan_plus_bukan_makanan
3514,Kabupaten Pasuruan,2024,pengeluaran_total,1140133.0,rupiah/kapita/bulan,D18,turunan_makanan_plus_bukan_makanan
3514,Kabupaten Pasuruan,2025,pengeluaran_total,1156443.0,rupiah/kapita/bulan,D18,turunan_makanan_plus_bukan_makanan
3515,Kabupaten Sidoarjo,2020,pengeluaran_total,1602881.61,rupiah/kapita/bulan,D18,turunan_makanan_plus_bukan_makanan
3515,Kabupaten Sidoarjo,2021,pengeluaran_total,1702975.35,rupiah/kapita/bulan,D18,turunan_makanan_plus_bukan_makanan
3515,Kabupaten Sidoarjo,2022,pengeluaran_total,1699046.42,rupiah/kapita/bulan,D18,turunan_makanan_plus_bukan_makanan
3515,Kabupaten Sidoarjo,2023,pengeluaran_total,1942637.0,rupiah/kapita/bulan,D18,turunan_makanan_plus_bukan_makanan
3515,Kabupaten Sidoarjo,2024,pengeluaran_total,1959248.0,rupiah/kapita/bulan,D18,turunan_makanan_plus_bukan_makanan
3515,Kabupaten Sidoarjo,2025,pengeluaran_total,1926824.0,rupiah/kapita/bulan,D18,turunan_makanan_plus_bukan_makanan
3516,Kabupaten Mojokerto,2020,pengeluaran_total,1206234.58,rupiah/kapita/bulan,D18,turunan_makanan_plus_bukan_makanan
3516,Kabupaten Mojokerto,2021,pengeluaran_total,1152591.78,rupiah/kapita/bulan,D18,turunan_makanan_plus_bukan_makanan
3516,Kabupaten Mojokerto,2022,pengeluaran_total,1267276.01,rupiah/kapita/bulan,D18,turunan_makanan_plus_bukan_makanan
3516,Kabupaten Mojokerto,2023,pengeluaran_total,1355068.0,rupiah/kapita/bulan,D18,turunan_makanan_plus_bukan_makanan
3516,Kabupaten Mojokerto,2024,pengeluaran_total,1345014.0,rupiah/kapita/bulan,D18,turunan_makanan_plus_bukan_makanan
3516,Kabupaten Mojokerto,2025,pengeluaran_total,1439234.0,rupiah/kapita/bulan,D18,turunan_makanan_plus_bukan_makanan
3517,Kabupaten Jombang,2020,pengeluaran_total,1000946.58,rupiah/kapita/bulan,D18,turunan_makanan_plus_bukan_makanan
3517,Kabupaten Jombang,2021,pengeluaran_total,1044858.78,rupiah/kapita/bulan,D18,turunan_makanan_plus_bukan_makanan
3517,Kabupaten Jombang,2022,pengeluaran_total,1068058.13,rupiah/kapita/bulan,D18,turunan_makanan_plus_bukan_makanan
3517,Kabupaten Jombang,2023,pengeluaran_total,1126813.0,rupiah/kapita/bulan,D18,turunan_makanan_plus_bukan_makanan
3517,Kabupaten Jombang,2024,pengeluaran_total,1158016.0,rupiah/kapita/bulan,D18,turunan_makanan_plus_bukan_makanan
3517,Kabupaten Jombang,2025,pengeluaran_total,1159515.0,rupiah/kapita/bulan,D18,turunan_makanan_plus_bukan_makanan
3518,Kabupaten Nganjuk,2020,pengeluaran_total,880817.65,rupiah/kapita/bulan,D18,turunan_makanan_plus_bukan_makanan
3518,Kabupaten Nganjuk,2021,pengeluaran_total,945427.48,rupiah/kapita/bulan,D18,turunan_makanan_plus_bukan_makanan
3518,Kabupaten Nganjuk,2022,pengeluaran_total,966322.02,rupiah/kapita/bulan,D18,turunan_makanan_plus_bukan_makanan
3518,Kabupaten Nganjuk,2023,pengeluaran_total,1103127.0,rupiah/kapita/bulan,D18,turunan_makanan_plus_bukan_makanan
3518,Kabupaten Nganjuk,2024,pengeluaran_total,1191744.0,rupiah/kapita/bulan,D18,turunan_makanan_plus_bukan_makanan
3518,Kabupaten Nganjuk,2025,pengeluaran_total,1200372.0,rupiah/kapita/bulan,D18,turunan_makanan_plus_bukan_makanan
3519,Kabupaten Madiun,2020,pengeluaran_total,917157.79,rupiah/kapita/bulan,D18,turunan_makanan_plus_bukan_makanan
3519,Kabupaten Madiun,2021,pengeluaran_total,866944.03,rupiah/kapita/bulan,D18,turunan_makanan_plus_bukan_makanan
3519,Kabupaten Madiun,2022,pengeluaran_total,951547.31,rupiah/kapita/bulan,D18,turunan_makanan_plus_bukan_makanan
3519,Kabupaten Madiun,2023,pengeluaran_total,1010899.0,rupiah/kapita/bulan,D18,turunan_makanan_plus_bukan_makanan
3519,Kabupaten Madiun,2024,pengeluaran_total,1099138.0,rupiah/kapita/bulan,D18,turunan_makanan_plus_bukan_makanan
3519,Kabupaten Madiun,2025,pengeluaran_total,1196329.0,rupiah/kapita/bulan,D18,turunan_makanan_plus_bukan_makanan
3520,Kabupaten Magetan,2020,pengeluaran_total,941723.98,rupiah/kapita/bulan,D18,turunan_makanan_plus_bukan_makanan
3520,Kabupaten Magetan,2021,pengeluaran_total,972412.02,rupiah/kapita/bulan,D18,turunan_makanan_plus_bukan_makanan
3520,Kabupaten Magetan,2022,pengeluaran_total,1046173.75,rupiah/kapita/bulan,D18,turunan_makanan_plus_bukan_makanan
3520,Kabupaten Magetan,2023,pengeluaran_total,1177475.0,rupiah/kapita/bulan,D18,turunan_makanan_plus_bukan_makanan
3520,Kabupaten Magetan,2024,pengeluaran_total,1135005.0,rupiah/kapita/bulan,D18,turunan_makanan_plus_bukan_makanan
3520,Kabupaten Magetan,2025,pengeluaran_total,1309684.0,rupiah/kapita/bulan,D18,turunan_makanan_plus_bukan_makanan
3521,Kabupaten Ngawi,2020,pengeluaran_total,817267.4,rupiah/kapita/bulan,D18,turunan_makanan_plus_bukan_makanan
3521,Kabupaten Ngawi,2021,pengeluaran_total,862193.0,rupiah/kapita/bulan,D18,turunan_makanan_plus_bukan_makanan
3521,Kabupaten Ngawi,2022,pengeluaran_total,847276.5,rupiah/kapita/bulan,D18,turunan_makanan_plus_bukan_makanan
3521,Kabupaten Ngawi,2023,pengeluaran_total,968300.0,rupiah/kapita/bulan,D18,turunan_makanan_plus_bukan_makanan
3521,Kabupaten Ngawi,2024,pengeluaran_total,1212767.0,rupiah/kapita/bulan,D18,turunan_makanan_plus_bukan_makanan
3521,Kabupaten Ngawi,2025,pengeluaran_total,1171645.0,rupiah/kapita/bulan,D18,turunan_makanan_plus_bukan_makanan
3522,Kabupaten Bojonegoro,2020,pengeluaran_total,904017.88,rupiah/kapita/bulan,D18,turunan_makanan_plus_bukan_makanan
3522,Kabupaten Bojonegoro,2021,pengeluaran_total,951401.72,rupiah/kapita/bulan,D18,turunan_makanan_plus_bukan_makanan
3522,Kabupaten Bojonegoro,2022,pengeluaran_total,922204.91,rupiah/kapita/bulan,D18,turunan_makanan_plus_bukan_makanan
3522,Kabupaten Bojonegoro,2023,pengeluaran_total,1060818.0,rupiah/kapita/bulan,D18,turunan_makanan_plus_bukan_makanan
3522,Kabupaten Bojonegoro,2024,pengeluaran_total,1116149.0,rupiah/kapita/bulan,D18,turunan_makanan_plus_bukan_makanan
3522,Kabupaten Bojonegoro,2025,pengeluaran_total,1188988.0,rupiah/kapita/bulan,D18,turunan_makanan_plus_bukan_makanan
3523,Kabupaten Tuban,2020,pengeluaran_total,890624.38,rupiah/kapita/bulan,D18,turunan_makanan_plus_bukan_makanan
3523,Kabupaten Tuban,2021,pengeluaran_total,999884.87,rupiah/kapita/bulan,D18,turunan_makanan_plus_bukan_makanan
3523,Kabupaten Tuban,2022,pengeluaran_total,1239308.89,rupiah/kapita/bulan,D18,turunan_makanan_plus_bukan_makanan
3523,Kabupaten Tuban,2023,pengeluaran_total,1267109.0,rupiah/kapita/bulan,D18,turunan_makanan_plus_bukan_makanan
3523,Kabupaten Tuban,2024,pengeluaran_total,1264826.0,rupiah/kapita/bulan,D18,turunan_makanan_plus_bukan_makanan
3523,Kabupaten Tuban,2025,pengeluaran_total,1316113.0,rupiah/kapita/bulan,D18,turunan_makanan_plus_bukan_makanan
3524,Kabupaten Lamongan,2020,pengeluaran_total,1018645.1,rupiah/kapita/bulan,D18,turunan_makanan_plus_bukan_makanan
3524,Kabupaten Lamongan,2021,pengeluaran_total,1099944.1,rupiah/kapita/bulan,D18,turunan_makanan_plus_bukan_makanan
3524,Kabupaten Lamongan,2022,pengeluaran_total,1181238.53,rupiah/kapita/bulan,D18,turunan_makanan_plus_bukan_makanan
3524,Kabupaten Lamongan,2023,pengeluaran_total,1371667.0,rupiah/kapita/bulan,D18,turunan_makanan_plus_bukan_makanan
3524,Kabupaten Lamongan,2024,pengeluaran_total,1314533.0,rupiah/kapita/bulan,D18,turunan_makanan_plus_bukan_makanan
3524,Kabupaten Lamongan,2025,pengeluaran_total,1399427.0,rupiah/kapita/bulan,D18,turunan_makanan_plus_bukan_makanan
3525,Kabupaten Gresik,2020,pengeluaran_total,1304981.32,rupiah/kapita/bulan,D18,turunan_makanan_plus_bukan_makanan
3525,Kabupaten Gresik,2021,pengeluaran_total,1386340.53,rupiah/kapita/bulan,D18,turunan_makanan_plus_bukan_makanan
3525,Kabupaten Gresik,2022,pengeluaran_total,1407508.36,rupiah/kapita/bulan,D18,turunan_makanan_plus_bukan_makanan
3525,Kabupaten Gresik,2023,pengeluaran_total,1728804.0,rupiah/kapita/bulan,D18,turunan_makanan_plus_bukan_makanan
3525,Kabupaten Gresik,2024,pengeluaran_total,1819150.0,rupiah/kapita/bulan,D18,turunan_makanan_plus_bukan_makanan
3525,Kabupaten Gresik,2025,pengeluaran_total,1926575.0,rupiah/kapita/bulan,D18,turunan_makanan_plus_bukan_makanan
3526,Kabupaten Bangkalan,2020,pengeluaran_total,791935.23,rupiah/kapita/bulan,D18,turunan_makanan_plus_bukan_makanan
3526,Kabupaten Bangkalan,2021,pengeluaran_total,696198.62,rupiah/kapita/bulan,D18,turunan_makanan_plus_bukan_makanan
3526,Kabupaten Bangkalan,2022,pengeluaran_total,779500.85,rupiah/kapita/bulan,D18,turunan_makanan_plus_bukan_makanan
3526,Kabupaten Bangkalan,2023,pengeluaran_total,809398.0,rupiah/kapita/bulan,D18,turunan_makanan_plus_bukan_makanan
3526,Kabupaten Bangkalan,2024,pengeluaran_total,816100.0,rupiah/kapita/bulan,D18,turunan_makanan_plus_bukan_makanan
3526,Kabupaten Bangkalan,2025,pengeluaran_total,882871.0,rupiah/kapita/bulan,D18,turunan_makanan_plus_bukan_makanan
3527,Kabupaten Sampang,2020,pengeluaran_total,667972.28,rupiah/kapita/bulan,D18,turunan_makanan_plus_bukan_makanan
3527,Kabupaten Sampang,2021,pengeluaran_total,663068.78,rupiah/kapita/bulan,D18,turunan_makanan_plus_bukan_makanan
3527,Kabupaten Sampang,2022,pengeluaran_total,733393.64,rupiah/kapita/bulan,D18,turunan_makanan_plus_bukan_makanan
3527,Kabupaten Sampang,2023,pengeluaran_total,740145.0,rupiah/kapita/bulan,D18,turunan_makanan_plus_bukan_makanan
3527,Kabupaten Sampang,2024,pengeluaran_total,841069.0,rupiah/kapita/bulan,D18,turunan_makanan_plus_bukan_makanan
3527,Kabupaten Sampang,2025,pengeluaran_total,824469.0,rupiah/kapita/bulan,D18,turunan_makanan_plus_bukan_makanan
3528,Kabupaten Pamekasan,2020,pengeluaran_total,714598.42,rupiah/kapita/bulan,D18,turunan_makanan_plus_bukan_makanan
3528,Kabupaten Pamekasan,2021,pengeluaran_total,678583.09,rupiah/kapita/bulan,D18,turunan_makanan_plus_bukan_makanan
3528,Kabupaten Pamekasan,2022,pengeluaran_total,743662.67,rupiah/kapita/bulan,D18,turunan_makanan_plus_bukan_makanan
3528,Kabupaten Pamekasan,2023,pengeluaran_total,890405.0,rupiah/kapita/bulan,D18,turunan_makanan_plus_bukan_makanan
3528,Kabupaten Pamekasan,2024,pengeluaran_total,801201.0,rupiah/kapita/bulan,D18,turunan_makanan_plus_bukan_makanan
3528,Kabupaten Pamekasan,2025,pengeluaran_total,1138624.0,rupiah/kapita/bulan,D18,turunan_makanan_plus_bukan_makanan
3529,Kabupaten Sumenep,2020,pengeluaran_total,893067.65,rupiah/kapita/bulan,D18,turunan_makanan_plus_bukan_makanan
3529,Kabupaten Sumenep,2021,pengeluaran_total,1101592.61,rupiah/kapita/bulan,D18,turunan_makanan_plus_bukan_makanan
3529,Kabupaten Sumenep,2022,pengeluaran_total,1529882.47,rupiah/kapita/bulan,D18,turunan_makanan_plus_bukan_makanan
3529,Kabupaten Sumenep,2023,pengeluaran_total,1686980.0,rupiah/kapita/bulan,D18,turunan_makanan_plus_bukan_makanan
3529,Kabupaten Sumenep,2024,pengeluaran_total,1530448.0,rupiah/kapita/bulan,D18,turunan_makanan_plus_bukan_makanan
3529,Kabupaten Sumenep,2025,pengeluaran_total,1534990.0,rupiah/kapita/bulan,D18,turunan_makanan_plus_bukan_makanan
3571,Kota Kediri,2020,pengeluaran_total,1249789.78,rupiah/kapita/bulan,D18,turunan_makanan_plus_bukan_makanan
3571,Kota Kediri,2021,pengeluaran_total,1500469.13,rupiah/kapita/bulan,D18,turunan_makanan_plus_bukan_makanan
3571,Kota Kediri,2022,pengeluaran_total,1552830.61,rupiah/kapita/bulan,D18,turunan_makanan_plus_bukan_makanan
3571,Kota Kediri,2023,pengeluaran_total,1661424.0,rupiah/kapita/bulan,D18,turunan_makanan_plus_bukan_makanan
3571,Kota Kediri,2024,pengeluaran_total,1532677.0,rupiah/kapita/bulan,D18,turunan_makanan_plus_bukan_makanan
3571,Kota Kediri,2025,pengeluaran_total,1590006.0,rupiah/kapita/bulan,D18,turunan_makanan_plus_bukan_makanan
3572,Kota Blitar,2020,pengeluaran_total,1369646.11,rupiah/kapita/bulan,D18,turunan_makanan_plus_bukan_makanan
3572,Kota Blitar,2021,pengeluaran_total,1539749.32,rupiah/kapita/bulan,D18,turunan_makanan_plus_bukan_makanan
3572,Kota Blitar,2022,pengeluaran_total,1489536.65,rupiah/kapita/bulan,D18,turunan_makanan_plus_bukan_makanan
3572,Kota Blitar,2023,pengeluaran_total,1626624.0,rupiah/kapita/bulan,D18,turunan_makanan_plus_bukan_makanan
3572,Kota Blitar,2024,pengeluaran_total,1468380.0,rupiah/kapita/bulan,D18,turunan_makanan_plus_bukan_makanan
3572,Kota Blitar,2025,pengeluaran_total,1634201.0,rupiah/kapita/bulan,D18,turunan_makanan_plus_bukan_makanan
3573,Kota Malang,2020,pengeluaran_total,1743568.54,rupiah/kapita/bulan,D18,turunan_makanan_plus_bukan_makanan
3573,Kota Malang,2021,pengeluaran_total,1766013.77,rupiah/kapita/bulan,D18,turunan_makanan_plus_bukan_makanan
3573,Kota Malang,2022,pengeluaran_total,1878932.75,rupiah/kapita/bulan,D18,turunan_makanan_plus_bukan_makanan
3573,Kota Malang,2023,pengeluaran_total,1989831.0,rupiah/kapita/bulan,D18,turunan_makanan_plus_bukan_makanan
3573,Kota Malang,2024,pengeluaran_total,1954958.0,rupiah/kapita/bulan,D18,turunan_makanan_plus_bukan_makanan
3573,Kota Malang,2025,pengeluaran_total,1890055.0,rupiah/kapita/bulan,D18,turunan_makanan_plus_bukan_makanan
3574,Kota Probolinggo,2020,pengeluaran_total,1213358.57,rupiah/kapita/bulan,D18,turunan_makanan_plus_bukan_makanan
3574,Kota Probolinggo,2021,pengeluaran_total,1355536.29,rupiah/kapita/bulan,D18,turunan_makanan_plus_bukan_makanan
3574,Kota Probolinggo,2022,pengeluaran_total,1372986.54,rupiah/kapita/bulan,D18,turunan_makanan_plus_bukan_makanan
3574,Kota Probolinggo,2023,pengeluaran_total,1452422.0,rupiah/kapita/bulan,D18,turunan_makanan_plus_bukan_makanan
3574,Kota Probolinggo,2024,pengeluaran_total,1470650.0,rupiah/kapita/bulan,D18,turunan_makanan_plus_bukan_makanan
3574,Kota Probolinggo,2025,pengeluaran_total,1612136.0,rupiah/kapita/bulan,D18,turunan_makanan_plus_bukan_makanan
3575,Kota Pasuruan,2020,pengeluaran_total,1209888.7,rupiah/kapita/bulan,D18,turunan_makanan_plus_bukan_makanan
3575,Kota Pasuruan,2021,pengeluaran_total,1372320.75,rupiah/kapita/bulan,D18,turunan_makanan_plus_bukan_makanan
3575,Kota Pasuruan,2022,pengeluaran_total,1564268.15,rupiah/kapita/bulan,D18,turunan_makanan_plus_bukan_makanan
3575,Kota Pasuruan,2023,pengeluaran_total,1531561.0,rupiah/kapita/bulan,D18,turunan_makanan_plus_bukan_makanan
3575,Kota Pasuruan,2024,pengeluaran_total,1567251.0,rupiah/kapita/bulan,D18,turunan_makanan_plus_bukan_makanan
3575,Kota Pasuruan,2025,pengeluaran_total,1716490.0,rupiah/kapita/bulan,D18,turunan_makanan_plus_bukan_makanan
3576,Kota Mojokerto,2020,pengeluaran_total,1383231.95,rupiah/kapita/bulan,D18,turunan_makanan_plus_bukan_makanan
3576,Kota Mojokerto,2021,pengeluaran_total,1506376.23,rupiah/kapita/bulan,D18,turunan_makanan_plus_bukan_makanan
3576,Kota Mojokerto,2022,pengeluaran_total,1668879.15,rupiah/kapita/bulan,D18,turunan_makanan_plus_bukan_makanan
3576,Kota Mojokerto,2023,pengeluaran_total,1614032.0,rupiah/kapita/bulan,D18,turunan_makanan_plus_bukan_makanan
3576,Kota Mojokerto,2024,pengeluaran_total,1672492.0,rupiah/kapita/bulan,D18,turunan_makanan_plus_bukan_makanan
3576,Kota Mojokerto,2025,pengeluaran_total,1645769.0,rupiah/kapita/bulan,D18,turunan_makanan_plus_bukan_makanan
3577,Kota Madiun,2020,pengeluaran_total,1569951.4,rupiah/kapita/bulan,D18,turunan_makanan_plus_bukan_makanan
3577,Kota Madiun,2021,pengeluaran_total,1611779.66,rupiah/kapita/bulan,D18,turunan_makanan_plus_bukan_makanan
3577,Kota Madiun,2022,pengeluaran_total,1830409.11,rupiah/kapita/bulan,D18,turunan_makanan_plus_bukan_makanan
3577,Kota Madiun,2023,pengeluaran_total,2030571.0,rupiah/kapita/bulan,D18,turunan_makanan_plus_bukan_makanan
3577,Kota Madiun,2024,pengeluaran_total,2043739.0,rupiah/kapita/bulan,D18,turunan_makanan_plus_bukan_makanan
3577,Kota Madiun,2025,pengeluaran_total,1884718.0,rupiah/kapita/bulan,D18,turunan_makanan_plus_bukan_makanan
3578,Kota Surabaya,2020,pengeluaran_total,1879145.67,rupiah/kapita/bulan,D18,turunan_makanan_plus_bukan_makanan
3578,Kota Surabaya,2021,pengeluaran_total,1952589.69,rupiah/kapita/bulan,D18,turunan_makanan_plus_bukan_makanan
3578,Kota Surabaya,2022,pengeluaran_total,1968948.13,rupiah/kapita/bulan,D18,turunan_makanan_plus_bukan_makanan
3578,Kota Surabaya,2023,pengeluaran_total,2445917.0,rupiah/kapita/bulan,D18,turunan_makanan_plus_bukan_makanan
3578,Kota Surabaya,2024,pengeluaran_total,2602456.0,rupiah/kapita/bulan,D18,turunan_makanan_plus_bukan_makanan
3578,Kota Surabaya,2025,pengeluaran_total,2905005.0,rupiah/kapita/bulan,D18,turunan_makanan_plus_bukan_makanan
3579,Kota Batu,2020,pengeluaran_total,1369206.26,rupiah/kapita/bulan,D18,turunan_makanan_plus_bukan_makanan
3579,Kota Batu,2021,pengeluaran_total,1375931.32,rupiah/kapita/bulan,D18,turunan_makanan_plus_bukan_makanan
3579,Kota Batu,2022,pengeluaran_total,1424118.75,rupiah/kapita/bulan,D18,turunan_makanan_plus_bukan_makanan
3579,Kota Batu,2023,pengeluaran_total,1777110.0,rupiah/kapita/bulan,D18,turunan_makanan_plus_bukan_makanan;perlu_verifikasi
3579,Kota Batu,2024,pengeluaran_total,1735817.0,rupiah/kapita/bulan,D18,turunan_makanan_plus_bukan_makanan
3579,Kota Batu,2025,pengeluaran_total,1836191.0,rupiah/kapita/bulan,D18,turunan_makanan_plus_bukan_makanan;perlu_verifikasi
3501,Kabupaten Pacitan,2010,persen_penduduk_miskin,19.5,persen,D03,
3501,Kabupaten Pacitan,2011,persen_penduduk_miskin,18.13,persen,D03,
3501,Kabupaten Pacitan,2012,persen_penduduk_miskin,17.29,persen,D03,
3501,Kabupaten Pacitan,2013,persen_penduduk_miskin,16.73,persen,D03,
3501,Kabupaten Pacitan,2014,persen_penduduk_miskin,16.18,persen,D03,
3501,Kabupaten Pacitan,2015,persen_penduduk_miskin,16.68,persen,D03,
3501,Kabupaten Pacitan,2016,persen_penduduk_miskin,15.49,persen,D03,
3501,Kabupaten Pacitan,2017,persen_penduduk_miskin,15.42,persen,D03,
3501,Kabupaten Pacitan,2018,persen_penduduk_miskin,14.19,persen,D03,
3501,Kabupaten Pacitan,2019,persen_penduduk_miskin,13.67,persen,D03,
3501,Kabupaten Pacitan,2020,persen_penduduk_miskin,14.54,persen,D03,
3501,Kabupaten Pacitan,2021,persen_penduduk_miskin,15.11,persen,D03,
3501,Kabupaten Pacitan,2022,persen_penduduk_miskin,13.8,persen,D03,
3501,Kabupaten Pacitan,2023,persen_penduduk_miskin,13.65,persen,D03,
3501,Kabupaten Pacitan,2024,persen_penduduk_miskin,13.08,persen,D03,
3501,Kabupaten Pacitan,2025,persen_penduduk_miskin,12.97,persen,D03,
3502,Kabupaten Ponorogo,2010,persen_penduduk_miskin,13.22,persen,D03,
3502,Kabupaten Ponorogo,2011,persen_penduduk_miskin,12.29,persen,D03,
3502,Kabupaten Ponorogo,2012,persen_penduduk_miskin,11.76,persen,D03,
3502,Kabupaten Ponorogo,2013,persen_penduduk_miskin,11.92,persen,D03,
3502,Kabupaten Ponorogo,2014,persen_penduduk_miskin,11.53,persen,D03,
3502,Kabupaten Ponorogo,2015,persen_penduduk_miskin,11.91,persen,D03,
3502,Kabupaten Ponorogo,2016,persen_penduduk_miskin,11.75,persen,D03,
3502,Kabupaten Ponorogo,2017,persen_penduduk_miskin,11.39,persen,D03,
3502,Kabupaten Ponorogo,2018,persen_penduduk_miskin,10.36,persen,D03,
3502,Kabupaten Ponorogo,2019,persen_penduduk_miskin,9.64,persen,D03,
3502,Kabupaten Ponorogo,2020,persen_penduduk_miskin,9.95,persen,D03,
3502,Kabupaten Ponorogo,2021,persen_penduduk_miskin,10.26,persen,D03,
3502,Kabupaten Ponorogo,2022,persen_penduduk_miskin,9.32,persen,D03,
3502,Kabupaten Ponorogo,2023,persen_penduduk_miskin,9.53,persen,D03,
3502,Kabupaten Ponorogo,2024,persen_penduduk_miskin,9.11,persen,D03,
3502,Kabupaten Ponorogo,2025,persen_penduduk_miskin,8.86,persen,D03,
3503,Kabupaten Trenggalek,2010,persen_penduduk_miskin,16.0,persen,D03,
3503,Kabupaten Trenggalek,2011,persen_penduduk_miskin,14.9,persen,D03,
3503,Kabupaten Trenggalek,2012,persen_penduduk_miskin,14.21,persen,D03,
3503,Kabupaten Trenggalek,2013,persen_penduduk_miskin,13.56,persen,D03,
3503,Kabupaten Trenggalek,2014,persen_penduduk_miskin,13.1,persen,D03,
3503,Kabupaten Trenggalek,2015,persen_penduduk_miskin,13.39,persen,D03,
3503,Kabupaten Trenggalek,2016,persen_penduduk_miskin,13.24,persen,D03,
3503,Kabupaten Trenggalek,2017,persen_penduduk_miskin,12.96,persen,D03,
3503,Kabupaten Trenggalek,2018,persen_penduduk_miskin,12.02,persen,D03,
3503,Kabupaten Trenggalek,2019,persen_penduduk_miskin,10.98,persen,D03,
3503,Kabupaten Trenggalek,2020,persen_penduduk_miskin,11.62,persen,D03,
3503,Kabupaten Trenggalek,2021,persen_penduduk_miskin,12.14,persen,D03,
3503,Kabupaten Trenggalek,2022,persen_penduduk_miskin,10.96,persen,D03,
3503,Kabupaten Trenggalek,2023,persen_penduduk_miskin,10.63,persen,D03,
3503,Kabupaten Trenggalek,2024,persen_penduduk_miskin,10.5,persen,D03,
3503,Kabupaten Trenggalek,2025,persen_penduduk_miskin,10.29,persen,D03,
3504,Kabupaten Tulungagung,2010,persen_penduduk_miskin,10.64,persen,D03,
3504,Kabupaten Tulungagung,2011,persen_penduduk_miskin,9.9,persen,D03,
3504,Kabupaten Tulungagung,2012,persen_penduduk_miskin,9.4,persen,D03,
3504,Kabupaten Tulungagung,2013,persen_penduduk_miskin,9.07,persen,D03,
3504,Kabupaten Tulungagung,2014,persen_penduduk_miskin,8.75,persen,D03,
3504,Kabupaten Tulungagung,2015,persen_penduduk_miskin,8.57,persen,D03,
3504,Kabupaten Tulungagung,2016,persen_penduduk_miskin,8.23,persen,D03,
3504,Kabupaten Tulungagung,2017,persen_penduduk_miskin,8.04,persen,D03,
3504,Kabupaten Tulungagung,2018,persen_penduduk_miskin,7.27,persen,D03,
3504,Kabupaten Tulungagung,2019,persen_penduduk_miskin,6.74,persen,D03,
3504,Kabupaten Tulungagung,2020,persen_penduduk_miskin,7.33,persen,D03,
3504,Kabupaten Tulungagung,2021,persen_penduduk_miskin,7.51,persen,D03,
3504,Kabupaten Tulungagung,2022,persen_penduduk_miskin,6.71,persen,D03,
3504,Kabupaten Tulungagung,2023,persen_penduduk_miskin,6.53,persen,D03,
3504,Kabupaten Tulungagung,2024,persen_penduduk_miskin,6.28,persen,D03,
3504,Kabupaten Tulungagung,2025,persen_penduduk_miskin,5.96,persen,D03,
3505,Kabupaten Blitar,2010,persen_penduduk_miskin,12.13,persen,D03,
3505,Kabupaten Blitar,2011,persen_penduduk_miskin,11.29,persen,D03,
3505,Kabupaten Blitar,2012,persen_penduduk_miskin,10.74,persen,D03,
3505,Kabupaten Blitar,2013,persen_penduduk_miskin,10.57,persen,D03,
3505,Kabupaten Blitar,2014,persen_penduduk_miskin,10.22,persen,D03,
3505,Kabupaten Blitar,2015,persen_penduduk_miskin,9.97,persen,D03,
3505,Kabupaten Blitar,2016,persen_penduduk_miskin,9.88,persen,D03,
3505,Kabupaten Blitar,2017,persen_penduduk_miskin,9.8,persen,D03,
3505,Kabupaten Blitar,2018,persen_penduduk_miskin,9.72,persen,D03,
3505,Kabupaten Blitar,2019,persen_penduduk_miskin,8.94,persen,D03,
3505,Kabupaten Blitar,2020,persen_penduduk_miskin,9.33,persen,D03,
3505,Kabupaten Blitar,2021,persen_penduduk_miskin,9.65,persen,D03,
3505,Kabupaten Blitar,2022,persen_penduduk_miskin,8.71,persen,D03,
3505,Kabupaten Blitar,2023,persen_penduduk_miskin,8.69,persen,D03,
3505,Kabupaten Blitar,2024,persen_penduduk_miskin,8.16,persen,D03,
3505,Kabupaten Blitar,2025,persen_penduduk_miskin,7.57,persen,D03,
3506,Kabupaten Kediri,2010,persen_penduduk_miskin,15.52,persen,D03,
3506,Kabupaten Kediri,2011,persen_penduduk_miskin,14.44,persen,D03,
3506,Kabupaten Kediri,2012,persen_penduduk_miskin,13.71,persen,D03,
3506,Kabupaten Kediri,2013,persen_penduduk_miskin,13.23,persen,D03,
3506,Kabupaten Kediri,2014,persen_penduduk_miskin,12.77,persen,D03,
3506,Kabupaten Kediri,2015,persen_penduduk_miskin,12.91,persen,D03,
3506,Kabupaten Kediri,2016,persen_penduduk_miskin,12.72,persen,D03,
3506,Kabupaten Kediri,2017,persen_penduduk_miskin,12.25,persen,D03,
3506,Kabupaten Kediri,2018,persen_penduduk_miskin,11.31,persen,D03,
3506,Kabupaten Kediri,2019,persen_penduduk_miskin,10.42,persen,D03,
3506,Kabupaten Kediri,2020,persen_penduduk_miskin,11.4,persen,D03,
3506,Kabupaten Kediri,2021,persen_penduduk_miskin,11.64,persen,D03,
3506,Kabupaten Kediri,2022,persen_penduduk_miskin,10.65,persen,D03,
3506,Kabupaten Kediri,2023,persen_penduduk_miskin,10.72,persen,D03,
3506,Kabupaten Kediri,2024,persen_penduduk_miskin,9.95,persen,D03,
3506,Kabupaten Kediri,2025,persen_penduduk_miskin,9.81,persen,D03,
3507,Kabupaten Malang,2010,persen_penduduk_miskin,12.54,persen,D03,
3507,Kabupaten Malang,2011,persen_penduduk_miskin,11.67,persen,D03,
3507,Kabupaten Malang,2012,persen_penduduk_miskin,11.04,persen,D03,
3507,Kabupaten Malang,2013,persen_penduduk_miskin,11.48,persen,D03,
3507,Kabupaten Malang,2014,persen_penduduk_miskin,11.07,persen,D03,
3507,Kabupaten Malang,2015,persen_penduduk_miskin,11.53,persen,D03,
3507,Kabupaten Malang,2016,persen_penduduk_miskin,11.49,persen,D03,
3507,Kabupaten Malang,2017,persen_penduduk_miskin,11.04,persen,D03,
3507,Kabupaten Malang,2018,persen_penduduk_miskin,10.37,persen,D03,
3507,Kabupaten Malang,2019,persen_penduduk_miskin,9.47,persen,D03,
3507,Kabupaten Malang,2020,persen_penduduk_miskin,10.15,persen,D03,
3507,Kabupaten Malang,2021,persen_penduduk_miskin,10.5,persen,D03,
3507,Kabupaten Malang,2022,persen_penduduk_miskin,9.55,persen,D03,
3507,Kabupaten Malang,2023,persen_penduduk_miskin,9.45,persen,D03,
3507,Kabupaten Malang,2024,persen_penduduk_miskin,8.98,persen,D03,
3507,Kabupaten Malang,2025,persen_penduduk_miskin,8.78,persen,D03,
3508,Kabupaten Lumajang,2010,persen_penduduk_miskin,13.98,persen,D03,
3508,Kabupaten Lumajang,2011,persen_penduduk_miskin,13.01,persen,D03,
3508,Kabupaten Lumajang,2012,persen_penduduk_miskin,12.4,persen,D03,
3508,Kabupaten Lumajang,2013,persen_penduduk_miskin,12.14,persen,D03,
3508,Kabupaten Lumajang,2014,persen_penduduk_miskin,11.75,persen,D03,
3508,Kabupaten Lumajang,2015,persen_penduduk_miskin,11.52,persen,D03,
3508,Kabupaten Lumajang,2016,persen_penduduk_miskin,11.22,persen,D03,
3508,Kabupaten Lumajang,2017,persen_penduduk_miskin,10.87,persen,D03,
3508,Kabupaten Lumajang,2018,persen_penduduk_miskin,9.98,persen,D03,
3508,Kabupaten Lumajang,2019,persen_penduduk_miskin,9.49,persen,D03,
3508,Kabupaten Lumajang,2020,persen_penduduk_miskin,9.83,persen,D03,
3508,Kabupaten Lumajang,2021,persen_penduduk_miskin,10.05,persen,D03,
3508,Kabupaten Lumajang,2022,persen_penduduk_miskin,9.06,persen,D03,
3508,Kabupaten Lumajang,2023,persen_penduduk_miskin,8.93,persen,D03,
3508,Kabupaten Lumajang,2024,persen_penduduk_miskin,8.65,persen,D03,
3508,Kabupaten Lumajang,2025,persen_penduduk_miskin,8.6,persen,D03,
3509,Kabupaten Jember,2010,persen_penduduk_miskin,13.27,persen,D03,
3509,Kabupaten Jember,2011,persen_penduduk_miskin,12.44,persen,D03,
3509,Kabupaten Jember,2012,persen_penduduk_miskin,11.81,persen,D03,
3509,Kabupaten Jember,2013,persen_penduduk_miskin,11.68,persen,D03,
3509,Kabupaten Jember,2014,persen_penduduk_miskin,11.28,persen,D03,
3509,Kabupaten Jember,2015,persen_penduduk_miskin,11.22,persen,D03,
3509,Kabupaten Jember,2016,persen_penduduk_miskin,10.97,persen,D03,
3509,Kabupaten Jember,2017,persen_penduduk_miskin,11.0,persen,D03,
3509,Kabupaten Jember,2018,persen_penduduk_miskin,9.98,persen,D03,
3509,Kabupaten Jember,2019,persen_penduduk_miskin,9.25,persen,D03,
3509,Kabupaten Jember,2020,persen_penduduk_miskin,10.09,persen,D03,
3509,Kabupaten Jember,2021,persen_penduduk_miskin,10.41,persen,D03,
3509,Kabupaten Jember,2022,persen_penduduk_miskin,9.39,persen,D03,
3509,Kabupaten Jember,2023,persen_penduduk_miskin,9.51,persen,D03,
3509,Kabupaten Jember,2024,persen_penduduk_miskin,9.01,persen,D03,
3509,Kabupaten Jember,2025,persen_penduduk_miskin,8.67,persen,D03,
3510,Kabupaten Banyuwangi,2010,persen_penduduk_miskin,11.25,persen,D03,
3510,Kabupaten Banyuwangi,2011,persen_penduduk_miskin,10.47,persen,D03,
3510,Kabupaten Banyuwangi,2012,persen_penduduk_miskin,9.97,persen,D03,
3510,Kabupaten Banyuwangi,2013,persen_penduduk_miskin,9.61,persen,D03,
3510,Kabupaten Banyuwangi,2014,persen_penduduk_miskin,9.29,persen,D03,
3510,Kabupaten Banyuwangi,2015,persen_penduduk_miskin,9.17,persen,D03,
3510,Kabupaten Banyuwangi,2016,persen_penduduk_miskin,8.79,persen,D03,
3510,Kabupaten Banyuwangi,2017,persen_penduduk_miskin,8.64,persen,D03,
3510,Kabupaten Banyuwangi,2018,persen_penduduk_miskin,7.8,persen,D03,
3510,Kabupaten Banyuwangi,2019,persen_penduduk_miskin,7.52,persen,D03,
3510,Kabupaten Banyuwangi,2020,persen_penduduk_miskin,8.06,persen,D03,
3510,Kabupaten Banyuwangi,2021,persen_penduduk_miskin,8.07,persen,D03,
3510,Kabupaten Banyuwangi,2022,persen_penduduk_miskin,7.51,persen,D03,
3510,Kabupaten Banyuwangi,2023,persen_penduduk_miskin,7.34,persen,D03,
3510,Kabupaten Banyuwangi,2024,persen_penduduk_miskin,6.54,persen,D03,
3510,Kabupaten Banyuwangi,2025,persen_penduduk_miskin,6.13,persen,D03,
3511,Kabupaten Bondowoso,2010,persen_penduduk_miskin,17.89,persen,D03,
3511,Kabupaten Bondowoso,2011,persen_penduduk_miskin,16.66,persen,D03,
3511,Kabupaten Bondowoso,2012,persen_penduduk_miskin,15.81,persen,D03,
3511,Kabupaten Bondowoso,2013,persen_penduduk_miskin,15.29,persen,D03,
3511,Kabupaten Bondowoso,2014,persen_penduduk_miskin,14.76,persen,D03,
3511,Kabupaten Bondowoso,2015,persen_penduduk_miskin,14.96,persen,D03,
3511,Kabupaten Bondowoso,2016,persen_penduduk_miskin,15.0,persen,D03,
3511,Kabupaten Bondowoso,2017,persen_penduduk_miskin,14.54,persen,D03,
3511,Kabupaten Bondowoso,2018,persen_penduduk_miskin,14.39,persen,D03,
3511,Kabupaten Bondowoso,2019,persen_penduduk_miskin,13.33,persen,D03,
3511,Kabupaten Bondowoso,2020,persen_penduduk_miskin,14.17,persen,D03,
3511,Kabupaten Bondowoso,2021,persen_penduduk_miskin,14.73,persen,D03,
3511,Kabupaten Bondowoso,2022,persen_penduduk_miskin,13.47,persen,D03,
3511,Kabupaten Bondowoso,2023,persen_penduduk_miskin,13.34,persen,D03,
3511,Kabupaten Bondowoso,2024,persen_penduduk_miskin,12.6,persen,D03,
3511,Kabupaten Bondowoso,2025,persen_penduduk_miskin,12.2,persen,D03,
3512,Kabupaten Situbondo,2010,persen_penduduk_miskin,16.23,persen,D03,
3512,Kabupaten Situbondo,2011,persen_penduduk_miskin,15.11,persen,D03,
3512,Kabupaten Situbondo,2012,persen_penduduk_miskin,14.34,persen,D03,
3512,Kabupaten Situbondo,2013,persen_penduduk_miskin,13.65,persen,D03,
3512,Kabupaten Situbondo,2014,persen_penduduk_miskin,13.15,persen,D03,
3512,Kabupaten Situbondo,2015,persen_penduduk_miskin,13.63,persen,D03,
3512,Kabupaten Situbondo,2016,persen_penduduk_miskin,13.34,persen,D03,
3512,Kabupaten Situbondo,2017,persen_penduduk_miskin,13.05,persen,D03,
3512,Kabupaten Situbondo,2018,persen_penduduk_miskin,11.82,persen,D03,
3512,Kabupaten Situbondo,2019,persen_penduduk_miskin,11.2,persen,D03,
3512,Kabupaten Situbondo,2020,persen_penduduk_miskin,12.22,persen,D03,
3512,Kabupaten Situbondo,2021,persen_penduduk_miskin,12.63,persen,D03,
3512,Kabupaten Situbondo,2022,persen_penduduk_miskin,11.78,persen,D03,
3512,Kabupaten Situbondo,2023,persen_penduduk_miskin,11.9,persen,D03,
3512,Kabupaten Situbondo,2024,persen_penduduk_miskin,11.51,persen,D03,
3512,Kabupaten Situbondo,2025,persen_penduduk_miskin,11.17,persen,D03,
3513,Kabupaten Probolinggo,2010,persen_penduduk_miskin,25.22,persen,D03,
3513,Kabupaten Probolinggo,2011,persen_penduduk_miskin,23.48,persen,D03,
3513,Kabupaten Probolinggo,2012,persen_penduduk_miskin,22.22,persen,D03,
3513,Kabupaten Probolinggo,2013,persen_penduduk_miskin,21.21,persen,D03,
3513,Kabupaten Probolinggo,2014,persen_penduduk_miskin,20.44,persen,D03,
3513,Kabupaten Probolinggo,2015,persen_penduduk_miskin,20.82,persen,D03,
3513,Kabupaten Probolinggo,2016,persen_penduduk_miskin,20.98,persen,D03,
3513,Kabupaten Probolinggo,2017,persen_penduduk_miskin,20.52,persen,D03,
3513,Kabupaten Probolinggo,2018,persen_penduduk_miskin,18.71,persen,D03,
3513,Kabupaten Probolinggo,2019,persen_penduduk_miskin,17.76,persen,D03,
3513,Kabupaten Probolinggo,2020,persen_penduduk_miskin,18.61,persen,D03,
3513,Kabupaten Probolinggo,2021,persen_penduduk_miskin,18.91,persen,D03,
3513,Kabupaten Probolinggo,2022,persen_penduduk_miskin,17.12,persen,D03,
3513,Kabupaten Probolinggo,2023,persen_penduduk_miskin,17.19,persen,D03,
3513,Kabupaten Probolinggo,2024,persen_penduduk_miskin,16.45,persen,D03,
3513,Kabupaten Probolinggo,2025,persen_penduduk_miskin,16.31,persen,D03,
3514,Kabupaten Pasuruan,2010,persen_penduduk_miskin,13.18,persen,D03,
3514,Kabupaten Pasuruan,2011,persen_penduduk_miskin,12.26,persen,D03,
3514,Kabupaten Pasuruan,2012,persen_penduduk_miskin,11.58,persen,D03,
3514,Kabupaten Pasuruan,2013,persen_penduduk_miskin,11.26,persen,D03,
3514,Kabupaten Pasuruan,2014,persen_penduduk_miskin,10.86,persen,D03,
3514,Kabupaten Pasuruan,2015,persen_penduduk_miskin,10.72,persen,D03,
3514,Kabupaten Pasuruan,2016,persen_penduduk_miskin,10.57,persen,D03,
3514,Kabupaten Pasuruan,2017,persen_penduduk_miskin,10.34,persen,D03,
3514,Kabupaten Pasuruan,2018,persen_penduduk_miskin,9.45,persen,D03,
3514,Kabupaten Pasuruan,2019,persen_penduduk_miskin,8.68,persen,D03,
3514,Kabupaten Pasuruan,2020,persen_penduduk_miskin,9.26,persen,D03,
3514,Kabupaten Pasuruan,2021,persen_penduduk_miskin,9.7,persen,D03,
3514,Kabupaten Pasuruan,2022,persen_penduduk_miskin,8.96,persen,D03,
3514,Kabupaten Pasuruan,2023,persen_penduduk_miskin,9.24,persen,D03,
3514,Kabupaten Pasuruan,2024,persen_penduduk_miskin,8.63,persen,D03,
3514,Kabupaten Pasuruan,2025,persen_penduduk_miskin,8.21,persen,D03,
3515,Kabupaten Sidoarjo,2010,persen_penduduk_miskin,7.45,persen,D03,
3515,Kabupaten Sidoarjo,2011,persen_penduduk_miskin,6.97,persen,D03,
3515,Kabupaten Sidoarjo,2012,persen_penduduk_miskin,6.44,persen,D03,
3515,Kabupaten Sidoarjo,2013,persen_penduduk_miskin,6.72,persen,D03,
3515,Kabupaten Sidoarjo,2014,persen_penduduk_miskin,6.4,persen,D03,
3515,Kabupaten Sidoarjo,2015,persen_penduduk_miskin,6.44,persen,D03,
3515,Kabupaten Sidoarjo,2016,persen_penduduk_miskin,6.39,persen,D03,
3515,Kabupaten Sidoarjo,2017,persen_penduduk_miskin,6.23,persen,D03,
3515,Kabupaten Sidoarjo,2018,persen_penduduk_miskin,5.69,persen,D03,
3515,Kabupaten Sidoarjo,2019,persen_penduduk_miskin,5.32,persen,D03,
3515,Kabupaten Sidoarjo,2020,persen_penduduk_miskin,5.59,persen,D03,
3515,Kabupaten Sidoarjo,2021,persen_penduduk_miskin,5.93,persen,D03,
3515,Kabupaten Sidoarjo,2022,persen_penduduk_miskin,5.36,persen,D03,
3515,Kabupaten Sidoarjo,2023,persen_penduduk_miskin,5.0,persen,D03,
3515,Kabupaten Sidoarjo,2024,persen_penduduk_miskin,4.53,persen,D03,
3515,Kabupaten Sidoarjo,2025,persen_penduduk_miskin,4.4,persen,D03,
3516,Kabupaten Mojokerto,2010,persen_penduduk_miskin,12.23,persen,D03,
3516,Kabupaten Mojokerto,2011,persen_penduduk_miskin,11.38,persen,D03,
3516,Kabupaten Mojokerto,2012,persen_penduduk_miskin,10.71,persen,D03,
3516,Kabupaten Mojokerto,2013,persen_penduduk_miskin,10.99,persen,D03,
3516,Kabupaten Mojokerto,2014,persen_penduduk_miskin,10.56,persen,D03,
3516,Kabupaten Mojokerto,2015,persen_penduduk_miskin,10.57,persen,D03,
3516,Kabupaten Mojokerto,2016,persen_penduduk_miskin,10.61,persen,D03,
3516,Kabupaten Mojokerto,2017,persen_penduduk_miskin,10.19,persen,D03,
3516,Kabupaten Mojokerto,2018,persen_penduduk_miskin,10.08,persen,D03,
3516,Kabupaten Mojokerto,2019,persen_penduduk_miskin,9.75,persen,D03,
3516,Kabupaten Mojokerto,2020,persen_penduduk_miskin,10.57,persen,D03,
3516,Kabupaten Mojokerto,2021,persen_penduduk_miskin,10.62,persen,D03,
3516,Kabupaten Mojokerto,2022,persen_penduduk_miskin,9.71,persen,D03,
3516,Kabupaten Mojokerto,2023,persen_penduduk_miskin,9.8,persen,D03,
3516,Kabupaten Mojokerto,2024,persen_penduduk_miskin,9.37,persen,D03,
3516,Kabupaten Mojokerto,2025,persen_penduduk_miskin,8.79,persen,D03,
3517,Kabupaten Jombang,2010,persen_penduduk_miskin,13.84,persen,D03,
3517,Kabupaten Jombang,2011,persen_penduduk_miskin,12.88,persen,D03,
3517,Kabupaten Jombang,2012,persen_penduduk_miskin,12.23,persen,D03,
3517,Kabupaten Jombang,2013,persen_penduduk_miskin,11.17,persen,D03,
3517,Kabupaten Jombang,2014,persen_penduduk_miskin,10.8,persen,D03,
3517,Kabupaten Jombang,2015,persen_penduduk_miskin,10.79,persen,D03,
3517,Kabupaten Jombang,2016,persen_penduduk_miskin,10.7,persen,D03,
3517,Kabupaten Jombang,2017,persen_penduduk_miskin,10.48,persen,D03,
3517,Kabupaten Jombang,2018,persen_penduduk_miskin,9.56,persen,D03,
3517,Kabupaten Jombang,2019,persen_penduduk_miskin,9.22,persen,D03,
3517,Kabupaten Jombang,2020,persen_penduduk_miskin,9.94,persen,D03,
3517,Kabupaten Jombang,2021,persen_penduduk_miskin,10.0,persen,D03,
3517,Kabupaten Jombang,2022,persen_penduduk_miskin,9.04,persen,D03,
3517,Kabupaten Jombang,2023,persen_penduduk_miskin,9.15,persen,D03,
3517,Kabupaten Jombang,2024,persen_penduduk_miskin,8.6,persen,D03,
3517,Kabupaten Jombang,2025,persen_penduduk_miskin,8.36,persen,D03,
3518,Kabupaten Nganjuk,2010,persen_penduduk_miskin,14.91,persen,D03,
3518,Kabupaten Nganjuk,2011,persen_penduduk_miskin,13.88,persen,D03,
3518,Kabupaten Nganjuk,2012,persen_penduduk_miskin,13.22,persen,D03,
3518,Kabupaten Nganjuk,2013,persen_penduduk_miskin,13.6,persen,D03,
3518,Kabupaten Nganjuk,2014,persen_penduduk_miskin,13.14,persen,D03,
3518,Kabupaten Nganjuk,2015,persen_penduduk_miskin,12.69,persen,D03,
3518,Kabupaten Nganjuk,2016,persen_penduduk_miskin,12.25,persen,D03,
3518,Kabupaten Nganjuk,2017,persen_penduduk_miskin,11.98,persen,D03,
3518,Kabupaten Nganjuk,2018,persen_penduduk_miskin,12.11,persen,D03,
3518,Kabupaten Nganjuk,2019,persen_penduduk_miskin,11.24,persen,D03,
3518,Kabupaten Nganjuk,2020,persen_penduduk_miskin,11.62,persen,D03,
3518,Kabupaten Nganjuk,2021,persen_penduduk_miskin,11.85,persen,D03,
3518,Kabupaten Nganjuk,2022,persen_penduduk_miskin,10.7,persen,D03,
3518,Kabupaten Nganjuk,2023,persen_penduduk_miskin,10.89,persen,D03,
3518,Kabupaten Nganjuk,2024,persen_penduduk_miskin,10.17,persen,D03,
3518,Kabupaten Nganjuk,2025,persen_penduduk_miskin,10.06,persen,D03,
3519,Kabupaten Madiun,2010,persen_penduduk_miskin,15.45,persen,D03,
3519,Kabupaten Madiun,2011,persen_penduduk_miskin,14.37,persen,D03,
3519,Kabupaten Madiun,2012,persen_penduduk_miskin,13.7,persen,D03,
3519,Kabupaten Madiun,2013,persen_penduduk_miskin,12.45,persen,D03,
3519,Kabupaten Madiun,2014,persen_penduduk_miskin,12.04,persen,D03,
3519,Kabupaten Madiun,2015,persen_penduduk_miskin,12.54,persen,D03,
3519,Kabupaten Madiun,2016,persen_penduduk_miskin,12.69,persen,D03,
3519,Kabupaten Madiun,2017,persen_penduduk_miskin,12.28,persen,D03,
3519,Kabupaten Madiun,2018,persen_penduduk_miskin,11.42,persen,D03,
3519,Kabupaten Madiun,2019,persen_penduduk_miskin,10.54,persen,D03,
3519,Kabupaten Madiun,2020,persen_penduduk_miskin,11.46,persen,D03,
3519,Kabupaten Madiun,2021,persen_penduduk_miskin,11.91,persen,D03,
3519,Kabupaten Madiun,2022,persen_penduduk_miskin,10.79,persen,D03,
3519,Kabupaten Madiun,2023,persen_penduduk_miskin,11.04,persen,D03,
3519,Kabupaten Madiun,2024,persen_penduduk_miskin,10.63,persen,D03,
3519,Kabupaten Madiun,2025,persen_penduduk_miskin,10.4,persen,D03,
3520,Kabupaten Magetan,2010,persen_penduduk_miskin,12.94,persen,D03,
3520,Kabupaten Magetan,2011,persen_penduduk_miskin,12.01,persen,D03,
3520,Kabupaten Magetan,2012,persen_penduduk_miskin,11.5,persen,D03,
3520,Kabupaten Magetan,2013,persen_penduduk_miskin,12.19,persen,D03,
3520,Kabupaten Magetan,2014,persen_penduduk_miskin,11.8,persen,D03,
3520,Kabupaten Magetan,2015,persen_penduduk_miskin,11.35,persen,D03,
3520,Kabupaten Magetan,2016,persen_penduduk_miskin,11.03,persen,D03,
3520,Kabupaten Magetan,2017,persen_penduduk_miskin,10.48,persen,D03,
3520,Kabupaten Magetan,2018,persen_penduduk_miskin,10.31,persen,D03,
3520,Kabupaten Magetan,2019,persen_penduduk_miskin,9.61,persen,D03,
3520,Kabupaten Magetan,2020,persen_penduduk_miskin,10.35,persen,D03,
3520,Kabupaten Magetan,2021,persen_penduduk_miskin,10.66,persen,D03,
3520,Kabupaten Magetan,2022,persen_penduduk_miskin,9.84,persen,D03,
3520,Kabupaten Magetan,2023,persen_penduduk_miskin,9.8,persen,D03,
3520,Kabupaten Magetan,2024,persen_penduduk_miskin,9.32,persen,D03,
3520,Kabupaten Magetan,2025,persen_penduduk_miskin,9.14,persen,D03,
3521,Kabupaten Ngawi,2010,persen_penduduk_miskin,18.26,persen,D03,
3521,Kabupaten Ngawi,2011,persen_penduduk_miskin,16.74,persen,D03,
3521,Kabupaten Ngawi,2012,persen_penduduk_miskin,15.99,persen,D03,
3521,Kabupaten Ngawi,2013,persen_penduduk_miskin,15.45,persen,D03,
3521,Kabupaten Ngawi,2014,persen_penduduk_miskin,14.88,persen,D03,
3521,Kabupaten Ngawi,2015,persen_penduduk_miskin,15.61,persen,D03,
3521,Kabupaten Ngawi,2016,persen_penduduk_miskin,15.27,persen,D03,
3521,Kabupaten Ngawi,2017,persen_penduduk_miskin,14.91,persen,D03,
3521,Kabupaten Ngawi,2018,persen_penduduk_miskin,14.83,persen,D03,
3521,Kabupaten Ngawi,2019,persen_penduduk_miskin,14.39,persen,D03,
3521,Kabupaten Ngawi,2020,persen_penduduk_miskin,15.44,persen,D03,
3521,Kabupaten Ngawi,2021,persen_penduduk_miskin,15.57,persen,D03,
3521,Kabupaten Ngawi,2022,persen_penduduk_miskin,14.15,persen,D03,
3521,Kabupaten Ngawi,2023,persen_penduduk_miskin,14.4,persen,D03,
3521,Kabupaten Ngawi,2024,persen_penduduk_miskin,13.81,persen,D03,
3521,Kabupaten Ngawi,2025,persen_penduduk_miskin,13.62,persen,D03,
3522,Kabupaten Bojonegoro,2010,persen_penduduk_miskin,18.78,persen,D03,
3522,Kabupaten Bojonegoro,2011,persen_penduduk_miskin,17.47,persen,D03,
3522,Kabupaten Bojonegoro,2012,persen_penduduk_miskin,16.66,persen,D03,
3522,Kabupaten Bojonegoro,2013,persen_penduduk_miskin,16.02,persen,D03,
3522,Kabupaten Bojonegoro,2014,persen_penduduk_miskin,15.48,persen,D03,
3522,Kabupaten Bojonegoro,2015,persen_penduduk_miskin,15.71,persen,D03,
3522,Kabupaten Bojonegoro,2016,persen_penduduk_miskin,14.6,persen,D03,
3522,Kabupaten Bojonegoro,2017,persen_penduduk_miskin,14.34,persen,D03,
3522,Kabupaten Bojonegoro,2018,persen_penduduk_miskin,13.16,persen,D03,
3522,Kabupaten Bojonegoro,2019,persen_penduduk_miskin,12.38,persen,D03,
3522,Kabupaten Bojonegoro,2020,persen_penduduk_miskin,12.87,persen,D03,
3522,Kabupaten Bojonegoro,2021,persen_penduduk_miskin,13.27,persen,D03,
3522,Kabupaten Bojonegoro,2022,persen_penduduk_miskin,12.21,persen,D03,
3522,Kabupaten Bojonegoro,2023,persen_penduduk_miskin,12.18,persen,D03,
3522,Kabupaten Bojonegoro,2024,persen_penduduk_miskin,11.69,persen,D03,
3522,Kabupaten Bojonegoro,2025,persen_penduduk_miskin,11.49,persen,D03,
3523,Kabupaten Tuban,2010,persen_penduduk_miskin,20.19,persen,D03,
3523,Kabupaten Tuban,2011,persen_penduduk_miskin,18.78,persen,D03,
3523,Kabupaten Tuban,2012,persen_penduduk_miskin,17.84,persen,D03,
3523,Kabupaten Tuban,2013,persen_penduduk_miskin,17.23,persen,D03,
3523,Kabupaten Tuban,2014,persen_penduduk_miskin,16.64,persen,D03,
3523,Kabupaten Tuban,2015,persen_penduduk_miskin,17.08,persen,D03,
3523,Kabupaten Tuban,2016,persen_penduduk_miskin,17.14,persen,D03,
3523,Kabupaten Tuban,2017,persen_penduduk_miskin,16.87,persen,D03,
3523,Kabupaten Tuban,2018,persen_penduduk_miskin,15.31,persen,D03,
3523,Kabupaten Tuban,2019,persen_penduduk_miskin,14.58,persen,D03,
3523,Kabupaten Tuban,2020,persen_penduduk_miskin,15.91,persen,D03,
3523,Kabupaten Tuban,2021,persen_penduduk_miskin,16.31,persen,D03,
3523,Kabupaten Tuban,2022,persen_penduduk_miskin,15.02,persen,D03,
3523,Kabupaten Tuban,2023,persen_penduduk_miskin,14.91,persen,D03,
3523,Kabupaten Tuban,2024,persen_penduduk_miskin,14.36,persen,D03,
3523,Kabupaten Tuban,2025,persen_penduduk_miskin,14.13,persen,D03,
3524,Kabupaten Lamongan,2010,persen_penduduk_miskin,18.7,persen,D03,
3524,Kabupaten Lamongan,2011,persen_penduduk_miskin,17.41,persen,D03,
3524,Kabupaten Lamongan,2012,persen_penduduk_miskin,16.7,persen,D03,
3524,Kabupaten Lamongan,2013,persen_penduduk_miskin,16.18,persen,D03,
3524,Kabupaten Lamongan,2014,persen_penduduk_miskin,15.68,persen,D03,
3524,Kabupaten Lamongan,2015,persen_penduduk_miskin,15.38,persen,D03,
3524,Kabupaten Lamongan,2016,persen_penduduk_miskin,14.89,persen,D03,
3524,Kabupaten Lamongan,2017,persen_penduduk_miskin,14.42,persen,D03,
3524,Kabupaten Lamongan,2018,persen_penduduk_miskin,13.8,persen,D03,
3524,Kabupaten Lamongan,2019,persen_penduduk_miskin,13.21,persen,D03,
3524,Kabupaten Lamongan,2020,persen_penduduk_miskin,13.85,persen,D03,
3524,Kabupaten Lamongan,2021,persen_penduduk_miskin,13.86,persen,D03,
3524,Kabupaten Lamongan,2022,persen_penduduk_miskin,12.53,persen,D03,
3524,Kabupaten Lamongan,2023,persen_penduduk_miskin,12.42,persen,D03,
3524,Kabupaten Lamongan,2024,persen_penduduk_miskin,12.16,persen,D03,
3524,Kabupaten Lamongan,2025,persen_penduduk_miskin,12.03,persen,D03,
3525,Kabupaten Gresik,2010,persen_penduduk_miskin,16.42,persen,D03,
3525,Kabupaten Gresik,2011,persen_penduduk_miskin,15.33,persen,D03,
3525,Kabupaten Gresik,2012,persen_penduduk_miskin,14.35,persen,D03,
3525,Kabupaten Gresik,2013,persen_penduduk_miskin,13.94,persen,D03,
3525,Kabupaten Gresik,2014,persen_penduduk_miskin,13.41,persen,D03,
3525,Kabupaten Gresik,2015,persen_penduduk_miskin,13.63,persen,D03,
3525,Kabupaten Gresik,2016,persen_penduduk_miskin,13.19,persen,D03,
3525,Kabupaten Gresik,2017,persen_penduduk_miskin,12.8,persen,D03,
3525,Kabupaten Gresik,2018,persen_penduduk_miskin,11.89,persen,D03,
3525,Kabupaten Gresik,2019,persen_penduduk_miskin,11.35,persen,D03,
3525,Kabupaten Gresik,2020,persen_penduduk_miskin,12.4,persen,D03,
3525,Kabupaten Gresik,2021,persen_penduduk_miskin,12.42,persen,D03,
3525,Kabupaten Gresik,2022,persen_penduduk_miskin,11.06,persen,D03,
3525,Kabupaten Gresik,2023,persen_penduduk_miskin,10.96,persen,D03,
3525,Kabupaten Gresik,2024,persen_penduduk_miskin,10.32,persen,D03,
3525,Kabupaten Gresik,2025,persen_penduduk_miskin,9.95,persen,D03,
3526,Kabupaten Bangkalan,2010,persen_penduduk_miskin,28.12,persen,D03,
3526,Kabupaten Bangkalan,2011,persen_penduduk_miskin,26.22,persen,D03,
3526,Kabupaten Bangkalan,2012,persen_penduduk_miskin,24.7,persen,D03,
3526,Kabupaten Bangkalan,2013,persen_penduduk_miskin,23.23,persen,D03,
3526,Kabupaten Bangkalan,2014,persen_penduduk_miskin,22.38,persen,D03,
3526,Kabupaten Bangkalan,2015,persen_penduduk_miskin,22.57,persen,D03,
3526,Kabupaten Bangkalan,2016,persen_penduduk_miskin,21.41,persen,D03,
3526,Kabupaten Bangkalan,2017,persen_penduduk_miskin,21.32,persen,D03,
3526,Kabupaten Bangkalan,2018,persen_penduduk_miskin,19.59,persen,D03,
3526,Kabupaten Bangkalan,2019,persen_penduduk_miskin,18.9,persen,D03,
3526,Kabupaten Bangkalan,2020,persen_penduduk_miskin,20.56,persen,D03,
3526,Kabupaten Bangkalan,2021,persen_penduduk_miskin,21.57,persen,D03,
3526,Kabupaten Bangkalan,2022,persen_penduduk_miskin,19.44,persen,D03,
3526,Kabupaten Bangkalan,2023,persen_penduduk_miskin,19.35,persen,D03,
3526,Kabupaten Bangkalan,2024,persen_penduduk_miskin,18.66,persen,D03,
3526,Kabupaten Bangkalan,2025,persen_penduduk_miskin,18.25,persen,D03,
3527,Kabupaten Sampang,2010,persen_penduduk_miskin,32.47,persen,D03,
3527,Kabupaten Sampang,2011,persen_penduduk_miskin,30.21,persen,D03,
3527,Kabupaten Sampang,2012,persen_penduduk_miskin,27.97,persen,D03,
3527,Kabupaten Sampang,2013,persen_penduduk_miskin,27.08,persen,D03,
3527,Kabupaten Sampang,2014,persen_penduduk_miskin,25.8,persen,D03,
3527,Kabupaten Sampang,2015,persen_penduduk_miskin,25.69,persen,D03,
3527,Kabupaten Sampang,2016,persen_penduduk_miskin,24.11,persen,D03,
3527,Kabupaten Sampang,2017,persen_penduduk_miskin,23.56,persen,D03,
3527,Kabupaten Sampang,2018,persen_penduduk_miskin,21.21,persen,D03,
3527,Kabupaten Sampang,2019,persen_penduduk_miskin,20.71,persen,D03,
3527,Kabupaten Sampang,2020,persen_penduduk_miskin,22.78,persen,D03,
3527,Kabupaten Sampang,2021,persen_penduduk_miskin,23.76,persen,D03,
3527,Kabupaten Sampang,2022,persen_penduduk_miskin,21.61,persen,D03,
3527,Kabupaten Sampang,2023,persen_penduduk_miskin,21.76,persen,D03,
3527,Kabupaten Sampang,2024,persen_penduduk_miskin,20.83,persen,D03,
3527,Kabupaten Sampang,2025,persen_penduduk_miskin,20.61,persen,D03,
3528,Kabupaten Pamekasan,2010,persen_penduduk_miskin,22.47,persen,D03,
3528,Kabupaten Pamekasan,2011,persen_penduduk_miskin,20.94,persen,D03,
3528,Kabupaten Pamekasan,2012,persen_penduduk_miskin,19.61,persen,D03,
3528,Kabupaten Pamekasan,2013,persen_penduduk_miskin,18.53,persen,D03,
3528,Kabupaten Pamekasan,2014,persen_penduduk_miskin,17.74,persen,D03,
3528,Kabupaten Pamekasan,2015,persen_penduduk_miskin,17.41,persen,D03,
3528,Kabupaten Pamekasan,2016,persen_penduduk_miskin,16.7,persen,D03,
3528,Kabupaten Pamekasan,2017,persen_penduduk_miskin,16.0,persen,D03,
3528,Kabupaten Pamekasan,2018,persen_penduduk_miskin,14.47,persen,D03,
3528,Kabupaten Pamekasan,2019,persen_penduduk_miskin,13.95,persen,D03,
3528,Kabupaten Pamekasan,2020,persen_penduduk_miskin,14.6,persen,D03,
3528,Kabupaten Pamekasan,2021,persen_penduduk_miskin,15.3,persen,D03,
3528,Kabupaten Pamekasan,2022,persen_penduduk_miskin,13.93,persen,D03,
3528,Kabupaten Pamekasan,2023,persen_penduduk_miskin,13.85,persen,D03,
3528,Kabupaten Pamekasan,2024,persen_penduduk_miskin,13.41,persen,D03,
3528,Kabupaten Pamekasan,2025,persen_penduduk_miskin,12.77,persen,D03,
3529,Kabupaten Sumenep,2010,persen_penduduk_miskin,24.61,persen,D03,
3529,Kabupaten Sumenep,2011,persen_penduduk_miskin,23.1,persen,D03,
3529,Kabupaten Sumenep,2012,persen_penduduk_miskin,21.96,persen,D03,
3529,Kabupaten Sumenep,2013,persen_penduduk_miskin,21.22,persen,D03,
3529,Kabupaten Sumenep,2014,persen_penduduk_miskin,20.49,persen,D03,
3529,Kabupaten Sumenep,2015,persen_penduduk_miskin,20.2,persen,D03,
3529,Kabupaten Sumenep,2016,persen_penduduk_miskin,20.09,persen,D03,
3529,Kabupaten Sumenep,2017,persen_penduduk_miskin,19.62,persen,D03,
3529,Kabupaten Sumenep,2018,persen_penduduk_miskin,20.16,persen,D03,
3529,Kabupaten Sumenep,2019,persen_penduduk_miskin,19.48,persen,D03,
3529,Kabupaten Sumenep,2020,persen_penduduk_miskin,20.18,persen,D03,
3529,Kabupaten Sumenep,2021,persen_penduduk_miskin,20.51,persen,D03,
3529,Kabupaten Sumenep,2022,persen_penduduk_miskin,18.76,persen,D03,
3529,Kabupaten Sumenep,2023,persen_penduduk_miskin,18.7,persen,D03,
3529,Kabupaten Sumenep,2024,persen_penduduk_miskin,17.78,persen,D03,
3529,Kabupaten Sumenep,2025,persen_penduduk_miskin,17.02,persen,D03,
3571,Kota Kediri,2010,persen_penduduk_miskin,9.31,persen,D03,
3571,Kota Kediri,2011,persen_penduduk_miskin,8.63,persen,D03,
3571,Kota Kediri,2012,persen_penduduk_miskin,8.14,persen,D03,
3571,Kota Kediri,2013,persen_penduduk_miskin,8.23,persen,D03,
3571,Kota Kediri,2014,persen_penduduk_miskin,7.95,persen,D03,
3571,Kota Kediri,2015,persen_penduduk_miskin,8.51,persen,D03,
3571,Kota Kediri,2016,persen_penduduk_miskin,8.4,persen,D03,
3571,Kota Kediri,2017,persen_penduduk_miskin,8.49,persen,D03,
3571,Kota Kediri,2018,persen_penduduk_miskin,7.68,persen,D03,
3571,Kota Kediri,2019,persen_penduduk_miskin,7.16,persen,D03,
3571,Kota Kediri,2020,persen_penduduk_miskin,7.69,persen,D03,
3571,Kota Kediri,2021,persen_penduduk_miskin,7.75,persen,D03,
3571,Kota Kediri,2022,persen_penduduk_miskin,7.23,persen,D03,
3571,Kota Kediri,2023,persen_penduduk_miskin,7.15,persen,D03,
3571,Kota Kediri,2024,persen_penduduk_miskin,6.51,persen,D03,
3571,Kota Kediri,2025,persen_penduduk_miskin,6.04,persen,D03,
3572,Kota Blitar,2010,persen_penduduk_miskin,7.63,persen,D03,
3572,Kota Blitar,2011,persen_penduduk_miskin,7.12,persen,D03,
3572,Kota Blitar,2012,persen_penduduk_miskin,6.75,persen,D03,
3572,Kota Blitar,2013,persen_penduduk_miskin,7.42,persen,D03,
3572,Kota Blitar,2014,persen_penduduk_miskin,7.15,persen,D03,
3572,Kota Blitar,2015,persen_penduduk_miskin,7.29,persen,D03,
3572,Kota Blitar,2016,persen_penduduk_miskin,7.18,persen,D03,
3572,Kota Blitar,2017,persen_penduduk_miskin,8.03,persen,D03,
3572,Kota Blitar,2018,persen_penduduk_miskin,7.44,persen,D03,
3572,Kota Blitar,2019,persen_penduduk_miskin,7.13,persen,D03,
3572,Kota Blitar,2020,persen_penduduk_miskin,7.78,persen,D03,
3572,Kota Blitar,2021,persen_penduduk_miskin,7.89,persen,D03,
3572,Kota Blitar,2022,persen_penduduk_miskin,7.37,persen,D03,
3572,Kota Blitar,2023,persen_penduduk_miskin,7.3,persen,D03,
3572,Kota Blitar,2024,persen_penduduk_miskin,6.75,persen,D03,
3572,Kota Blitar,2025,persen_penduduk_miskin,6.6,persen,D03,
3573,Kota Malang,2010,persen_penduduk_miskin,5.9,persen,D03,
3573,Kota Malang,2011,persen_penduduk_miskin,5.5,persen,D03,
3573,Kota Malang,2012,persen_penduduk_miskin,5.21,persen,D03,
3573,Kota Malang,2013,persen_penduduk_miskin,4.87,persen,D03,
3573,Kota Malang,2014,persen_penduduk_miskin,4.8,persen,D03,
3573,Kota Malang,2015,persen_penduduk_miskin,4.6,persen,D03,
3573,Kota Malang,2016,persen_penduduk_miskin,4.33,persen,D03,
3573,Kota Malang,2017,persen_penduduk_miskin,4.17,persen,D03,
3573,Kota Malang,2018,persen_penduduk_miskin,4.1,persen,D03,
3573,Kota Malang,2019,persen_penduduk_miskin,4.07,persen,D03,
3573,Kota Malang,2020,persen_penduduk_miskin,4.44,persen,D03,
3573,Kota Malang,2021,persen_penduduk_miskin,4.62,persen,D03,
3573,Kota Malang,2022,persen_penduduk_miskin,4.37,persen,D03,
3573,Kota Malang,2023,persen_penduduk_miskin,4.26,persen,D03,
3573,Kota Malang,2024,persen_penduduk_miskin,3.91,persen,D03,
3573,Kota Malang,2025,persen_penduduk_miskin,3.85,persen,D03,
3574,Kota Probolinggo,2010,persen_penduduk_miskin,19.03,persen,D03,perlu_verifikasi
3574,Kota Probolinggo,2011,persen_penduduk_miskin,17.74,persen,D03,perlu_verifikasi
3574,Kota Probolinggo,2012,persen_penduduk_miskin,10.92,persen,D03,
3574,Kota Probolinggo,2013,persen_penduduk_miskin,8.55,persen,D03,
3574,Kota Probolinggo,2014,persen_penduduk_miskin,8.37,persen,D03,
3574,Kota Probolinggo,2015,persen_penduduk_miskin,8.17,persen,D03,
3574,Kota Probolinggo,2016,persen_penduduk_miskin,7.97,persen,D03,
3574,Kota Probolinggo,2017,persen_penduduk_miskin,7.84,persen,D03,
3574,Kota Probolinggo,2018,persen_penduduk_miskin,7.2,persen,D03,
3574,Kota Probolinggo,2019,persen_penduduk_miskin,6.91,persen,D03,
3574,Kota Probolinggo,2020,persen_penduduk_miskin,7.43,persen,D03,
3574,Kota Probolinggo,2021,persen_penduduk_miskin,7.44,persen,D03,
3574,Kota Probolinggo,2022,persen_penduduk_miskin,6.65,persen,D03,
3574,Kota Probolinggo,2023,persen_penduduk_miskin,6.48,persen,D03,
3574,Kota Probolinggo,2024,persen_penduduk_miskin,6.18,persen,D03,
3574,Kota Probolinggo,2025,persen_penduduk_miskin,5.69,persen,D03,
3575,Kota Pasuruan,2010,persen_penduduk_miskin,9.0,persen,D03,
3575,Kota Pasuruan,2011,persen_penduduk_miskin,8.39,persen,D03,
3575,Kota Pasuruan,2012,persen_penduduk_miskin,7.9,persen,D03,
3575,Kota Pasuruan,2013,persen_penduduk_miskin,7.6,persen,D03,
3575,Kota Pasuruan,2014,persen_penduduk_miskin,7.34,persen,D03,
3575,Kota Pasuruan,2015,persen_penduduk_miskin,7.47,persen,D03,
3575,Kota Pasuruan,2016,persen_penduduk_miskin,7.62,persen,D03,
3575,Kota Pasuruan,2017,persen_penduduk_miskin,7.53,persen,D03,
3575,Kota Pasuruan,2018,persen_penduduk_miskin,6.77,persen,D03,
3575,Kota Pasuruan,2019,persen_penduduk_miskin,6.46,persen,D03,
3575,Kota Pasuruan,2020,persen_penduduk_miskin,6.66,persen,D03,
3575,Kota Pasuruan,2021,persen_penduduk_miskin,6.88,persen,D03,
3575,Kota Pasuruan,2022,persen_penduduk_miskin,6.37,persen,D03,
3575,Kota Pasuruan,2023,persen_penduduk_miskin,6.6,persen,D03,
3575,Kota Pasuruan,2024,persen_penduduk_miskin,6.32,persen,D03,
3575,Kota Pasuruan,2025,persen_penduduk_miskin,6.18,persen,D03,
3576,Kota Mojokerto,2010,persen_penduduk_miskin,7.41,persen,D03,
3576,Kota Mojokerto,2011,persen_penduduk_miskin,6.89,persen,D03,
3576,Kota Mojokerto,2012,persen_penduduk_miskin,6.48,persen,D03,
3576,Kota Mojokerto,2013,persen_penduduk_miskin,6.65,persen,D03,
3576,Kota Mojokerto,2014,persen_penduduk_miskin,6.42,persen,D03,
3576,Kota Mojokerto,2015,persen_penduduk_miskin,6.16,persen,D03,
3576,Kota Mojokerto,2016,persen_penduduk_miskin,5.73,persen,D03,
3576,Kota Mojokerto,2017,persen_penduduk_miskin,5.73,persen,D03,
3576,Kota Mojokerto,2018,persen_penduduk_miskin,5.5,persen,D03,
3576,Kota Mojokerto,2019,persen_penduduk_miskin,5.15,persen,D03,
3576,Kota Mojokerto,2020,persen_penduduk_miskin,6.24,persen,D03,
3576,Kota Mojokerto,2021,persen_penduduk_miskin,6.39,persen,D03,
3576,Kota Mojokerto,2022,persen_penduduk_miskin,5.98,persen,D03,
3576,Kota Mojokerto,2023,persen_penduduk_miskin,5.77,persen,D03,
3576,Kota Mojokerto,2024,persen_penduduk_miskin,5.57,persen,D03,
3576,Kota Mojokerto,2025,persen_penduduk_miskin,5.05,persen,D03,
3577,Kota Madiun,2010,persen_penduduk_miskin,6.11,persen,D03,
3577,Kota Madiun,2011,persen_penduduk_miskin,5.66,persen,D03,
3577,Kota Madiun,2012,persen_penduduk_miskin,5.37,persen,D03,
3577,Kota Madiun,2013,persen_penduduk_miskin,5.02,persen,D03,
3577,Kota Madiun,2014,persen_penduduk_miskin,4.86,persen,D03,
3577,Kota Madiun,2015,persen_penduduk_miskin,4.89,persen,D03,
3577,Kota Madiun,2016,persen_penduduk_miskin,5.16,persen,D03,
3577,Kota Madiun,2017,persen_penduduk_miskin,4.94,persen,D03,
3577,Kota Madiun,2018,persen_penduduk_miskin,4.49,persen,D03,
3577,Kota Madiun,2019,persen_penduduk_miskin,4.35,persen,D03,
3577,Kota Madiun,2020,persen_penduduk_miskin,4.98,persen,D03,
3577,Kota Madiun,2021,persen_penduduk_miskin,5.09,persen,D03,
3577,Kota Madiun,2022,persen_penduduk_miskin,4.76,persen,D03,
3577,Kota Madiun,2023,persen_penduduk_miskin,4.74,persen,D03,
3577,Kota Madiun,2024,persen_penduduk_miskin,4.38,persen,D03,
3577,Kota Madiun,2025,persen_penduduk_miskin,3.89,persen,D03,
3578,Kota Surabaya,2010,persen_penduduk_miskin,7.07,persen,D03,
3578,Kota Surabaya,2011,persen_penduduk_miskin,6.58,persen,D03,
3578,Kota Surabaya,2012,persen_penduduk_miskin,6.25,persen,D03,
3578,Kota Surabaya,2013,persen_penduduk_miskin,6.0,persen,D03,
3578,Kota Surabaya,2014,persen_penduduk_miskin,5.79,persen,D03,
3578,Kota Surabaya,2015,persen_penduduk_miskin,5.82,persen,D03,
3578,Kota Surabaya,2016,persen_penduduk_miskin,5.63,persen,D03,
3578,Kota Surabaya,2017,persen_penduduk_miskin,5.63,persen,D03,
3578,Kota Surabaya,2018,persen_penduduk_miskin,4.88,persen,D03,
3578,Kota Surabaya,2019,persen_penduduk_miskin,4.51,persen,D03,
3578,Kota Surabaya,2020,persen_penduduk_miskin,5.02,persen,D03,
3578,Kota Surabaya,2021,persen_penduduk_miskin,5.23,persen,D03,
3578,Kota Surabaya,2022,persen_penduduk_miskin,4.72,persen,D03,
3578,Kota Surabaya,2023,persen_penduduk_miskin,4.65,persen,D03,
3578,Kota Surabaya,2024,persen_penduduk_miskin,3.96,persen,D03,
3578,Kota Surabaya,2025,persen_penduduk_miskin,3.56,persen,D03,
3579,Kota Batu,2010,persen_penduduk_miskin,5.08,persen,D03,
3579,Kota Batu,2011,persen_penduduk_miskin,4.74,persen,D03,
3579,Kota Batu,2012,persen_penduduk_miskin,4.47,persen,D03,
3579,Kota Batu,2013,persen_penduduk_miskin,4.77,persen,D03,
3579,Kota Batu,2014,persen_penduduk_miskin,4.59,persen,D03,
3579,Kota Batu,2015,persen_penduduk_miskin,4.71,persen,D03,
3579,Kota Batu,2016,persen_penduduk_miskin,4.48,persen,D03,
3579,Kota Batu,2017,persen_penduduk_miskin,4.48,persen,D03,
3579,Kota Batu,2018,persen_penduduk_miskin,3.89,persen,D03,
3579,Kota Batu,2019,persen_penduduk_miskin,3.81,persen,D03,
3579,Kota Batu,2020,persen_penduduk_miskin,3.89,persen,D03,
3579,Kota Batu,2021,persen_penduduk_miskin,4.09,persen,D03,
3579,Kota Batu,2022,persen_penduduk_miskin,3.79,persen,D03,
3579,Kota Batu,2023,persen_penduduk_miskin,3.31,persen,D03,
3579,Kota Batu,2024,persen_penduduk_miskin,3.06,persen,D03,
3579,Kota Batu,2025,persen_penduduk_miskin,2.86,persen,D03,
3501,Kabupaten Pacitan,2010,rls,6.0,tahun,D07,
3501,Kabupaten Pacitan,2011,rls,6.1,tahun,D07,
3501,Kabupaten Pacitan,2012,rls,6.21,tahun,D07,
3501,Kabupaten Pacitan,2013,rls,6.32,tahun,D07,
3501,Kabupaten Pacitan,2014,rls,6.43,tahun,D07,
3501,Kabupaten Pacitan,2015,rls,6.88,tahun,D07,
3501,Kabupaten Pacitan,2016,rls,6.89,tahun,D07,
3501,Kabupaten Pacitan,2017,rls,7.02,tahun,D07,
3501,Kabupaten Pacitan,2018,rls,7.19,tahun,D07,
3501,Kabupaten Pacitan,2019,rls,7.28,tahun,D07,
3501,Kabupaten Pacitan,2020,rls,7.6,tahun,D07,
3501,Kabupaten Pacitan,2021,rls,7.61,tahun,D07,
3501,Kabupaten Pacitan,2022,rls,7.82,tahun,D07,
3501,Kabupaten Pacitan,2023,rls,7.88,tahun,D07,
3501,Kabupaten Pacitan,2024,rls,7.9,tahun,D07,
3501,Kabupaten Pacitan,2025,rls,7.91,tahun,D07,
3502,Kabupaten Ponorogo,2010,rls,6.12,tahun,D07,
3502,Kabupaten Ponorogo,2011,rls,6.45,tahun,D07,
3502,Kabupaten Ponorogo,2012,rls,6.57,tahun,D07,
3502,Kabupaten Ponorogo,2013,rls,6.86,tahun,D07,
3502,Kabupaten Ponorogo,2014,rls,6.91,tahun,D07,
3502,Kabupaten Ponorogo,2015,rls,6.96,tahun,D07,
3502,Kabupaten Ponorogo,2016,rls,6.97,tahun,D07,
3502,Kabupaten Ponorogo,2017,rls,7.01,tahun,D07,
3502,Kabupaten Ponorogo,2018,rls,7.17,tahun,D07,
3502,Kabupaten Ponorogo,2019,rls,7.21,tahun,D07,
3502,Kabupaten Ponorogo,2020,rls,7.54,tahun,D07,
3502,Kabupaten Ponorogo,2021,rls,7.55,tahun,D07,
3502,Kabupaten Ponorogo,2022,rls,7.77,tahun,D07,
3502,Kabupaten Ponorogo,2023,rls,7.78,tahun,D07,
3502,Kabupaten Ponorogo,2024,rls,7.8,tahun,D07,
3502,Kabupaten Ponorogo,2025,rls,7.95,tahun,D07,
3503,Kabupaten Trenggalek,2010,rls,6.32,tahun,D07,
3503,Kabupaten Trenggalek,2011,rls,6.36,tahun,D07,
3503,Kabupaten Trenggalek,2012,rls,6.55,tahun,D07,
3503,Kabupaten Trenggalek,2013,rls,6.74,tahun,D07,
3503,Kabupaten Trenggalek,2014,rls,6.87,tahun,D07,
3503,Kabupaten Trenggalek,2015,rls,7.18,tahun,D07,
3503,Kabupaten Trenggalek,2016,rls,7.19,tahun,D07,
3503,Kabupaten Trenggalek,2017,rls,7.2,tahun,D07,
3503,Kabupaten Trenggalek,2018,rls,7.27,tahun,D07,
3503,Kabupaten Trenggalek,2019,rls,7.28,tahun,D07,
3503,Kabupaten Trenggalek,2020,rls,7.55,tahun,D07,
3503,Kabupaten Trenggalek,2021,rls,7.56,tahun,D07,
3503,Kabupaten Trenggalek,2022,rls,7.89,tahun,D07,
3503,Kabupaten Trenggalek,2023,rls,7.9,tahun,D07,
3503,Kabupaten Trenggalek,2024,rls,7.92,tahun,D07,
3503,Kabupaten Trenggalek,2025,rls,8.09,tahun,D07,
3504,Kabupaten Tulungagung,2010,rls,7.34,tahun,D07,
3504,Kabupaten Tulungagung,2011,rls,7.37,tahun,D07,
3504,Kabupaten Tulungagung,2012,rls,7.41,tahun,D07,
3504,Kabupaten Tulungagung,2013,rls,7.44,tahun,D07,
3504,Kabupaten Tulungagung,2014,rls,7.45,tahun,D07,
3504,Kabupaten Tulungagung,2015,rls,7.72,tahun,D07,
3504,Kabupaten Tulungagung,2016,rls,7.73,tahun,D07,
3504,Kabupaten Tulungagung,2017,rls,7.82,tahun,D07,
3504,Kabupaten Tulungagung,2018,rls,8.06,tahun,D07,
3504,Kabupaten Tulungagung,2019,rls,8.07,tahun,D07,
3504,Kabupaten Tulungagung,2020,rls,8.33,tahun,D07,
3504,Kabupaten Tulungagung,2021,rls,8.34,tahun,D07,
3504,Kabupaten Tulungagung,2022,rls,8.65,tahun,D07,
3504,Kabupaten Tulungagung,2023,rls,8.66,tahun,D07,
3504,Kabupaten Tulungagung,2024,rls,8.68,tahun,D07,
3504,Kabupaten Tulungagung,2025,rls,8.69,tahun,D07,
3505,Kabupaten Blitar,2010,rls,6.43,tahun,D07,
3505,Kabupaten Blitar,2011,rls,6.52,tahun,D07,
3505,Kabupaten Blitar,2012,rls,6.59,tahun,D07,
3505,Kabupaten Blitar,2013,rls,6.67,tahun,D07,
3505,Kabupaten Blitar,2014,rls,6.82,tahun,D07,
3505,Kabupaten Blitar,2015,rls,7.24,tahun,D07,
3505,Kabupaten Blitar,2016,rls,7.25,tahun,D07,
3505,Kabupaten Blitar,2017,rls,7.26,tahun,D07,
3505,Kabupaten Blitar,2018,rls,7.27,tahun,D07,
3505,Kabupaten Blitar,2019,rls,7.29,tahun,D07,
3505,Kabupaten Blitar,2020,rls,7.39,tahun,D07,
3505,Kabupaten Blitar,2021,rls,7.5,tahun,D07,
3505,Kabupaten Blitar,2022,rls,7.82,tahun,D07,
3505,Kabupaten Blitar,2023,rls,7.83,tahun,D07,
3505,Kabupaten Blitar,2024,rls,7.87,tahun,D07,
3505,Kabupaten Blitar,2025,rls,8.01,tahun,D07,
3506,Kabupaten Kediri,2010,rls,7.03,tahun,D07,
3506,Kabupaten Kediri,2011,rls,7.06,tahun,D07,
3506,Kabupaten Kediri,2012,rls,7.08,tahun,D07,
3506,Kabupaten Kediri,2013,rls,7.24,tahun,D07,
3506,Kabupaten Kediri,2014,rls,7.41,tahun,D07,
3506,Kabupaten Kediri,2015,rls,7.41,tahun,D07,
3506,Kabupaten Kediri,2016,rls,7.58,tahun,D07,
3506,Kabupaten Kediri,2017,rls,7.65,tahun,D07,
3506,Kabupaten Kediri,2018,rls,7.68,tahun,D07,
3506,Kabupaten Kediri,2019,rls,8.01,tahun,D07,
3506,Kabupaten Kediri,2020,rls,8.02,tahun,D07,
3506,Kabupaten Kediri,2021,rls,8.08,tahun,D07,
3506,Kabupaten Kediri,2022,rls,8.23,tahun,D07,
3506,Kabupaten Kediri,2023,rls,8.24,tahun,D07,
3506,Kabupaten Kediri,2024,rls,8.26,tahun,D07,
3506,Kabupaten Kediri,2025,rls,8.38,tahun,D07,
3507,Kabupaten Malang,2010,rls,6.34,tahun,D07,
3507,Kabupaten Malang,2011,rls,6.35,tahun,D07,
3507,Kabupaten Malang,2012,rls,6.51,tahun,D07,
3507,Kabupaten Malang,2013,rls,6.59,tahun,D07,
3507,Kabupaten Malang,2014,rls,6.66,tahun,D07,
3507,Kabupaten Malang,2015,rls,6.73,tahun,D07,
3507,Kabupaten Malang,2016,rls,6.98,tahun,D07,
3507,Kabupaten Malang,2017,rls,7.17,tahun,D07,
3507,Kabupaten Malang,2018,rls,7.18,tahun,D07,
3507,Kabupaten Malang,2019,rls,7.27,tahun,D07,
3507,Kabupaten Malang,2020,rls,7.42,tahun,D07,
3507,Kabupaten Malang,2021,rls,7.43,tahun,D07,
3507,Kabupaten Malang,2022,rls,7.68,tahun,D07,
3507,Kabupaten Malang,2023,rls,7.75,tahun,D07,
3507,Kabupaten Malang,2024,rls,7.8,tahun,D07,
3507,Kabupaten Malang,2025,rls,7.98,tahun,D07,
3508,Kabupaten Lumajang,2010,rls,5.46,tahun,D07,
3508,Kabupaten Lumajang,2011,rls,5.69,tahun,D07,
3508,Kabupaten Lumajang,2012,rls,5.78,tahun,D07,
3508,Kabupaten Lumajang,2013,rls,5.88,tahun,D07,
3508,Kabupaten Lumajang,2014,rls,6.03,tahun,D07,
3508,Kabupaten Lumajang,2015,rls,6.04,tahun,D07,
3508,Kabupaten Lumajang,2016,rls,6.05,tahun,D07,
3508,Kabupaten Lumajang,2017,rls,6.2,tahun,D07,
3508,Kabupaten Lumajang,2018,rls,6.21,tahun,D07,
3508,Kabupaten Lumajang,2019,rls,6.22,tahun,D07,
3508,Kabupaten Lumajang,2020,rls,6.4,tahun,D07,
3508,Kabupaten Lumajang,2021,rls,6.67,tahun,D07,
3508,Kabupaten Lumajang,2022,rls,6.87,tahun,D07,
3508,Kabupaten Lumajang,2023,rls,7.14,tahun,D07,
3508,Kabupaten Lumajang,2024,rls,7.27,tahun,D07,
3508,Kabupaten Lumajang,2025,rls,7.28,tahun,D07,
3509,Kabupaten Jember,2010,rls,5.49,tahun,D07,
3509,Kabupaten Jember,2011,rls,5.53,tahun,D07,
3509,Kabupaten Jember,2012,rls,5.58,tahun,D07,
3509,Kabupaten Jember,2013,rls,5.62,tahun,D07,
3509,Kabupaten Jember,2014,rls,5.63,tahun,D07,
3509,Kabupaten Jember,2015,rls,5.76,tahun,D07,
3509,Kabupaten Jember,2016,rls,6.05,tahun,D07,
3509,Kabupaten Jember,2017,rls,6.06,tahun,D07,
3509,Kabupaten Jember,2018,rls,6.07,tahun,D07,
3509,Kabupaten Jember,2019,rls,6.18,tahun,D07,
3509,Kabupaten Jember,2020,rls,6.48,tahun,D07,
3509,Kabupaten Jember,2021,rls,6.49,tahun,D07,
3509,Kabupaten Jember,2022,rls,6.5,tahun,D07,
3509,Kabupaten Jember,2023,rls,6.52,tahun,D07,
3509,Kabupaten Jember,2024,rls,6.54,tahun,D07,
3509,Kabupaten Jember,2025,rls,6.64,tahun,D07,
3510,Kabupaten Banyuwangi,2010,rls,6.38,tahun,D07,
3510,Kabupaten Banyuwangi,2011,rls,6.53,tahun,D07,
3510,Kabupaten Banyuwangi,2012,rls,6.68,tahun,D07,
3510,Kabupaten Banyuwangi,2013,rls,6.84,tahun,D07,
3510,Kabupaten Banyuwangi,2014,rls,6.87,tahun,D07,
3510,Kabupaten Banyuwangi,2015,rls,6.88,tahun,D07,
3510,Kabupaten Banyuwangi,2016,rls,6.93,tahun,D07,
3510,Kabupaten Banyuwangi,2017,rls,7.11,tahun,D07,
3510,Kabupaten Banyuwangi,2018,rls,7.12,tahun,D07,
3510,Kabupaten Banyuwangi,2019,rls,7.13,tahun,D07,
3510,Kabupaten Banyuwangi,2020,rls,7.16,tahun,D07,
3510,Kabupaten Banyuwangi,2021,rls,7.42,tahun,D07,
3510,Kabupaten Banyuwangi,2022,rls,7.66,tahun,D07,
3510,Kabupaten Banyuwangi,2023,rls,7.76,tahun,D07,
3510,Kabupaten Banyuwangi,2024,rls,7.78,tahun,D07,
3510,Kabupaten Banyuwangi,2025,rls,7.84,tahun,D07,
3511,Kabupaten Bondowoso,2010,rls,4.97,tahun,D07,
3511,Kabupaten Bondowoso,2011,rls,4.97,tahun,D07,
3511,Kabupaten Bondowoso,2012,rls,5.31,tahun,D07,
3511,Kabupaten Bondowoso,2013,rls,5.48,tahun,D07,
3511,Kabupaten Bondowoso,2014,rls,5.52,tahun,D07,
3511,Kabupaten Bondowoso,2015,rls,5.53,tahun,D07,
3511,Kabupaten Bondowoso,2016,rls,5.54,tahun,D07,
3511,Kabupaten Bondowoso,2017,rls,5.55,tahun,D07,
3511,Kabupaten Bondowoso,2018,rls,5.62,tahun,D07,
3511,Kabupaten Bondowoso,2019,rls,5.71,tahun,D07,
3511,Kabupaten Bondowoso,2020,rls,5.93,tahun,D07,
3511,Kabupaten Bondowoso,2021,rls,5.94,tahun,D07,
3511,Kabupaten Bondowoso,2022,rls,6.22,tahun,D07,
3511,Kabupaten Bondowoso,2023,rls,6.36,tahun,D07,
3511,Kabupaten Bondowoso,2024,rls,6.53,tahun,D07,
3511,Kabupaten Bondowoso,2025,rls,6.54,tahun,D07,
3512,Kabupaten Situbondo,2010,rls,4.91,tahun,D07,
3512,Kabupaten Situbondo,2011,rls,5.04,tahun,D07,
3512,Kabupaten Situbondo,2012,rls,5.16,tahun,D07,
3512,Kabupaten Situbondo,2013,rls,5.28,tahun,D07,
3512,Kabupaten Situbondo,2014,rls,5.54,tahun,D07,
3512,Kabupaten Situbondo,2015,rls,5.67,tahun,D07,
3512,Kabupaten Situbondo,2016,rls,5.68,tahun,D07,
3512,Kabupaten Situbondo,2017,rls,6.03,tahun,D07,
3512,Kabupaten Situbondo,2018,rls,6.11,tahun,D07,
3512,Kabupaten Situbondo,2019,rls,6.12,tahun,D07,
3512,Kabupaten Situbondo,2020,rls,6.46,tahun,D07,
3512,Kabupaten Situbondo,2021,rls,6.62,tahun,D07,
3512,Kabupaten Situbondo,2022,rls,6.63,tahun,D07,
3512,Kabupaten Situbondo,2023,rls,6.9,tahun,D07,
3512,Kabupaten Situbondo,2024,rls,6.93,tahun,D07,
3512,Kabupaten Situbondo,2025,rls,7.03,tahun,D07,
3513,Kabupaten Probolinggo,2010,rls,5.11,tahun,D07,
3513,Kabupaten Probolinggo,2011,rls,5.13,tahun,D07,
3513,Kabupaten Probolinggo,2012,rls,5.16,tahun,D07,
3513,Kabupaten Probolinggo,2013,rls,5.61,tahun,D07,
3513,Kabupaten Probolinggo,2014,rls,5.64,tahun,D07,
3513,Kabupaten Probolinggo,2015,rls,5.66,tahun,D07,
3513,Kabupaten Probolinggo,2016,rls,5.67,tahun,D07,
3513,Kabupaten Probolinggo,2017,rls,5.68,tahun,D07,
3513,Kabupaten Probolinggo,2018,rls,5.71,tahun,D07,
3513,Kabupaten Probolinggo,2019,rls,5.77,tahun,D07,
3513,Kabupaten Probolinggo,2020,rls,6.11,tahun,D07,
3513,Kabupaten Probolinggo,2021,rls,6.12,tahun,D07,
3513,Kabupaten Probolinggo,2022,rls,6.13,tahun,D07,
3513,Kabupaten Probolinggo,2023,rls,6.29,tahun,D07,
3513,Kabupaten Probolinggo,2024,rls,6.31,tahun,D07,
3513,Kabupaten Probolinggo,2025,rls,6.43,tahun,D07,
3514,Kabupaten Pasuruan,2010,rls,5.83,tahun,D07,
3514,Kabupaten Pasuruan,2011,rls,5.85,tahun,D07,
3514,Kabupaten Pasuruan,2012,rls,5.96,tahun,D07,
3514,Kabupaten Pasuruan,2013,rls,6.08,tahun,D07,
3514,Kabupaten Pasuruan,2014,rls,6.36,tahun,D07,
3514,Kabupaten Pasuruan,2015,rls,6.5,tahun,D07,
3514,Kabupaten Pasuruan,2016,rls,6.58,tahun,D07,
3514,Kabupaten Pasuruan,2017,rls,6.82,tahun,D07,
3514,Kabupaten Pasuruan,2018,rls,6.83,tahun,D07,
3514,Kabupaten Pasuruan,2019,rls,7.11,tahun,D07,
3514,Kabupaten Pasuruan,2020,rls,7.4,tahun,D07,
3514,Kabupaten Pasuruan,2021,rls,7.41,tahun,D07,
3514,Kabupaten Pasuruan,2022,rls,7.42,tahun,D07,
3514,Kabupaten Pasuruan,2023,rls,7.44,tahun,D07,
3514,Kabupaten Pasuruan,2024,rls,7.46,tahun,D07,
3514,Kabupaten Pasuruan,2025,rls,7.47,tahun,D07,
3515,Kabupaten Sidoarjo,2010,rls,9.22,tahun,D07,
3515,Kabupaten Sidoarjo,2011,rls,9.5,tahun,D07,
3515,Kabupaten Sidoarjo,2012,rls,9.7,tahun,D07,
3515,Kabupaten Sidoarjo,2013,rls,10.03,tahun,D07,
3515,Kabupaten Sidoarjo,2014,rls,10.09,tahun,D07,
3515,Kabupaten Sidoarjo,2015,rls,10.1,tahun,D07,
3515,Kabupaten Sidoarjo,2016,rls,10.22,tahun,D07,
3515,Kabupaten Sidoarjo,2017,rls,10.23,tahun,D07,
3515,Kabupaten Sidoarjo,2018,rls,10.24,tahun,D07,
3515,Kabupaten Sidoarjo,2019,rls,10.25,tahun,D07,
3515,Kabupaten Sidoarjo,2020,rls,10.5,tahun,D07,
3515,Kabupaten Sidoarjo,2021,rls,10.72,tahun,D07,
3515,Kabupaten Sidoarjo,2022,rls,10.77,tahun,D07,
3515,Kabupaten Sidoarjo,2023,rls,10.78,tahun,D07,
3515,Kabupaten Sidoarjo,2024,rls,10.91,tahun,D07,
3515,Kabupaten Sidoarjo,2025,rls,10.94,tahun,D07,
3516,Kabupaten Mojokerto,2010,rls,7.22,tahun,D07,
3516,Kabupaten Mojokerto,2011,rls,7.26,tahun,D07,
3516,Kabupaten Mojokerto,2012,rls,7.3,tahun,D07,
3516,Kabupaten Mojokerto,2013,rls,7.57,tahun,D07,
3516,Kabupaten Mojokerto,2014,rls,7.74,tahun,D07,
3516,Kabupaten Mojokerto,2015,rls,7.75,tahun,D07,
3516,Kabupaten Mojokerto,2016,rls,7.76,tahun,D07,
3516,Kabupaten Mojokerto,2017,rls,8.15,tahun,D07,
3516,Kabupaten Mojokerto,2018,rls,8.18,tahun,D07,
3516,Kabupaten Mojokerto,2019,rls,8.49,tahun,D07,
3516,Kabupaten Mojokerto,2020,rls,8.51,tahun,D07,
3516,Kabupaten Mojokerto,2021,rls,8.64,tahun,D07,
3516,Kabupaten Mojokerto,2022,rls,8.97,tahun,D07,
3516,Kabupaten Mojokerto,2023,rls,9.11,tahun,D07,
3516,Kabupaten Mojokerto,2024,rls,9.13,tahun,D07,
3516,Kabupaten Mojokerto,2025,rls,9.14,tahun,D07,
3517,Kabupaten Jombang,2010,rls,7.26,tahun,D07,
3517,Kabupaten Jombang,2011,rls,7.28,tahun,D07,
3517,Kabupaten Jombang,2012,rls,7.37,tahun,D07,
3517,Kabupaten Jombang,2013,rls,7.4,tahun,D07,
3517,Kabupaten Jombang,2014,rls,7.52,tahun,D07,
3517,Kabupaten Jombang,2015,rls,7.59,tahun,D07,
3517,Kabupaten Jombang,2016,rls,7.68,tahun,D07,
3517,Kabupaten Jombang,2017,rls,8.06,tahun,D07,
3517,Kabupaten Jombang,2018,rls,8.21,tahun,D07,
3517,Kabupaten Jombang,2019,rls,8.53,tahun,D07,
3517,Kabupaten Jombang,2020,rls,8.54,tahun,D07,
3517,Kabupaten Jombang,2021,rls,8.55,tahun,D07,
3517,Kabupaten Jombang,2022,rls,8.76,tahun,D07,
3517,Kabupaten Jombang,2023,rls,8.77,tahun,D07,
3517,Kabupaten Jombang,2024,rls,8.78,tahun,D07,
3517,Kabupaten Jombang,2025,rls,8.88,tahun,D07,
3518,Kabupaten Nganjuk,2010,rls,6.71,tahun,D07,
3518,Kabupaten Nganjuk,2011,rls,6.83,tahun,D07,
3518,Kabupaten Nganjuk,2012,rls,7.0,tahun,D07,
3518,Kabupaten Nganjuk,2013,rls,7.15,tahun,D07,
3518,Kabupaten Nganjuk,2014,rls,7.31,tahun,D07,
3518,Kabupaten Nganjuk,2015,rls,7.33,tahun,D07,
3518,Kabupaten Nganjuk,2016,rls,7.34,tahun,D07,
3518,Kabupaten Nganjuk,2017,rls,7.38,tahun,D07,
3518,Kabupaten Nganjuk,2018,rls,7.61,tahun,D07,
3518,Kabupaten Nganjuk,2019,rls,7.63,tahun,D07,
3518,Kabupaten Nganjuk,2020,rls,7.64,tahun,D07,
3518,Kabupaten Nganjuk,2021,rls,7.78,tahun,D07,
3518,Kabupaten Nganjuk,2022,rls,8.12,tahun,D07,
3518,Kabupaten Nganjuk,2023,rls,8.24,tahun,D07,
3518,Kabupaten Nganjuk,2024,rls,8.25,tahun,D07,
3518,Kabupaten Nganjuk,2025,rls,8.26,tahun,D07,
3519,Kabupaten Madiun,2010,rls,6.13,tahun,D07,
3519,Kabupaten Madiun,2011,rls,6.43,tahun,D07,
3519,Kabupaten Madiun,2012,rls,6.74,tahun,D07,
3519,Kabupaten Madiun,2013,rls,6.74,tahun,D07,
3519,Kabupaten Madiun,2014,rls,6.89,tahun,D07,
3519,Kabupaten Madiun,2015,rls,6.99,tahun,D07,
3519,Kabupaten Madiun,2016,rls,7.0,tahun,D07,
3519,Kabupaten Madiun,2017,rls,7.3,tahun,D07,
3519,Kabupaten Madiun,2018,rls,7.57,tahun,D07,
3519,Kabupaten Madiun,2019,rls,7.8,tahun,D07,
3519,Kabupaten Madiun,2020,rls,7.81,tahun,D07,
3519,Kabupaten Madiun,2021,rls,7.82,tahun,D07,
3519,Kabupaten Madiun,2022,rls,7.94,tahun,D07,
3519,Kabupaten Madiun,2023,rls,7.95,tahun,D07,
3519,Kabupaten Madiun,2024,rls,8.2,tahun,D07,
3519,Kabupaten Madiun,2025,rls,8.21,tahun,D07,
3520,Kabupaten Magetan,2010,rls,7.12,tahun,D07,
3520,Kabupaten Magetan,2011,rls,7.23,tahun,D07,
3520,Kabupaten Magetan,2012,rls,7.33,tahun,D07,
3520,Kabupaten Magetan,2013,rls,7.43,tahun,D07,
3520,Kabupaten Magetan,2014,rls,7.55,tahun,D07,
3520,Kabupaten Magetan,2015,rls,7.65,tahun,D07,
3520,Kabupaten Magetan,2016,rls,7.66,tahun,D07,
3520,Kabupaten Magetan,2017,rls,7.94,tahun,D07,
3520,Kabupaten Magetan,2018,rls,7.95,tahun,D07,
3520,Kabupaten Magetan,2019,rls,7.96,tahun,D07,
3520,Kabupaten Magetan,2020,rls,8.24,tahun,D07,
3520,Kabupaten Magetan,2021,rls,8.36,tahun,D07,
3520,Kabupaten Magetan,2022,rls,8.66,tahun,D07,
3520,Kabupaten Magetan,2023,rls,8.67,tahun,D07,
3520,Kabupaten Magetan,2024,rls,8.69,tahun,D07,
3520,Kabupaten Magetan,2025,rls,8.84,tahun,D07,
3521,Kabupaten Ngawi,2010,rls,5.82,tahun,D07,
3521,Kabupaten Ngawi,2011,rls,6.19,tahun,D07,
3521,Kabupaten Ngawi,2012,rls,6.23,tahun,D07,
3521,Kabupaten Ngawi,2013,rls,6.27,tahun,D07,
3521,Kabupaten Ngawi,2014,rls,6.52,tahun,D07,
3521,Kabupaten Ngawi,2015,rls,6.53,tahun,D07,
3521,Kabupaten Ngawi,2016,rls,6.54,tahun,D07,
3521,Kabupaten Ngawi,2017,rls,6.66,tahun,D07,
3521,Kabupaten Ngawi,2018,rls,6.88,tahun,D07,
3521,Kabupaten Ngawi,2019,rls,6.98,tahun,D07,
3521,Kabupaten Ngawi,2020,rls,7.06,tahun,D07,
3521,Kabupaten Ngawi,2021,rls,7.26,tahun,D07,
3521,Kabupaten Ngawi,2022,rls,7.59,tahun,D07,
3521,Kabupaten Ngawi,2023,rls,7.78,tahun,D07,
3521,Kabupaten Ngawi,2024,rls,7.84,tahun,D07,
3521,Kabupaten Ngawi,2025,rls,7.88,tahun,D07,
3522,Kabupaten Bojonegoro,2010,rls,5.51,tahun,D07,
3522,Kabupaten Bojonegoro,2011,rls,5.7,tahun,D07,
3522,Kabupaten Bojonegoro,2012,rls,5.8,tahun,D07,
3522,Kabupaten Bojonegoro,2013,rls,5.9,tahun,D07,
3522,Kabupaten Bojonegoro,2014,rls,6.14,tahun,D07,
3522,Kabupaten Bojonegoro,2015,rls,6.64,tahun,D07,
3522,Kabupaten Bojonegoro,2016,rls,6.65,tahun,D07,
3522,Kabupaten Bojonegoro,2017,rls,6.71,tahun,D07,
3522,Kabupaten Bojonegoro,2018,rls,6.77,tahun,D07,
3522,Kabupaten Bojonegoro,2019,rls,7.09,tahun,D07,
3522,Kabupaten Bojonegoro,2020,rls,7.33,tahun,D07,
3522,Kabupaten Bojonegoro,2021,rls,7.38,tahun,D07,
3522,Kabupaten Bojonegoro,2022,rls,7.43,tahun,D07,
3522,Kabupaten Bojonegoro,2023,rls,7.45,tahun,D07,
3522,Kabupaten Bojonegoro,2024,rls,7.59,tahun,D07,
3522,Kabupaten Bojonegoro,2025,rls,7.78,tahun,D07,
3523,Kabupaten Tuban,2010,rls,5.58,tahun,D07,
3523,Kabupaten Tuban,2011,rls,5.61,tahun,D07,
3523,Kabupaten Tuban,2012,rls,5.82,tahun,D07,
3523,Kabupaten Tuban,2013,rls,6.14,tahun,D07,
3523,Kabupaten Tuban,2014,rls,6.18,tahun,D07,
3523,Kabupaten Tuban,2015,rls,6.2,tahun,D07,
3523,Kabupaten Tuban,2016,rls,6.25,tahun,D07,
3523,Kabupaten Tuban,2017,rls,6.48,tahun,D07,
3523,Kabupaten Tuban,2018,rls,6.52,tahun,D07,
3523,Kabupaten Tuban,2019,rls,6.81,tahun,D07,
3523,Kabupaten Tuban,2020,rls,6.95,tahun,D07,
3523,Kabupaten Tuban,2021,rls,7.18,tahun,D07,
3523,Kabupaten Tuban,2022,rls,7.37,tahun,D07,
3523,Kabupaten Tuban,2023,rls,7.4,tahun,D07,
3523,Kabupaten Tuban,2024,rls,7.53,tahun,D07,
3523,Kabupaten Tuban,2025,rls,7.54,tahun,D07,
3524,Kabupaten Lamongan,2010,rls,6.48,tahun,D07,
3524,Kabupaten Lamongan,2011,rls,6.63,tahun,D07,
3524,Kabupaten Lamongan,2012,rls,6.84,tahun,D07,
3524,Kabupaten Lamongan,2013,rls,7.06,tahun,D07,
3524,Kabupaten Lamongan,2014,rls,7.27,tahun,D07,
3524,Kabupaten Lamongan,2015,rls,7.28,tahun,D07,
3524,Kabupaten Lamongan,2016,rls,7.29,tahun,D07,
3524,Kabupaten Lamongan,2017,rls,7.54,tahun,D07,
3524,Kabupaten Lamongan,2018,rls,7.83,tahun,D07,
3524,Kabupaten Lamongan,2019,rls,7.89,tahun,D07,
3524,Kabupaten Lamongan,2020,rls,7.92,tahun,D07,
3524,Kabupaten Lamongan,2021,rls,8.04,tahun,D07,
3524,Kabupaten Lamongan,2022,rls,8.33,tahun,D07,
3524,Kabupaten Lamongan,2023,rls,8.34,tahun,D07,
3524,Kabupaten Lamongan,2024,rls,8.48,tahun,D07,
3524,Kabupaten Lamongan,2025,rls,8.73,tahun,D07,
3525,Kabupaten Gresik,2010,rls,7.93,tahun,D07,
3525,Kabupaten Gresik,2011,rls,8.26,tahun,D07,
3525,Kabupaten Gresik,2012,rls,8.41,tahun,D07,
3525,Kabupaten Gresik,2013,rls,8.41,tahun,D07,
3525,Kabupaten Gresik,2014,rls,8.42,tahun,D07,
3525,Kabupaten Gresik,2015,rls,8.93,tahun,D07,
3525,Kabupaten Gresik,2016,rls,8.94,tahun,D07,
3525,Kabupaten Gresik,2017,rls,8.95,tahun,D07,
3525,Kabupaten Gresik,2018,rls,8.96,tahun,D07,
3525,Kabupaten Gresik,2019,rls,9.29,tahun,D07,
3525,Kabupaten Gresik,2020,rls,9.3,tahun,D07,
3525,Kabupaten Gresik,2021,rls,9.56,tahun,D07,
3525,Kabupaten Gresik,2022,rls,9.75,tahun,D07,
3525,Kabupaten Gresik,2023,rls,10.01,tahun,D07,
3525,Kabupaten Gresik,2024,rls,10.03,tahun,D07,
3525,Kabupaten Gresik,2025,rls,10.13,tahun,D07,
3526,Kabupaten Bangkalan,2010,rls,4.29,tahun,D07,
3526,Kabupaten Bangkalan,2011,rls,4.59,tahun,D07,
3526,Kabupaten Bangkalan,2012,rls,4.89,tahun,D07,
3526,Kabupaten Bangkalan,2013,rls,4.9,tahun,D07,
3526,Kabupaten Bangkalan,2014,rls,5.07,tahun,D07,
3526,Kabupaten Bangkalan,2015,rls,5.08,tahun,D07,
3526,Kabupaten Bangkalan,2016,rls,5.13,tahun,D07,
3526,Kabupaten Bangkalan,2017,rls,5.14,tahun,D07,
3526,Kabupaten Bangkalan,2018,rls,5.33,tahun,D07,
3526,Kabupaten Bangkalan,2019,rls,5.66,tahun,D07,
3526,Kabupaten Bangkalan,2020,rls,5.95,tahun,D07,
3526,Kabupaten Bangkalan,2021,rls,5.96,tahun,D07,
3526,Kabupaten Bangkalan,2022,rls,5.97,tahun,D07,
3526,Kabupaten Bangkalan,2023,rls,5.99,tahun,D07,
3526,Kabupaten Bangkalan,2024,rls,6.01,tahun,D07,
3526,Kabupaten Bangkalan,2025,rls,6.15,tahun,D07,
3527,Kabupaten Sampang,2010,rls,3.14,tahun,D07,
3527,Kabupaten Sampang,2011,rls,3.2,tahun,D07,
3527,Kabupaten Sampang,2012,rls,3.27,tahun,D07,
3527,Kabupaten Sampang,2013,rls,3.34,tahun,D07,
3527,Kabupaten Sampang,2014,rls,3.49,tahun,D07,
3527,Kabupaten Sampang,2015,rls,3.65,tahun,D07,
3527,Kabupaten Sampang,2016,rls,3.79,tahun,D07,
3527,Kabupaten Sampang,2017,rls,4.12,tahun,D07,
3527,Kabupaten Sampang,2018,rls,4.36,tahun,D07,
3527,Kabupaten Sampang,2019,rls,4.55,tahun,D07,
3527,Kabupaten Sampang,2020,rls,4.85,tahun,D07,
3527,Kabupaten Sampang,2021,rls,4.86,tahun,D07,
3527,Kabupaten Sampang,2022,rls,5.06,tahun,D07,
3527,Kabupaten Sampang,2023,rls,5.07,tahun,D07,
3527,Kabupaten Sampang,2024,rls,5.08,tahun,D07,
3527,Kabupaten Sampang,2025,rls,5.19,tahun,D07,
3528,Kabupaten Pamekasan,2010,rls,5.11,tahun,D07,
3528,Kabupaten Pamekasan,2011,rls,5.3,tahun,D07,
3528,Kabupaten Pamekasan,2012,rls,5.36,tahun,D07,
3528,Kabupaten Pamekasan,2013,rls,5.68,tahun,D07,
3528,Kabupaten Pamekasan,2014,rls,5.72,tahun,D07,
3528,Kabupaten Pamekasan,2015,rls,5.73,tahun,D07,
3528,Kabupaten Pamekasan,2016,rls,6.08,tahun,D07,
3528,Kabupaten Pamekasan,2017,rls,6.25,tahun,D07,
3528,Kabupaten Pamekasan,2018,rls,6.35,tahun,D07,
3528,Kabupaten Pamekasan,2019,rls,6.4,tahun,D07,
3528,Kabupaten Pamekasan,2020,rls,6.69,tahun,D07,
3528,Kabupaten Pamekasan,2021,rls,6.7,tahun,D07,
3528,Kabupaten Pamekasan,2022,rls,6.88,tahun,D07,
3528,Kabupaten Pamekasan,2023,rls,7.15,tahun,D07,
3528,Kabupaten Pamekasan,2024,rls,7.17,tahun,D07,
3528,Kabupaten Pamekasan,2025,rls,7.29,tahun,D07,
3529,Kabupaten Sumenep,2010,rls,4.2,tahun,D07,
3529,Kabupaten Sumenep,2011,rls,4.21,tahun,D07,
3529,Kabupaten Sumenep,2012,rls,4.48,tahun,D07,
3529,Kabupaten Sumenep,2013,rls,4.58,tahun,D07,
3529,Kabupaten Sumenep,2014,rls,4.77,tahun,D07,
3529,Kabupaten Sumenep,2015,rls,4.89,tahun,D07,
3529,Kabupaten Sumenep,2016,rls,5.08,tahun,D07,
3529,Kabupaten Sumenep,2017,rls,5.22,tahun,D07,
3529,Kabupaten Sumenep,2018,rls,5.23,tahun,D07,
3529,Kabupaten Sumenep,2019,rls,5.46,tahun,D07,
3529,Kabupaten Sumenep,2020,rls,5.71,tahun,D07,
3529,Kabupaten Sumenep,2021,rls,5.92,tahun,D07,
3529,Kabupaten Sumenep,2022,rls,5.93,tahun,D07,
3529,Kabupaten Sumenep,2023,rls,5.94,tahun,D07,
3529,Kabupaten Sumenep,2024,rls,6.1,tahun,D07,
3529,Kabupaten Sumenep,2025,rls,6.24,tahun,D07,
3571,Kota Kediri,2010,rls,9.18,tahun,D07,
3571,Kota Kediri,2011,rls,9.34,tahun,D07,
3571,Kota Kediri,2012,rls,9.49,tahun,D07,
3571,Kota Kediri,2013,rls,9.57,tahun,D07,
3571,Kota Kediri,2014,rls,9.7,tahun,D07,
3571,Kota Kediri,2015,rls,9.88,tahun,D07,
3571,Kota Kediri,2016,rls,9.89,tahun,D07,
3571,Kota Kediri,2017,rls,9.9,tahun,D07,
3571,Kota Kediri,2018,rls,9.91,tahun,D07,
3571,Kota Kediri,2019,rls,9.92,tahun,D07,
3571,Kota Kediri,2020,rls,9.93,tahun,D07,
3571,Kota Kediri,2021,rls,10.15,tahun,D07,
3571,Kota Kediri,2022,rls,10.45,tahun,D07,
3571,Kota Kediri,2023,rls,10.69,tahun,D07,
3571,Kota Kediri,2024,rls,10.92,tahun,D07,
3571,Kota Kediri,2025,rls,11.09,tahun,D07,
3572,Kota Blitar,2010,rls,9.47,tahun,D07,
3572,Kota Blitar,2011,rls,9.51,tahun,D07,
3572,Kota Blitar,2012,rls,9.52,tahun,D07,
3572,Kota Blitar,2013,rls,9.53,tahun,D07,
3572,Kota Blitar,2014,rls,9.81,tahun,D07,
3572,Kota Blitar,2015,rls,9.87,tahun,D07,
3572,Kota Blitar,2016,rls,9.88,tahun,D07,
3572,Kota Blitar,2017,rls,9.89,tahun,D07,
3572,Kota Blitar,2018,rls,9.9,tahun,D07,
3572,Kota Blitar,2019,rls,10.1,tahun,D07,
3572,Kota Blitar,2020,rls,10.11,tahun,D07,
3572,Kota Blitar,2021,rls,10.35,tahun,D07,
3572,Kota Blitar,2022,rls,10.65,tahun,D07,
3572,Kota Blitar,2023,rls,10.78,tahun,D07,
3572,Kota Blitar,2024,rls,10.82,tahun,D07,
3572,Kota Blitar,2025,rls,10.83,tahun,D07,
3573,Kota Malang,2010,rls,9.38,tahun,D07,
3573,Kota Malang,2011,rls,9.52,tahun,D07,
3573,Kota Malang,2012,rls,9.67,tahun,D07,
3573,Kota Malang,2013,rls,9.82,tahun,D07,
3573,Kota Malang,2014,rls,9.97,tahun,D07,
3573,Kota Malang,2015,rls,10.13,tahun,D07,
3573,Kota Malang,2016,rls,10.14,tahun,D07,
3573,Kota Malang,2017,rls,10.15,tahun,D07,
3573,Kota Malang,2018,rls,10.16,tahun,D07,
3573,Kota Malang,2019,rls,10.17,tahun,D07,
3573,Kota Malang,2020,rls,10.18,tahun,D07,
3573,Kota Malang,2021,rls,10.41,tahun,D07,
3573,Kota Malang,2022,rls,10.69,tahun,D07,
3573,Kota Malang,2023,rls,10.94,tahun,D07,
3573,Kota Malang,2024,rls,11.14,tahun,D07,
3573,Kota Malang,2025,rls,11.36,tahun,D07,
3574,Kota Probolinggo,2010,rls,8.17,tahun,D07,
3574,Kota Probolinggo,2011,rls,8.17,tahun,D07,
3574,Kota Probolinggo,2012,rls,8.17,tahun,D07,
3574,Kota Probolinggo,2013,rls,8.42,tahun,D07,
3574,Kota Probolinggo,2014,rls,8.44,tahun,D07,
3574,Kota Probolinggo,2015,rls,8.46,tahun,D07,
3574,Kota Probolinggo,2016,rls,8.47,tahun,D07,
3574,Kota Probolinggo,2017,rls,8.48,tahun,D07,
3574,Kota Probolinggo,2018,rls,8.49,tahun,D07,
3574,Kota Probolinggo,2019,rls,8.69,tahun,D07,
3574,Kota Probolinggo,2020,rls,8.7,tahun,D07,
3574,Kota Probolinggo,2021,rls,8.95,tahun,D07,
3574,Kota Probolinggo,2022,rls,9.29,tahun,D07,
3574,Kota Probolinggo,2023,rls,9.56,tahun,D07,
3574,Kota Probolinggo,2024,rls,9.72,tahun,D07,
3574,Kota Probolinggo,2025,rls,9.73,tahun,D07,
3575,Kota Pasuruan,2010,rls,8.59,tahun,D07,
3575,Kota Pasuruan,2011,rls,8.74,tahun,D07,
3575,Kota Pasuruan,2012,rls,8.88,tahun,D07,
3575,Kota Pasuruan,2013,rls,9.03,tahun,D07,
3575,Kota Pasuruan,2014,rls,9.06,tahun,D07,
3575,Kota Pasuruan,2015,rls,9.07,tahun,D07,
3575,Kota Pasuruan,2016,rls,9.08,tahun,D07,
3575,Kota Pasuruan,2017,rls,9.09,tahun,D07,
3575,Kota Pasuruan,2018,rls,9.1,tahun,D07,
3575,Kota Pasuruan,2019,rls,9.11,tahun,D07,
3575,Kota Pasuruan,2020,rls,9.12,tahun,D07,
3575,Kota Pasuruan,2021,rls,9.33,tahun,D07,
3575,Kota Pasuruan,2022,rls,9.67,tahun,D07,
3575,Kota Pasuruan,2023,rls,9.78,tahun,D07,
3575,Kota Pasuruan,2024,rls,9.94,tahun,D07,
3575,Kota Pasuruan,2025,rls,9.98,tahun,D07,
3576,Kota Mojokerto,2010,rls,9.79,tahun,D07,
3576,Kota Mojokerto,2011,rls,9.83,tahun,D07,
3576,Kota Mojokerto,2012,rls,9.87,tahun,D07,
3576,Kota Mojokerto,2013,rls,9.91,tahun,D07,
3576,Kota Mojokerto,2014,rls,9.91,tahun,D07,
3576,Kota Mojokerto,2015,rls,9.92,tahun,D07,
3576,Kota Mojokerto,2016,rls,9.93,tahun,D07,
3576,Kota Mojokerto,2017,rls,9.98,tahun,D07,
3576,Kota Mojokerto,2018,rls,9.99,tahun,D07,
3576,Kota Mojokerto,2019,rls,10.24,tahun,D07,
3576,Kota Mojokerto,2020,rls,10.25,tahun,D07,
3576,Kota Mojokerto,2021,rls,10.47,tahun,D07,
3576,Kota Mojokerto,2022,rls,10.8,tahun,D07,
3576,Kota Mojokerto,2023,rls,11.05,tahun,D07,
3576,Kota Mojokerto,2024,rls,11.38,tahun,D07,
3576,Kota Mojokerto,2025,rls,11.44,tahun,D07,
3577,Kota Madiun,2010,rls,10.32,tahun,D07,
3577,Kota Madiun,2011,rls,10.5,tahun,D07,
3577,Kota Madiun,2012,rls,10.68,tahun,D07,
3577,Kota Madiun,2013,rls,10.86,tahun,D07,
3577,Kota Madiun,2014,rls,10.9,tahun,D07,
3577,Kota Madiun,2015,rls,11.08,tahun,D07,
3577,Kota Madiun,2016,rls,11.09,tahun,D07,
3577,Kota Madiun,2017,rls,11.1,tahun,D07,
3577,Kota Madiun,2018,rls,11.11,tahun,D07,
3577,Kota Madiun,2019,rls,11.13,tahun,D07,
3577,Kota Madiun,2020,rls,11.14,tahun,D07,
3577,Kota Madiun,2021,rls,11.37,tahun,D07,
3577,Kota Madiun,2022,rls,11.67,tahun,D07,
3577,Kota Madiun,2023,rls,11.82,tahun,D07,
3577,Kota Madiun,2024,rls,12.11,tahun,D07,
3577,Kota Madiun,2025,rls,12.12,tahun,D07,
3578,Kota Surabaya,2010,rls,9.76,tahun,D07,
3578,Kota Surabaya,2011,rls,9.85,tahun,D07,
3578,Kota Surabaya,2012,rls,9.95,tahun,D07,
3578,Kota Surabaya,2013,rls,10.05,tahun,D07,
3578,Kota Surabaya,2014,rls,10.07,tahun,D07,
3578,Kota Surabaya,2015,rls,10.24,tahun,D07,
3578,Kota Surabaya,2016,rls,10.44,tahun,D07,
3578,Kota Surabaya,2017,rls,10.45,tahun,D07,
3578,Kota Surabaya,2018,rls,10.46,tahun,D07,
3578,Kota Surabaya,2019,rls,10.47,tahun,D07,
3578,Kota Surabaya,2020,rls,10.49,tahun,D07,
3578,Kota Surabaya,2021,rls,10.5,tahun,D07,
3578,Kota Surabaya,2022,rls,10.51,tahun,D07,
3578,Kota Surabaya,2023,rls,10.7,tahun,D07,
3578,Kota Surabaya,2024,rls,10.89,tahun,D07,
3578,Kota Surabaya,2025,rls,11.15,tahun,D07,
3579,Kota Batu,2010,rls,7.31,tahun,D07,
3579,Kota Batu,2011,rls,7.64,tahun,D07,
3579,Kota Batu,2012,rls,7.75,tahun,D07,
3579,Kota Batu,2013,rls,8.34,tahun,D07,
3579,Kota Batu,2014,rls,8.41,tahun,D07,
3579,Kota Batu,2015,rls,8.44,tahun,D07,
3579,Kota Batu,2016,rls,8.45,tahun,D07,
3579,Kota Batu,2017,rls,8.46,tahun,D07,
3579,Kota Batu,2018,rls,8.77,tahun,D07,
3579,Kota Batu,2019,rls,9.06,tahun,D07,
3579,Kota Batu,2020,rls,9.07,tahun,D07,
3579,Kota Batu,2021,rls,9.31,tahun,D07,
3579,Kota Batu,2022,rls,9.63,tahun,D07,
3579,Kota Batu,2023,rls,9.85,tahun,D07,
3579,Kota Batu,2024,rls,9.87,tahun,D07,
3579,Kota Batu,2025,rls,9.95,tahun,D07,
3501,Kabupaten Pacitan,2010,tpt,0.87,persen,D10,
3501,Kabupaten Pacitan,2011,tpt,1.54,persen,D10,
3501,Kabupaten Pacitan,2012,tpt,1.02,persen,D10,
3501,Kabupaten Pacitan,2013,tpt,0.99,persen,D10,
3501,Kabupaten Pacitan,2014,tpt,1.08,persen,D10,
3501,Kabupaten Pacitan,2015,tpt,0.97,persen,D10,
3501,Kabupaten Pacitan,2016,tpt,,persen,D10,tidak_tersedia
3501,Kabupaten Pacitan,2017,tpt,0.85,persen,D10,
3501,Kabupaten Pacitan,2018,tpt,1.39,persen,D10,
3501,Kabupaten Pacitan,2019,tpt,0.91,persen,D10,
3501,Kabupaten Pacitan,2020,tpt,2.28,persen,D10,
3501,Kabupaten Pacitan,2021,tpt,2.04,persen,D10,
3501,Kabupaten Pacitan,2022,tpt,3.65,persen,D10,
3501,Kabupaten Pacitan,2023,tpt,1.83,persen,D10,
3501,Kabupaten Pacitan,2024,tpt,1.56,persen,D10,
3501,Kabupaten Pacitan,2025,tpt,1.4,persen,D10,
3502,Kabupaten Ponorogo,2010,tpt,3.83,persen,D10,
3502,Kabupaten Ponorogo,2011,tpt,6.79,persen,D10,
3502,Kabupaten Ponorogo,2012,tpt,3.14,persen,D10,
3502,Kabupaten Ponorogo,2013,tpt,3.25,persen,D10,
3502,Kabupaten Ponorogo,2014,tpt,3.66,persen,D10,
3502,Kabupaten Ponorogo,2015,tpt,3.68,persen,D10,
3502,Kabupaten Ponorogo,2016,tpt,,persen,D10,tidak_tersedia
3502,Kabupaten Ponorogo,2017,tpt,3.76,persen,D10,
3502,Kabupaten Ponorogo,2018,tpt,3.77,persen,D10,
3502,Kabupaten Ponorogo,2019,tpt,3.5,persen,D10,
3502,Kabupaten Ponorogo,2020,tpt,4.45,persen,D10,
3502,Kabupaten Ponorogo,2021,tpt,4.38,persen,D10,
3502,Kabupaten Ponorogo,2022,tpt,5.51,persen,D10,
3502,Kabupaten Ponorogo,2023,tpt,4.66,persen,D10,
3502,Kabupaten Ponorogo,2024,tpt,4.19,persen,D10,
3502,Kabupaten Ponorogo,2025,tpt,3.85,persen,D10,
3503,Kabupaten Trenggalek,2010,tpt,2.15,persen,D10,
3503,Kabupaten Trenggalek,2011,tpt,3.27,persen,D10,
3503,Kabupaten Trenggalek,2012,tpt,2.98,persen,D10,
3503,Kabupaten Trenggalek,2013,tpt,4.04,persen,D10,
3503,Kabupaten Trenggalek,2014,tpt,4.2,persen,D10,
3503,Kabupaten Trenggalek,2015,tpt,2.46,persen,D10,
3503,Kabupaten Trenggalek,2016,tpt,,persen,D10,tidak_tersedia
3503,Kabupaten Trenggalek,2017,tpt,3.48,persen,D10,
3503,Kabupaten Trenggalek,2018,tpt,4.12,persen,D10,
3503,Kabupaten Trenggalek,2019,tpt,3.36,persen,D10,
3503,Kabupaten Trenggalek,2020,tpt,4.11,persen,D10,
3503,Kabupaten Trenggalek,2021,tpt,3.53,persen,D10,
3503,Kabupaten Trenggalek,2022,tpt,5.37,persen,D10,
3503,Kabupaten Trenggalek,2023,tpt,4.52,persen,D10,
3503,Kabupaten Trenggalek,2024,tpt,3.9,persen,D10,
3503,Kabupaten Trenggalek,2025,tpt,3.86,persen,D10,
3504,Kabupaten Tulungagung,2010,tpt,3.5,persen,D10,
3504,Kabupaten Tulungagung,2011,tpt,3.56,persen,D10,
3504,Kabupaten Tulungagung,2012,tpt,3.1,persen,D10,
3504,Kabupaten Tulungagung,2013,tpt,2.71,persen,D10,
3504,Kabupaten Tulungagung,2014,tpt,2.42,persen,D10,
3504,Kabupaten Tulungagung,2015,tpt,3.95,persen,D10,
3504,Kabupaten Tulungagung,2016,tpt,,persen,D10,tidak_tersedia
3504,Kabupaten Tulungagung,2017,tpt,2.27,persen,D10,
3504,Kabupaten Tulungagung,2018,tpt,2.53,persen,D10,
3504,Kabupaten Tulungagung,2019,tpt,3.29,persen,D10,
3504,Kabupaten Tulungagung,2020,tpt,4.61,persen,D10,
3504,Kabupaten Tulungagung,2021,tpt,4.91,persen,D10,
3504,Kabupaten Tulungagung,2022,tpt,6.65,persen,D10,
3504,Kabupaten Tulungagung,2023,tpt,5.65,persen,D10,
3504,Kabupaten Tulungagung,2024,tpt,4.12,persen,D10,
3504,Kabupaten Tulungagung,2025,tpt,4.03,persen,D10,
3505,Kabupaten Blitar,2010,tpt,2.24,persen,D10,
3505,Kabupaten Blitar,2011,tpt,3.91,persen,D10,
3505,Kabupaten Blitar,2012,tpt,2.82,persen,D10,
3505,Kabupaten Blitar,2013,tpt,3.64,persen,D10,
3505,Kabupaten Blitar,2014,tpt,3.08,persen,D10,
3505,Kabupaten Blitar,2015,tpt,2.79,persen,D10,
3505,Kabupaten Blitar,2016,tpt,,persen,D10,tidak_tersedia
3505,Kabupaten Blitar,2017,tpt,2.99,persen,D10,
3505,Kabupaten Blitar,2018,tpt,3.38,persen,D10,
3505,Kabupaten Blitar,2019,tpt,3.05,persen,D10,
3505,Kabupaten Blitar,2020,tpt,3.82,persen,D10,
3505,Kabupaten Blitar,2021,tpt,3.66,persen,D10,
3505,Kabupaten Blitar,2022,tpt,5.45,persen,D10,
3505,Kabupaten Blitar,2023,tpt,4.91,persen,D10,
3505,Kabupaten Blitar,2024,tpt,4.77,persen,D10,
3505,Kabupaten Blitar,2025,tpt,4.49,persen,D10,
3506,Kabupaten Kediri,2010,tpt,3.75,persen,D10,
3506,Kabupaten Kediri,2011,tpt,8.33,persen,D10,
3506,Kabupaten Kediri,2012,tpt,4.08,persen,D10,
3506,Kabupaten Kediri,2013,tpt,4.65,persen,D10,
3506,Kabupaten Kediri,2014,tpt,4.91,persen,D10,
3506,Kabupaten Kediri,2015,tpt,5.02,persen,D10,
3506,Kabupaten Kediri,2016,tpt,,persen,D10,tidak_tersedia
3506,Kabupaten Kediri,2017,tpt,3.18,persen,D10,
3506,Kabupaten Kediri,2018,tpt,4.15,persen,D10,
3506,Kabupaten Kediri,2019,tpt,3.58,persen,D10,
3506,Kabupaten Kediri,2020,tpt,5.24,persen,D10,
3506,Kabupaten Kediri,2021,tpt,5.15,persen,D10,
3506,Kabupaten Kediri,2022,tpt,6.83,persen,D10,
3506,Kabupaten Kediri,2023,tpt,5.79,persen,D10,
3506,Kabupaten Kediri,2024,tpt,5.1,persen,D10,
3506,Kabupaten Kediri,2025,tpt,4.71,persen,D10,
3507,Kabupaten Malang,2010,tpt,4.49,persen,D10,
3507,Kabupaten Malang,2011,tpt,5.51,persen,D10,
3507,Kabupaten Malang,2012,tpt,3.75,persen,D10,
3507,Kabupaten Malang,2013,tpt,5.17,persen,D10,
3507,Kabupaten Malang,2014,tpt,4.83,persen,D10,
3507,Kabupaten Malang,2015,tpt,4.95,persen,D10,
3507,Kabupaten Malang,2016,tpt,,persen,D10,tidak_tersedia
3507,Kabupaten Malang,2017,tpt,4.6,persen,D10,
3507,Kabupaten Malang,2018,tpt,3.15,persen,D10,
3507,Kabupaten Malang,2019,tpt,3.7,persen,D10,
3507,Kabupaten Malang,2020,tpt,5.49,persen,D10,
3507,Kabupaten Malang,2021,tpt,5.4,persen,D10,
3507,Kabupaten Malang,2022,tpt,6.57,persen,D10,
3507,Kabupaten Malang,2023,tpt,5.7,persen,D10,
3507,Kabupaten Malang,2024,tpt,5.13,persen,D10,
3507,Kabupaten Malang,2025,tpt,5.0,persen,D10,
3508,Kabupaten Lumajang,2010,tpt,3.17,persen,D10,
3508,Kabupaten Lumajang,2011,tpt,3.16,persen,D10,
3508,Kabupaten Lumajang,2012,tpt,4.6,persen,D10,
3508,Kabupaten Lumajang,2013,tpt,2.01,persen,D10,
3508,Kabupaten Lumajang,2014,tpt,2.83,persen,D10,
3508,Kabupaten Lumajang,2015,tpt,2.6,persen,D10,
3508,Kabupaten Lumajang,2016,tpt,,persen,D10,tidak_tersedia
3508,Kabupaten Lumajang,2017,tpt,2.91,persen,D10,
3508,Kabupaten Lumajang,2018,tpt,2.46,persen,D10,
3508,Kabupaten Lumajang,2019,tpt,2.73,persen,D10,
3508,Kabupaten Lumajang,2020,tpt,3.36,persen,D10,
3508,Kabupaten Lumajang,2021,tpt,3.51,persen,D10,
3508,Kabupaten Lumajang,2022,tpt,4.97,persen,D10,
3508,Kabupaten Lumajang,2023,tpt,3.67,persen,D10,
3508,Kabupaten Lumajang,2024,tpt,3.28,persen,D10,
3508,Kabupaten Lumajang,2025,tpt,3.08,persen,D10,
3509,Kabupaten Jember,2010,tpt,2.71,persen,D10,
3509,Kabupaten Jember,2011,tpt,3.34,persen,D10,
3509,Kabupaten Jember,2012,tpt,3.77,persen,D10,
3509,Kabupaten Jember,2013,tpt,3.94,persen,D10,
3509,Kabupaten Jember,2014,tpt,4.64,persen,D10,
3509,Kabupaten Jember,2015,tpt,4.77,persen,D10,
3509,Kabupaten Jember,2016,tpt,,persen,D10,tidak_tersedia
3509,Kabupaten Jember,2017,tpt,5.16,persen,D10,
3509,Kabupaten Jember,2018,tpt,4.01,persen,D10,
3509,Kabupaten Jember,2019,tpt,3.69,persen,D10,
3509,Kabupaten Jember,2020,tpt,5.12,persen,D10,
3509,Kabupaten Jember,2021,tpt,5.44,persen,D10,
3509,Kabupaten Jember,2022,tpt,4.06,persen,D10,
3509,Kabupaten Jember,2023,tpt,4.01,persen,D10,
3509,Kabupaten Jember,2024,tpt,3.23,persen,D10,
3509,Kabupaten Jember,2025,tpt,3.07,persen,D10,
3510,Kabupaten Banyuwangi,2010,tpt,3.92,persen,D10,
3510,Kabupaten Banyuwangi,2011,tpt,6.06,persen,D10,
3510,Kabupaten Banyuwangi,2012,tpt,3.41,persen,D10,
3510,Kabupaten Banyuwangi,2013,tpt,4.65,persen,D10,
3510,Kabupaten Banyuwangi,2014,tpt,7.17,persen,D10,
3510,Kabupaten Banyuwangi,2015,tpt,2.55,persen,D10,
3510,Kabupaten Banyuwangi,2016,tpt,,persen,D10,tidak_tersedia
3510,Kabupaten Banyuwangi,2017,tpt,3.07,persen,D10,
3510,Kabupaten Banyuwangi,2018,tpt,3.59,persen,D10,
3510,Kabupaten Banyuwangi,2019,tpt,3.95,persen,D10,
3510,Kabupaten Banyuwangi,2020,tpt,5.34,persen,D10,
3510,Kabupaten Banyuwangi,2021,tpt,5.42,persen,D10,
3510,Kabupaten Banyuwangi,2022,tpt,5.26,persen,D10,
3510,Kabupaten Banyuwangi,2023,tpt,4.75,persen,D10,
3510,Kabupaten Banyuwangi,2024,tpt,4.03,persen,D10,
3510,Kabupaten Banyuwangi,2025,tpt,3.94,persen,D10,
3511,Kabupaten Bondowoso,2010,tpt,1.59,persen,D10,
3511,Kabupaten Bondowoso,2011,tpt,3.01,persen,D10,
3511,Kabupaten Bondowoso,2012,tpt,3.6,persen,D10,
3511,Kabupaten Bondowoso,2013,tpt,2.04,persen,D10,
3511,Kabupaten Bondowoso,2014,tpt,3.72,persen,D10,
3511,Kabupaten Bondowoso,2015,tpt,1.75,persen,D10,
3511,Kabupaten Bondowoso,2016,tpt,,persen,D10,tidak_tersedia
3511,Kabupaten Bondowoso,2017,tpt,2.09,persen,D10,
3511,Kabupaten Bondowoso,2018,tpt,3.84,persen,D10,
3511,Kabupaten Bondowoso,2019,tpt,2.86,persen,D10,
3511,Kabupaten Bondowoso,2020,tpt,4.13,persen,D10,
3511,Kabupaten Bondowoso,2021,tpt,4.46,persen,D10,
3511,Kabupaten Bondowoso,2022,tpt,4.32,persen,D10,
3511,Kabupaten Bondowoso,2023,tpt,4.15,persen,D10,
3511,Kabupaten Bondowoso,2024,tpt,3.63,persen,D10,
3511,Kabupaten Bondowoso,2025,tpt,2.55,persen,D10,
3512,Kabupaten Situbondo,2010,tpt,3.13,persen,D10,
3512,Kabupaten Situbondo,2011,tpt,4.77,persen,D10,
3512,Kabupaten Situbondo,2012,tpt,3.33,persen,D10,
3512,Kabupaten Situbondo,2013,tpt,3.01,persen,D10,
3512,Kabupaten Situbondo,2014,tpt,4.15,persen,D10,
3512,Kabupaten Situbondo,2015,tpt,3.57,persen,D10,
3512,Kabupaten Situbondo,2016,tpt,,persen,D10,tidak_tersedia
3512,Kabupaten Situbondo,2017,tpt,1.49,persen,D10,
3512,Kabupaten Situbondo,2018,tpt,1.85,persen,D10,
3512,Kabupaten Situbondo,2019,tpt,2.77,persen,D10,
3512,Kabupaten Situbondo,2020,tpt,3.85,persen,D10,
3512,Kabupaten Situbondo,2021,tpt,3.68,persen,D10,
3512,Kabupaten Situbondo,2022,tpt,3.38,persen,D10,
3512,Kabupaten Situbondo,2023,tpt,3.27,persen,D10,
3512,Kabupaten Situbondo,2024,tpt,3.15,persen,D10,
3512,Kabupaten Situbondo,2025,tpt,3.02,persen,D10,
3513,Kabupaten Probolinggo,2010,tpt,2.02,persen,D10,
3513,Kabupaten Probolinggo,2011,tpt,2.8,persen,D10,
3513,Kabupaten Probolinggo,2012,tpt,1.92,persen,D10,
3513,Kabupaten Probolinggo,2013,tpt,3.3,persen,D10,
3513,Kabupaten Probolinggo,2014,tpt,1.47,persen,D10,
3513,Kabupaten Probolinggo,2015,tpt,2.51,persen,D10,
3513,Kabupaten Probolinggo,2016,tpt,,persen,D10,tidak_tersedia
3513,Kabupaten Probolinggo,2017,tpt,2.89,persen,D10,
3513,Kabupaten Probolinggo,2018,tpt,4.0,persen,D10,
3513,Kabupaten Probolinggo,2019,tpt,3.77,persen,D10,
3513,Kabupaten Probolinggo,2020,tpt,4.86,persen,D10,
3513,Kabupaten Probolinggo,2021,tpt,4.55,persen,D10,
3513,Kabupaten Probolinggo,2022,tpt,3.25,persen,D10,
3513,Kabupaten Probolinggo,2023,tpt,3.24,persen,D10,
3513,Kabupaten Probolinggo,2024,tpt,3.0,persen,D10,
3513,Kabupaten Probolinggo,2025,tpt,2.92,persen,D10,
3514,Kabupaten Pasuruan,2010,tpt,3.49,persen,D10,
3514,Kabupaten Pasuruan,2011,tpt,4.3,persen,D10,
3514,Kabupaten Pasuruan,2012,tpt,6.38,persen,D10,
3514,Kabupaten Pasuruan,2013,tpt,4.34,persen,D10,
3514,Kabupaten Pasuruan,2014,tpt,4.43,persen,D10,
3514,Kabupaten Pasuruan,2015,tpt,6.41,persen,D10,
3514,Kabupaten Pasuruan,2016,tpt,,persen,D10,tidak_tersedia
3514,Kabupaten Pasuruan,2017,tpt,4.97,persen,D10,
3514,Kabupaten Pasuruan,2018,tpt,5.94,persen,D10,
3514,Kabupaten Pasuruan,2019,tpt,5.22,persen,D10,
3514,Kabupaten Pasuruan,2020,tpt,6.24,persen,D10,
3514,Kabupaten Pasuruan,2021,tpt,6.03,persen,D10,
3514,Kabupaten Pasuruan,2022,tpt,5.91,persen,D10,
3514,Kabupaten Pasuruan,2023,tpt,5.48,persen,D10,
3514,Kabupaten Pasuruan,2024,tpt,5.02,persen,D10,
3514,Kabupaten Pasuruan,2025,tpt,4.22,persen,D10,
3515,Kabupaten Sidoarjo,2010,tpt,8.35,persen,D10,
3515,Kabupaten Sidoarjo,2011,tpt,8.65,persen,D10,
3515,Kabupaten Sidoarjo,2012,tpt,5.37,persen,D10,
3515,Kabupaten Sidoarjo,2013,tpt,4.12,persen,D10,
3515,Kabupaten Sidoarjo,2014,tpt,3.88,persen,D10,
3515,Kabupaten Sidoarjo,2015,tpt,6.3,persen,D10,
3515,Kabupaten Sidoarjo,2016,tpt,,persen,D10,tidak_tersedia
3515,Kabupaten Sidoarjo,2017,tpt,4.97,persen,D10,
3515,Kabupaten Sidoarjo,2018,tpt,4.62,persen,D10,
3515,Kabupaten Sidoarjo,2019,tpt,4.62,persen,D10,
3515,Kabupaten Sidoarjo,2020,tpt,10.97,persen,D10,
3515,Kabupaten Sidoarjo,2021,tpt,10.87,persen,D10,
3515,Kabupaten Sidoarjo,2022,tpt,8.8,persen,D10,
3515,Kabupaten Sidoarjo,2023,tpt,8.05,persen,D10,
3515,Kabupaten Sidoarjo,2024,tpt,6.49,persen,D10,
3515,Kabupaten Sidoarjo,2025,tpt,5.75,persen,D10,
3516,Kabupaten Mojokerto,2010,tpt,4.84,persen,D10,
3516,Kabupaten Mojokerto,2011,tpt,6.79,persen,D10,
3516,Kabupaten Mojokerto,2012,tpt,3.35,persen,D10,
3516,Kabupaten Mojokerto,2013,tpt,3.16,persen,D10,
3516,Kabupaten Mojokerto,2014,tpt,3.81,persen,D10,
3516,Kabupaten Mojokerto,2015,tpt,4.05,persen,D10,
3516,Kabupaten Mojokerto,2016,tpt,,persen,D10,tidak_tersedia
3516,Kabupaten Mojokerto,2017,tpt,5.0,persen,D10,
3516,Kabupaten Mojokerto,2018,tpt,4.21,persen,D10,
3516,Kabupaten Mojokerto,2019,tpt,3.61,persen,D10,
3516,Kabupaten Mojokerto,2020,tpt,5.75,persen,D10,
3516,Kabupaten Mojokerto,2021,tpt,5.54,persen,D10,
3516,Kabupaten Mojokerto,2022,tpt,4.83,persen,D10,
3516,Kabupaten Mojokerto,2023,tpt,4.67,persen,D10,
3516,Kabupaten Mojokerto,2024,tpt,3.87,persen,D10,
3516,Kabupaten Mojokerto,2025,tpt,3.49,persen,D10,
3517,Kabupaten Jombang,2010,tpt,5.27,persen,D10,
3517,Kabupaten Jombang,2011,tpt,6.58,persen,D10,
3517,Kabupaten Jombang,2012,tpt,6.72,persen,D10,
3517,Kabupaten Jombang,2013,tpt,5.59,persen,D10,
3517,Kabupaten Jombang,2014,tpt,4.39,persen,D10,
3517,Kabupaten Jombang,2015,tpt,6.11,persen,D10,
3517,Kabupaten Jombang,2016,tpt,,persen,D10,tidak_tersedia
3517,Kabupaten Jombang,2017,tpt,5.14,persen,D10,
3517,Kabupaten Jombang,2018,tpt,4.56,persen,D10,
3517,Kabupaten Jombang,2019,tpt,4.28,persen,D10,
3517,Kabupaten Jombang,2020,tpt,7.48,persen,D10,
3517,Kabupaten Jombang,2021,tpt,7.09,persen,D10,
3517,Kabupaten Jombang,2022,tpt,5.47,persen,D10,
3517,Kabupaten Jombang,2023,tpt,4.66,persen,D10,
3517,Kabupaten Jombang,2024,tpt,3.75,persen,D10,
3517,Kabupaten Jombang,2025,tpt,3.28,persen,D10,
3518,Kabupaten Nganjuk,2010,tpt,3.64,persen,D10,
3518,Kabupaten Nganjuk,2011,tpt,6.31,persen,D10,
3518,Kabupaten Nganjuk,2012,tpt,4.09,persen,D10,
3518,Kabupaten Nganjuk,2013,tpt,4.73,persen,D10,
3518,Kabupaten Nganjuk,2014,tpt,3.93,persen,D10,
3518,Kabupaten Nganjuk,2015,tpt,2.1,persen,D10,
3518,Kabupaten Nganjuk,2016,tpt,,persen,D10,tidak_tersedia
3518,Kabupaten Nganjuk,2017,tpt,3.23,persen,D10,
3518,Kabupaten Nganjuk,2018,tpt,2.6,persen,D10,
3518,Kabupaten Nganjuk,2019,tpt,3.16,persen,D10,
3518,Kabupaten Nganjuk,2020,tpt,4.8,persen,D10,
3518,Kabupaten Nganjuk,2021,tpt,4.98,persen,D10,
3518,Kabupaten Nganjuk,2022,tpt,4.74,persen,D10,
3518,Kabupaten Nganjuk,2023,tpt,4.68,persen,D10,
3518,Kabupaten Nganjuk,2024,tpt,3.87,persen,D10,
3518,Kabupaten Nganjuk,2025,tpt,3.84,persen,D10,
3519,Kabupaten Madiun,2010,tpt,5.55,persen,D10,
3519,Kabupaten Madiun,2011,tpt,4.96,persen,D10,
3519,Kabupaten Madiun,2012,tpt,3.99,persen,D10,
3519,Kabupaten Madiun,2013,tpt,4.63,persen,D10,
3519,Kabupaten Madiun,2014,tpt,3.38,persen,D10,
3519,Kabupaten Madiun,2015,tpt,6.99,persen,D10,
3519,Kabupaten Madiun,2016,tpt,,persen,D10,tidak_tersedia
3519,Kabupaten Madiun,2017,tpt,3.19,persen,D10,
3519,Kabupaten Madiun,2018,tpt,3.71,persen,D10,
3519,Kabupaten Madiun,2019,tpt,3.52,persen,D10,
3519,Kabupaten Madiun,2020,tpt,4.8,persen,D10,
3519,Kabupaten Madiun,2021,tpt,4.99,persen,D10,
3519,Kabupaten Madiun,2022,tpt,5.84,persen,D10,
3519,Kabupaten Madiun,2023,tpt,5.14,persen,D10,
3519,Kabupaten Madiun,2024,tpt,4.34,persen,D10,
3519,Kabupaten Madiun,2025,tpt,3.22,persen,D10,
3520,Kabupaten Magetan,2010,tpt,2.41,persen,D10,
3520,Kabupaten Magetan,2011,tpt,3.95,persen,D10,
3520,Kabupaten Magetan,2012,tpt,3.64,persen,D10,
3520,Kabupaten Magetan,2013,tpt,2.96,persen,D10,
3520,Kabupaten Magetan,2014,tpt,4.28,persen,D10,
3520,Kabupaten Magetan,2015,tpt,6.05,persen,D10,
3520,Kabupaten Magetan,2016,tpt,,persen,D10,tidak_tersedia
3520,Kabupaten Magetan,2017,tpt,3.8,persen,D10,
3520,Kabupaten Magetan,2018,tpt,3.82,persen,D10,
3520,Kabupaten Magetan,2019,tpt,2.98,persen,D10,
3520,Kabupaten Magetan,2020,tpt,3.74,persen,D10,
3520,Kabupaten Magetan,2021,tpt,3.86,persen,D10,
3520,Kabupaten Magetan,2022,tpt,4.33,persen,D10,
3520,Kabupaten Magetan,2023,tpt,4.16,persen,D10,
3520,Kabupaten Magetan,2024,tpt,3.28,persen,D10,
3520,Kabupaten Magetan,2025,tpt,3.26,persen,D10,
3521,Kabupaten Ngawi,2010,tpt,4.8,persen,D10,
3521,Kabupaten Ngawi,2011,tpt,5.1,persen,D10,
3521,Kabupaten Ngawi,2012,tpt,2.94,persen,D10,
3521,Kabupaten Ngawi,2013,tpt,4.97,persen,D10,
3521,Kabupaten Ngawi,2014,tpt,5.61,persen,D10,
3521,Kabupaten Ngawi,2015,tpt,3.99,persen,D10,
3521,Kabupaten Ngawi,2016,tpt,,persen,D10,tidak_tersedia
3521,Kabupaten Ngawi,2017,tpt,5.76,persen,D10,
3521,Kabupaten Ngawi,2018,tpt,3.75,persen,D10,
3521,Kabupaten Ngawi,2019,tpt,3.6,persen,D10,
3521,Kabupaten Ngawi,2020,tpt,5.44,persen,D10,
3521,Kabupaten Ngawi,2021,tpt,4.25,persen,D10,
3521,Kabupaten Ngawi,2022,tpt,2.48,persen,D10,
3521,Kabupaten Ngawi,2023,tpt,2.41,persen,D10,
3521,Kabupaten Ngawi,2024,tpt,2.4,persen,D10,
3521,Kabupaten Ngawi,2025,tpt,2.26,persen,D10,
3522,Kabupaten Bojonegoro,2010,tpt,3.29,persen,D10,
3522,Kabupaten Bojonegoro,2011,tpt,5.7,persen,D10,
3522,Kabupaten Bojonegoro,2012,tpt,3.42,persen,D10,
3522,Kabupaten Bojonegoro,2013,tpt,5.81,persen,D10,
3522,Kabupaten Bojonegoro,2014,tpt,3.21,persen,D10,
3522,Kabupaten Bojonegoro,2015,tpt,5.01,persen,D10,
3522,Kabupaten Bojonegoro,2016,tpt,,persen,D10,tidak_tersedia
3522,Kabupaten Bojonegoro,2017,tpt,3.64,persen,D10,
3522,Kabupaten Bojonegoro,2018,tpt,4.11,persen,D10,
3522,Kabupaten Bojonegoro,2019,tpt,3.56,persen,D10,
3522,Kabupaten Bojonegoro,2020,tpt,4.92,persen,D10,
3522,Kabupaten Bojonegoro,2021,tpt,4.82,persen,D10,
3522,Kabupaten Bojonegoro,2022,tpt,4.69,persen,D10,
3522,Kabupaten Bojonegoro,2023,tpt,4.63,persen,D10,
3522,Kabupaten Bojonegoro,2024,tpt,4.42,persen,D10,
3522,Kabupaten Bojonegoro,2025,tpt,3.9,persen,D10,
3523,Kabupaten Tuban,2010,tpt,2.86,persen,D10,
3523,Kabupaten Tuban,2011,tpt,3.69,persen,D10,
3523,Kabupaten Tuban,2012,tpt,4.13,persen,D10,
3523,Kabupaten Tuban,2013,tpt,4.3,persen,D10,
3523,Kabupaten Tuban,2014,tpt,3.63,persen,D10,
3523,Kabupaten Tuban,2015,tpt,3.03,persen,D10,
3523,Kabupaten Tuban,2016,tpt,,persen,D10,tidak_tersedia
3523,Kabupaten Tuban,2017,tpt,3.39,persen,D10,
3523,Kabupaten Tuban,2018,tpt,2.76,persen,D10,
3523,Kabupaten Tuban,2019,tpt,2.7,persen,D10,
3523,Kabupaten Tuban,2020,tpt,4.81,persen,D10,
3523,Kabupaten Tuban,2021,tpt,4.68,persen,D10,
3523,Kabupaten Tuban,2022,tpt,4.54,persen,D10,
3523,Kabupaten Tuban,2023,tpt,4.4,persen,D10,
3523,Kabupaten Tuban,2024,tpt,4.28,persen,D10,
3523,Kabupaten Tuban,2025,tpt,3.44,persen,D10,
3524,Kabupaten Lamongan,2010,tpt,3.62,persen,D10,
3524,Kabupaten Lamongan,2011,tpt,6.14,persen,D10,
3524,Kabupaten Lamongan,2012,tpt,4.75,persen,D10,
3524,Kabupaten Lamongan,2013,tpt,4.93,persen,D10,
3524,Kabupaten Lamongan,2014,tpt,4.3,persen,D10,
3524,Kabupaten Lamongan,2015,tpt,4.1,persen,D10,
3524,Kabupaten Lamongan,2016,tpt,,persen,D10,tidak_tersedia
3524,Kabupaten Lamongan,2017,tpt,4.12,persen,D10,
3524,Kabupaten Lamongan,2018,tpt,3.1,persen,D10,
3524,Kabupaten Lamongan,2019,tpt,3.89,persen,D10,
3524,Kabupaten Lamongan,2020,tpt,5.13,persen,D10,
3524,Kabupaten Lamongan,2021,tpt,4.9,persen,D10,
3524,Kabupaten Lamongan,2022,tpt,6.05,persen,D10,
3524,Kabupaten Lamongan,2023,tpt,5.46,persen,D10,
3524,Kabupaten Lamongan,2024,tpt,4.34,persen,D10,
3524,Kabupaten Lamongan,2025,tpt,4.29,persen,D10,
3525,Kabupaten Gresik,2010,tpt,7.7,persen,D10,
3525,Kabupaten Gresik,2011,tpt,5.93,persen,D10,
3525,Kabupaten Gresik,2012,tpt,6.78,persen,D10,
3525,Kabupaten Gresik,2013,tpt,4.55,persen,D10,
3525,Kabupaten Gresik,2014,tpt,5.06,persen,D10,
3525,Kabupaten Gresik,2015,tpt,5.67,persen,D10,
3525,Kabupaten Gresik,2016,tpt,,persen,D10,tidak_tersedia
3525,Kabupaten Gresik,2017,tpt,4.54,persen,D10,
3525,Kabupaten Gresik,2018,tpt,5.71,persen,D10,
3525,Kabupaten Gresik,2019,tpt,5.4,persen,D10,
3525,Kabupaten Gresik,2020,tpt,8.21,persen,D10,
3525,Kabupaten Gresik,2021,tpt,8.0,persen,D10,
3525,Kabupaten Gresik,2022,tpt,7.84,persen,D10,
3525,Kabupaten Gresik,2023,tpt,6.82,persen,D10,
3525,Kabupaten Gresik,2024,tpt,6.45,persen,D10,
3525,Kabupaten Gresik,2025,tpt,5.47,persen,D10,
3526,Kabupaten Bangkalan,2010,tpt,5.79,persen,D10,
3526,Kabupaten Bangkalan,2011,tpt,6.37,persen,D10,
3526,Kabupaten Bangkalan,2012,tpt,5.13,persen,D10,
3526,Kabupaten Bangkalan,2013,tpt,6.78,persen,D10,
3526,Kabupaten Bangkalan,2014,tpt,5.68,persen,D10,
3526,Kabupaten Bangkalan,2015,tpt,5.0,persen,D10,
3526,Kabupaten Bangkalan,2016,tpt,,persen,D10,tidak_tersedia
3526,Kabupaten Bangkalan,2017,tpt,4.48,persen,D10,
3526,Kabupaten Bangkalan,2018,tpt,5.09,persen,D10,
3526,Kabupaten Bangkalan,2019,tpt,5.62,persen,D10,
3526,Kabupaten Bangkalan,2020,tpt,8.77,persen,D10,
3526,Kabupaten Bangkalan,2021,tpt,8.07,persen,D10,
3526,Kabupaten Bangkalan,2022,tpt,8.05,persen,D10,
3526,Kabupaten Bangkalan,2023,tpt,6.18,persen,D10,
3526,Kabupaten Bangkalan,2024,tpt,5.35,persen,D10,
3526,Kabupaten Bangkalan,2025,tpt,5.31,persen,D10,
3527,Kabupaten Sampang,2010,tpt,1.77,persen,D10,
3527,Kabupaten Sampang,2011,tpt,2.13,persen,D10,
3527,Kabupaten Sampang,2012,tpt,1.71,persen,D10,
3527,Kabupaten Sampang,2013,tpt,4.68,persen,D10,
3527,Kabupaten Sampang,2014,tpt,2.22,persen,D10,
3527,Kabupaten Sampang,2015,tpt,2.51,persen,D10,
3527,Kabupaten Sampang,2016,tpt,,persen,D10,tidak_tersedia
3527,Kabupaten Sampang,2017,tpt,2.48,persen,D10,
3527,Kabupaten Sampang,2018,tpt,2.38,persen,D10,
3527,Kabupaten Sampang,2019,tpt,2.71,persen,D10,
3527,Kabupaten Sampang,2020,tpt,3.35,persen,D10,
3527,Kabupaten Sampang,2021,tpt,3.45,persen,D10,
3527,Kabupaten Sampang,2022,tpt,3.11,persen,D10,
3527,Kabupaten Sampang,2023,tpt,2.72,persen,D10,
3527,Kabupaten Sampang,2024,tpt,2.5,persen,D10,
3527,Kabupaten Sampang,2025,tpt,2.44,persen,D10,
3528,Kabupaten Pamekasan,2010,tpt,3.53,persen,D10,
3528,Kabupaten Pamekasan,2011,tpt,2.61,persen,D10,
3528,Kabupaten Pamekasan,2012,tpt,2.29,persen,D10,
3528,Kabupaten Pamekasan,2013,tpt,2.17,persen,D10,
3528,Kabupaten Pamekasan,2014,tpt,2.14,persen,D10,
3528,Kabupaten Pamekasan,2015,tpt,4.26,persen,D10,
3528,Kabupaten Pamekasan,2016,tpt,,persen,D10,tidak_tersedia
3528,Kabupaten Pamekasan,2017,tpt,3.91,persen,D10,
3528,Kabupaten Pamekasan,2018,tpt,2.88,persen,D10,
3528,Kabupaten Pamekasan,2019,tpt,2.26,persen,D10,
3528,Kabupaten Pamekasan,2020,tpt,3.49,persen,D10,
3528,Kabupaten Pamekasan,2021,tpt,3.1,persen,D10,
3528,Kabupaten Pamekasan,2022,tpt,1.4,persen,D10,
3528,Kabupaten Pamekasan,2023,tpt,1.74,persen,D10,
3528,Kabupaten Pamekasan,2024,tpt,1.64,persen,D10,
3528,Kabupaten Pamekasan,2025,tpt,1.33,persen,D10,
3529,Kabupaten Sumenep,2010,tpt,1.89,persen,D10,
3529,Kabupaten Sumenep,2011,tpt,1.99,persen,D10,
3529,Kabupaten Sumenep,2012,tpt,1.14,persen,D10,
3529,Kabupaten Sumenep,2013,tpt,2.56,persen,D10,
3529,Kabupaten Sumenep,2014,tpt,1.01,persen,D10,
3529,Kabupaten Sumenep,2015,tpt,2.07,persen,D10,
3529,Kabupaten Sumenep,2016,tpt,,persen,D10,tidak_tersedia
3529,Kabupaten Sumenep,2017,tpt,1.83,persen,D10,
3529,Kabupaten Sumenep,2018,tpt,1.75,persen,D10,
3529,Kabupaten Sumenep,2019,tpt,2.08,persen,D10,
3529,Kabupaten Sumenep,2020,tpt,2.84,persen,D10,
3529,Kabupaten Sumenep,2021,tpt,2.31,persen,D10,
3529,Kabupaten Sumenep,2022,tpt,1.36,persen,D10,
3529,Kabupaten Sumenep,2023,tpt,1.71,persen,D10,
3529,Kabupaten Sumenep,2024,tpt,1.69,persen,D10,
3529,Kabupaten Sumenep,2025,tpt,1.64,persen,D10,
3571,Kota Kediri,2010,tpt,7.39,persen,D10,
3571,Kota Kediri,2011,tpt,9.69,persen,D10,
3571,Kota Kediri,2012,tpt,8.12,persen,D10,
3571,Kota Kediri,2013,tpt,7.92,persen,D10,
3571,Kota Kediri,2014,tpt,7.66,persen,D10,
3571,Kota Kediri,2015,tpt,8.46,persen,D10,
3571,Kota Kediri,2016,tpt,,persen,D10,tidak_tersedia
3571,Kota Kediri,2017,tpt,4.68,persen,D10,
3571,Kota Kediri,2018,tpt,3.56,persen,D10,
3571,Kota Kediri,2019,tpt,4.15,persen,D10,
3571,Kota Kediri,2020,tpt,6.21,persen,D10,
3571,Kota Kediri,2021,tpt,6.37,persen,D10,
3571,Kota Kediri,2022,tpt,4.38,persen,D10,
3571,Kota Kediri,2023,tpt,4.06,persen,D10,
3571,Kota Kediri,2024,tpt,3.91,persen,D10,
3571,Kota Kediri,2025,tpt,3.76,persen,D10,
3572,Kota Blitar,2010,tpt,6.66,persen,D10,
3572,Kota Blitar,2011,tpt,5.24,persen,D10,
3572,Kota Blitar,2012,tpt,3.68,persen,D10,
3572,Kota Blitar,2013,tpt,6.17,persen,D10,
3572,Kota Blitar,2014,tpt,5.71,persen,D10,
3572,Kota Blitar,2015,tpt,3.8,persen,D10,
3572,Kota Blitar,2016,tpt,,persen,D10,tidak_tersedia
3572,Kota Blitar,2017,tpt,3.76,persen,D10,
3572,Kota Blitar,2018,tpt,3.98,persen,D10,
3572,Kota Blitar,2019,tpt,4.54,persen,D10,
3572,Kota Blitar,2020,tpt,6.68,persen,D10,
3572,Kota Blitar,2021,tpt,6.61,persen,D10,
3572,Kota Blitar,2022,tpt,5.39,persen,D10,
3572,Kota Blitar,2023,tpt,5.24,persen,D10,
3572,Kota Blitar,2024,tpt,5.11,persen,D10,
3572,Kota Blitar,2025,tpt,4.28,persen,D10,
3573,Kota Malang,2010,tpt,8.68,persen,D10,
3573,Kota Malang,2011,tpt,9.74,persen,D10,
3573,Kota Malang,2012,tpt,7.96,persen,D10,
3573,Kota Malang,2013,tpt,7.73,persen,D10,
3573,Kota Malang,2014,tpt,7.22,persen,D10,
3573,Kota Malang,2015,tpt,7.28,persen,D10,
3573,Kota Malang,2016,tpt,,persen,D10,tidak_tersedia
3573,Kota Malang,2017,tpt,7.22,persen,D10,
3573,Kota Malang,2018,tpt,6.65,persen,D10,
3573,Kota Malang,2019,tpt,5.88,persen,D10,
3573,Kota Malang,2020,tpt,9.61,persen,D10,
3573,Kota Malang,2021,tpt,9.65,persen,D10,
3573,Kota Malang,2022,tpt,7.66,persen,D10,
3573,Kota Malang,2023,tpt,6.8,persen,D10,
3573,Kota Malang,2024,tpt,6.1,persen,D10,
3573,Kota Malang,2025,tpt,5.69,persen,D10,
3574,Kota Probolinggo,2010,tpt,6.85,persen,D10,
3574,Kota Probolinggo,2011,tpt,5.46,persen,D10,
3574,Kota Probolinggo,2012,tpt,5.26,persen,D10,
3574,Kota Probolinggo,2013,tpt,4.48,persen,D10,
3574,Kota Probolinggo,2014,tpt,5.16,persen,D10,
3574,Kota Probolinggo,2015,tpt,4.01,persen,D10,
3574,Kota Probolinggo,2016,tpt,,persen,D10,tidak_tersedia
3574,Kota Probolinggo,2017,tpt,3.42,persen,D10,
3574,Kota Probolinggo,2018,tpt,3.56,persen,D10,
3574,Kota Probolinggo,2019,tpt,4.25,persen,D10,
3574,Kota Probolinggo,2020,tpt,6.7,persen,D10,
3574,Kota Probolinggo,2021,tpt,6.55,persen,D10,
3574,Kota Probolinggo,2022,tpt,4.57,persen,D10,
3574,Kota Probolinggo,2023,tpt,4.53,persen,D10,
3574,Kota Probolinggo,2024,tpt,4.44,persen,D10,
3574,Kota Probolinggo,2025,tpt,4.93,persen,D10,
3575,Kota Pasuruan,2010,tpt,7.23,persen,D10,
3575,Kota Pasuruan,2011,tpt,6.22,persen,D10,
3575,Kota Pasuruan,2012,tpt,4.54,persen,D10,
3575,Kota Pasuruan,2013,tpt,5.41,persen,D10,
3575,Kota Pasuruan,2014,tpt,6.09,persen,D10,
3575,Kota Pasuruan,2015,tpt,5.57,persen,D10,
3575,Kota Pasuruan,2016,tpt,,persen,D10,tidak_tersedia
3575,Kota Pasuruan,2017,tpt,4.64,persen,D10,
3575,Kota Pasuruan,2018,tpt,4.5,persen,D10,
3575,Kota Pasuruan,2019,tpt,4.89,persen,D10,
3575,Kota Pasuruan,2020,tpt,6.33,persen,D10,
3575,Kota Pasuruan,2021,tpt,6.23,persen,D10,
3575,Kota Pasuruan,2022,tpt,6.18,persen,D10,
3575,Kota Pasuruan,2023,tpt,5.64,persen,D10,
3575,Kota Pasuruan,2024,tpt,4.63,persen,D10,
3575,Kota Pasuruan,2025,tpt,4.59,persen,D10,
3576,Kota Mojokerto,2010,tpt,7.52,persen,D10,
3576,Kota Mojokerto,2011,tpt,10.59,persen,D10,
3576,Kota Mojokerto,2012,tpt,7.52,persen,D10,
3576,Kota Mojokerto,2013,tpt,5.73,persen,D10,
3576,Kota Mojokerto,2014,tpt,4.42,persen,D10,
3576,Kota Mojokerto,2015,tpt,4.88,persen,D10,
3576,Kota Mojokerto,2016,tpt,,persen,D10,tidak_tersedia
3576,Kota Mojokerto,2017,tpt,3.61,persen,D10,
3576,Kota Mojokerto,2018,tpt,2.44,persen,D10,
3576,Kota Mojokerto,2019,tpt,2.63,persen,D10,
3576,Kota Mojokerto,2020,tpt,6.74,persen,D10,
3576,Kota Mojokerto,2021,tpt,6.87,persen,D10,
3576,Kota Mojokerto,2022,tpt,5.05,persen,D10,
3576,Kota Mojokerto,2023,tpt,4.73,persen,D10,
3576,Kota Mojokerto,2024,tpt,3.76,persen,D10,
3576,Kota Mojokerto,2025,tpt,4.66,persen,D10,
3577,Kota Madiun,2010,tpt,9.52,persen,D10,
3577,Kota Madiun,2011,tpt,10.62,persen,D10,
3577,Kota Madiun,2012,tpt,6.89,persen,D10,
3577,Kota Madiun,2013,tpt,6.57,persen,D10,
3577,Kota Madiun,2014,tpt,6.93,persen,D10,
3577,Kota Madiun,2015,tpt,5.1,persen,D10,
3577,Kota Madiun,2016,tpt,,persen,D10,tidak_tersedia
3577,Kota Madiun,2017,tpt,4.26,persen,D10,
3577,Kota Madiun,2018,tpt,3.8,persen,D10,
3577,Kota Madiun,2019,tpt,3.96,persen,D10,
3577,Kota Madiun,2020,tpt,8.32,persen,D10,
3577,Kota Madiun,2021,tpt,8.15,persen,D10,
3577,Kota Madiun,2022,tpt,6.39,persen,D10,
3577,Kota Madiun,2023,tpt,5.85,persen,D10,
3577,Kota Madiun,2024,tpt,4.3,persen,D10,
3577,Kota Madiun,2025,tpt,4.29,persen,D10,
3578,Kota Surabaya,2010,tpt,6.84,persen,D10,
3578,Kota Surabaya,2011,tpt,7.81,persen,D10,
3578,Kota Surabaya,2012,tpt,5.27,persen,D10,
3578,Kota Surabaya,2013,tpt,5.32,persen,D10,
3578,Kota Surabaya,2014,tpt,5.82,persen,D10,
3578,Kota Surabaya,2015,tpt,7.01,persen,D10,
3578,Kota Surabaya,2016,tpt,,persen,D10,tidak_tersedia
3578,Kota Surabaya,2017,tpt,5.98,persen,D10,
3578,Kota Surabaya,2018,tpt,6.01,persen,D10,
3578,Kota Surabaya,2019,tpt,5.76,persen,D10,
3578,Kota Surabaya,2020,tpt,9.79,persen,D10,
3578,Kota Surabaya,2021,tpt,9.68,persen,D10,
3578,Kota Surabaya,2022,tpt,7.62,persen,D10,
3578,Kota Surabaya,2023,tpt,6.76,persen,D10,
3578,Kota Surabaya,2024,tpt,4.91,persen,D10,
3578,Kota Surabaya,2025,tpt,4.84,persen,D10,
3579,Kota Batu,2010,tpt,5.55,persen,D10,
3579,Kota Batu,2011,tpt,4.82,persen,D10,
3579,Kota Batu,2012,tpt,3.51,persen,D10,
3579,Kota Batu,2013,tpt,2.3,persen,D10,
3579,Kota Batu,2014,tpt,2.43,persen,D10,
3579,Kota Batu,2015,tpt,4.29,persen,D10,
3579,Kota Batu,2016,tpt,,persen,D10,tidak_tersedia
3579,Kota Batu,2017,tpt,2.26,persen,D10,
3579,Kota Batu,2018,tpt,3.07,persen,D10,
3579,Kota Batu,2019,tpt,2.42,persen,D10,
3579,Kota Batu,2020,tpt,5.93,persen,D10,
3579,Kota Batu,2021,tpt,6.57,persen,D10,
3579,Kota Batu,2022,tpt,8.43,persen,D10,
3579,Kota Batu,2023,tpt,4.52,persen,D10,
3579,Kota Batu,2024,tpt,3.63,persen,D10,
3579,Kota Batu,2025,tpt,3.53,persen,D10,
3501,Kabupaten Pacitan,2010,uhh,70.42,tahun,D09,patahan_seri_metode_uhh
3501,Kabupaten Pacitan,2011,uhh,70.51,tahun,D09,patahan_seri_metode_uhh
3501,Kabupaten Pacitan,2012,uhh,70.61,tahun,D09,patahan_seri_metode_uhh
3501,Kabupaten Pacitan,2013,uhh,70.7,tahun,D09,patahan_seri_metode_uhh
3501,Kabupaten Pacitan,2014,uhh,70.75,tahun,D09,patahan_seri_metode_uhh
3501,Kabupaten Pacitan,2015,uhh,71.05,tahun,D09,patahan_seri_metode_uhh
3501,Kabupaten Pacitan,2016,uhh,71.18,tahun,D09,patahan_seri_metode_uhh
3501,Kabupaten Pacitan,2017,uhh,71.31,tahun,D09,patahan_seri_metode_uhh
3501,Kabupaten Pacitan,2018,uhh,71.52,tahun,D09,patahan_seri_metode_uhh
3501,Kabupaten Pacitan,2019,uhh,71.77,tahun,D09,patahan_seri_metode_uhh
3501,Kabupaten Pacitan,2020,uhh,74.01,tahun,D09,uhh_lf_sp2020
3501,Kabupaten Pacitan,2021,uhh,74.09,tahun,D09,uhh_lf_sp2020
3501,Kabupaten Pacitan,2022,uhh,74.35,tahun,D09,uhh_lf_sp2020
3501,Kabupaten Pacitan,2023,uhh,74.58,tahun,D09,uhh_lf_sp2020
3501,Kabupaten Pacitan,2024,uhh,74.74,tahun,D09,uhh_lf_sp2020
3501,Kabupaten Pacitan,2025,uhh,74.98,tahun,D09,uhh_lf_sp2020
3502,Kabupaten Ponorogo,2010,uhh,71.62,tahun,D09,patahan_seri_metode_uhh
3502,Kabupaten Ponorogo,2011,uhh,71.7,tahun,D09,patahan_seri_metode_uhh
3502,Kabupaten Ponorogo,2012,uhh,71.78,tahun,D09,patahan_seri_metode_uhh
3502,Kabupaten Ponorogo,2013,uhh,71.85,tahun,D09,patahan_seri_metode_uhh
3502,Kabupaten Ponorogo,2014,uhh,71.88,tahun,D09,patahan_seri_metode_uhh
3502,Kabupaten Ponorogo,2015,uhh,72.08,tahun,D09,patahan_seri_metode_uhh
3502,Kabupaten Ponorogo,2016,uhh,72.18,tahun,D09,patahan_seri_metode_uhh
3502,Kabupaten Ponorogo,2017,uhh,72.27,tahun,D09,patahan_seri_metode_uhh
3502,Kabupaten Ponorogo,2018,uhh,72.43,tahun,D09,patahan_seri_metode_uhh
3502,Kabupaten Ponorogo,2019,uhh,72.65,tahun,D09,patahan_seri_metode_uhh
3502,Kabupaten Ponorogo,2020,uhh,74.49,tahun,D09,uhh_lf_sp2020
3502,Kabupaten Ponorogo,2021,uhh,74.55,tahun,D09,uhh_lf_sp2020
3502,Kabupaten Ponorogo,2022,uhh,74.81,tahun,D09,uhh_lf_sp2020
3502,Kabupaten Ponorogo,2023,uhh,75.07,tahun,D09,uhh_lf_sp2020
3502,Kabupaten Ponorogo,2024,uhh,75.28,tahun,D09,uhh_lf_sp2020
3502,Kabupaten Ponorogo,2025,uhh,75.61,tahun,D09,uhh_lf_sp2020
3503,Kabupaten Trenggalek,2010,uhh,72.32,tahun,D09,patahan_seri_metode_uhh
3503,Kabupaten Trenggalek,2011,uhh,72.38,tahun,D09,patahan_seri_metode_uhh
3503,Kabupaten Trenggalek,2012,uhh,72.44,tahun,D09,patahan_seri_metode_uhh
3503,Kabupaten Trenggalek,2013,uhh,72.49,tahun,D09,patahan_seri_metode_uhh
3503,Kabupaten Trenggalek,2014,uhh,72.51,tahun,D09,patahan_seri_metode_uhh
3503,Kabupaten Trenggalek,2015,uhh,72.91,tahun,D09,patahan_seri_metode_uhh
3503,Kabupaten Trenggalek,2016,uhh,73.03,tahun,D09,patahan_seri_metode_uhh
3503,Kabupaten Trenggalek,2017,uhh,73.15,tahun,D09,patahan_seri_metode_uhh
3503,Kabupaten Trenggalek,2018,uhh,73.35,tahun,D09,patahan_seri_metode_uhh
3503,Kabupaten Trenggalek,2019,uhh,73.59,tahun,D09,patahan_seri_metode_uhh
3503,Kabupaten Trenggalek,2020,uhh,74.58,tahun,D09,uhh_lf_sp2020
3503,Kabupaten Trenggalek,2021,uhh,74.65,tahun,D09,uhh_lf_sp2020
3503,Kabupaten Trenggalek,2022,uhh,74.91,tahun,D09,uhh_lf_sp2020
3503,Kabupaten Trenggalek,2023,uhh,75.16,tahun,D09,uhh_lf_sp2020
3503,Kabupaten Trenggalek,2024,uhh,75.35,tahun,D09,uhh_lf_sp2020
3503,Kabupaten Trenggalek,2025,uhh,75.63,tahun,D09,uhh_lf_sp2020
3504,Kabupaten Tulungagung,2010,uhh,72.73,tahun,D09,patahan_seri_metode_uhh
3504,Kabupaten Tulungagung,2011,uhh,72.77,tahun,D09,patahan_seri_metode_uhh
3504,Kabupaten Tulungagung,2012,uhh,72.82,tahun,D09,patahan_seri_metode_uhh
3504,Kabupaten Tulungagung,2013,uhh,72.86,tahun,D09,patahan_seri_metode_uhh
3504,Kabupaten Tulungagung,2014,uhh,72.88,tahun,D09,patahan_seri_metode_uhh
3504,Kabupaten Tulungagung,2015,uhh,73.28,tahun,D09,patahan_seri_metode_uhh
3504,Kabupaten Tulungagung,2016,uhh,73.4,tahun,D09,patahan_seri_metode_uhh
3504,Kabupaten Tulungagung,2017,uhh,73.53,tahun,D09,patahan_seri_metode_uhh
3504,Kabupaten Tulungagung,2018,uhh,73.74,tahun,D09,patahan_seri_metode_uhh
3504,Kabupaten Tulungagung,2019,uhh,73.95,tahun,D09,patahan_seri_metode_uhh
3504,Kabupaten Tulungagung,2020,uhh,74.41,tahun,D09,uhh_lf_sp2020
3504,Kabupaten Tulungagung,2021,uhh,74.47,tahun,D09,uhh_lf_sp2020
3504,Kabupaten Tulungagung,2022,uhh,74.73,tahun,D09,uhh_lf_sp2020
3504,Kabupaten Tulungagung,2023,uhh,74.99,tahun,D09,uhh_lf_sp2020
3504,Kabupaten Tulungagung,2024,uhh,75.2,tahun,D09,uhh_lf_sp2020
3504,Kabupaten Tulungagung,2025,uhh,75.51,tahun,D09,uhh_lf_sp2020
3505,Kabupaten Blitar,2010,uhh,72.31,tahun,D09,patahan_seri_metode_uhh
3505,Kabupaten Blitar,2011,uhh,72.36,tahun,D09,patahan_seri_metode_uhh
3505,Kabupaten Blitar,2012,uhh,72.42,tahun,D09,patahan_seri_metode_uhh
3505,Kabupaten Blitar,2013,uhh,72.47,tahun,D09,patahan_seri_metode_uhh
3505,Kabupaten Blitar,2014,uhh,72.5,tahun,D09,patahan_seri_metode_uhh
3505,Kabupaten Blitar,2015,uhh,72.8,tahun,D09,patahan_seri_metode_uhh
3505,Kabupaten Blitar,2016,uhh,72.89,tahun,D09,patahan_seri_metode_uhh
3505,Kabupaten Blitar,2017,uhh,72.99,tahun,D09,patahan_seri_metode_uhh
3505,Kabupaten Blitar,2018,uhh,73.16,tahun,D09,patahan_seri_metode_uhh
3505,Kabupaten Blitar,2019,uhh,73.39,tahun,D09,patahan_seri_metode_uhh
3505,Kabupaten Blitar,2020,uhh,74.54,tahun,D09,uhh_lf_sp2020
3505,Kabupaten Blitar,2021,uhh,74.6,tahun,D09,uhh_lf_sp2020
3505,Kabupaten Blitar,2022,uhh,74.86,tahun,D09,uhh_lf_sp2020
3505,Kabupaten Blitar,2023,uhh,75.12,tahun,D09,uhh_lf_sp2020
3505,Kabupaten Blitar,2024,uhh,75.32,tahun,D09,uhh_lf_sp2020
3505,Kabupaten Blitar,2025,uhh,75.63,tahun,D09,uhh_lf_sp2020
3506,Kabupaten Kediri,2010,uhh,71.87,tahun,D09,patahan_seri_metode_uhh
3506,Kabupaten Kediri,2011,uhh,71.92,tahun,D09,patahan_seri_metode_uhh
3506,Kabupaten Kediri,2012,uhh,71.97,tahun,D09,patahan_seri_metode_uhh
3506,Kabupaten Kediri,2013,uhh,72.02,tahun,D09,patahan_seri_metode_uhh
3506,Kabupaten Kediri,2014,uhh,72.04,tahun,D09,patahan_seri_metode_uhh
3506,Kabupaten Kediri,2015,uhh,72.14,tahun,D09,patahan_seri_metode_uhh
3506,Kabupaten Kediri,2016,uhh,72.2,tahun,D09,patahan_seri_metode_uhh
3506,Kabupaten Kediri,2017,uhh,72.25,tahun,D09,patahan_seri_metode_uhh
3506,Kabupaten Kediri,2018,uhh,72.37,tahun,D09,patahan_seri_metode_uhh
3506,Kabupaten Kediri,2019,uhh,72.54,tahun,D09,patahan_seri_metode_uhh
3506,Kabupaten Kediri,2020,uhh,74.27,tahun,D09,uhh_lf_sp2020
3506,Kabupaten Kediri,2021,uhh,74.3,tahun,D09,uhh_lf_sp2020
3506,Kabupaten Kediri,2022,uhh,74.58,tahun,D09,uhh_lf_sp2020
3506,Kabupaten Kediri,2023,uhh,74.85,tahun,D09,uhh_lf_sp2020
3506,Kabupaten Kediri,2024,uhh,75.07,tahun,D09,uhh_lf_sp2020
3506,Kabupaten Kediri,2025,uhh,75.41,tahun,D09,uhh_lf_sp2020
3507,Kabupaten Malang,2010,uhh,71.62,tahun,D09,patahan_seri_metode_uhh
3507,Kabupaten Malang,2011,uhh,71.67,tahun,D09,patahan_seri_metode_uhh
3507,Kabupaten Malang,2012,uhh,71.72,tahun,D09,patahan_seri_metode_uhh
3507,Kabupaten Malang,2013,uhh,71.76,tahun,D09,patahan_seri_metode_uhh
3507,Kabupaten Malang,2014,uhh,71.78,tahun,D09,patahan_seri_metode_uhh
3507,Kabupaten Malang,2015,uhh,71.98,tahun,D09,patahan_seri_metode_uhh
3507,Kabupaten Malang,2016,uhh,72.05,tahun,D09,patahan_seri_metode_uhh
3507,Kabupaten Malang,2017,uhh,72.12,tahun,D09,patahan_seri_metode_uhh
3507,Kabupaten Malang,2018,uhh,72.26,tahun,D09,patahan_seri_metode_uhh
3507,Kabupaten Malang,2019,uhh,72.45,tahun,D09,patahan_seri_metode_uhh
3507,Kabupaten Malang,2020,uhh,74.56,tahun,D09,uhh_lf_sp2020
3507,Kabupaten Malang,2021,uhh,74.61,tahun,D09,uhh_lf_sp2020
3507,Kabupaten Malang,2022,uhh,74.88,tahun,D09,uhh_lf_sp2020
3507,Kabupaten Malang,2023,uhh,75.14,tahun,D09,uhh_lf_sp2020
3507,Kabupaten Malang,2024,uhh,75.34,tahun,D09,uhh_lf_sp2020
3507,Kabupaten Malang,2025,uhh,75.63,tahun,D09,uhh_lf_sp2020
3508,Kabupaten Lumajang,2010,uhh,68.71,tahun,D09,patahan_seri_metode_uhh
3508,Kabupaten Lumajang,2011,uhh,68.81,tahun,D09,patahan_seri_metode_uhh
3508,Kabupaten Lumajang,2012,uhh,68.92,tahun,D09,patahan_seri_metode_uhh
3508,Kabupaten Lumajang,2013,uhh,69.02,tahun,D09,patahan_seri_metode_uhh
3508,Kabupaten Lumajang,2014,uhh,69.07,tahun,D09,patahan_seri_metode_uhh
3508,Kabupaten Lumajang,2015,uhh,69.27,tahun,D09,patahan_seri_metode_uhh
3508,Kabupaten Lumajang,2016,uhh,69.38,tahun,D09,patahan_seri_metode_uhh
3508,Kabupaten Lumajang,2017,uhh,69.5,tahun,D09,patahan_seri_metode_uhh
3508,Kabupaten Lumajang,2018,uhh,69.7,tahun,D09,patahan_seri_metode_uhh
3508,Kabupaten Lumajang,2019,uhh,69.94,tahun,D09,patahan_seri_metode_uhh
3508,Kabupaten Lumajang,2020,uhh,73.83,tahun,D09,uhh_lf_sp2020
3508,Kabupaten Lumajang,2021,uhh,73.9,tahun,D09,uhh_lf_sp2020
3508,Kabupaten Lumajang,2022,uhh,74.17,tahun,D09,uhh_lf_sp2020
3508,Kabupaten Lumajang,2023,uhh,74.41,tahun,D09,uhh_lf_sp2020
3508,Kabupaten Lumajang,2024,uhh,74.57,tahun,D09,uhh_lf_sp2020
3508,Kabupaten Lumajang,2025,uhh,74.8,tahun,D09,uhh_lf_sp2020
3509,Kabupaten Jember,2010,uhh,67.44,tahun,D09,patahan_seri_metode_uhh
3509,Kabupaten Jember,2011,uhh,67.54,tahun,D09,patahan_seri_metode_uhh
3509,Kabupaten Jember,2012,uhh,67.65,tahun,D09,patahan_seri_metode_uhh
3509,Kabupaten Jember,2013,uhh,67.75,tahun,D09,patahan_seri_metode_uhh
3509,Kabupaten Jember,2014,uhh,67.8,tahun,D09,patahan_seri_metode_uhh
3509,Kabupaten Jember,2015,uhh,68.2,tahun,D09,patahan_seri_metode_uhh
3509,Kabupaten Jember,2016,uhh,68.37,tahun,D09,patahan_seri_metode_uhh
3509,Kabupaten Jember,2017,uhh,68.54,tahun,D09,patahan_seri_metode_uhh
3509,Kabupaten Jember,2018,uhh,68.74,tahun,D09,patahan_seri_metode_uhh
3509,Kabupaten Jember,2019,uhh,68.99,tahun,D09,patahan_seri_metode_uhh
3509,Kabupaten Jember,2020,uhh,73.44,tahun,D09,uhh_lf_sp2020
3509,Kabupaten Jember,2021,uhh,73.53,tahun,D09,uhh_lf_sp2020
3509,Kabupaten Jember,2022,uhh,73.79,tahun,D09,uhh_lf_sp2020
3509,Kabupaten Jember,2023,uhh,74.02,tahun,D09,uhh_lf_sp2020
3509,Kabupaten Jember,2024,uhh,74.17,tahun,D09,uhh_lf_sp2020
3509,Kabupaten Jember,2025,uhh,74.37,tahun,D09,uhh_lf_sp2020
3510,Kabupaten Banyuwangi,2010,uhh,69.61,tahun,D09,patahan_seri_metode_uhh
3510,Kabupaten Banyuwangi,2011,uhh,69.7,tahun,D09,patahan_seri_metode_uhh
3510,Kabupaten Banyuwangi,2012,uhh,69.79,tahun,D09,patahan_seri_metode_uhh
3510,Kabupaten Banyuwangi,2013,uhh,69.88,tahun,D09,patahan_seri_metode_uhh
3510,Kabupaten Banyuwangi,2014,uhh,69.93,tahun,D09,patahan_seri_metode_uhh
3510,Kabupaten Banyuwangi,2015,uhh,70.03,tahun,D09,patahan_seri_metode_uhh
3510,Kabupaten Banyuwangi,2016,uhh,70.11,tahun,D09,patahan_seri_metode_uhh
3510,Kabupaten Banyuwangi,2017,uhh,70.19,tahun,D09,patahan_seri_metode_uhh
3510,Kabupaten Banyuwangi,2018,uhh,70.34,tahun,D09,patahan_seri_metode_uhh
3510,Kabupaten Banyuwangi,2019,uhh,70.54,tahun,D09,patahan_seri_metode_uhh
3510,Kabupaten Banyuwangi,2020,uhh,73.35,tahun,D09,uhh_lf_sp2020
3510,Kabupaten Banyuwangi,2021,uhh,73.41,tahun,D09,uhh_lf_sp2020
3510,Kabupaten Banyuwangi,2022,uhh,73.67,tahun,D09,uhh_lf_sp2020
3510,Kabupaten Banyuwangi,2023,uhh,73.93,tahun,D09,uhh_lf_sp2020
3510,Kabupaten Banyuwangi,2024,uhh,74.13,tahun,D09,uhh_lf_sp2020
3510,Kabupaten Banyuwangi,2025,uhh,74.43,tahun,D09,uhh_lf_sp2020
3511,Kabupaten Bondowoso,2010,uhh,64.94,tahun,D09,patahan_seri_metode_uhh
3511,Kabupaten Bondowoso,2011,uhh,65.08,tahun,D09,patahan_seri_metode_uhh
3511,Kabupaten Bondowoso,2012,uhh,65.22,tahun,D09,patahan_seri_metode_uhh
3511,Kabupaten Bondowoso,2013,uhh,65.36,tahun,D09,patahan_seri_metode_uhh
3511,Kabupaten Bondowoso,2014,uhh,65.43,tahun,D09,patahan_seri_metode_uhh
3511,Kabupaten Bondowoso,2015,uhh,65.73,tahun,D09,patahan_seri_metode_uhh
3511,Kabupaten Bondowoso,2016,uhh,65.89,tahun,D09,patahan_seri_metode_uhh
3511,Kabupaten Bondowoso,2017,uhh,66.04,tahun,D09,patahan_seri_metode_uhh
3511,Kabupaten Bondowoso,2018,uhh,66.27,tahun,D09,patahan_seri_metode_uhh
3511,Kabupaten Bondowoso,2019,uhh,66.55,tahun,D09,patahan_seri_metode_uhh
3511,Kabupaten Bondowoso,2020,uhh,72.61,tahun,D09,uhh_lf_sp2020
3511,Kabupaten Bondowoso,2021,uhh,72.71,tahun,D09,uhh_lf_sp2020
3511,Kabupaten Bondowoso,2022,uhh,72.98,tahun,D09,uhh_lf_sp2020
3511,Kabupaten Bondowoso,2023,uhh,73.19,tahun,D09,uhh_lf_sp2020
3511,Kabupaten Bondowoso,2024,uhh,73.31,tahun,D09,uhh_lf_sp2020
3511,Kabupaten Bondowoso,2025,uhh,73.47,tahun,D09,uhh_lf_sp2020
3512,Kabupaten Situbondo,2010,uhh,67.71,tahun,D09,patahan_seri_metode_uhh
3512,Kabupaten Situbondo,2011,uhh,67.83,tahun,D09,patahan_seri_metode_uhh
3512,Kabupaten Situbondo,2012,uhh,67.93,tahun,D09,patahan_seri_metode_uhh
3512,Kabupaten Situbondo,2013,uhh,68.03,tahun,D09,patahan_seri_metode_uhh
3512,Kabupaten Situbondo,2014,uhh,68.08,tahun,D09,patahan_seri_metode_uhh
3512,Kabupaten Situbondo,2015,uhh,68.28,tahun,D09,patahan_seri_metode_uhh
3512,Kabupaten Situbondo,2016,uhh,68.41,tahun,D09,patahan_seri_metode_uhh
3512,Kabupaten Situbondo,2017,uhh,68.53,tahun,D09,patahan_seri_metode_uhh
3512,Kabupaten Situbondo,2018,uhh,68.73,tahun,D09,patahan_seri_metode_uhh
3512,Kabupaten Situbondo,2019,uhh,68.97,tahun,D09,patahan_seri_metode_uhh
3512,Kabupaten Situbondo,2020,uhh,72.64,tahun,D09,uhh_lf_sp2020
3512,Kabupaten Situbondo,2021,uhh,72.72,tahun,D09,uhh_lf_sp2020
3512,Kabupaten Situbondo,2022,uhh,72.99,tahun,D09,uhh_lf_sp2020
3512,Kabupaten Situbondo,2023,uhh,73.22,tahun,D09,uhh_lf_sp2020
3512,Kabupaten Situbondo,2024,uhh,73.36,tahun,D09,uhh_lf_sp2020
3512,Kabupaten Situbondo,2025,uhh,73.54,tahun,D09,uhh_lf_sp2020
3513,Kabupaten Probolinggo,2010,uhh,65.35,tahun,D09,patahan_seri_metode_uhh
3513,Kabupaten Probolinggo,2011,uhh,65.47,tahun,D09,patahan_seri_metode_uhh
3513,Kabupaten Probolinggo,2012,uhh,65.58,tahun,D09,patahan_seri_metode_uhh
3513,Kabupaten Probolinggo,2013,uhh,65.69,tahun,D09,patahan_seri_metode_uhh
3513,Kabupaten Probolinggo,2014,uhh,65.75,tahun,D09,patahan_seri_metode_uhh
3513,Kabupaten Probolinggo,2015,uhh,66.15,tahun,D09,patahan_seri_metode_uhh
3513,Kabupaten Probolinggo,2016,uhh,66.31,tahun,D09,patahan_seri_metode_uhh
3513,Kabupaten Probolinggo,2017,uhh,66.47,tahun,D09,patahan_seri_metode_uhh
3513,Kabupaten Probolinggo,2018,uhh,66.71,tahun,D09,patahan_seri_metode_uhh
3513,Kabupaten Probolinggo,2019,uhh,67.0,tahun,D09,patahan_seri_metode_uhh
3513,Kabupaten Probolinggo,2020,uhh,73.22,tahun,D09,uhh_lf_sp2020
3513,Kabupaten Probolinggo,2021,uhh,73.32,tahun,D09,uhh_lf_sp2020
3513,Kabupaten Probolinggo,2022,uhh,73.58,tahun,D09,uhh_lf_sp2020
3513,Kabupaten Probolinggo,2023,uhh,73.8,tahun,D09,uhh_lf_sp2020
3513,Kabupaten Probolinggo,2024,uhh,73.93,tahun,D09,uhh_lf_sp2020
3513,Kabupaten Probolinggo,2025,uhh,74.1,tahun,D09,uhh_lf_sp2020
3514,Kabupaten Pasuruan,2010,uhh,69.65,tahun,D09,patahan_seri_metode_uhh
3514,Kabupaten Pasuruan,2011,uhh,69.7,tahun,D09,patahan_seri_metode_uhh
3514,Kabupaten Pasuruan,2012,uhh,69.75,tahun,D09,patahan_seri_metode_uhh
3514,Kabupaten Pasuruan,2013,uhh,69.8,tahun,D09,patahan_seri_metode_uhh
3514,Kabupaten Pasuruan,2014,uhh,69.83,tahun,D09,patahan_seri_metode_uhh
3514,Kabupaten Pasuruan,2015,uhh,69.83,tahun,D09,patahan_seri_metode_uhh
3514,Kabupaten Pasuruan,2016,uhh,69.86,tahun,D09,patahan_seri_metode_uhh
3514,Kabupaten Pasuruan,2017,uhh,69.9,tahun,D09,patahan_seri_metode_uhh
3514,Kabupaten Pasuruan,2018,uhh,70.01,tahun,D09,patahan_seri_metode_uhh
3514,Kabupaten Pasuruan,2019,uhh,70.17,tahun,D09,patahan_seri_metode_uhh
3514,Kabupaten Pasuruan,2020,uhh,73.83,tahun,D09,uhh_lf_sp2020
3514,Kabupaten Pasuruan,2021,uhh,73.85,tahun,D09,uhh_lf_sp2020
3514,Kabupaten Pasuruan,2022,uhh,74.15,tahun,D09,uhh_lf_sp2020
3514,Kabupaten Pasuruan,2023,uhh,74.41,tahun,D09,uhh_lf_sp2020
3514,Kabupaten Pasuruan,2024,uhh,74.61,tahun,D09,uhh_lf_sp2020
3514,Kabupaten Pasuruan,2025,uhh,74.81,tahun,D09,uhh_lf_sp2020
3515,Kabupaten Sidoarjo,2010,uhh,73.42,tahun,D09,patahan_seri_metode_uhh
3515,Kabupaten Sidoarjo,2011,uhh,73.42,tahun,D09,patahan_seri_metode_uhh
3515,Kabupaten Sidoarjo,2012,uhh,73.43,tahun,D09,patahan_seri_metode_uhh
3515,Kabupaten Sidoarjo,2013,uhh,73.43,tahun,D09,patahan_seri_metode_uhh
3515,Kabupaten Sidoarjo,2014,uhh,73.43,tahun,D09,patahan_seri_metode_uhh
3515,Kabupaten Sidoarjo,2015,uhh,73.63,tahun,D09,patahan_seri_metode_uhh
3515,Kabupaten Sidoarjo,2016,uhh,73.67,tahun,D09,patahan_seri_metode_uhh
3515,Kabupaten Sidoarjo,2017,uhh,73.71,tahun,D09,patahan_seri_metode_uhh
3515,Kabupaten Sidoarjo,2018,uhh,73.82,tahun,D09,patahan_seri_metode_uhh
3515,Kabupaten Sidoarjo,2019,uhh,73.98,tahun,D09,patahan_seri_metode_uhh
3515,Kabupaten Sidoarjo,2020,uhh,74.78,tahun,D09,uhh_lf_sp2020
3515,Kabupaten Sidoarjo,2021,uhh,74.8,tahun,D09,uhh_lf_sp2020
3515,Kabupaten Sidoarjo,2022,uhh,75.06,tahun,D09,uhh_lf_sp2020
3515,Kabupaten Sidoarjo,2023,uhh,75.36,tahun,D09,uhh_lf_sp2020
3515,Kabupaten Sidoarjo,2024,uhh,75.63,tahun,D09,uhh_lf_sp2020
3515,Kabupaten Sidoarjo,2025,uhh,76.08,tahun,D09,uhh_lf_sp2020
3516,Kabupaten Mojokerto,2010,uhh,71.64,tahun,D09,patahan_seri_metode_uhh
3516,Kabupaten Mojokerto,2011,uhh,71.69,tahun,D09,patahan_seri_metode_uhh
3516,Kabupaten Mojokerto,2012,uhh,71.72,tahun,D09,patahan_seri_metode_uhh
3516,Kabupaten Mojokerto,2013,uhh,71.75,tahun,D09,patahan_seri_metode_uhh
3516,Kabupaten Mojokerto,2014,uhh,71.76,tahun,D09,patahan_seri_metode_uhh
3516,Kabupaten Mojokerto,2015,uhh,71.96,tahun,D09,patahan_seri_metode_uhh
3516,Kabupaten Mojokerto,2016,uhh,72.03,tahun,D09,patahan_seri_metode_uhh
3516,Kabupaten Mojokerto,2017,uhh,72.1,tahun,D09,patahan_seri_metode_uhh
3516,Kabupaten Mojokerto,2018,uhh,72.24,tahun,D09,patahan_seri_metode_uhh
3516,Kabupaten Mojokerto,2019,uhh,72.43,tahun,D09,patahan_seri_metode_uhh
3516,Kabupaten Mojokerto,2020,uhh,74.16,tahun,D09,uhh_lf_sp2020
3516,Kabupaten Mojokerto,2021,uhh,74.21,tahun,D09,uhh_lf_sp2020
3516,Kabupaten Mojokerto,2022,uhh,74.48,tahun,D09,uhh_lf_sp2020
3516,Kabupaten Mojokerto,2023,uhh,74.74,tahun,D09,uhh_lf_sp2020
3516,Kabupaten Mojokerto,2024,uhh,74.95,tahun,D09,uhh_lf_sp2020
3516,Kabupaten Mojokerto,2025,uhh,75.28,tahun,D09,uhh_lf_sp2020
3517,Kabupaten Jombang,2010,uhh,71.18,tahun,D09,patahan_seri_metode_uhh
3517,Kabupaten Jombang,2011,uhh,71.22,tahun,D09,patahan_seri_metode_uhh
3517,Kabupaten Jombang,2012,uhh,71.28,tahun,D09,patahan_seri_metode_uhh
3517,Kabupaten Jombang,2013,uhh,71.34,tahun,D09,patahan_seri_metode_uhh
3517,Kabupaten Jombang,2014,uhh,71.37,tahun,D09,patahan_seri_metode_uhh
3517,Kabupaten Jombang,2015,uhh,71.67,tahun,D09,patahan_seri_metode_uhh
3517,Kabupaten Jombang,2016,uhh,71.77,tahun,D09,patahan_seri_metode_uhh
3517,Kabupaten Jombang,2017,uhh,71.87,tahun,D09,patahan_seri_metode_uhh
3517,Kabupaten Jombang,2018,uhh,72.04,tahun,D09,patahan_seri_metode_uhh
3517,Kabupaten Jombang,2019,uhh,72.27,tahun,D09,patahan_seri_metode_uhh
3517,Kabupaten Jombang,2020,uhh,73.85,tahun,D09,uhh_lf_sp2020
3517,Kabupaten Jombang,2021,uhh,73.91,tahun,D09,uhh_lf_sp2020
3517,Kabupaten Jombang,2022,uhh,74.17,tahun,D09,uhh_lf_sp2020
3517,Kabupaten Jombang,2023,uhh,74.43,tahun,D09,uhh_lf_sp2020
3517,Kabupaten Jombang,2024,uhh,74.64,tahun,D09,uhh_lf_sp2020
3517,Kabupaten Jombang,2025,uhh,74.97,tahun,D09,uhh_lf_sp2020
3518,Kabupaten Nganjuk,2010,uhh,70.61,tahun,D09,patahan_seri_metode_uhh
3518,Kabupaten Nganjuk,2011,uhh,70.68,tahun,D09,patahan_seri_metode_uhh
3518,Kabupaten Nganjuk,2012,uhh,70.76,tahun,D09,patahan_seri_metode_uhh
3518,Kabupaten Nganjuk,2013,uhh,70.83,tahun,D09,patahan_seri_metode_uhh
3518,Kabupaten Nganjuk,2014,uhh,70.87,tahun,D09,patahan_seri_metode_uhh
3518,Kabupaten Nganjuk,2015,uhh,70.97,tahun,D09,patahan_seri_metode_uhh
3518,Kabupaten Nganjuk,2016,uhh,71.04,tahun,D09,patahan_seri_metode_uhh
3518,Kabupaten Nganjuk,2017,uhh,71.11,tahun,D09,patahan_seri_metode_uhh
3518,Kabupaten Nganjuk,2018,uhh,71.25,tahun,D09,patahan_seri_metode_uhh
3518,Kabupaten Nganjuk,2019,uhh,71.44,tahun,D09,patahan_seri_metode_uhh
3518,Kabupaten Nganjuk,2020,uhh,73.85,tahun,D09,uhh_lf_sp2020
3518,Kabupaten Nganjuk,2021,uhh,73.9,tahun,D09,uhh_lf_sp2020
3518,Kabupaten Nganjuk,2022,uhh,74.17,tahun,D09,uhh_lf_sp2020
3518,Kabupaten Nganjuk,2023,uhh,74.43,tahun,D09,uhh_lf_sp2020
3518,Kabupaten Nganjuk,2024,uhh,74.64,tahun,D09,uhh_lf_sp2020
3518,Kabupaten Nganjuk,2025,uhh,74.96,tahun,D09,uhh_lf_sp2020
3519,Kabupaten Madiun,2010,uhh,69.38,tahun,D09,patahan_seri_metode_uhh
3519,Kabupaten Madiun,2011,uhh,69.49,tahun,D09,patahan_seri_metode_uhh
3519,Kabupaten Madiun,2012,uhh,69.59,tahun,D09,patahan_seri_metode_uhh
3519,Kabupaten Madiun,2013,uhh,69.7,tahun,D09,patahan_seri_metode_uhh
3519,Kabupaten Madiun,2014,uhh,69.76,tahun,D09,patahan_seri_metode_uhh
3519,Kabupaten Madiun,2015,uhh,70.36,tahun,D09,patahan_seri_metode_uhh
3519,Kabupaten Madiun,2016,uhh,70.55,tahun,D09,patahan_seri_metode_uhh
3519,Kabupaten Madiun,2017,uhh,70.77,tahun,D09,patahan_seri_metode_uhh
3519,Kabupaten Madiun,2018,uhh,70.97,tahun,D09,patahan_seri_metode_uhh
3519,Kabupaten Madiun,2019,uhh,71.22,tahun,D09,patahan_seri_metode_uhh
3519,Kabupaten Madiun,2020,uhh,74.01,tahun,D09,uhh_lf_sp2020
3519,Kabupaten Madiun,2021,uhh,74.09,tahun,D09,uhh_lf_sp2020
3519,Kabupaten Madiun,2022,uhh,74.34,tahun,D09,uhh_lf_sp2020
3519,Kabupaten Madiun,2023,uhh,74.59,tahun,D09,uhh_lf_sp2020
3519,Kabupaten Madiun,2024,uhh,74.79,tahun,D09,uhh_lf_sp2020
3519,Kabupaten Madiun,2025,uhh,75.11,tahun,D09,uhh_lf_sp2020
3520,Kabupaten Magetan,2010,uhh,71.62,tahun,D09,patahan_seri_metode_uhh
3520,Kabupaten Magetan,2011,uhh,71.71,tahun,D09,patahan_seri_metode_uhh
3520,Kabupaten Magetan,2012,uhh,71.79,tahun,D09,patahan_seri_metode_uhh
3520,Kabupaten Magetan,2013,uhh,71.87,tahun,D09,patahan_seri_metode_uhh
3520,Kabupaten Magetan,2014,uhh,71.91,tahun,D09,patahan_seri_metode_uhh
3520,Kabupaten Magetan,2015,uhh,72.01,tahun,D09,patahan_seri_metode_uhh
3520,Kabupaten Magetan,2016,uhh,72.09,tahun,D09,patahan_seri_metode_uhh
3520,Kabupaten Magetan,2017,uhh,72.16,tahun,D09,patahan_seri_metode_uhh
3520,Kabupaten Magetan,2018,uhh,72.3,tahun,D09,patahan_seri_metode_uhh
3520,Kabupaten Magetan,2019,uhh,72.49,tahun,D09,patahan_seri_metode_uhh
3520,Kabupaten Magetan,2020,uhh,74.61,tahun,D09,uhh_lf_sp2020
3520,Kabupaten Magetan,2021,uhh,74.66,tahun,D09,uhh_lf_sp2020
3520,Kabupaten Magetan,2022,uhh,74.92,tahun,D09,uhh_lf_sp2020
3520,Kabupaten Magetan,2023,uhh,75.19,tahun,D09,uhh_lf_sp2020
3520,Kabupaten Magetan,2024,uhh,75.42,tahun,D09,uhh_lf_sp2020
3520,Kabupaten Magetan,2025,uhh,75.76,tahun,D09,uhh_lf_sp2020
3521,Kabupaten Ngawi,2010,uhh,71.01,tahun,D09,patahan_seri_metode_uhh
3521,Kabupaten Ngawi,2011,uhh,71.1,tahun,D09,patahan_seri_metode_uhh
3521,Kabupaten Ngawi,2012,uhh,71.19,tahun,D09,patahan_seri_metode_uhh
3521,Kabupaten Ngawi,2013,uhh,71.28,tahun,D09,patahan_seri_metode_uhh
3521,Kabupaten Ngawi,2014,uhh,71.33,tahun,D09,patahan_seri_metode_uhh
3521,Kabupaten Ngawi,2015,uhh,71.53,tahun,D09,patahan_seri_metode_uhh
3521,Kabupaten Ngawi,2016,uhh,71.63,tahun,D09,patahan_seri_metode_uhh
3521,Kabupaten Ngawi,2017,uhh,71.74,tahun,D09,patahan_seri_metode_uhh
3521,Kabupaten Ngawi,2018,uhh,71.92,tahun,D09,patahan_seri_metode_uhh
3521,Kabupaten Ngawi,2019,uhh,72.16,tahun,D09,patahan_seri_metode_uhh
3521,Kabupaten Ngawi,2020,uhh,74.43,tahun,D09,uhh_lf_sp2020
3521,Kabupaten Ngawi,2021,uhh,74.5,tahun,D09,uhh_lf_sp2020
3521,Kabupaten Ngawi,2022,uhh,74.76,tahun,D09,uhh_lf_sp2020
3521,Kabupaten Ngawi,2023,uhh,75.01,tahun,D09,uhh_lf_sp2020
3521,Kabupaten Ngawi,2024,uhh,75.21,tahun,D09,uhh_lf_sp2020
3521,Kabupaten Ngawi,2025,uhh,75.49,tahun,D09,uhh_lf_sp2020
3522,Kabupaten Bojonegoro,2010,uhh,69.8,tahun,D09,patahan_seri_metode_uhh
3522,Kabupaten Bojonegoro,2011,uhh,69.89,tahun,D09,patahan_seri_metode_uhh
3522,Kabupaten Bojonegoro,2012,uhh,69.98,tahun,D09,patahan_seri_metode_uhh
3522,Kabupaten Bojonegoro,2013,uhh,70.07,tahun,D09,patahan_seri_metode_uhh
3522,Kabupaten Bojonegoro,2014,uhh,70.11,tahun,D09,patahan_seri_metode_uhh
3522,Kabupaten Bojonegoro,2015,uhh,70.51,tahun,D09,patahan_seri_metode_uhh
3522,Kabupaten Bojonegoro,2016,uhh,70.67,tahun,D09,patahan_seri_metode_uhh
3522,Kabupaten Bojonegoro,2017,uhh,70.83,tahun,D09,patahan_seri_metode_uhh
3522,Kabupaten Bojonegoro,2018,uhh,71.07,tahun,D09,patahan_seri_metode_uhh
3522,Kabupaten Bojonegoro,2019,uhh,71.36,tahun,D09,patahan_seri_metode_uhh
3522,Kabupaten Bojonegoro,2020,uhh,74.14,tahun,D09,uhh_lf_sp2020
3522,Kabupaten Bojonegoro,2021,uhh,74.23,tahun,D09,uhh_lf_sp2020
3522,Kabupaten Bojonegoro,2022,uhh,74.48,tahun,D09,uhh_lf_sp2020
3522,Kabupaten Bojonegoro,2023,uhh,74.72,tahun,D09,uhh_lf_sp2020
3522,Kabupaten Bojonegoro,2024,uhh,74.91,tahun,D09,uhh_lf_sp2020
3522,Kabupaten Bojonegoro,2025,uhh,75.2,tahun,D09,uhh_lf_sp2020
3523,Kabupaten Tuban,2010,uhh,70.0,tahun,D09,patahan_seri_metode_uhh
3523,Kabupaten Tuban,2011,uhh,70.07,tahun,D09,patahan_seri_metode_uhh
3523,Kabupaten Tuban,2012,uhh,70.15,tahun,D09,patahan_seri_metode_uhh
3523,Kabupaten Tuban,2013,uhh,70.22,tahun,D09,patahan_seri_metode_uhh
3523,Kabupaten Tuban,2014,uhh,70.25,tahun,D09,patahan_seri_metode_uhh
3523,Kabupaten Tuban,2015,uhh,70.55,tahun,D09,patahan_seri_metode_uhh
3523,Kabupaten Tuban,2016,uhh,70.67,tahun,D09,patahan_seri_metode_uhh
3523,Kabupaten Tuban,2017,uhh,70.8,tahun,D09,patahan_seri_metode_uhh
3523,Kabupaten Tuban,2018,uhh,71.01,tahun,D09,patahan_seri_metode_uhh
3523,Kabupaten Tuban,2019,uhh,71.26,tahun,D09,patahan_seri_metode_uhh
3523,Kabupaten Tuban,2020,uhh,74.19,tahun,D09,uhh_lf_sp2020
3523,Kabupaten Tuban,2021,uhh,74.27,tahun,D09,uhh_lf_sp2020
3523,Kabupaten Tuban,2022,uhh,74.53,tahun,D09,uhh_lf_sp2020
3523,Kabupaten Tuban,2023,uhh,74.77,tahun,D09,uhh_lf_sp2020
3523,Kabupaten Tuban,2024,uhh,74.95,tahun,D09,uhh_lf_sp2020
3523,Kabupaten Tuban,2025,uhh,75.23,tahun,D09,uhh_lf_sp2020
3524,Kabupaten Lamongan,2010,uhh,71.18,tahun,D09,patahan_seri_metode_uhh
3524,Kabupaten Lamongan,2011,uhh,71.26,tahun,D09,patahan_seri_metode_uhh
3524,Kabupaten Lamongan,2012,uhh,71.35,tahun,D09,patahan_seri_metode_uhh
3524,Kabupaten Lamongan,2013,uhh,71.43,tahun,D09,patahan_seri_metode_uhh
3524,Kabupaten Lamongan,2014,uhh,71.47,tahun,D09,patahan_seri_metode_uhh
3524,Kabupaten Lamongan,2015,uhh,71.67,tahun,D09,patahan_seri_metode_uhh
3524,Kabupaten Lamongan,2016,uhh,71.77,tahun,D09,patahan_seri_metode_uhh
3524,Kabupaten Lamongan,2017,uhh,71.87,tahun,D09,patahan_seri_metode_uhh
3524,Kabupaten Lamongan,2018,uhh,72.04,tahun,D09,patahan_seri_metode_uhh
3524,Kabupaten Lamongan,2019,uhh,72.27,tahun,D09,patahan_seri_metode_uhh
3524,Kabupaten Lamongan,2020,uhh,74.28,tahun,D09,uhh_lf_sp2020
3524,Kabupaten Lamongan,2021,uhh,74.34,tahun,D09,uhh_lf_sp2020
3524,Kabupaten Lamongan,2022,uhh,74.6,tahun,D09,uhh_lf_sp2020
3524,Kabupaten Lamongan,2023,uhh,74.86,tahun,D09,uhh_lf_sp2020
3524,Kabupaten Lamongan,2024,uhh,75.07,tahun,D09,uhh_lf_sp2020
3524,Kabupaten Lamongan,2025,uhh,75.4,tahun,D09,uhh_lf_sp2020
3525,Kabupaten Gresik,2010,uhh,72.15,tahun,D09,patahan_seri_metode_uhh
3525,Kabupaten Gresik,2011,uhh,72.16,tahun,D09,patahan_seri_metode_uhh
3525,Kabupaten Gresik,2012,uhh,72.18,tahun,D09,patahan_seri_metode_uhh
3525,Kabupaten Gresik,2013,uhh,72.19,tahun,D09,patahan_seri_metode_uhh
3525,Kabupaten Gresik,2014,uhh,72.2,tahun,D09,patahan_seri_metode_uhh
3525,Kabupaten Gresik,2015,uhh,72.3,tahun,D09,patahan_seri_metode_uhh
3525,Kabupaten Gresik,2016,uhh,72.33,tahun,D09,patahan_seri_metode_uhh
3525,Kabupaten Gresik,2017,uhh,72.36,tahun,D09,patahan_seri_metode_uhh
3525,Kabupaten Gresik,2018,uhh,72.46,tahun,D09,patahan_seri_metode_uhh
3525,Kabupaten Gresik,2019,uhh,72.61,tahun,D09,patahan_seri_metode_uhh
3525,Kabupaten Gresik,2020,uhh,73.66,tahun,D09,uhh_lf_sp2020
3525,Kabupaten Gresik,2021,uhh,73.67,tahun,D09,uhh_lf_sp2020
3525,Kabupaten Gresik,2022,uhh,73.96,tahun,D09,uhh_lf_sp2020
3525,Kabupaten Gresik,2023,uhh,74.24,tahun,D09,uhh_lf_sp2020
3525,Kabupaten Gresik,2024,uhh,74.48,tahun,D09,uhh_lf_sp2020
3525,Kabupaten Gresik,2025,uhh,74.9,tahun,D09,uhh_lf_sp2020
3526,Kabupaten Bangkalan,2010,uhh,69.46,tahun,D09,patahan_seri_metode_uhh
3526,Kabupaten Bangkalan,2011,uhh,69.51,tahun,D09,patahan_seri_metode_uhh
3526,Kabupaten Bangkalan,2012,uhh,69.56,tahun,D09,patahan_seri_metode_uhh
3526,Kabupaten Bangkalan,2013,uhh,69.6,tahun,D09,patahan_seri_metode_uhh
3526,Kabupaten Bangkalan,2014,uhh,69.62,tahun,D09,patahan_seri_metode_uhh
3526,Kabupaten Bangkalan,2015,uhh,69.72,tahun,D09,patahan_seri_metode_uhh
3526,Kabupaten Bangkalan,2016,uhh,69.77,tahun,D09,patahan_seri_metode_uhh
3526,Kabupaten Bangkalan,2017,uhh,69.82,tahun,D09,patahan_seri_metode_uhh
3526,Kabupaten Bangkalan,2018,uhh,69.94,tahun,D09,patahan_seri_metode_uhh
3526,Kabupaten Bangkalan,2019,uhh,70.11,tahun,D09,patahan_seri_metode_uhh
3526,Kabupaten Bangkalan,2020,uhh,72.71,tahun,D09,uhh_lf_sp2020
3526,Kabupaten Bangkalan,2021,uhh,72.75,tahun,D09,uhh_lf_sp2020
3526,Kabupaten Bangkalan,2022,uhh,73.05,tahun,D09,uhh_lf_sp2020
3526,Kabupaten Bangkalan,2023,uhh,73.29,tahun,D09,uhh_lf_sp2020
3526,Kabupaten Bangkalan,2024,uhh,73.43,tahun,D09,uhh_lf_sp2020
3526,Kabupaten Bangkalan,2025,uhh,73.62,tahun,D09,uhh_lf_sp2020
3527,Kabupaten Sampang,2010,uhh,67.35,tahun,D09,patahan_seri_metode_uhh
3527,Kabupaten Sampang,2011,uhh,67.4,tahun,D09,patahan_seri_metode_uhh
3527,Kabupaten Sampang,2012,uhh,67.43,tahun,D09,patahan_seri_metode_uhh
3527,Kabupaten Sampang,2013,uhh,67.46,tahun,D09,patahan_seri_metode_uhh
3527,Kabupaten Sampang,2014,uhh,67.48,tahun,D09,patahan_seri_metode_uhh
3527,Kabupaten Sampang,2015,uhh,67.58,tahun,D09,patahan_seri_metode_uhh
3527,Kabupaten Sampang,2016,uhh,67.62,tahun,D09,patahan_seri_metode_uhh
3527,Kabupaten Sampang,2017,uhh,67.67,tahun,D09,patahan_seri_metode_uhh
3527,Kabupaten Sampang,2018,uhh,67.79,tahun,D09,patahan_seri_metode_uhh
3527,Kabupaten Sampang,2019,uhh,67.96,tahun,D09,patahan_seri_metode_uhh
3527,Kabupaten Sampang,2020,uhh,72.91,tahun,D09,uhh_lf_sp2020
3527,Kabupaten Sampang,2021,uhh,72.95,tahun,D09,uhh_lf_sp2020
3527,Kabupaten Sampang,2022,uhh,73.24,tahun,D09,uhh_lf_sp2020
3527,Kabupaten Sampang,2023,uhh,73.49,tahun,D09,uhh_lf_sp2020
3527,Kabupaten Sampang,2024,uhh,73.66,tahun,D09,uhh_lf_sp2020
3527,Kabupaten Sampang,2025,uhh,73.89,tahun,D09,uhh_lf_sp2020
3528,Kabupaten Pamekasan,2010,uhh,66.38,tahun,D09,patahan_seri_metode_uhh
3528,Kabupaten Pamekasan,2011,uhh,66.43,tahun,D09,patahan_seri_metode_uhh
3528,Kabupaten Pamekasan,2012,uhh,66.48,tahun,D09,patahan_seri_metode_uhh
3528,Kabupaten Pamekasan,2013,uhh,66.53,tahun,D09,patahan_seri_metode_uhh
3528,Kabupaten Pamekasan,2014,uhh,66.56,tahun,D09,patahan_seri_metode_uhh
3528,Kabupaten Pamekasan,2015,uhh,66.86,tahun,D09,patahan_seri_metode_uhh
3528,Kabupaten Pamekasan,2016,uhh,66.95,tahun,D09,patahan_seri_metode_uhh
3528,Kabupaten Pamekasan,2017,uhh,67.05,tahun,D09,patahan_seri_metode_uhh
3528,Kabupaten Pamekasan,2018,uhh,67.22,tahun,D09,patahan_seri_metode_uhh
3528,Kabupaten Pamekasan,2019,uhh,67.45,tahun,D09,patahan_seri_metode_uhh
3528,Kabupaten Pamekasan,2020,uhh,72.93,tahun,D09,uhh_lf_sp2020
3528,Kabupaten Pamekasan,2021,uhh,73.0,tahun,D09,uhh_lf_sp2020
3528,Kabupaten Pamekasan,2022,uhh,73.28,tahun,D09,uhh_lf_sp2020
3528,Kabupaten Pamekasan,2023,uhh,73.51,tahun,D09,uhh_lf_sp2020
3528,Kabupaten Pamekasan,2024,uhh,73.66,tahun,D09,uhh_lf_sp2020
3528,Kabupaten Pamekasan,2025,uhh,73.85,tahun,D09,uhh_lf_sp2020
3529,Kabupaten Sumenep,2010,uhh,69.72,tahun,D09,patahan_seri_metode_uhh
3529,Kabupaten Sumenep,2011,uhh,69.81,tahun,D09,patahan_seri_metode_uhh
3529,Kabupaten Sumenep,2012,uhh,69.9,tahun,D09,patahan_seri_metode_uhh
3529,Kabupaten Sumenep,2013,uhh,69.98,tahun,D09,patahan_seri_metode_uhh
3529,Kabupaten Sumenep,2014,uhh,70.02,tahun,D09,patahan_seri_metode_uhh
3529,Kabupaten Sumenep,2015,uhh,70.42,tahun,D09,patahan_seri_metode_uhh
3529,Kabupaten Sumenep,2016,uhh,70.56,tahun,D09,patahan_seri_metode_uhh
3529,Kabupaten Sumenep,2017,uhh,70.71,tahun,D09,patahan_seri_metode_uhh
3529,Kabupaten Sumenep,2018,uhh,70.94,tahun,D09,patahan_seri_metode_uhh
3529,Kabupaten Sumenep,2019,uhh,71.22,tahun,D09,patahan_seri_metode_uhh
3529,Kabupaten Sumenep,2020,uhh,73.11,tahun,D09,uhh_lf_sp2020
3529,Kabupaten Sumenep,2021,uhh,73.19,tahun,D09,uhh_lf_sp2020
3529,Kabupaten Sumenep,2022,uhh,73.43,tahun,D09,uhh_lf_sp2020
3529,Kabupaten Sumenep,2023,uhh,73.69,tahun,D09,uhh_lf_sp2020
3529,Kabupaten Sumenep,2024,uhh,73.86,tahun,D09,uhh_lf_sp2020
3529,Kabupaten Sumenep,2025,uhh,74.09,tahun,D09,uhh_lf_sp2020
3571,Kota Kediri,2010,uhh,73.44,tahun,D09,patahan_seri_metode_uhh
3571,Kota Kediri,2011,uhh,73.46,tahun,D09,patahan_seri_metode_uhh
3571,Kota Kediri,2012,uhh,73.49,tahun,D09,patahan_seri_metode_uhh
3571,Kota Kediri,2013,uhh,73.51,tahun,D09,patahan_seri_metode_uhh
3571,Kota Kediri,2014,uhh,73.52,tahun,D09,patahan_seri_metode_uhh
3571,Kota Kediri,2015,uhh,73.62,tahun,D09,patahan_seri_metode_uhh
3571,Kota Kediri,2016,uhh,73.65,tahun,D09,patahan_seri_metode_uhh
3571,Kota Kediri,2017,uhh,73.69,tahun,D09,patahan_seri_metode_uhh
3571,Kota Kediri,2018,uhh,73.8,tahun,D09,patahan_seri_metode_uhh
3571,Kota Kediri,2019,uhh,73.96,tahun,D09,patahan_seri_metode_uhh
3571,Kota Kediri,2020,uhh,75.16,tahun,D09,uhh_lf_sp2020
3571,Kota Kediri,2021,uhh,75.18,tahun,D09,uhh_lf_sp2020
3571,Kota Kediri,2022,uhh,75.44,tahun,D09,uhh_lf_sp2020
3571,Kota Kediri,2023,uhh,75.74,tahun,D09,uhh_lf_sp2020
3571,Kota Kediri,2024,uhh,75.94,tahun,D09,uhh_lf_sp2020
3571,Kota Kediri,2025,uhh,76.28,tahun,D09,uhh_lf_sp2020
3572,Kota Blitar,2010,uhh,72.59,tahun,D09,patahan_seri_metode_uhh
3572,Kota Blitar,2011,uhh,72.63,tahun,D09,patahan_seri_metode_uhh
3572,Kota Blitar,2012,uhh,72.66,tahun,D09,patahan_seri_metode_uhh
3572,Kota Blitar,2013,uhh,72.69,tahun,D09,patahan_seri_metode_uhh
3572,Kota Blitar,2014,uhh,72.7,tahun,D09,patahan_seri_metode_uhh
3572,Kota Blitar,2015,uhh,73.0,tahun,D09,patahan_seri_metode_uhh
3572,Kota Blitar,2016,uhh,73.09,tahun,D09,patahan_seri_metode_uhh
3572,Kota Blitar,2017,uhh,73.17,tahun,D09,patahan_seri_metode_uhh
3572,Kota Blitar,2018,uhh,73.36,tahun,D09,patahan_seri_metode_uhh
3572,Kota Blitar,2019,uhh,73.6,tahun,D09,patahan_seri_metode_uhh
3572,Kota Blitar,2020,uhh,74.39,tahun,D09,uhh_lf_sp2020
3572,Kota Blitar,2021,uhh,74.46,tahun,D09,uhh_lf_sp2020
3572,Kota Blitar,2022,uhh,74.71,tahun,D09,uhh_lf_sp2020
3572,Kota Blitar,2023,uhh,74.97,tahun,D09,uhh_lf_sp2020
3572,Kota Blitar,2024,uhh,75.2,tahun,D09,uhh_lf_sp2020
3572,Kota Blitar,2025,uhh,75.47,tahun,D09,uhh_lf_sp2020
3573,Kota Malang,2010,uhh,72.17,tahun,D09,patahan_seri_metode_uhh
3573,Kota Malang,2011,uhh,72.21,tahun,D09,patahan_seri_metode_uhh
3573,Kota Malang,2012,uhh,72.25,tahun,D09,patahan_seri_metode_uhh
3573,Kota Malang,2013,uhh,72.28,tahun,D09,patahan_seri_metode_uhh
3573,Kota Malang,2014,uhh,72.3,tahun,D09,patahan_seri_metode_uhh
3573,Kota Malang,2015,uhh,72.6,tahun,D09,patahan_seri_metode_uhh
3573,Kota Malang,2016,uhh,72.68,tahun,D09,patahan_seri_metode_uhh
3573,Kota Malang,2017,uhh,72.77,tahun,D09,patahan_seri_metode_uhh
3573,Kota Malang,2018,uhh,72.93,tahun,D09,patahan_seri_metode_uhh
3573,Kota Malang,2019,uhh,73.15,tahun,D09,patahan_seri_metode_uhh
3573,Kota Malang,2020,uhh,74.74,tahun,D09,uhh_lf_sp2020
3573,Kota Malang,2021,uhh,74.8,tahun,D09,uhh_lf_sp2020
3573,Kota Malang,2022,uhh,75.06,tahun,D09,uhh_lf_sp2020
3573,Kota Malang,2023,uhh,75.32,tahun,D09,uhh_lf_sp2020
3573,Kota Malang,2024,uhh,75.54,tahun,D09,uhh_lf_sp2020
3573,Kota Malang,2025,uhh,75.88,tahun,D09,uhh_lf_sp2020
3574,Kota Probolinggo,2010,uhh,69.35,tahun,D09,patahan_seri_metode_uhh
3574,Kota Probolinggo,2011,uhh,69.41,tahun,D09,patahan_seri_metode_uhh
3574,Kota Probolinggo,2012,uhh,69.46,tahun,D09,patahan_seri_metode_uhh
3574,Kota Probolinggo,2013,uhh,69.5,tahun,D09,patahan_seri_metode_uhh
3574,Kota Probolinggo,2014,uhh,69.52,tahun,D09,patahan_seri_metode_uhh
3574,Kota Probolinggo,2015,uhh,69.72,tahun,D09,patahan_seri_metode_uhh
3574,Kota Probolinggo,2016,uhh,69.79,tahun,D09,patahan_seri_metode_uhh
3574,Kota Probolinggo,2017,uhh,69.86,tahun,D09,patahan_seri_metode_uhh
3574,Kota Probolinggo,2018,uhh,70.0,tahun,D09,patahan_seri_metode_uhh
3574,Kota Probolinggo,2019,uhh,70.19,tahun,D09,patahan_seri_metode_uhh
3574,Kota Probolinggo,2020,uhh,73.52,tahun,D09,uhh_lf_sp2020
3574,Kota Probolinggo,2021,uhh,73.57,tahun,D09,uhh_lf_sp2020
3574,Kota Probolinggo,2022,uhh,73.84,tahun,D09,uhh_lf_sp2020
3574,Kota Probolinggo,2023,uhh,74.1,tahun,D09,uhh_lf_sp2020
3574,Kota Probolinggo,2024,uhh,74.31,tahun,D09,uhh_lf_sp2020
3574,Kota Probolinggo,2025,uhh,74.64,tahun,D09,uhh_lf_sp2020
3575,Kota Pasuruan,2010,uhh,70.41,tahun,D09,patahan_seri_metode_uhh
3575,Kota Pasuruan,2011,uhh,70.44,tahun,D09,patahan_seri_metode_uhh
3575,Kota Pasuruan,2012,uhh,70.48,tahun,D09,patahan_seri_metode_uhh
3575,Kota Pasuruan,2013,uhh,70.52,tahun,D09,patahan_seri_metode_uhh
3575,Kota Pasuruan,2014,uhh,70.54,tahun,D09,patahan_seri_metode_uhh
3575,Kota Pasuruan,2015,uhh,70.84,tahun,D09,patahan_seri_metode_uhh
3575,Kota Pasuruan,2016,uhh,70.93,tahun,D09,patahan_seri_metode_uhh
3575,Kota Pasuruan,2017,uhh,71.02,tahun,D09,patahan_seri_metode_uhh
3575,Kota Pasuruan,2018,uhh,71.18,tahun,D09,patahan_seri_metode_uhh
3575,Kota Pasuruan,2019,uhh,71.4,tahun,D09,patahan_seri_metode_uhh
3575,Kota Pasuruan,2020,uhh,74.06,tahun,D09,uhh_lf_sp2020
3575,Kota Pasuruan,2021,uhh,74.12,tahun,D09,uhh_lf_sp2020
3575,Kota Pasuruan,2022,uhh,74.38,tahun,D09,uhh_lf_sp2020
3575,Kota Pasuruan,2023,uhh,74.64,tahun,D09,uhh_lf_sp2020
3575,Kota Pasuruan,2024,uhh,74.86,tahun,D09,uhh_lf_sp2020
3575,Kota Pasuruan,2025,uhh,75.19,tahun,D09,uhh_lf_sp2020
3576,Kota Mojokerto,2010,uhh,72.27,tahun,D09,patahan_seri_metode_uhh
3576,Kota Mojokerto,2011,uhh,72.3,tahun,D09,patahan_seri_metode_uhh
3576,Kota Mojokerto,2012,uhh,72.33,tahun,D09,patahan_seri_metode_uhh
3576,Kota Mojokerto,2013,uhh,72.37,tahun,D09,patahan_seri_metode_uhh
3576,Kota Mojokerto,2014,uhh,72.39,tahun,D09,patahan_seri_metode_uhh
3576,Kota Mojokerto,2015,uhh,72.69,tahun,D09,patahan_seri_metode_uhh
3576,Kota Mojokerto,2016,uhh,72.78,tahun,D09,patahan_seri_metode_uhh
3576,Kota Mojokerto,2017,uhh,72.86,tahun,D09,patahan_seri_metode_uhh
3576,Kota Mojokerto,2018,uhh,73.01,tahun,D09,patahan_seri_metode_uhh
3576,Kota Mojokerto,2019,uhh,73.21,tahun,D09,patahan_seri_metode_uhh
3576,Kota Mojokerto,2020,uhh,75.22,tahun,D09,uhh_lf_sp2020
3576,Kota Mojokerto,2021,uhh,75.27,tahun,D09,uhh_lf_sp2020
3576,Kota Mojokerto,2022,uhh,75.53,tahun,D09,uhh_lf_sp2020
3576,Kota Mojokerto,2023,uhh,75.8,tahun,D09,uhh_lf_sp2020
3576,Kota Mojokerto,2024,uhh,75.99,tahun,D09,uhh_lf_sp2020
3576,Kota Mojokerto,2025,uhh,76.31,tahun,D09,uhh_lf_sp2020
3577,Kota Madiun,2010,uhh,72.23,tahun,D09,patahan_seri_metode_uhh
3577,Kota Madiun,2011,uhh,72.27,tahun,D09,patahan_seri_metode_uhh
3577,Kota Madiun,2012,uhh,72.33,tahun,D09,patahan_seri_metode_uhh
3577,Kota Madiun,2013,uhh,72.38,tahun,D09,patahan_seri_metode_uhh
3577,Kota Madiun,2014,uhh,72.41,tahun,D09,patahan_seri_metode_uhh
3577,Kota Madiun,2015,uhh,72.41,tahun,D09,patahan_seri_metode_uhh
3577,Kota Madiun,2016,uhh,72.44,tahun,D09,patahan_seri_metode_uhh
3577,Kota Madiun,2017,uhh,72.48,tahun,D09,patahan_seri_metode_uhh
3577,Kota Madiun,2018,uhh,72.59,tahun,D09,patahan_seri_metode_uhh
3577,Kota Madiun,2019,uhh,72.75,tahun,D09,patahan_seri_metode_uhh
3577,Kota Madiun,2020,uhh,74.82,tahun,D09,uhh_lf_sp2020
3577,Kota Madiun,2021,uhh,74.84,tahun,D09,uhh_lf_sp2020
3577,Kota Madiun,2022,uhh,75.11,tahun,D09,uhh_lf_sp2020
3577,Kota Madiun,2023,uhh,75.4,tahun,D09,uhh_lf_sp2020
3577,Kota Madiun,2024,uhh,75.67,tahun,D09,uhh_lf_sp2020
3577,Kota Madiun,2025,uhh,76.11,tahun,D09,uhh_lf_sp2020
3578,Kota Surabaya,2010,uhh,73.76,tahun,D09,patahan_seri_metode_uhh
3578,Kota Surabaya,2011,uhh,73.78,tahun,D09,patahan_seri_metode_uhh
3578,Kota Surabaya,2012,uhh,73.8,tahun,D09,patahan_seri_metode_uhh
3578,Kota Surabaya,2013,uhh,73.83,tahun,D09,patahan_seri_metode_uhh
3578,Kota Surabaya,2014,uhh,73.85,tahun,D09,patahan_seri_metode_uhh
3578,Kota Surabaya,2015,uhh,73.85,tahun,D09,patahan_seri_metode_uhh
3578,Kota Surabaya,2016,uhh,73.87,tahun,D09,patahan_seri_metode_uhh
3578,Kota Surabaya,2017,uhh,73.88,tahun,D09,patahan_seri_metode_uhh
3578,Kota Surabaya,2018,uhh,73.98,tahun,D09,patahan_seri_metode_uhh
3578,Kota Surabaya,2019,uhh,74.13,tahun,D09,patahan_seri_metode_uhh
3578,Kota Surabaya,2020,uhh,75.24,tahun,D09,uhh_lf_sp2020
3578,Kota Surabaya,2021,uhh,75.43,tahun,D09,uhh_lf_sp2020
3578,Kota Surabaya,2022,uhh,75.62,tahun,D09,uhh_lf_sp2020
3578,Kota Surabaya,2023,uhh,75.82,tahun,D09,uhh_lf_sp2020
3578,Kota Surabaya,2024,uhh,76.02,tahun,D09,uhh_lf_sp2020
3578,Kota Surabaya,2025,uhh,76.34,tahun,D09,uhh_lf_sp2020
3579,Kota Batu,2010,uhh,71.95,tahun,D09,patahan_seri_metode_uhh
3579,Kota Batu,2011,uhh,71.99,tahun,D09,patahan_seri_metode_uhh
3579,Kota Batu,2012,uhh,72.02,tahun,D09,patahan_seri_metode_uhh
3579,Kota Batu,2013,uhh,72.05,tahun,D09,patahan_seri_metode_uhh
3579,Kota Batu,2014,uhh,72.06,tahun,D09,patahan_seri_metode_uhh
3579,Kota Batu,2015,uhh,72.16,tahun,D09,patahan_seri_metode_uhh
3579,Kota Batu,2016,uhh,72.2,tahun,D09,patahan_seri_metode_uhh
3579,Kota Batu,2017,uhh,72.25,tahun,D09,patahan_seri_metode_uhh
3579,Kota Batu,2018,uhh,72.37,tahun,D09,patahan_seri_metode_uhh
3579,Kota Batu,2019,uhh,72.54,tahun,D09,patahan_seri_metode_uhh
3579,Kota Batu,2020,uhh,74.56,tahun,D09,uhh_lf_sp2020
3579,Kota Batu,2021,uhh,74.59,tahun,D09,uhh_lf_sp2020
3579,Kota Batu,2022,uhh,74.86,tahun,D09,uhh_lf_sp2020
3579,Kota Batu,2023,uhh,75.14,tahun,D09,uhh_lf_sp2020
3579,Kota Batu,2024,uhh,75.36,tahun,D09,uhh_lf_sp2020
3579,Kota Batu,2025,uhh,75.7,tahun,D09,uhh_lf_sp2020
