kode_wilayah,nama_wilayah,tahun,kode_lapangan_usaha,nama_lapangan_usaha,sektor,pdrb_adhb,pdrb_adhk,satuan,status_data,flag
3501,Kabupaten Pacitan,2020,A,"Pertanian, Kehutanan, dan Perikanan",Primer,4512.44,2739.3,miliar rupiah,tetap,
3501,Kabupaten Pacitan,2021,A,"Pertanian, Kehutanan, dan Perikanan",Primer,4522.03,2700.67,miliar rupiah,tetap,
3501,Kabupaten Pacitan,2022,A,"Pertanian, Kehutanan, dan Perikanan",Primer,4961.17,2820.64,miliar rupiah,tetap,
3501,Kabupaten Pacitan,2023,A,"Pertanian, Kehutanan, dan Perikanan",Primer,5262.89,2827.38,miliar rupiah,sementara,
3501,Kabupaten Pacitan,2024,A,"Pertanian, Kehutanan, dan Perikanan",Primer,5401.15,2817.71,miliar rupiah,sangat_sementara,
3501,Kabupaten Pacitan,2020,B,Pertambangan dan Penggalian,Primer,863.44,587.47,miliar rupiah,tetap,
3501,Kabupaten Pacitan,2021,B,Pertambangan dan Penggalian,Primer,897.22,598.91,miliar rupiah,tetap,
3501,Kabupaten Pacitan,2022,B,Pertambangan dan Penggalian,Primer,965.96,622.08,miliar rupiah,tetap,
3501,Kabupaten Pacitan,2023,B,Pertambangan dan Penggalian,Primer,1073.96,665.31,miliar rupiah,sementara,
3501,Kabupaten Pacitan,2024,B,Pertambangan dan Penggalian,Primer,1118.99,691.06,miliar rupiah,sangat_sementara,
3501,Kabupaten Pacitan,2020,C,Industri Pengolahan,Sekunder,1033.01,727.04,miliar rupiah,tetap,
3501,Kabupaten Pacitan,2021,C,Industri Pengolahan,Sekunder,1146.48,773.29,miliar rupiah,tetap,
3501,Kabupaten Pacitan,2022,C,Industri Pengolahan,Sekunder,1271.52,825.85,miliar rupiah,tetap,
3501,Kabupaten Pacitan,2023,C,Industri Pengolahan,Sekunder,1431.76,889.97,miliar rupiah,sementara,
3501,Kabupaten Pacitan,2024,C,Industri Pengolahan,Sekunder,1592.76,953.48,miliar rupiah,sangat_sementara,
3501,Kabupaten Pacitan,2020,D,Pengadaan Listrik dan Gas,Sekunder,5.0,4.21,miliar rupiah,tetap,
3501,Kabupaten Pacitan,2021,D,Pengadaan Listrik dan Gas,Sekunder,5.15,4.29,miliar rupiah,tetap,
3501,Kabupaten Pacitan,2022,D,Pengadaan Listrik dan Gas,Sekunder,5.58,4.58,miliar rupiah,tetap,
3501,Kabupaten Pacitan,2023,D,Pengadaan Listrik dan Gas,Sekunder,6.61,5.32,miliar rupiah,sementara,
3501,Kabupaten Pacitan,2024,D,Pengadaan Listrik dan Gas,Sekunder,7.16,5.74,miliar rupiah,sangat_sementara,
3501,Kabupaten Pacitan,2020,E,"Pengadaan Air, Pengelolaan Sampah, Limbah dan Daur Ulang",Sekunder,14.22,10.81,miliar rupiah,tetap,
3501,Kabupaten Pacitan,2021,E,"Pengadaan Air, Pengelolaan Sampah, Limbah dan Daur Ulang",Sekunder,15.24,11.54,miliar rupiah,tetap,
3501,Kabupaten Pacitan,2022,E,"Pengadaan Air, Pengelolaan Sampah, Limbah dan Daur Ulang",Sekunder,16.22,11.97,miliar rupiah,tetap,
3501,Kabupaten Pacitan,2023,E,"Pengadaan Air, Pengelolaan Sampah, Limbah dan Daur Ulang",Sekunder,16.66,12.21,miliar rupiah,sementara,
3501,Kabupaten Pacitan,2024,E,"Pengadaan Air, Pengelolaan Sampah, Limbah dan Daur Ulang",Sekunder,16.85,12.31,miliar rupiah,sangat_sementara,
3501,Kabupaten Pacitan,2020,F,Konstruksi,Sekunder,2346.26,1620.89,miliar rupiah,tetap,
3501,Kabupaten Pacitan,2021,F,Konstruksi,Sekunder,2416.87,1648.05,miliar rupiah,tetap,
3501,Kabupaten Pacitan,2022,F,Konstruksi,Sekunder,2708.78,1765.63,miliar rupiah,tetap,
3501,Kabupaten Pacitan,2023,F,Konstruksi,Sekunder,2907.33,1872.9,miliar rupiah,sementara,
3501,Kabupaten Pacitan,2024,F,Konstruksi,Sekunder,3051.39,1967.64,miliar rupiah,sangat_sementara,
3501,Kabupaten Pacitan,2020,G,Perdagangan Besar dan Eceran; Reparasi Mobil dan Sepeda Motor,Tersier,2728.03,1955.51,miliar rupiah,tetap,
3501,Kabupaten Pacitan,2021,G,Perdagangan Besar dan Eceran; Reparasi Mobil dan Sepeda Motor,Tersier,2901.5,2056.36,miliar rupiah,tetap,
3501,Kabupaten Pacitan,2022,G,Perdagangan Besar dan Eceran; Reparasi Mobil dan Sepeda Motor,Tersier,3199.94,2169.78,miliar rupiah,tetap,
3501,Kabupaten Pacitan,2023,G,Perdagangan Besar dan Eceran; Reparasi Mobil dan Sepeda Motor,Tersier,3505.37,2297.29,miliar rupiah,sementara,
3501,Kabupaten Pacitan,2024,G,Perdagangan Besar dan Eceran; Reparasi Mobil dan Sepeda Motor,Tersier,3762.99,2417.74,miliar rupiah,sangat_sementara,
3501,Kabupaten Pacitan,2020,H,Transportasi dan Pergudangan,Tersier,374.65,281.55,miliar rupiah,tetap,
3501,Kabupaten Pacitan,2021,H,Transportasi dan Pergudangan,Tersier,423.12,315.12,miliar rupiah,tetap,
3501,Kabupaten Pacitan,2022,H,Transportasi dan Pergudangan,Tersier,516.73,363.93,miliar rupiah,tetap,
3501,Kabupaten Pacitan,2023,H,Transportasi dan Pergudangan,Tersier,619.13,398.55,miliar rupiah,sementara,
3501,Kabupaten Pacitan,2024,H,Transportasi dan Pergudangan,Tersier,703.79,447.29,miliar rupiah,sangat_sementara,
3501,Kabupaten Pacitan,2020,I,Penyediaan Akomodasi dan Makan Minum,Tersier,324.44,222.82,miliar rupiah,tetap,
3501,Kabupaten Pacitan,2021,I,Penyediaan Akomodasi dan Makan Minum,Tersier,358.44,233.03,miliar rupiah,tetap,
3501,Kabupaten Pacitan,2022,I,Penyediaan Akomodasi dan Makan Minum,Tersier,430.12,269.47,miliar rupiah,tetap,
3501,Kabupaten Pacitan,2023,I,Penyediaan Akomodasi dan Makan Minum,Tersier,468.26,285.19,miliar rupiah,sementara,
3501,Kabupaten Pacitan,2024,I,Penyediaan Akomodasi dan Makan Minum,Tersier,505.17,300.77,miliar rupiah,sangat_sementara,
3501,Kabupaten Pacitan,2020,J,Informasi dan Komunikasi,Tersier,951.96,837.14,miliar rupiah,tetap,
3501,Kabupaten Pacitan,2021,J,Informasi dan Komunikasi,Tersier,1013.72,890.77,miliar rupiah,tetap,
3501,Kabupaten Pacitan,2022,J,Informasi dan Komunikasi,Tersier,1067.16,933.65,miliar rupiah,tetap,
3501,Kabupaten Pacitan,2023,J,Informasi dan Komunikasi,Tersier,1129.18,974.54,miliar rupiah,sementara,
3501,Kabupaten Pacitan,2024,J,Informasi dan Komunikasi,Tersier,1199.02,1026.53,miliar rupiah,sangat_sementara,
3501,Kabupaten Pacitan,2020,K,Jasa Keuangan dan Asuransi,Tersier,308.53,206.64,miliar rupiah,tetap,
3501,Kabupaten Pacitan,2021,K,Jasa Keuangan dan Asuransi,Tersier,316.01,207.38,miliar rupiah,tetap,
3501,Kabupaten Pacitan,2022,K,Jasa Keuangan dan Asuransi,Tersier,344.18,212.75,miliar rupiah,tetap,
3501,Kabupaten Pacitan,2023,K,Jasa Keuangan dan Asuransi,Tersier,367.52,220.45,miliar rupiah,sementara,
3501,Kabupaten Pacitan,2024,K,Jasa Keuangan dan Asuransi,Tersier,383.9,229.2,miliar rupiah,sangat_sementara,
3501,Kabupaten Pacitan,2020,L,Real Estate,Tersier,248.6,185.91,miliar rupiah,tetap,
3501,Kabupaten Pacitan,2021,L,Real Estate,Tersier,262.05,193.1,miliar rupiah,tetap,
3501,Kabupaten Pacitan,2022,L,Real Estate,Tersier,280.37,203.13,miliar rupiah,tetap,
3501,Kabupaten Pacitan,2023,L,Real Estate,Tersier,299.16,208.26,miliar rupiah,sementara,
3501,Kabupaten Pacitan,2024,L,Real Estate,Tersier,311.34,214.98,miliar rupiah,sangat_sementara,
3501,Kabupaten Pacitan,2020,"M,N",Jasa Perusahaan,Tersier,42.5,29.89,miliar rupiah,tetap,
3501,Kabupaten Pacitan,2021,"M,N",Jasa Perusahaan,Tersier,43.6,30.33,miliar rupiah,tetap,
3501,Kabupaten Pacitan,2022,"M,N",Jasa Perusahaan,Tersier,47.59,31.93,miliar rupiah,tetap,
3501,Kabupaten Pacitan,2023,"M,N",Jasa Perusahaan,Tersier,52.81,34.44,miliar rupiah,sementara,
3501,Kabupaten Pacitan,2024,"M,N",Jasa Perusahaan,Tersier,58.02,37.17,miliar rupiah,sangat_sementara,
3501,Kabupaten Pacitan,2020,O,"Administrasi Pemerintahan, Pertahanan dan Jaminan Sosial Wajib",Tersier,703.56,461.99,miliar rupiah,tetap,
3501,Kabupaten Pacitan,2021,O,"Administrasi Pemerintahan, Pertahanan dan Jaminan Sosial Wajib",Tersier,684.71,452.6,miliar rupiah,tetap,
3501,Kabupaten Pacitan,2022,O,"Administrasi Pemerintahan, Pertahanan dan Jaminan Sosial Wajib",Tersier,702.65,454.43,miliar rupiah,tetap,
3501,Kabupaten Pacitan,2023,O,"Administrasi Pemerintahan, Pertahanan dan Jaminan Sosial Wajib",Tersier,730.99,455.28,miliar rupiah,sementara,
3501,Kabupaten Pacitan,2024,O,"Administrasi Pemerintahan, Pertahanan dan Jaminan Sosial Wajib",Tersier,808.87,496.45,miliar rupiah,sangat_sementara,
3501,Kabupaten Pacitan,2020,P,Jasa Pendidikan,Tersier,785.04,570.17,miliar rupiah,tetap,
3501,Kabupaten Pacitan,2021,P,Jasa Pendidikan,Tersier,793.88,576.36,miliar rupiah,tetap,
3501,Kabupaten Pacitan,2022,P,Jasa Pendidikan,Tersier,809.97,578.42,miliar rupiah,tetap,
3501,Kabupaten Pacitan,2023,P,Jasa Pendidikan,Tersier,871.38,607.36,miliar rupiah,sementara,
3501,Kabupaten Pacitan,2024,P,Jasa Pendidikan,Tersier,923.32,636.18,miliar rupiah,sangat_sementara,
3501,Kabupaten Pacitan,2020,Q,Jasa Kesehatan dan Kegiatan Sosial,Tersier,165.96,124.2,miliar rupiah,tetap,
3501,Kabupaten Pacitan,2021,Q,Jasa Kesehatan dan Kegiatan Sosial,Tersier,176.99,130.45,miliar rupiah,tetap,
3501,Kabupaten Pacitan,2022,Q,Jasa Kesehatan dan Kegiatan Sosial,Tersier,189.08,135.11,miliar rupiah,tetap,
3501,Kabupaten Pacitan,2023,Q,Jasa Kesehatan dan Kegiatan Sosial,Tersier,208.93,142.7,miliar rupiah,sementara,
3501,Kabupaten Pacitan,2024,Q,Jasa Kesehatan dan Kegiatan Sosial,Tersier,222.34,150.12,miliar rupiah,sangat_sementara,
3501,Kabupaten Pacitan,2020,"R,S,T,U",Jasa Lainnya,Tersier,377.56,272.33,miliar rupiah,tetap,
3501,Kabupaten Pacitan,2021,"R,S,T,U",Jasa Lainnya,Tersier,404.24,285.15,miliar rupiah,tetap,
3501,Kabupaten Pacitan,2022,"R,S,T,U",Jasa Lainnya,Tersier,469.46,319.09,miliar rupiah,tetap,
3501,Kabupaten Pacitan,2023,"R,S,T,U",Jasa Lainnya,Tersier,538.55,347.81,miliar rupiah,sementara,
3501,Kabupaten Pacitan,2024,"R,S,T,U",Jasa Lainnya,Tersier,589.52,371.45,miliar rupiah,sangat_sementara,
3502,Kabupaten Ponorogo,2020,A,"Pertanian, Kehutanan, dan Perikanan",Primer,5679.07,3492.75,miliar rupiah,tetap,
3502,Kabupaten Ponorogo,2021,A,"Pertanian, Kehutanan, dan Perikanan",Primer,5774.07,3556.9,miliar rupiah,tetap,
3502,Kabupaten Ponorogo,2022,A,"Pertanian, Kehutanan, dan Perikanan",Primer,5903.23,3416.84,miliar rupiah,tetap,
3502,Kabupaten Ponorogo,2023,A,"Pertanian, Kehutanan, dan Perikanan",Primer,6529.09,3540.83,miliar rupiah,sementara,
3502,Kabupaten Ponorogo,2024,A,"Pertanian, Kehutanan, dan Perikanan",Primer,6810.77,3579.94,miliar rupiah,sangat_sementara,
3502,Kabupaten Ponorogo,2020,B,Pertambangan dan Penggalian,Primer,437.43,298.9,miliar rupiah,tetap,
3502,Kabupaten Ponorogo,2021,B,Pertambangan dan Penggalian,Primer,453.31,302.78,miliar rupiah,tetap,
3502,Kabupaten Ponorogo,2022,B,Pertambangan dan Penggalian,Primer,487.16,318.17,miliar rupiah,tetap,
3502,Kabupaten Ponorogo,2023,B,Pertambangan dan Penggalian,Primer,527.81,333.07,miliar rupiah,sementara,
3502,Kabupaten Ponorogo,2024,B,Pertambangan dan Penggalian,Primer,545.42,341.23,miliar rupiah,sangat_sementara,
3502,Kabupaten Ponorogo,2020,C,Industri Pengolahan,Sekunder,1555.91,1078.55,miliar rupiah,tetap,
3502,Kabupaten Ponorogo,2021,C,Industri Pengolahan,Sekunder,1715.47,1150.49,miliar rupiah,tetap,
3502,Kabupaten Ponorogo,2022,C,Industri Pengolahan,Sekunder,2015.98,1277.57,miliar rupiah,tetap,
3502,Kabupaten Ponorogo,2023,C,Industri Pengolahan,Sekunder,2326.83,1383.33,miliar rupiah,sementara,
3502,Kabupaten Ponorogo,2024,C,Industri Pengolahan,Sekunder,2602.66,1486.95,miliar rupiah,sangat_sementara,
3502,Kabupaten Ponorogo,2020,D,Pengadaan Listrik dan Gas,Sekunder,17.16,12.97,miliar rupiah,tetap,
3502,Kabupaten Ponorogo,2021,D,Pengadaan Listrik dan Gas,Sekunder,17.91,13.42,miliar rupiah,tetap,
3502,Kabupaten Ponorogo,2022,D,Pengadaan Listrik dan Gas,Sekunder,19.57,14.39,miliar rupiah,tetap,
3502,Kabupaten Ponorogo,2023,D,Pengadaan Listrik dan Gas,Sekunder,22.05,15.87,miliar rupiah,sementara,
3502,Kabupaten Ponorogo,2024,D,Pengadaan Listrik dan Gas,Sekunder,23.92,17.13,miliar rupiah,sangat_sementara,
3502,Kabupaten Ponorogo,2020,E,"Pengadaan Air, Pengelolaan Sampah, Limbah dan Daur Ulang",Sekunder,19.18,14.92,miliar rupiah,tetap,
3502,Kabupaten Ponorogo,2021,E,"Pengadaan Air, Pengelolaan Sampah, Limbah dan Daur Ulang",Sekunder,20.8,16.0,miliar rupiah,tetap,
3502,Kabupaten Ponorogo,2022,E,"Pengadaan Air, Pengelolaan Sampah, Limbah dan Daur Ulang",Sekunder,22.29,16.34,miliar rupiah,tetap,
3502,Kabupaten Ponorogo,2023,E,"Pengadaan Air, Pengelolaan Sampah, Limbah dan Daur Ulang",Sekunder,24.11,17.37,miliar rupiah,sementara,
3502,Kabupaten Ponorogo,2024,E,"Pengadaan Air, Pengelolaan Sampah, Limbah dan Daur Ulang",Sekunder,25.37,18.05,miliar rupiah,sangat_sementara,
3502,Kabupaten Ponorogo,2020,F,Konstruksi,Sekunder,1905.29,1305.18,miliar rupiah,tetap,
3502,Kabupaten Ponorogo,2021,F,Konstruksi,Sekunder,1963.34,1322.77,miliar rupiah,tetap,
3502,Kabupaten Ponorogo,2022,F,Konstruksi,Sekunder,2207.55,1407.49,miliar rupiah,tetap,
3502,Kabupaten Ponorogo,2023,F,Konstruksi,Sekunder,2385.36,1477.92,miliar rupiah,sementara,
3502,Kabupaten Ponorogo,2024,F,Konstruksi,Sekunder,2575.81,1577.74,miliar rupiah,sangat_sementara,
3502,Kabupaten Ponorogo,2020,G,Perdagangan Besar dan Eceran; Reparasi Mobil dan Sepeda Motor,Tersier,3555.79,2553.14,miliar rupiah,tetap,
3502,Kabupaten Ponorogo,2021,G,Perdagangan Besar dan Eceran; Reparasi Mobil dan Sepeda Motor,Tersier,3792.55,2677.17,miliar rupiah,tetap,
3502,Kabupaten Ponorogo,2022,G,Perdagangan Besar dan Eceran; Reparasi Mobil dan Sepeda Motor,Tersier,4212.3,2839.4,miliar rupiah,tetap,
3502,Kabupaten Ponorogo,2023,G,Perdagangan Besar dan Eceran; Reparasi Mobil dan Sepeda Motor,Tersier,4605.11,2991.42,miliar rupiah,sementara,
3502,Kabupaten Ponorogo,2024,G,Perdagangan Besar dan Eceran; Reparasi Mobil dan Sepeda Motor,Tersier,4919.96,3147.88,miliar rupiah,sangat_sementara,
3502,Kabupaten Ponorogo,2020,H,Transportasi dan Pergudangan,Tersier,364.79,255.4,miliar rupiah,tetap,
3502,Kabupaten Ponorogo,2021,H,Transportasi dan Pergudangan,Tersier,413.11,283.73,miliar rupiah,tetap,
3502,Kabupaten Ponorogo,2022,H,Transportasi dan Pergudangan,Tersier,515.68,335.66,miliar rupiah,tetap,
3502,Kabupaten Ponorogo,2023,H,Transportasi dan Pergudangan,Tersier,620.4,368.31,miliar rupiah,sementara,
3502,Kabupaten Ponorogo,2024,H,Transportasi dan Pergudangan,Tersier,701.95,412.15,miliar rupiah,sangat_sementara,
3502,Kabupaten Ponorogo,2020,I,Penyediaan Akomodasi dan Makan Minum,Tersier,619.79,421.55,miliar rupiah,tetap,
3502,Kabupaten Ponorogo,2021,I,Penyediaan Akomodasi dan Makan Minum,Tersier,667.52,432.13,miliar rupiah,tetap,
3502,Kabupaten Ponorogo,2022,I,Penyediaan Akomodasi dan Makan Minum,Tersier,745.01,464.39,miliar rupiah,tetap,
3502,Kabupaten Ponorogo,2023,I,Penyediaan Akomodasi dan Makan Minum,Tersier,845.91,507.57,miliar rupiah,sementara,
3502,Kabupaten Ponorogo,2024,I,Penyediaan Akomodasi dan Makan Minum,Tersier,925.26,541.07,miliar rupiah,sangat_sementara,
3502,Kabupaten Ponorogo,2020,J,Informasi dan Komunikasi,Tersier,1554.97,1424.63,miliar rupiah,tetap,
3502,Kabupaten Ponorogo,2021,J,Informasi dan Komunikasi,Tersier,1661.31,1515.91,miliar rupiah,tetap,
3502,Kabupaten Ponorogo,2022,J,Informasi dan Komunikasi,Tersier,1758.28,1581.76,miliar rupiah,tetap,
3502,Kabupaten Ponorogo,2023,J,Informasi dan Komunikasi,Tersier,1840.83,1650.06,miliar rupiah,sementara,
3502,Kabupaten Ponorogo,2024,J,Informasi dan Komunikasi,Tersier,1973.38,1747.17,miliar rupiah,sangat_sementara,
3502,Kabupaten Ponorogo,2020,K,Jasa Keuangan dan Asuransi,Tersier,666.95,442.64,miliar rupiah,tetap,
3502,Kabupaten Ponorogo,2021,K,Jasa Keuangan dan Asuransi,Tersier,693.24,443.49,miliar rupiah,tetap,
3502,Kabupaten Ponorogo,2022,K,Jasa Keuangan dan Asuransi,Tersier,762.38,453.61,miliar rupiah,tetap,
3502,Kabupaten Ponorogo,2023,K,Jasa Keuangan dan Asuransi,Tersier,818.36,472.74,miliar rupiah,sementara,
3502,Kabupaten Ponorogo,2024,K,Jasa Keuangan dan Asuransi,Tersier,868.06,492.39,miliar rupiah,sangat_sementara,
3502,Kabupaten Ponorogo,2020,L,Real Estate,Tersier,536.17,397.39,miliar rupiah,tetap,
3502,Kabupaten Ponorogo,2021,L,Real Estate,Tersier,547.86,405.25,miliar rupiah,tetap,
3502,Kabupaten Ponorogo,2022,L,Real Estate,Tersier,575.87,419.02,miliar rupiah,tetap,
3502,Kabupaten Ponorogo,2023,L,Real Estate,Tersier,609.63,439.91,miliar rupiah,sementara,
3502,Kabupaten Ponorogo,2024,L,Real Estate,Tersier,640.36,456.38,miliar rupiah,sangat_sementara,
3502,Kabupaten Ponorogo,2020,"M,N",Jasa Perusahaan,Tersier,90.79,62.16,miliar rupiah,tetap,
3502,Kabupaten Ponorogo,2021,"M,N",Jasa Perusahaan,Tersier,93.79,63.45,miliar rupiah,tetap,
3502,Kabupaten Ponorogo,2022,"M,N",Jasa Perusahaan,Tersier,102.0,67.02,miliar rupiah,tetap,
3502,Kabupaten Ponorogo,2023,"M,N",Jasa Perusahaan,Tersier,114.99,72.53,miliar rupiah,sementara,
3502,Kabupaten Ponorogo,2024,"M,N",Jasa Perusahaan,Tersier,127.86,76.6,miliar rupiah,sangat_sementara,
3502,Kabupaten Ponorogo,2020,O,"Administrasi Pemerintahan, Pertahanan dan Jaminan Sosial Wajib",Tersier,1149.2,721.79,miliar rupiah,tetap,
3502,Kabupaten Ponorogo,2021,O,"Administrasi Pemerintahan, Pertahanan dan Jaminan Sosial Wajib",Tersier,1151.71,717.28,miliar rupiah,tetap,
3502,Kabupaten Ponorogo,2022,O,"Administrasi Pemerintahan, Pertahanan dan Jaminan Sosial Wajib",Tersier,1200.25,719.67,miliar rupiah,tetap,
3502,Kabupaten Ponorogo,2023,O,"Administrasi Pemerintahan, Pertahanan dan Jaminan Sosial Wajib",Tersier,1234.39,726.12,miliar rupiah,sementara,
3502,Kabupaten Ponorogo,2024,O,"Administrasi Pemerintahan, Pertahanan dan Jaminan Sosial Wajib",Tersier,1373.08,766.16,miliar rupiah,sangat_sementara,
3502,Kabupaten Ponorogo,2020,P,Jasa Pendidikan,Tersier,1826.54,1295.24,miliar rupiah,tetap,
3502,Kabupaten Ponorogo,2021,P,Jasa Pendidikan,Tersier,1813.1,1308.73,miliar rupiah,tetap,
3502,Kabupaten Ponorogo,2022,P,Jasa Pendidikan,Tersier,1851.89,1312.88,miliar rupiah,tetap,
3502,Kabupaten Ponorogo,2023,P,Jasa Pendidikan,Tersier,2049.33,1408.53,miliar rupiah,sementara,
3502,Kabupaten Ponorogo,2024,P,Jasa Pendidikan,Tersier,2173.49,1470.42,miliar rupiah,sangat_sementara,
3502,Kabupaten Ponorogo,2020,Q,Jasa Kesehatan dan Kegiatan Sosial,Tersier,180.57,129.9,miliar rupiah,tetap,
3502,Kabupaten Ponorogo,2021,Q,Jasa Kesehatan dan Kegiatan Sosial,Tersier,194.08,137.49,miliar rupiah,tetap,
3502,Kabupaten Ponorogo,2022,Q,Jasa Kesehatan dan Kegiatan Sosial,Tersier,206.85,140.98,miliar rupiah,tetap,
3502,Kabupaten Ponorogo,2023,Q,Jasa Kesehatan dan Kegiatan Sosial,Tersier,213.14,144.29,miliar rupiah,sementara,
3502,Kabupaten Ponorogo,2024,Q,Jasa Kesehatan dan Kegiatan Sosial,Tersier,232.63,152.52,miliar rupiah,sangat_sementara,
3502,Kabupaten Ponorogo,2020,"R,S,T,U",Jasa Lainnya,Tersier,353.77,261.51,miliar rupiah,tetap,
3502,Kabupaten Ponorogo,2021,"R,S,T,U",Jasa Lainnya,Tersier,376.85,272.96,miliar rupiah,tetap,
3502,Kabupaten Ponorogo,2022,"R,S,T,U",Jasa Lainnya,Tersier,441.96,308.52,miliar rupiah,tetap,
3502,Kabupaten Ponorogo,2023,"R,S,T,U",Jasa Lainnya,Tersier,480.45,320.16,miliar rupiah,sementara,
3502,Kabupaten Ponorogo,2024,"R,S,T,U",Jasa Lainnya,Tersier,527.1,339.0,miliar rupiah,sangat_sementara,
3503,Kabupaten Trenggalek,2020,A,"Pertanian, Kehutanan, dan Perikanan",Primer,5136.53,3042.01,miliar rupiah,tetap,
3503,Kabupaten Trenggalek,2021,A,"Pertanian, Kehutanan, dan Perikanan",Primer,5183.22,3020.04,miliar rupiah,tetap,
3503,Kabupaten Trenggalek,2022,A,"Pertanian, Kehutanan, dan Perikanan",Primer,5406.99,2975.96,miliar rupiah,tetap,
3503,Kabupaten Trenggalek,2023,A,"Pertanian, Kehutanan, dan Perikanan",Primer,5907.42,3056.78,miliar rupiah,sementara,
3503,Kabupaten Trenggalek,2024,A,"Pertanian, Kehutanan, dan Perikanan",Primer,6056.86,3066.26,miliar rupiah,sangat_sementara,
3503,Kabupaten Trenggalek,2020,B,Pertambangan dan Penggalian,Primer,1081.92,727.14,miliar rupiah,tetap,
3503,Kabupaten Trenggalek,2021,B,Pertambangan dan Penggalian,Primer,1116.8,737.03,miliar rupiah,tetap,
3503,Kabupaten Trenggalek,2022,B,Pertambangan dan Penggalian,Primer,1253.51,795.15,miliar rupiah,tetap,
3503,Kabupaten Trenggalek,2023,B,Pertambangan dan Penggalian,Primer,1323.15,812.56,miliar rupiah,sementara,
3503,Kabupaten Trenggalek,2024,B,Pertambangan dan Penggalian,Primer,1355.05,831.99,miliar rupiah,sangat_sementara,
3503,Kabupaten Trenggalek,2020,C,Industri Pengolahan,Sekunder,3081.13,2155.01,miliar rupiah,tetap,
3503,Kabupaten Trenggalek,2021,C,Industri Pengolahan,Sekunder,3452.7,2351.54,miliar rupiah,tetap,
3503,Kabupaten Trenggalek,2022,C,Industri Pengolahan,Sekunder,3822.71,2512.94,miliar rupiah,tetap,
3503,Kabupaten Trenggalek,2023,C,Industri Pengolahan,Sekunder,4208.8,2687.12,miliar rupiah,sementara,
3503,Kabupaten Trenggalek,2024,C,Industri Pengolahan,Sekunder,4731.53,2866.58,miliar rupiah,sangat_sementara,
3503,Kabupaten Trenggalek,2020,D,Pengadaan Listrik dan Gas,Sekunder,6.89,5.53,miliar rupiah,tetap,
3503,Kabupaten Trenggalek,2021,D,Pengadaan Listrik dan Gas,Sekunder,7.18,5.69,miliar rupiah,tetap,
3503,Kabupaten Trenggalek,2022,D,Pengadaan Listrik dan Gas,Sekunder,7.83,6.09,miliar rupiah,tetap,
3503,Kabupaten Trenggalek,2023,D,Pengadaan Listrik dan Gas,Sekunder,8.31,6.38,miliar rupiah,sementara,
3503,Kabupaten Trenggalek,2024,D,Pengadaan Listrik dan Gas,Sekunder,9.08,6.97,miliar rupiah,sangat_sementara,
3503,Kabupaten Trenggalek,2020,E,"Pengadaan Air, Pengelolaan Sampah, Limbah dan Daur Ulang",Sekunder,10.34,8.15,miliar rupiah,tetap,
3503,Kabupaten Trenggalek,2021,E,"Pengadaan Air, Pengelolaan Sampah, Limbah dan Daur Ulang",Sekunder,11.05,8.7,miliar rupiah,tetap,
3503,Kabupaten Trenggalek,2022,E,"Pengadaan Air, Pengelolaan Sampah, Limbah dan Daur Ulang",Sekunder,12.22,9.2,miliar rupiah,tetap,
3503,Kabupaten Trenggalek,2023,E,"Pengadaan Air, Pengelolaan Sampah, Limbah dan Daur Ulang",Sekunder,12.64,9.45,miliar rupiah,sementara,
3503,Kabupaten Trenggalek,2024,E,"Pengadaan Air, Pengelolaan Sampah, Limbah dan Daur Ulang",Sekunder,12.97,9.63,miliar rupiah,sangat_sementara,
3503,Kabupaten Trenggalek,2020,F,Konstruksi,Sekunder,1305.16,918.13,miliar rupiah,tetap,
3503,Kabupaten Trenggalek,2021,F,Konstruksi,Sekunder,1321.96,920.36,miliar rupiah,tetap,
3503,Kabupaten Trenggalek,2022,F,Konstruksi,Sekunder,1503.78,994.13,miliar rupiah,tetap,
3503,Kabupaten Trenggalek,2023,F,Konstruksi,Sekunder,1602.89,1032.96,miliar rupiah,sementara,
3503,Kabupaten Trenggalek,2024,F,Konstruksi,Sekunder,1723.66,1105.53,miliar rupiah,sangat_sementara,
3503,Kabupaten Trenggalek,2020,G,Perdagangan Besar dan Eceran; Reparasi Mobil dan Sepeda Motor,Tersier,2745.16,2010.83,miliar rupiah,tetap,
3503,Kabupaten Trenggalek,2021,G,Perdagangan Besar dan Eceran; Reparasi Mobil dan Sepeda Motor,Tersier,2980.65,2160.87,miliar rupiah,tetap,
3503,Kabupaten Trenggalek,2022,G,Perdagangan Besar dan Eceran; Reparasi Mobil dan Sepeda Motor,Tersier,3352.31,2308.95,miliar rupiah,tetap,
3503,Kabupaten Trenggalek,2023,G,Perdagangan Besar dan Eceran; Reparasi Mobil dan Sepeda Motor,Tersier,3670.84,2441.34,miliar rupiah,sementara,
3503,Kabupaten Trenggalek,2024,G,Perdagangan Besar dan Eceran; Reparasi Mobil dan Sepeda Motor,Tersier,3886.54,2539.11,miliar rupiah,sangat_sementara,
3503,Kabupaten Trenggalek,2020,H,Transportasi dan Pergudangan,Tersier,278.97,199.07,miliar rupiah,tetap,
3503,Kabupaten Trenggalek,2021,H,Transportasi dan Pergudangan,Tersier,307.4,217.94,miliar rupiah,tetap,
3503,Kabupaten Trenggalek,2022,H,Transportasi dan Pergudangan,Tersier,381.43,254.83,miliar rupiah,tetap,
3503,Kabupaten Trenggalek,2023,H,Transportasi dan Pergudangan,Tersier,454.26,280.41,miliar rupiah,sementara,
3503,Kabupaten Trenggalek,2024,H,Transportasi dan Pergudangan,Tersier,515.73,315.07,miliar rupiah,sangat_sementara,
3503,Kabupaten Trenggalek,2020,I,Penyediaan Akomodasi dan Makan Minum,Tersier,354.86,236.08,miliar rupiah,tetap,
3503,Kabupaten Trenggalek,2021,I,Penyediaan Akomodasi dan Makan Minum,Tersier,381.18,241.64,miliar rupiah,tetap,
3503,Kabupaten Trenggalek,2022,I,Penyediaan Akomodasi dan Makan Minum,Tersier,429.21,263.35,miliar rupiah,tetap,
3503,Kabupaten Trenggalek,2023,I,Penyediaan Akomodasi dan Makan Minum,Tersier,480.7,284.68,miliar rupiah,sementara,
3503,Kabupaten Trenggalek,2024,I,Penyediaan Akomodasi dan Makan Minum,Tersier,520.13,301.09,miliar rupiah,sangat_sementara,
3503,Kabupaten Trenggalek,2020,J,Informasi dan Komunikasi,Tersier,1059.62,919.66,miliar rupiah,tetap,
3503,Kabupaten Trenggalek,2021,J,Informasi dan Komunikasi,Tersier,1122.7,971.68,miliar rupiah,tetap,
3503,Kabupaten Trenggalek,2022,J,Informasi dan Komunikasi,Tersier,1197.81,1029.08,miliar rupiah,tetap,
3503,Kabupaten Trenggalek,2023,J,Informasi dan Komunikasi,Tersier,1289.19,1096.77,miliar rupiah,sementara,
3503,Kabupaten Trenggalek,2024,J,Informasi dan Komunikasi,Tersier,1394.89,1177.74,miliar rupiah,sangat_sementara,
3503,Kabupaten Trenggalek,2020,K,Jasa Keuangan dan Asuransi,Tersier,490.4,334.75,miliar rupiah,tetap,
3503,Kabupaten Trenggalek,2021,K,Jasa Keuangan dan Asuransi,Tersier,497.7,337.87,miliar rupiah,tetap,
3503,Kabupaten Trenggalek,2022,K,Jasa Keuangan dan Asuransi,Tersier,529.52,342.31,miliar rupiah,tetap,
3503,Kabupaten Trenggalek,2023,K,Jasa Keuangan dan Asuransi,Tersier,555.5,350.15,miliar rupiah,sementara,
3503,Kabupaten Trenggalek,2024,K,Jasa Keuangan dan Asuransi,Tersier,585.54,363.51,miliar rupiah,sangat_sementara,
3503,Kabupaten Trenggalek,2020,L,Real Estate,Tersier,393.89,295.25,miliar rupiah,tetap,
3503,Kabupaten Trenggalek,2021,L,Real Estate,Tersier,406.13,303.53,miliar rupiah,tetap,
3503,Kabupaten Trenggalek,2022,L,Real Estate,Tersier,433.45,318.54,miliar rupiah,tetap,
3503,Kabupaten Trenggalek,2023,L,Real Estate,Tersier,448.79,325.56,miliar rupiah,sementara,
3503,Kabupaten Trenggalek,2024,L,Real Estate,Tersier,470.7,338.49,miliar rupiah,sangat_sementara,
3503,Kabupaten Trenggalek,2020,"M,N",Jasa Perusahaan,Tersier,47.66,31.73,miliar rupiah,tetap,
3503,Kabupaten Trenggalek,2021,"M,N",Jasa Perusahaan,Tersier,49.44,32.45,miliar rupiah,tetap,
3503,Kabupaten Trenggalek,2022,"M,N",Jasa Perusahaan,Tersier,53.86,34.23,miliar rupiah,tetap,
3503,Kabupaten Trenggalek,2023,"M,N",Jasa Perusahaan,Tersier,59.55,36.9,miliar rupiah,sementara,
3503,Kabupaten Trenggalek,2024,"M,N",Jasa Perusahaan,Tersier,65.11,39.67,miliar rupiah,sangat_sementara,
3503,Kabupaten Trenggalek,2020,O,"Administrasi Pemerintahan, Pertahanan dan Jaminan Sosial Wajib",Tersier,838.05,531.9,miliar rupiah,tetap,
3503,Kabupaten Trenggalek,2021,O,"Administrasi Pemerintahan, Pertahanan dan Jaminan Sosial Wajib",Tersier,836.77,532.77,miliar rupiah,tetap,
3503,Kabupaten Trenggalek,2022,O,"Administrasi Pemerintahan, Pertahanan dan Jaminan Sosial Wajib",Tersier,865.97,535.75,miliar rupiah,tetap,
3503,Kabupaten Trenggalek,2023,O,"Administrasi Pemerintahan, Pertahanan dan Jaminan Sosial Wajib",Tersier,905.16,540.47,miliar rupiah,sementara,
3503,Kabupaten Trenggalek,2024,O,"Administrasi Pemerintahan, Pertahanan dan Jaminan Sosial Wajib",Tersier,1061.03,588.66,miliar rupiah,sangat_sementara,
3503,Kabupaten Trenggalek,2020,P,Jasa Pendidikan,Tersier,871.53,629.24,miliar rupiah,tetap,
3503,Kabupaten Trenggalek,2021,P,Jasa Pendidikan,Tersier,873.03,639.39,miliar rupiah,tetap,
3503,Kabupaten Trenggalek,2022,P,Jasa Pendidikan,Tersier,899.12,646.99,miliar rupiah,tetap,
3503,Kabupaten Trenggalek,2023,P,Jasa Pendidikan,Tersier,986.79,690.22,miliar rupiah,sementara,
3503,Kabupaten Trenggalek,2024,P,Jasa Pendidikan,Tersier,1063.86,727.48,miliar rupiah,sangat_sementara,
3503,Kabupaten Trenggalek,2020,Q,Jasa Kesehatan dan Kegiatan Sosial,Tersier,178.32,138.51,miliar rupiah,tetap,
3503,Kabupaten Trenggalek,2021,Q,Jasa Kesehatan dan Kegiatan Sosial,Tersier,191.02,146.42,miliar rupiah,tetap,
3503,Kabupaten Trenggalek,2022,Q,Jasa Kesehatan dan Kegiatan Sosial,Tersier,203.17,149.98,miliar rupiah,tetap,
3503,Kabupaten Trenggalek,2023,Q,Jasa Kesehatan dan Kegiatan Sosial,Tersier,218.16,156.09,miliar rupiah,sementara,
3503,Kabupaten Trenggalek,2024,Q,Jasa Kesehatan dan Kegiatan Sosial,Tersier,232.89,165.66,miliar rupiah,sangat_sementara,
3503,Kabupaten Trenggalek,2020,"R,S,T,U",Jasa Lainnya,Tersier,434.03,319.41,miliar rupiah,tetap,
3503,Kabupaten Trenggalek,2021,"R,S,T,U",Jasa Lainnya,Tersier,459.31,331.09,miliar rupiah,tetap,
3503,Kabupaten Trenggalek,2022,"R,S,T,U",Jasa Lainnya,Tersier,529.43,367.93,miliar rupiah,tetap,
3503,Kabupaten Trenggalek,2023,"R,S,T,U",Jasa Lainnya,Tersier,607.9,404.23,miliar rupiah,sementara,
3503,Kabupaten Trenggalek,2024,"R,S,T,U",Jasa Lainnya,Tersier,679.15,438.11,miliar rupiah,sangat_sementara,
3504,Kabupaten Tulungagung,2020,A,"Pertanian, Kehutanan, dan Perikanan",Primer,7455.99,4550.96,miliar rupiah,tetap,
3504,Kabupaten Tulungagung,2021,A,"Pertanian, Kehutanan, dan Perikanan",Primer,7737.99,4619.53,miliar rupiah,tetap,
3504,Kabupaten Tulungagung,2022,A,"Pertanian, Kehutanan, dan Perikanan",Primer,8218.21,4590.44,miliar rupiah,tetap,
3504,Kabupaten Tulungagung,2023,A,"Pertanian, Kehutanan, dan Perikanan",Primer,8859.14,4697.29,miliar rupiah,sementara,
3504,Kabupaten Tulungagung,2024,A,"Pertanian, Kehutanan, dan Perikanan",Primer,8938.95,4605.9,miliar rupiah,sangat_sementara,
3504,Kabupaten Tulungagung,2020,B,Pertambangan dan Penggalian,Primer,1338.82,858.38,miliar rupiah,tetap,
3504,Kabupaten Tulungagung,2021,B,Pertambangan dan Penggalian,Primer,1373.76,865.98,miliar rupiah,tetap,
3504,Kabupaten Tulungagung,2022,B,Pertambangan dan Penggalian,Primer,1487.36,900.98,miliar rupiah,tetap,
3504,Kabupaten Tulungagung,2023,B,Pertambangan dan Penggalian,Primer,1610.54,938.81,miliar rupiah,sementara,
3504,Kabupaten Tulungagung,2024,B,Pertambangan dan Penggalian,Primer,1681.06,979.92,miliar rupiah,sangat_sementara,
3504,Kabupaten Tulungagung,2020,C,Industri Pengolahan,Sekunder,8537.43,5854.59,miliar rupiah,tetap,
3504,Kabupaten Tulungagung,2021,C,Industri Pengolahan,Sekunder,9163.58,6085.39,miliar rupiah,tetap,
3504,Kabupaten Tulungagung,2022,C,Industri Pengolahan,Sekunder,10344.99,6616.6,miliar rupiah,tetap,
3504,Kabupaten Tulungagung,2023,C,Industri Pengolahan,Sekunder,11243.39,6937.88,miliar rupiah,sementara,
3504,Kabupaten Tulungagung,2024,C,Industri Pengolahan,Sekunder,12379.74,7431.01,miliar rupiah,sangat_sementara,
3504,Kabupaten Tulungagung,2020,D,Pengadaan Listrik dan Gas,Sekunder,14.08,11.68,miliar rupiah,tetap,
3504,Kabupaten Tulungagung,2021,D,Pengadaan Listrik dan Gas,Sekunder,14.54,11.9,miliar rupiah,tetap,
3504,Kabupaten Tulungagung,2022,D,Pengadaan Listrik dan Gas,Sekunder,15.9,12.78,miliar rupiah,tetap,
3504,Kabupaten Tulungagung,2023,D,Pengadaan Listrik dan Gas,Sekunder,16.75,13.35,miliar rupiah,sementara,
3504,Kabupaten Tulungagung,2024,D,Pengadaan Listrik dan Gas,Sekunder,17.12,13.64,miliar rupiah,sangat_sementara,
3504,Kabupaten Tulungagung,2020,E,"Pengadaan Air, Pengelolaan Sampah, Limbah dan Daur Ulang",Sekunder,33.71,25.57,miliar rupiah,tetap,
3504,Kabupaten Tulungagung,2021,E,"Pengadaan Air, Pengelolaan Sampah, Limbah dan Daur Ulang",Sekunder,35.57,27.53,miliar rupiah,tetap,
3504,Kabupaten Tulungagung,2022,E,"Pengadaan Air, Pengelolaan Sampah, Limbah dan Daur Ulang",Sekunder,37.67,28.16,miliar rupiah,tetap,
3504,Kabupaten Tulungagung,2023,E,"Pengadaan Air, Pengelolaan Sampah, Limbah dan Daur Ulang",Sekunder,39.4,29.05,miliar rupiah,sementara,
3504,Kabupaten Tulungagung,2024,E,"Pengadaan Air, Pengelolaan Sampah, Limbah dan Daur Ulang",Sekunder,39.56,28.89,miliar rupiah,sangat_sementara,
3504,Kabupaten Tulungagung,2020,F,Konstruksi,Sekunder,3564.51,2382.11,miliar rupiah,tetap,
3504,Kabupaten Tulungagung,2021,F,Konstruksi,Sekunder,3644.03,2407.4,miliar rupiah,tetap,
3504,Kabupaten Tulungagung,2022,F,Konstruksi,Sekunder,4106.26,2561.27,miliar rupiah,tetap,
3504,Kabupaten Tulungagung,2023,F,Konstruksi,Sekunder,4473.7,2703.21,miliar rupiah,sementara,
3504,Kabupaten Tulungagung,2024,F,Konstruksi,Sekunder,4805.61,2874.04,miliar rupiah,sangat_sementara,
3504,Kabupaten Tulungagung,2020,G,Perdagangan Besar dan Eceran; Reparasi Mobil dan Sepeda Motor,Tersier,7544.23,5535.0,miliar rupiah,tetap,
3504,Kabupaten Tulungagung,2021,G,Perdagangan Besar dan Eceran; Reparasi Mobil dan Sepeda Motor,Tersier,8138.07,5915.45,miliar rupiah,tetap,
3504,Kabupaten Tulungagung,2022,G,Perdagangan Besar dan Eceran; Reparasi Mobil dan Sepeda Motor,Tersier,9145.95,6311.39,miliar rupiah,tetap,
3504,Kabupaten Tulungagung,2023,G,Perdagangan Besar dan Eceran; Reparasi Mobil dan Sepeda Motor,Tersier,10003.58,6666.83,miliar rupiah,sementara,
3504,Kabupaten Tulungagung,2024,G,Perdagangan Besar dan Eceran; Reparasi Mobil dan Sepeda Motor,Tersier,10679.55,6984.83,miliar rupiah,sangat_sementara,
3504,Kabupaten Tulungagung,2020,H,Transportasi dan Pergudangan,Tersier,856.81,614.31,miliar rupiah,tetap,
3504,Kabupaten Tulungagung,2021,H,Transportasi dan Pergudangan,Tersier,930.29,667.94,miliar rupiah,tetap,
3504,Kabupaten Tulungagung,2022,H,Transportasi dan Pergudangan,Tersier,1147.4,777.96,miliar rupiah,tetap,
3504,Kabupaten Tulungagung,2023,H,Transportasi dan Pergudangan,Tersier,1391.62,868.08,miliar rupiah,sementara,
3504,Kabupaten Tulungagung,2024,H,Transportasi dan Pergudangan,Tersier,1569.7,969.89,miliar rupiah,sangat_sementara,
3504,Kabupaten Tulungagung,2020,I,Penyediaan Akomodasi dan Makan Minum,Tersier,747.4,512.56,miliar rupiah,tetap,
3504,Kabupaten Tulungagung,2021,I,Penyediaan Akomodasi dan Makan Minum,Tersier,801.15,523.98,miliar rupiah,tetap,
3504,Kabupaten Tulungagung,2022,I,Penyediaan Akomodasi dan Makan Minum,Tersier,918.43,574.08,miliar rupiah,tetap,
3504,Kabupaten Tulungagung,2023,I,Penyediaan Akomodasi dan Makan Minum,Tersier,1023.9,623.53,miliar rupiah,sementara,
3504,Kabupaten Tulungagung,2024,I,Penyediaan Akomodasi dan Makan Minum,Tersier,1116.47,662.96,miliar rupiah,sangat_sementara,
3504,Kabupaten Tulungagung,2020,J,Informasi dan Komunikasi,Tersier,2279.91,2044.9,miliar rupiah,tetap,
3504,Kabupaten Tulungagung,2021,J,Informasi dan Komunikasi,Tersier,2424.93,2164.28,miliar rupiah,tetap,
3504,Kabupaten Tulungagung,2022,J,Informasi dan Komunikasi,Tersier,2559.37,2266.9,miliar rupiah,tetap,
3504,Kabupaten Tulungagung,2023,J,Informasi dan Komunikasi,Tersier,2760.22,2416.0,miliar rupiah,sementara,
3504,Kabupaten Tulungagung,2024,J,Informasi dan Komunikasi,Tersier,2966.04,2571.18,miliar rupiah,sangat_sementara,
3504,Kabupaten Tulungagung,2020,K,Jasa Keuangan dan Asuransi,Tersier,884.08,605.77,miliar rupiah,tetap,
3504,Kabupaten Tulungagung,2021,K,Jasa Keuangan dan Asuransi,Tersier,902.37,609.15,miliar rupiah,tetap,
3504,Kabupaten Tulungagung,2022,K,Jasa Keuangan dan Asuransi,Tersier,968.37,621.71,miliar rupiah,tetap,
3504,Kabupaten Tulungagung,2023,K,Jasa Keuangan dan Asuransi,Tersier,1019.76,642.59,miliar rupiah,sementara,
3504,Kabupaten Tulungagung,2024,K,Jasa Keuangan dan Asuransi,Tersier,1049.44,651.7,miliar rupiah,sangat_sementara,
3504,Kabupaten Tulungagung,2020,L,Real Estate,Tersier,845.44,623.21,miliar rupiah,tetap,
3504,Kabupaten Tulungagung,2021,L,Real Estate,Tersier,865.66,636.66,miliar rupiah,tetap,
3504,Kabupaten Tulungagung,2022,L,Real Estate,Tersier,930.06,668.93,miliar rupiah,tetap,
3504,Kabupaten Tulungagung,2023,L,Real Estate,Tersier,968.32,689.45,miliar rupiah,sementara,
3504,Kabupaten Tulungagung,2024,L,Real Estate,Tersier,1013.5,714.77,miliar rupiah,sangat_sementara,
3504,Kabupaten Tulungagung,2020,"M,N",Jasa Perusahaan,Tersier,141.43,95.48,miliar rupiah,tetap,
3504,Kabupaten Tulungagung,2021,"M,N",Jasa Perusahaan,Tersier,145.37,96.97,miliar rupiah,tetap,
3504,Kabupaten Tulungagung,2022,"M,N",Jasa Perusahaan,Tersier,153.24,99.08,miliar rupiah,tetap,
3504,Kabupaten Tulungagung,2023,"M,N",Jasa Perusahaan,Tersier,172.19,107.89,miliar rupiah,sementara,
3504,Kabupaten Tulungagung,2024,"M,N",Jasa Perusahaan,Tersier,184.49,113.5,miliar rupiah,sangat_sementara,
3504,Kabupaten Tulungagung,2020,O,"Administrasi Pemerintahan, Pertahanan dan Jaminan Sosial Wajib",Tersier,1337.81,820.18,miliar rupiah,tetap,
3504,Kabupaten Tulungagung,2021,O,"Administrasi Pemerintahan, Pertahanan dan Jaminan Sosial Wajib",Tersier,1320.93,813.85,miliar rupiah,tetap,
3504,Kabupaten Tulungagung,2022,O,"Administrasi Pemerintahan, Pertahanan dan Jaminan Sosial Wajib",Tersier,1349.49,817.23,miliar rupiah,tetap,
3504,Kabupaten Tulungagung,2023,O,"Administrasi Pemerintahan, Pertahanan dan Jaminan Sosial Wajib",Tersier,1389.55,817.31,miliar rupiah,sementara,
3504,Kabupaten Tulungagung,2024,O,"Administrasi Pemerintahan, Pertahanan dan Jaminan Sosial Wajib",Tersier,1569.49,885.85,miliar rupiah,sangat_sementara,
3504,Kabupaten Tulungagung,2020,P,Jasa Pendidikan,Tersier,1759.36,1262.4,miliar rupiah,tetap,
3504,Kabupaten Tulungagung,2021,P,Jasa Pendidikan,Tersier,1765.05,1284.26,miliar rupiah,tetap,
3504,Kabupaten Tulungagung,2022,P,Jasa Pendidikan,Tersier,1753.12,1256.11,miliar rupiah,tetap,
3504,Kabupaten Tulungagung,2023,P,Jasa Pendidikan,Tersier,1891.98,1320.44,miliar rupiah,sementara,
3504,Kabupaten Tulungagung,2024,P,Jasa Pendidikan,Tersier,2037.27,1401.64,miliar rupiah,sangat_sementara,
3504,Kabupaten Tulungagung,2020,Q,Jasa Kesehatan dan Kegiatan Sosial,Tersier,456.01,342.74,miliar rupiah,tetap,
3504,Kabupaten Tulungagung,2021,Q,Jasa Kesehatan dan Kegiatan Sosial,Tersier,447.29,331.42,miliar rupiah,tetap,
3504,Kabupaten Tulungagung,2022,Q,Jasa Kesehatan dan Kegiatan Sosial,Tersier,458.13,338.28,miliar rupiah,tetap,
3504,Kabupaten Tulungagung,2023,Q,Jasa Kesehatan dan Kegiatan Sosial,Tersier,486.84,349.78,miliar rupiah,sementara,
3504,Kabupaten Tulungagung,2024,Q,Jasa Kesehatan dan Kegiatan Sosial,Tersier,528.52,372.41,miliar rupiah,sangat_sementara,
3504,Kabupaten Tulungagung,2020,"R,S,T,U",Jasa Lainnya,Tersier,428.97,315.93,miliar rupiah,tetap,
3504,Kabupaten Tulungagung,2021,"R,S,T,U",Jasa Lainnya,Tersier,456.09,328.72,miliar rupiah,tetap,
3504,Kabupaten Tulungagung,2022,"R,S,T,U",Jasa Lainnya,Tersier,539.54,377.01,miliar rupiah,tetap,
3504,Kabupaten Tulungagung,2023,"R,S,T,U",Jasa Lainnya,Tersier,613.55,413.11,miliar rupiah,sementara,
3504,Kabupaten Tulungagung,2024,"R,S,T,U",Jasa Lainnya,Tersier,670.13,441.76,miliar rupiah,sangat_sementara,
3505,Kabupaten Blitar,2020,A,"Pertanian, Kehutanan, dan Perikanan",Primer,11916.9,7375.2,miliar rupiah,tetap,
3505,Kabupaten Blitar,2021,A,"Pertanian, Kehutanan, dan Perikanan",Primer,12116.8,7376.26,miliar rupiah,tetap,
3505,Kabupaten Blitar,2022,A,"Pertanian, Kehutanan, dan Perikanan",Primer,12847.68,7439.19,miliar rupiah,tetap,
3505,Kabupaten Blitar,2023,A,"Pertanian, Kehutanan, dan Perikanan",Primer,13802.52,7564.07,miliar rupiah,sementara,
3505,Kabupaten Blitar,2024,A,"Pertanian, Kehutanan, dan Perikanan",Primer,14173.03,7543.02,miliar rupiah,sangat_sementara,
3505,Kabupaten Blitar,2020,B,Pertambangan dan Penggalian,Primer,1499.15,999.53,miliar rupiah,tetap,
3505,Kabupaten Blitar,2021,B,Pertambangan dan Penggalian,Primer,1577.79,1015.22,miliar rupiah,tetap,
3505,Kabupaten Blitar,2022,B,Pertambangan dan Penggalian,Primer,1717.14,1069.1,miliar rupiah,tetap,
3505,Kabupaten Blitar,2023,B,Pertambangan dan Penggalian,Primer,1836.09,1112.45,miliar rupiah,sementara,
3505,Kabupaten Blitar,2024,B,Pertambangan dan Penggalian,Primer,1936.97,1164.9,miliar rupiah,sangat_sementara,
3505,Kabupaten Blitar,2020,C,Industri Pengolahan,Sekunder,4871.8,3422.52,miliar rupiah,tetap,
3505,Kabupaten Blitar,2021,C,Industri Pengolahan,Sekunder,5310.44,3609.16,miliar rupiah,tetap,
3505,Kabupaten Blitar,2022,C,Industri Pengolahan,Sekunder,6093.78,3997.12,miliar rupiah,tetap,
3505,Kabupaten Blitar,2023,C,Industri Pengolahan,Sekunder,6682.83,4211.0,miliar rupiah,sementara,
3505,Kabupaten Blitar,2024,C,Industri Pengolahan,Sekunder,7387.45,4489.67,miliar rupiah,sangat_sementara,
3505,Kabupaten Blitar,2020,D,Pengadaan Listrik dan Gas,Sekunder,20.89,18.67,miliar rupiah,tetap,
3505,Kabupaten Blitar,2021,D,Pengadaan Listrik dan Gas,Sekunder,21.43,19.08,miliar rupiah,tetap,
3505,Kabupaten Blitar,2022,D,Pengadaan Listrik dan Gas,Sekunder,23.46,20.5,miliar rupiah,tetap,
3505,Kabupaten Blitar,2023,D,Pengadaan Listrik dan Gas,Sekunder,24.95,21.52,miliar rupiah,sementara,
3505,Kabupaten Blitar,2024,D,Pengadaan Listrik dan Gas,Sekunder,25.39,21.95,miliar rupiah,sangat_sementara,
3505,Kabupaten Blitar,2020,E,"Pengadaan Air, Pengelolaan Sampah, Limbah dan Daur Ulang",Sekunder,11.62,9.82,miliar rupiah,tetap,
3505,Kabupaten Blitar,2021,E,"Pengadaan Air, Pengelolaan Sampah, Limbah dan Daur Ulang",Sekunder,12.55,10.39,miliar rupiah,tetap,
3505,Kabupaten Blitar,2022,E,"Pengadaan Air, Pengelolaan Sampah, Limbah dan Daur Ulang",Sekunder,13.05,10.48,miliar rupiah,tetap,
3505,Kabupaten Blitar,2023,E,"Pengadaan Air, Pengelolaan Sampah, Limbah dan Daur Ulang",Sekunder,13.66,10.79,miliar rupiah,sementara,
3505,Kabupaten Blitar,2024,E,"Pengadaan Air, Pengelolaan Sampah, Limbah dan Daur Ulang",Sekunder,14.31,11.07,miliar rupiah,sangat_sementara,
3505,Kabupaten Blitar,2020,F,Konstruksi,Sekunder,3227.15,2350.62,miliar rupiah,tetap,
3505,Kabupaten Blitar,2021,F,Konstruksi,Sekunder,3294.97,2370.41,miliar rupiah,tetap,
3505,Kabupaten Blitar,2022,F,Konstruksi,Sekunder,3730.8,2546.75,miliar rupiah,tetap,
3505,Kabupaten Blitar,2023,F,Konstruksi,Sekunder,3964.29,2645.69,miliar rupiah,sementara,
3505,Kabupaten Blitar,2024,F,Konstruksi,Sekunder,4242.33,2804.21,miliar rupiah,sangat_sementara,
3505,Kabupaten Blitar,2020,G,Perdagangan Besar dan Eceran; Reparasi Mobil dan Sepeda Motor,Tersier,6349.84,4509.51,miliar rupiah,tetap,
3505,Kabupaten Blitar,2021,G,Perdagangan Besar dan Eceran; Reparasi Mobil dan Sepeda Motor,Tersier,6954.47,4772.54,miliar rupiah,tetap,
3505,Kabupaten Blitar,2022,G,Perdagangan Besar dan Eceran; Reparasi Mobil dan Sepeda Motor,Tersier,7811.52,5091.15,miliar rupiah,tetap,
3505,Kabupaten Blitar,2023,G,Perdagangan Besar dan Eceran; Reparasi Mobil dan Sepeda Motor,Tersier,8588.07,5401.46,miliar rupiah,sementara,
3505,Kabupaten Blitar,2024,G,Perdagangan Besar dan Eceran; Reparasi Mobil dan Sepeda Motor,Tersier,9207.73,5699.73,miliar rupiah,sangat_sementara,
3505,Kabupaten Blitar,2020,H,Transportasi dan Pergudangan,Tersier,460.56,326.07,miliar rupiah,tetap,
3505,Kabupaten Blitar,2021,H,Transportasi dan Pergudangan,Tersier,511.55,359.02,miliar rupiah,tetap,
3505,Kabupaten Blitar,2022,H,Transportasi dan Pergudangan,Tersier,637.07,422.75,miliar rupiah,tetap,
3505,Kabupaten Blitar,2023,H,Transportasi dan Pergudangan,Tersier,747.42,462.47,miliar rupiah,sementara,
3505,Kabupaten Blitar,2024,H,Transportasi dan Pergudangan,Tersier,832.22,509.59,miliar rupiah,sangat_sementara,
3505,Kabupaten Blitar,2020,I,Penyediaan Akomodasi dan Makan Minum,Tersier,352.33,251.98,miliar rupiah,tetap,
3505,Kabupaten Blitar,2021,I,Penyediaan Akomodasi dan Makan Minum,Tersier,381.74,264.01,miliar rupiah,tetap,
3505,Kabupaten Blitar,2022,I,Penyediaan Akomodasi dan Makan Minum,Tersier,428.6,287.57,miliar rupiah,tetap,
3505,Kabupaten Blitar,2023,I,Penyediaan Akomodasi dan Makan Minum,Tersier,476.12,307.37,miliar rupiah,sementara,
3505,Kabupaten Blitar,2024,I,Penyediaan Akomodasi dan Makan Minum,Tersier,519.61,329.31,miliar rupiah,sangat_sementara,
3505,Kabupaten Blitar,2020,J,Informasi dan Komunikasi,Tersier,2102.65,1969.02,miliar rupiah,tetap,
3505,Kabupaten Blitar,2021,J,Informasi dan Komunikasi,Tersier,2266.6,2104.41,miliar rupiah,tetap,
3505,Kabupaten Blitar,2022,J,Informasi dan Komunikasi,Tersier,2415.71,2240.44,miliar rupiah,tetap,
3505,Kabupaten Blitar,2023,J,Informasi dan Komunikasi,Tersier,2627.85,2379.5,miliar rupiah,sementara,
3505,Kabupaten Blitar,2024,J,Informasi dan Komunikasi,Tersier,2819.28,2530.79,miliar rupiah,sangat_sementara,
3505,Kabupaten Blitar,2020,K,Jasa Keuangan dan Asuransi,Tersier,813.59,556.91,miliar rupiah,tetap,
3505,Kabupaten Blitar,2021,K,Jasa Keuangan dan Asuransi,Tersier,837.72,566.55,miliar rupiah,tetap,
3505,Kabupaten Blitar,2022,K,Jasa Keuangan dan Asuransi,Tersier,906.46,585.16,miliar rupiah,tetap,
3505,Kabupaten Blitar,2023,K,Jasa Keuangan dan Asuransi,Tersier,1013.24,631.42,miliar rupiah,sementara,
3505,Kabupaten Blitar,2024,K,Jasa Keuangan dan Asuransi,Tersier,1071.9,663.09,miliar rupiah,sangat_sementara,
3505,Kabupaten Blitar,2020,L,Real Estate,Tersier,714.86,530.46,miliar rupiah,tetap,
3505,Kabupaten Blitar,2021,L,Real Estate,Tersier,762.71,553.83,miliar rupiah,tetap,
3505,Kabupaten Blitar,2022,L,Real Estate,Tersier,806.93,574.26,miliar rupiah,tetap,
3505,Kabupaten Blitar,2023,L,Real Estate,Tersier,828.47,585.69,miliar rupiah,sementara,
3505,Kabupaten Blitar,2024,L,Real Estate,Tersier,873.71,612.74,miliar rupiah,sangat_sementara,
3505,Kabupaten Blitar,2020,"M,N",Jasa Perusahaan,Tersier,122.98,86.34,miliar rupiah,tetap,
3505,Kabupaten Blitar,2021,"M,N",Jasa Perusahaan,Tersier,127.62,89.1,miliar rupiah,tetap,
3505,Kabupaten Blitar,2022,"M,N",Jasa Perusahaan,Tersier,138.53,93.7,miliar rupiah,tetap,
3505,Kabupaten Blitar,2023,"M,N",Jasa Perusahaan,Tersier,147.04,97.08,miliar rupiah,sementara,
3505,Kabupaten Blitar,2024,"M,N",Jasa Perusahaan,Tersier,159.54,104.41,miliar rupiah,sangat_sementara,
3505,Kabupaten Blitar,2020,O,"Administrasi Pemerintahan, Pertahanan dan Jaminan Sosial Wajib",Tersier,1281.37,833.27,miliar rupiah,tetap,
3505,Kabupaten Blitar,2021,O,"Administrasi Pemerintahan, Pertahanan dan Jaminan Sosial Wajib",Tersier,1282.51,835.12,miliar rupiah,tetap,
3505,Kabupaten Blitar,2022,O,"Administrasi Pemerintahan, Pertahanan dan Jaminan Sosial Wajib",Tersier,1300.52,837.3,miliar rupiah,tetap,
3505,Kabupaten Blitar,2023,O,"Administrasi Pemerintahan, Pertahanan dan Jaminan Sosial Wajib",Tersier,1356.11,851.82,miliar rupiah,sementara,
3505,Kabupaten Blitar,2024,O,"Administrasi Pemerintahan, Pertahanan dan Jaminan Sosial Wajib",Tersier,1504.27,917.81,miliar rupiah,sangat_sementara,
3505,Kabupaten Blitar,2020,P,Jasa Pendidikan,Tersier,1535.25,1122.6,miliar rupiah,tetap,
3505,Kabupaten Blitar,2021,P,Jasa Pendidikan,Tersier,1563.08,1142.14,miliar rupiah,tetap,
3505,Kabupaten Blitar,2022,P,Jasa Pendidikan,Tersier,1606.08,1155.83,miliar rupiah,tetap,
3505,Kabupaten Blitar,2023,P,Jasa Pendidikan,Tersier,1746.16,1222.59,miliar rupiah,sementara,
3505,Kabupaten Blitar,2024,P,Jasa Pendidikan,Tersier,1875.54,1301.38,miliar rupiah,sangat_sementara,
3505,Kabupaten Blitar,2020,Q,Jasa Kesehatan dan Kegiatan Sosial,Tersier,304.4,241.6,miliar rupiah,tetap,
3505,Kabupaten Blitar,2021,Q,Jasa Kesehatan dan Kegiatan Sosial,Tersier,323.61,255.32,miliar rupiah,tetap,
3505,Kabupaten Blitar,2022,Q,Jasa Kesehatan dan Kegiatan Sosial,Tersier,344.24,261.37,miliar rupiah,tetap,
3505,Kabupaten Blitar,2023,Q,Jasa Kesehatan dan Kegiatan Sosial,Tersier,393.41,287.27,miliar rupiah,sementara,
3505,Kabupaten Blitar,2024,Q,Jasa Kesehatan dan Kegiatan Sosial,Tersier,423.46,306.42,miliar rupiah,sangat_sementara,
3505,Kabupaten Blitar,2020,"R,S,T,U",Jasa Lainnya,Tersier,438.63,341.34,miliar rupiah,tetap,
3505,Kabupaten Blitar,2021,"R,S,T,U",Jasa Lainnya,Tersier,474.13,357.47,miliar rupiah,tetap,
3505,Kabupaten Blitar,2022,"R,S,T,U",Jasa Lainnya,Tersier,557.75,404.66,miliar rupiah,tetap,
3505,Kabupaten Blitar,2023,"R,S,T,U",Jasa Lainnya,Tersier,643.49,447.68,miliar rupiah,sementara,
3505,Kabupaten Blitar,2024,"R,S,T,U",Jasa Lainnya,Tersier,712.44,483.73,miliar rupiah,sangat_sementara,
3506,Kabupaten Kediri,2020,A,"Pertanian, Kehutanan, dan Perikanan",Primer,9570.14,6079.42,miliar rupiah,tetap,
3506,Kabupaten Kediri,2021,A,"Pertanian, Kehutanan, dan Perikanan",Primer,9960.26,6130.62,miliar rupiah,tetap,
3506,Kabupaten Kediri,2022,A,"Pertanian, Kehutanan, dan Perikanan",Primer,10488.38,6131.98,miliar rupiah,tetap,
3506,Kabupaten Kediri,2023,A,"Pertanian, Kehutanan, dan Perikanan",Primer,11305.74,6317.8,miliar rupiah,sementara,
3506,Kabupaten Kediri,2024,A,"Pertanian, Kehutanan, dan Perikanan",Primer,11658.03,6208.51,miliar rupiah,sangat_sementara,
3506,Kabupaten Kediri,2020,B,Pertambangan dan Penggalian,Primer,623.04,384.32,miliar rupiah,tetap,
3506,Kabupaten Kediri,2021,B,Pertambangan dan Penggalian,Primer,659.01,393.44,miliar rupiah,tetap,
3506,Kabupaten Kediri,2022,B,Pertambangan dan Penggalian,Primer,688.38,399.81,miliar rupiah,tetap,
3506,Kabupaten Kediri,2023,B,Pertambangan dan Penggalian,Primer,754.17,422.2,miliar rupiah,sementara,
3506,Kabupaten Kediri,2024,B,Pertambangan dan Penggalian,Primer,804.3,447.21,miliar rupiah,sangat_sementara,
3506,Kabupaten Kediri,2020,C,Industri Pengolahan,Sekunder,8729.46,6079.28,miliar rupiah,tetap,
3506,Kabupaten Kediri,2021,C,Industri Pengolahan,Sekunder,9163.81,6234.98,miliar rupiah,tetap,
3506,Kabupaten Kediri,2022,C,Industri Pengolahan,Sekunder,10239.94,6639.0,miliar rupiah,tetap,
3506,Kabupaten Kediri,2023,C,Industri Pengolahan,Sekunder,11186.17,6895.45,miliar rupiah,sementara,
3506,Kabupaten Kediri,2024,C,Industri Pengolahan,Sekunder,12600.94,7436.96,miliar rupiah,sangat_sementara,
3506,Kabupaten Kediri,2020,D,Pengadaan Listrik dan Gas,Sekunder,28.92,22.83,miliar rupiah,tetap,
3506,Kabupaten Kediri,2021,D,Pengadaan Listrik dan Gas,Sekunder,30.32,23.82,miliar rupiah,tetap,
3506,Kabupaten Kediri,2022,D,Pengadaan Listrik dan Gas,Sekunder,32.86,25.62,miliar rupiah,tetap,
3506,Kabupaten Kediri,2023,D,Pengadaan Listrik dan Gas,Sekunder,34.76,26.86,miliar rupiah,sementara,
3506,Kabupaten Kediri,2024,D,Pengadaan Listrik dan Gas,Sekunder,36.38,28.09,miliar rupiah,sangat_sementara,
3506,Kabupaten Kediri,2020,E,"Pengadaan Air, Pengelolaan Sampah, Limbah dan Daur Ulang",Sekunder,23.42,18.09,miliar rupiah,tetap,
3506,Kabupaten Kediri,2021,E,"Pengadaan Air, Pengelolaan Sampah, Limbah dan Daur Ulang",Sekunder,24.66,18.92,miliar rupiah,tetap,
3506,Kabupaten Kediri,2022,E,"Pengadaan Air, Pengelolaan Sampah, Limbah dan Daur Ulang",Sekunder,26.31,19.28,miliar rupiah,tetap,
3506,Kabupaten Kediri,2023,E,"Pengadaan Air, Pengelolaan Sampah, Limbah dan Daur Ulang",Sekunder,27.88,20.0,miliar rupiah,sementara,
3506,Kabupaten Kediri,2024,E,"Pengadaan Air, Pengelolaan Sampah, Limbah dan Daur Ulang",Sekunder,29.87,21.4,miliar rupiah,sangat_sementara,
3506,Kabupaten Kediri,2020,F,Konstruksi,Sekunder,3669.22,2658.02,miliar rupiah,tetap,
3506,Kabupaten Kediri,2021,F,Konstruksi,Sekunder,3740.48,2688.4,miliar rupiah,tetap,
3506,Kabupaten Kediri,2022,F,Konstruksi,Sekunder,4142.94,2871.1,miliar rupiah,tetap,
3506,Kabupaten Kediri,2023,F,Konstruksi,Sekunder,4547.98,3076.29,miliar rupiah,sementara,
3506,Kabupaten Kediri,2024,F,Konstruksi,Sekunder,4899.3,3294.09,miliar rupiah,sangat_sementara,
3506,Kabupaten Kediri,2020,G,Perdagangan Besar dan Eceran; Reparasi Mobil dan Sepeda Motor,Tersier,7704.09,5681.76,miliar rupiah,tetap,
3506,Kabupaten Kediri,2021,G,Perdagangan Besar dan Eceran; Reparasi Mobil dan Sepeda Motor,Tersier,8450.19,6031.42,miliar rupiah,tetap,
3506,Kabupaten Kediri,2022,G,Perdagangan Besar dan Eceran; Reparasi Mobil dan Sepeda Motor,Tersier,9425.65,6397.46,miliar rupiah,tetap,
3506,Kabupaten Kediri,2023,G,Perdagangan Besar dan Eceran; Reparasi Mobil dan Sepeda Motor,Tersier,10280.66,6744.47,miliar rupiah,sementara,
3506,Kabupaten Kediri,2024,G,Perdagangan Besar dan Eceran; Reparasi Mobil dan Sepeda Motor,Tersier,11019.26,7077.62,miliar rupiah,sangat_sementara,
3506,Kabupaten Kediri,2020,H,Transportasi dan Pergudangan,Tersier,774.93,561.09,miliar rupiah,tetap,
3506,Kabupaten Kediri,2021,H,Transportasi dan Pergudangan,Tersier,857.06,617.55,miliar rupiah,tetap,
3506,Kabupaten Kediri,2022,H,Transportasi dan Pergudangan,Tersier,1038.01,708.99,miliar rupiah,tetap,
3506,Kabupaten Kediri,2023,H,Transportasi dan Pergudangan,Tersier,1245.74,779.59,miliar rupiah,sementara,
3506,Kabupaten Kediri,2024,H,Transportasi dan Pergudangan,Tersier,1446.05,882.25,miliar rupiah,sangat_sementara,
3506,Kabupaten Kediri,2020,I,Penyediaan Akomodasi dan Makan Minum,Tersier,582.81,375.64,miliar rupiah,tetap,
3506,Kabupaten Kediri,2021,I,Penyediaan Akomodasi dan Makan Minum,Tersier,631.04,391.24,miliar rupiah,tetap,
3506,Kabupaten Kediri,2022,I,Penyediaan Akomodasi dan Makan Minum,Tersier,738.6,439.77,miliar rupiah,tetap,
3506,Kabupaten Kediri,2023,I,Penyediaan Akomodasi dan Makan Minum,Tersier,850.01,482.83,miliar rupiah,sementara,
3506,Kabupaten Kediri,2024,I,Penyediaan Akomodasi dan Makan Minum,Tersier,968.03,529.67,miliar rupiah,sangat_sementara,
3506,Kabupaten Kediri,2020,J,Informasi dan Komunikasi,Tersier,2391.85,2110.04,miliar rupiah,tetap,
3506,Kabupaten Kediri,2021,J,Informasi dan Komunikasi,Tersier,2557.56,2254.93,miliar rupiah,tetap,
3506,Kabupaten Kediri,2022,J,Informasi dan Komunikasi,Tersier,2777.31,2423.12,miliar rupiah,tetap,
3506,Kabupaten Kediri,2023,J,Informasi dan Komunikasi,Tersier,2987.65,2558.71,miliar rupiah,sementara,
3506,Kabupaten Kediri,2024,J,Informasi dan Komunikasi,Tersier,3181.67,2704.57,miliar rupiah,sangat_sementara,
3506,Kabupaten Kediri,2020,K,Jasa Keuangan dan Asuransi,Tersier,753.33,523.0,miliar rupiah,tetap,
3506,Kabupaten Kediri,2021,K,Jasa Keuangan dan Asuransi,Tersier,775.07,530.07,miliar rupiah,tetap,
3506,Kabupaten Kediri,2022,K,Jasa Keuangan dan Asuransi,Tersier,845.55,546.94,miliar rupiah,tetap,
3506,Kabupaten Kediri,2023,K,Jasa Keuangan dan Asuransi,Tersier,891.53,560.55,miliar rupiah,sementara,
3506,Kabupaten Kediri,2024,K,Jasa Keuangan dan Asuransi,Tersier,939.22,584.33,miliar rupiah,sangat_sementara,
3506,Kabupaten Kediri,2020,L,Real Estate,Tersier,871.72,634.05,miliar rupiah,tetap,
3506,Kabupaten Kediri,2021,L,Real Estate,Tersier,900.48,648.42,miliar rupiah,tetap,
3506,Kabupaten Kediri,2022,L,Real Estate,Tersier,943.99,671.91,miliar rupiah,tetap,
3506,Kabupaten Kediri,2023,L,Real Estate,Tersier,979.65,690.06,miliar rupiah,sementara,
3506,Kabupaten Kediri,2024,L,Real Estate,Tersier,1048.22,704.77,miliar rupiah,sangat_sementara,
3506,Kabupaten Kediri,2020,"M,N",Jasa Perusahaan,Tersier,121.04,84.12,miliar rupiah,tetap,
3506,Kabupaten Kediri,2021,"M,N",Jasa Perusahaan,Tersier,123.66,85.0,miliar rupiah,tetap,
3506,Kabupaten Kediri,2022,"M,N",Jasa Perusahaan,Tersier,133.08,88.49,miliar rupiah,tetap,
3506,Kabupaten Kediri,2023,"M,N",Jasa Perusahaan,Tersier,147.58,94.62,miliar rupiah,sementara,
3506,Kabupaten Kediri,2024,"M,N",Jasa Perusahaan,Tersier,157.99,99.97,miliar rupiah,sangat_sementara,
3506,Kabupaten Kediri,2020,O,"Administrasi Pemerintahan, Pertahanan dan Jaminan Sosial Wajib",Tersier,1609.44,1020.9,miliar rupiah,tetap,
3506,Kabupaten Kediri,2021,O,"Administrasi Pemerintahan, Pertahanan dan Jaminan Sosial Wajib",Tersier,1593.61,1013.52,miliar rupiah,tetap,
3506,Kabupaten Kediri,2022,O,"Administrasi Pemerintahan, Pertahanan dan Jaminan Sosial Wajib",Tersier,1655.7,1023.09,miliar rupiah,tetap,
3506,Kabupaten Kediri,2023,O,"Administrasi Pemerintahan, Pertahanan dan Jaminan Sosial Wajib",Tersier,1679.82,1017.91,miliar rupiah,sementara,
3506,Kabupaten Kediri,2024,O,"Administrasi Pemerintahan, Pertahanan dan Jaminan Sosial Wajib",Tersier,1862.68,1094.45,miliar rupiah,sangat_sementara,
3506,Kabupaten Kediri,2020,P,Jasa Pendidikan,Tersier,2166.24,1510.87,miliar rupiah,tetap,
3506,Kabupaten Kediri,2021,P,Jasa Pendidikan,Tersier,2164.7,1529.91,miliar rupiah,tetap,
3506,Kabupaten Kediri,2022,P,Jasa Pendidikan,Tersier,2240.25,1566.39,miliar rupiah,tetap,
3506,Kabupaten Kediri,2023,P,Jasa Pendidikan,Tersier,2327.35,1602.41,miliar rupiah,sementara,
3506,Kabupaten Kediri,2024,P,Jasa Pendidikan,Tersier,2490.65,1714.59,miliar rupiah,sangat_sementara,
3506,Kabupaten Kediri,2020,Q,Jasa Kesehatan dan Kegiatan Sosial,Tersier,363.15,269.43,miliar rupiah,tetap,
3506,Kabupaten Kediri,2021,Q,Jasa Kesehatan dan Kegiatan Sosial,Tersier,375.45,275.09,miliar rupiah,tetap,
3506,Kabupaten Kediri,2022,Q,Jasa Kesehatan dan Kegiatan Sosial,Tersier,415.25,282.76,miliar rupiah,tetap,
3506,Kabupaten Kediri,2023,Q,Jasa Kesehatan dan Kegiatan Sosial,Tersier,449.69,288.66,miliar rupiah,sementara,
3506,Kabupaten Kediri,2024,Q,Jasa Kesehatan dan Kegiatan Sosial,Tersier,483.94,304.57,miliar rupiah,sangat_sementara,
3506,Kabupaten Kediri,2020,"R,S,T,U",Jasa Lainnya,Tersier,643.98,478.09,miliar rupiah,tetap,
3506,Kabupaten Kediri,2021,"R,S,T,U",Jasa Lainnya,Tersier,685.36,494.34,miliar rupiah,tetap,
3506,Kabupaten Kediri,2022,"R,S,T,U",Jasa Lainnya,Tersier,817.81,565.01,miliar rupiah,tetap,
3506,Kabupaten Kediri,2023,"R,S,T,U",Jasa Lainnya,Tersier,941.81,617.1,miliar rupiah,sementara,
3506,Kabupaten Kediri,2024,"R,S,T,U",Jasa Lainnya,Tersier,1023.16,654.6,miliar rupiah,sangat_sementara,
3507,Kabupaten Malang,2020,A,"Pertanian, Kehutanan, dan Perikanan",Primer,15679.47,9809.91,miliar rupiah,tetap,
3507,Kabupaten Malang,2021,A,"Pertanian, Kehutanan, dan Perikanan",Primer,15836.05,9728.58,miliar rupiah,tetap,
3507,Kabupaten Malang,2022,A,"Pertanian, Kehutanan, dan Perikanan",Primer,17287.46,10058.59,miliar rupiah,tetap,
3507,Kabupaten Malang,2023,A,"Pertanian, Kehutanan, dan Perikanan",Primer,18744.88,10323.45,miliar rupiah,sementara,
3507,Kabupaten Malang,2024,A,"Pertanian, Kehutanan, dan Perikanan",Primer,19631.75,10415.07,miliar rupiah,sangat_sementara,
3507,Kabupaten Malang,2020,B,Pertambangan dan Penggalian,Primer,1795.1,1167.73,miliar rupiah,tetap,
3507,Kabupaten Malang,2021,B,Pertambangan dan Penggalian,Primer,1806.56,1150.17,miliar rupiah,tetap,
3507,Kabupaten Malang,2022,B,Pertambangan dan Penggalian,Primer,1831.6,1140.18,miliar rupiah,tetap,
3507,Kabupaten Malang,2023,B,Pertambangan dan Penggalian,Primer,2027.84,1222.01,miliar rupiah,sementara,
3507,Kabupaten Malang,2024,B,Pertambangan dan Penggalian,Primer,2133.95,1275.86,miliar rupiah,sangat_sementara,
3507,Kabupaten Malang,2020,C,Industri Pengolahan,Sekunder,33884.87,21482.75,miliar rupiah,tetap,
3507,Kabupaten Malang,2021,C,Industri Pengolahan,Sekunder,35272.85,21822.86,miliar rupiah,tetap,
3507,Kabupaten Malang,2022,C,Industri Pengolahan,Sekunder,38095.74,22573.56,miliar rupiah,tetap,
3507,Kabupaten Malang,2023,C,Industri Pengolahan,Sekunder,41607.54,23467.39,miliar rupiah,sementara,
3507,Kabupaten Malang,2024,C,Industri Pengolahan,Sekunder,45279.18,24565.48,miliar rupiah,sangat_sementara,
3507,Kabupaten Malang,2020,D,Pengadaan Listrik dan Gas,Sekunder,83.01,64.08,miliar rupiah,tetap,
3507,Kabupaten Malang,2021,D,Pengadaan Listrik dan Gas,Sekunder,86.47,66.7,miliar rupiah,tetap,
3507,Kabupaten Malang,2022,D,Pengadaan Listrik dan Gas,Sekunder,94.78,71.9,miliar rupiah,tetap,
3507,Kabupaten Malang,2023,D,Pengadaan Listrik dan Gas,Sekunder,99.87,74.65,miliar rupiah,sementara,
3507,Kabupaten Malang,2024,D,Pengadaan Listrik dan Gas,Sekunder,103.72,77.82,miliar rupiah,sangat_sementara,
3507,Kabupaten Malang,2020,E,"Pengadaan Air, Pengelolaan Sampah, Limbah dan Daur Ulang",Sekunder,103.13,70.71,miliar rupiah,tetap,
3507,Kabupaten Malang,2021,E,"Pengadaan Air, Pengelolaan Sampah, Limbah dan Daur Ulang",Sekunder,110.65,75.28,miliar rupiah,tetap,
3507,Kabupaten Malang,2022,E,"Pengadaan Air, Pengelolaan Sampah, Limbah dan Daur Ulang",Sekunder,115.94,75.84,miliar rupiah,tetap,
3507,Kabupaten Malang,2023,E,"Pengadaan Air, Pengelolaan Sampah, Limbah dan Daur Ulang",Sekunder,121.78,78.6,miliar rupiah,sementara,
3507,Kabupaten Malang,2024,E,"Pengadaan Air, Pengelolaan Sampah, Limbah dan Daur Ulang",Sekunder,125.39,80.57,miliar rupiah,sangat_sementara,
3507,Kabupaten Malang,2020,F,Konstruksi,Sekunder,12480.73,7904.14,miliar rupiah,tetap,
3507,Kabupaten Malang,2021,F,Konstruksi,Sekunder,13326.32,8314.16,miliar rupiah,tetap,
3507,Kabupaten Malang,2022,F,Konstruksi,Sekunder,14933.62,8935.24,miliar rupiah,tetap,
3507,Kabupaten Malang,2023,F,Konstruksi,Sekunder,16211.14,9510.78,miliar rupiah,sementara,
3507,Kabupaten Malang,2024,F,Konstruksi,Sekunder,17447.09,10139.18,miliar rupiah,sangat_sementara,
3507,Kabupaten Malang,2020,G,Perdagangan Besar dan Eceran; Reparasi Mobil dan Sepeda Motor,Tersier,18487.65,12301.72,miliar rupiah,tetap,
3507,Kabupaten Malang,2021,G,Perdagangan Besar dan Eceran; Reparasi Mobil dan Sepeda Motor,Tersier,20149.29,13205.36,miliar rupiah,tetap,
3507,Kabupaten Malang,2022,G,Perdagangan Besar dan Eceran; Reparasi Mobil dan Sepeda Motor,Tersier,22687.11,14081.86,miliar rupiah,tetap,
3507,Kabupaten Malang,2023,G,Perdagangan Besar dan Eceran; Reparasi Mobil dan Sepeda Motor,Tersier,24881.28,14887.54,miliar rupiah,sementara,
3507,Kabupaten Malang,2024,G,Perdagangan Besar dan Eceran; Reparasi Mobil dan Sepeda Motor,Tersier,26611.65,15619.67,miliar rupiah,sangat_sementara,
3507,Kabupaten Malang,2020,H,Transportasi dan Pergudangan,Tersier,1129.07,724.83,miliar rupiah,tetap,
3507,Kabupaten Malang,2021,H,Transportasi dan Pergudangan,Tersier,1195.66,768.16,miliar rupiah,tetap,
3507,Kabupaten Malang,2022,H,Transportasi dan Pergudangan,Tersier,1547.96,910.47,miliar rupiah,tetap,
3507,Kabupaten Malang,2023,H,Transportasi dan Pergudangan,Tersier,1937.6,1037.62,miliar rupiah,sementara,
3507,Kabupaten Malang,2024,H,Transportasi dan Pergudangan,Tersier,2168.4,1144.2,miliar rupiah,sangat_sementara,
3507,Kabupaten Malang,2020,I,Penyediaan Akomodasi dan Makan Minum,Tersier,3347.63,2236.06,miliar rupiah,tetap,
3507,Kabupaten Malang,2021,I,Penyediaan Akomodasi dan Makan Minum,Tersier,3609.08,2310.17,miliar rupiah,tetap,
3507,Kabupaten Malang,2022,I,Penyediaan Akomodasi dan Makan Minum,Tersier,4168.7,2582.49,miliar rupiah,tetap,
3507,Kabupaten Malang,2023,I,Penyediaan Akomodasi dan Makan Minum,Tersier,4760.15,2807.28,miliar rupiah,sementara,
3507,Kabupaten Malang,2024,I,Penyediaan Akomodasi dan Makan Minum,Tersier,5204.97,2967.07,miliar rupiah,sangat_sementara,
3507,Kabupaten Malang,2020,J,Informasi dan Komunikasi,Tersier,4502.13,3843.48,miliar rupiah,tetap,
3507,Kabupaten Malang,2021,J,Informasi dan Komunikasi,Tersier,4803.65,4089.18,miliar rupiah,tetap,
3507,Kabupaten Malang,2022,J,Informasi dan Komunikasi,Tersier,5188.7,4397.33,miliar rupiah,tetap,
3507,Kabupaten Malang,2023,J,Informasi dan Komunikasi,Tersier,5554.66,4677.25,miliar rupiah,sementara,
3507,Kabupaten Malang,2024,J,Informasi dan Komunikasi,Tersier,6079.87,5016.21,miliar rupiah,sangat_sementara,
3507,Kabupaten Malang,2020,K,Jasa Keuangan dan Asuransi,Tersier,1708.22,1067.33,miliar rupiah,tetap,
3507,Kabupaten Malang,2021,K,Jasa Keuangan dan Asuransi,Tersier,1756.08,1080.14,miliar rupiah,tetap,
3507,Kabupaten Malang,2022,K,Jasa Keuangan dan Asuransi,Tersier,1976.93,1135.64,miliar rupiah,tetap,
3507,Kabupaten Malang,2023,K,Jasa Keuangan dan Asuransi,Tersier,2126.23,1189.74,miliar rupiah,sementara,
3507,Kabupaten Malang,2024,K,Jasa Keuangan dan Asuransi,Tersier,2283.72,1259.65,miliar rupiah,sangat_sementara,
3507,Kabupaten Malang,2020,L,Real Estate,Tersier,1543.13,1075.67,miliar rupiah,tetap,
3507,Kabupaten Malang,2021,L,Real Estate,Tersier,1620.21,1118.46,miliar rupiah,tetap,
3507,Kabupaten Malang,2022,L,Real Estate,Tersier,1735.24,1183.95,miliar rupiah,tetap,
3507,Kabupaten Malang,2023,L,Real Estate,Tersier,1796.11,1206.1,miliar rupiah,sementara,
3507,Kabupaten Malang,2024,L,Real Estate,Tersier,1913.97,1260.86,miliar rupiah,sangat_sementara,
3507,Kabupaten Malang,2020,"M,N",Jasa Perusahaan,Tersier,383.41,248.85,miliar rupiah,tetap,
3507,Kabupaten Malang,2021,"M,N",Jasa Perusahaan,Tersier,396.06,254.25,miliar rupiah,tetap,
3507,Kabupaten Malang,2022,"M,N",Jasa Perusahaan,Tersier,422.71,264.0,miliar rupiah,tetap,
3507,Kabupaten Malang,2023,"M,N",Jasa Perusahaan,Tersier,475.82,288.15,miliar rupiah,sementara,
3507,Kabupaten Malang,2024,"M,N",Jasa Perusahaan,Tersier,513.24,303.46,miliar rupiah,sangat_sementara,
3507,Kabupaten Malang,2020,O,"Administrasi Pemerintahan, Pertahanan dan Jaminan Sosial Wajib",Tersier,1997.88,1147.3,miliar rupiah,tetap,
3507,Kabupaten Malang,2021,O,"Administrasi Pemerintahan, Pertahanan dan Jaminan Sosial Wajib",Tersier,1982.81,1140.25,miliar rupiah,tetap,
3507,Kabupaten Malang,2022,O,"Administrasi Pemerintahan, Pertahanan dan Jaminan Sosial Wajib",Tersier,1965.44,1114.15,miliar rupiah,tetap,
3507,Kabupaten Malang,2023,O,"Administrasi Pemerintahan, Pertahanan dan Jaminan Sosial Wajib",Tersier,2024.14,1114.43,miliar rupiah,sementara,
3507,Kabupaten Malang,2024,O,"Administrasi Pemerintahan, Pertahanan dan Jaminan Sosial Wajib",Tersier,2289.57,1224.98,miliar rupiah,sangat_sementara,
3507,Kabupaten Malang,2020,P,Jasa Pendidikan,Tersier,2543.06,1725.18,miliar rupiah,tetap,
3507,Kabupaten Malang,2021,P,Jasa Pendidikan,Tersier,2584.05,1751.03,miliar rupiah,tetap,
3507,Kabupaten Malang,2022,P,Jasa Pendidikan,Tersier,2613.69,1753.11,miliar rupiah,tetap,
3507,Kabupaten Malang,2023,P,Jasa Pendidikan,Tersier,2872.76,1852.45,miliar rupiah,sementara,
3507,Kabupaten Malang,2024,P,Jasa Pendidikan,Tersier,3133.05,1965.66,miliar rupiah,sangat_sementara,
3507,Kabupaten Malang,2020,Q,Jasa Kesehatan dan Kegiatan Sosial,Tersier,642.97,453.13,miliar rupiah,tetap,
3507,Kabupaten Malang,2021,Q,Jasa Kesehatan dan Kegiatan Sosial,Tersier,683.7,475.71,miliar rupiah,tetap,
3507,Kabupaten Malang,2022,Q,Jasa Kesehatan dan Kegiatan Sosial,Tersier,705.43,475.14,miliar rupiah,tetap,
3507,Kabupaten Malang,2023,Q,Jasa Kesehatan dan Kegiatan Sosial,Tersier,761.25,491.23,miliar rupiah,sementara,
3507,Kabupaten Malang,2024,Q,Jasa Kesehatan dan Kegiatan Sosial,Tersier,825.9,524.78,miliar rupiah,sangat_sementara,
3507,Kabupaten Malang,2020,"R,S,T,U",Jasa Lainnya,Tersier,1716.37,1222.61,miliar rupiah,tetap,
3507,Kabupaten Malang,2021,"R,S,T,U",Jasa Lainnya,Tersier,1816.91,1268.64,miliar rupiah,tetap,
3507,Kabupaten Malang,2022,"R,S,T,U",Jasa Lainnya,Tersier,2050.99,1383.0,miliar rupiah,tetap,
3507,Kabupaten Malang,2023,"R,S,T,U",Jasa Lainnya,Tersier,2370.17,1515.62,miliar rupiah,sementara,
3507,Kabupaten Malang,2024,"R,S,T,U",Jasa Lainnya,Tersier,2677.74,1660.37,miliar rupiah,sangat_sementara,
3508,Kabupaten Lumajang,2020,A,"Pertanian, Kehutanan, dan Perikanan",Primer,11314.47,7250.66,miliar rupiah,tetap,
3508,Kabupaten Lumajang,2021,A,"Pertanian, Kehutanan, dan Perikanan",Primer,11650.49,7278.51,miliar rupiah,tetap,
3508,Kabupaten Lumajang,2022,A,"Pertanian, Kehutanan, dan Perikanan",Primer,12262.49,7235.12,miliar rupiah,tetap,
3508,Kabupaten Lumajang,2023,A,"Pertanian, Kehutanan, dan Perikanan",Primer,13143.22,7414.11,miliar rupiah,sementara,
3508,Kabupaten Lumajang,2024,A,"Pertanian, Kehutanan, dan Perikanan",Primer,13701.92,7363.45,miliar rupiah,sangat_sementara,
3508,Kabupaten Lumajang,2020,B,Pertambangan dan Penggalian,Primer,1314.64,864.28,miliar rupiah,tetap,
3508,Kabupaten Lumajang,2021,B,Pertambangan dan Penggalian,Primer,1372.51,879.28,miliar rupiah,tetap,
3508,Kabupaten Lumajang,2022,B,Pertambangan dan Penggalian,Primer,1542.05,958.3,miliar rupiah,tetap,
3508,Kabupaten Lumajang,2023,B,Pertambangan dan Penggalian,Primer,1727.13,1017.09,miliar rupiah,sementara,
3508,Kabupaten Lumajang,2024,B,Pertambangan dan Penggalian,Primer,1848.16,1088.08,miliar rupiah,sangat_sementara,
3508,Kabupaten Lumajang,2020,C,Industri Pengolahan,Sekunder,6587.69,4650.16,miliar rupiah,tetap,
3508,Kabupaten Lumajang,2021,C,Industri Pengolahan,Sekunder,7135.35,4923.08,miliar rupiah,tetap,
3508,Kabupaten Lumajang,2022,C,Industri Pengolahan,Sekunder,8039.82,5329.86,miliar rupiah,tetap,
3508,Kabupaten Lumajang,2023,C,Industri Pengolahan,Sekunder,9042.47,5718.9,miliar rupiah,sementara,
3508,Kabupaten Lumajang,2024,C,Industri Pengolahan,Sekunder,10028.46,6157.11,miliar rupiah,sangat_sementara,
3508,Kabupaten Lumajang,2020,D,Pengadaan Listrik dan Gas,Sekunder,14.57,11.84,miliar rupiah,tetap,
3508,Kabupaten Lumajang,2021,D,Pengadaan Listrik dan Gas,Sekunder,15.12,12.16,miliar rupiah,tetap,
3508,Kabupaten Lumajang,2022,D,Pengadaan Listrik dan Gas,Sekunder,16.55,12.98,miliar rupiah,tetap,
3508,Kabupaten Lumajang,2023,D,Pengadaan Listrik dan Gas,Sekunder,17.86,13.76,miliar rupiah,sementara,
3508,Kabupaten Lumajang,2024,D,Pengadaan Listrik dan Gas,Sekunder,18.93,14.55,miliar rupiah,sangat_sementara,
3508,Kabupaten Lumajang,2020,E,"Pengadaan Air, Pengelolaan Sampah, Limbah dan Daur Ulang",Sekunder,17.14,13.91,miliar rupiah,tetap,
3508,Kabupaten Lumajang,2021,E,"Pengadaan Air, Pengelolaan Sampah, Limbah dan Daur Ulang",Sekunder,18.6,15.13,miliar rupiah,tetap,
3508,Kabupaten Lumajang,2022,E,"Pengadaan Air, Pengelolaan Sampah, Limbah dan Daur Ulang",Sekunder,19.8,15.63,miliar rupiah,tetap,
3508,Kabupaten Lumajang,2023,E,"Pengadaan Air, Pengelolaan Sampah, Limbah dan Daur Ulang",Sekunder,20.58,16.02,miliar rupiah,sementara,
3508,Kabupaten Lumajang,2024,E,"Pengadaan Air, Pengelolaan Sampah, Limbah dan Daur Ulang",Sekunder,21.75,16.8,miliar rupiah,sangat_sementara,
3508,Kabupaten Lumajang,2020,F,Konstruksi,Sekunder,2465.89,1544.76,miliar rupiah,tetap,
3508,Kabupaten Lumajang,2021,F,Konstruksi,Sekunder,2542.52,1591.28,miliar rupiah,tetap,
3508,Kabupaten Lumajang,2022,F,Konstruksi,Sekunder,2799.72,1702.92,miliar rupiah,tetap,
3508,Kabupaten Lumajang,2023,F,Konstruksi,Sekunder,3035.4,1812.8,miliar rupiah,sementara,
3508,Kabupaten Lumajang,2024,F,Konstruksi,Sekunder,3288.77,1943.74,miliar rupiah,sangat_sementara,
3508,Kabupaten Lumajang,2020,G,Perdagangan Besar dan Eceran; Reparasi Mobil dan Sepeda Motor,Tersier,4288.29,3161.71,miliar rupiah,tetap,
3508,Kabupaten Lumajang,2021,G,Perdagangan Besar dan Eceran; Reparasi Mobil dan Sepeda Motor,Tersier,4639.46,3328.27,miliar rupiah,tetap,
3508,Kabupaten Lumajang,2022,G,Perdagangan Besar dan Eceran; Reparasi Mobil dan Sepeda Motor,Tersier,5191.05,3541.13,miliar rupiah,tetap,
3508,Kabupaten Lumajang,2023,G,Perdagangan Besar dan Eceran; Reparasi Mobil dan Sepeda Motor,Tersier,5699.49,3757.41,miliar rupiah,sementara,
3508,Kabupaten Lumajang,2024,G,Perdagangan Besar dan Eceran; Reparasi Mobil dan Sepeda Motor,Tersier,6153.86,3969.54,miliar rupiah,sangat_sementara,
3508,Kabupaten Lumajang,2020,H,Transportasi dan Pergudangan,Tersier,596.86,439.31,miliar rupiah,tetap,
3508,Kabupaten Lumajang,2021,H,Transportasi dan Pergudangan,Tersier,640.21,474.77,miliar rupiah,tetap,
3508,Kabupaten Lumajang,2022,H,Transportasi dan Pergudangan,Tersier,788.66,551.92,miliar rupiah,tetap,
3508,Kabupaten Lumajang,2023,H,Transportasi dan Pergudangan,Tersier,949.52,609.25,miliar rupiah,sementara,
3508,Kabupaten Lumajang,2024,H,Transportasi dan Pergudangan,Tersier,1055.98,675.01,miliar rupiah,sangat_sementara,
3508,Kabupaten Lumajang,2020,I,Penyediaan Akomodasi dan Makan Minum,Tersier,392.03,281.35,miliar rupiah,tetap,
3508,Kabupaten Lumajang,2021,I,Penyediaan Akomodasi dan Makan Minum,Tersier,424.41,291.32,miliar rupiah,tetap,
3508,Kabupaten Lumajang,2022,I,Penyediaan Akomodasi dan Makan Minum,Tersier,486.88,321.77,miliar rupiah,tetap,
3508,Kabupaten Lumajang,2023,I,Penyediaan Akomodasi dan Makan Minum,Tersier,547.43,343.92,miliar rupiah,sementara,
3508,Kabupaten Lumajang,2024,I,Penyediaan Akomodasi dan Makan Minum,Tersier,606.08,369.01,miliar rupiah,sangat_sementara,
3508,Kabupaten Lumajang,2020,J,Informasi dan Komunikasi,Tersier,1129.68,1040.8,miliar rupiah,tetap,
3508,Kabupaten Lumajang,2021,J,Informasi dan Komunikasi,Tersier,1203.05,1107.25,miliar rupiah,tetap,
3508,Kabupaten Lumajang,2022,J,Informasi dan Komunikasi,Tersier,1268.63,1160.87,miliar rupiah,tetap,
3508,Kabupaten Lumajang,2023,J,Informasi dan Komunikasi,Tersier,1375.04,1235.9,miliar rupiah,sementara,
3508,Kabupaten Lumajang,2024,J,Informasi dan Komunikasi,Tersier,1479.6,1322.43,miliar rupiah,sangat_sementara,
3508,Kabupaten Lumajang,2020,K,Jasa Keuangan dan Asuransi,Tersier,562.11,378.81,miliar rupiah,tetap,
3508,Kabupaten Lumajang,2021,K,Jasa Keuangan dan Asuransi,Tersier,579.54,382.29,miliar rupiah,tetap,
3508,Kabupaten Lumajang,2022,K,Jasa Keuangan dan Asuransi,Tersier,623.73,389.65,miliar rupiah,tetap,
3508,Kabupaten Lumajang,2023,K,Jasa Keuangan dan Asuransi,Tersier,657.39,398.18,miliar rupiah,sementara,
3508,Kabupaten Lumajang,2024,K,Jasa Keuangan dan Asuransi,Tersier,684.63,410.3,miliar rupiah,sangat_sementara,
3508,Kabupaten Lumajang,2020,L,Real Estate,Tersier,581.16,414.01,miliar rupiah,tetap,
3508,Kabupaten Lumajang,2021,L,Real Estate,Tersier,605.04,427.79,miliar rupiah,tetap,
3508,Kabupaten Lumajang,2022,L,Real Estate,Tersier,644.34,449.43,miliar rupiah,tetap,
3508,Kabupaten Lumajang,2023,L,Real Estate,Tersier,682.36,466.27,miliar rupiah,sementara,
3508,Kabupaten Lumajang,2024,L,Real Estate,Tersier,715.45,481.65,miliar rupiah,sangat_sementara,
3508,Kabupaten Lumajang,2020,"M,N",Jasa Perusahaan,Tersier,105.81,71.79,miliar rupiah,tetap,
3508,Kabupaten Lumajang,2021,"M,N",Jasa Perusahaan,Tersier,108.9,73.06,miliar rupiah,tetap,
3508,Kabupaten Lumajang,2022,"M,N",Jasa Perusahaan,Tersier,114.23,74.77,miliar rupiah,tetap,
3508,Kabupaten Lumajang,2023,"M,N",Jasa Perusahaan,Tersier,130.55,82.1,miliar rupiah,sementara,
3508,Kabupaten Lumajang,2024,"M,N",Jasa Perusahaan,Tersier,141.83,87.15,miliar rupiah,sangat_sementara,
3508,Kabupaten Lumajang,2020,O,"Administrasi Pemerintahan, Pertahanan dan Jaminan Sosial Wajib",Tersier,1087.72,682.93,miliar rupiah,tetap,
3508,Kabupaten Lumajang,2021,O,"Administrasi Pemerintahan, Pertahanan dan Jaminan Sosial Wajib",Tersier,1088.45,684.24,miliar rupiah,tetap,
3508,Kabupaten Lumajang,2022,O,"Administrasi Pemerintahan, Pertahanan dan Jaminan Sosial Wajib",Tersier,1105.74,686.48,miliar rupiah,tetap,
3508,Kabupaten Lumajang,2023,O,"Administrasi Pemerintahan, Pertahanan dan Jaminan Sosial Wajib",Tersier,1154.07,686.68,miliar rupiah,sementara,
3508,Kabupaten Lumajang,2024,O,"Administrasi Pemerintahan, Pertahanan dan Jaminan Sosial Wajib",Tersier,1282.56,726.44,miliar rupiah,sangat_sementara,
3508,Kabupaten Lumajang,2020,P,Jasa Pendidikan,Tersier,864.09,607.5,miliar rupiah,tetap,
3508,Kabupaten Lumajang,2021,P,Jasa Pendidikan,Tersier,861.78,610.74,miliar rupiah,tetap,
3508,Kabupaten Lumajang,2022,P,Jasa Pendidikan,Tersier,869.63,609.47,miliar rupiah,tetap,
3508,Kabupaten Lumajang,2023,P,Jasa Pendidikan,Tersier,915.53,619.07,miliar rupiah,sementara,
3508,Kabupaten Lumajang,2024,P,Jasa Pendidikan,Tersier,970.58,641.39,miliar rupiah,sangat_sementara,
3508,Kabupaten Lumajang,2020,Q,Jasa Kesehatan dan Kegiatan Sosial,Tersier,267.05,189.16,miliar rupiah,tetap,
3508,Kabupaten Lumajang,2021,Q,Jasa Kesehatan dan Kegiatan Sosial,Tersier,285.01,198.81,miliar rupiah,tetap,
3508,Kabupaten Lumajang,2022,Q,Jasa Kesehatan dan Kegiatan Sosial,Tersier,303.8,204.51,miliar rupiah,tetap,
3508,Kabupaten Lumajang,2023,Q,Jasa Kesehatan dan Kegiatan Sosial,Tersier,326.3,213.05,miliar rupiah,sementara,
3508,Kabupaten Lumajang,2024,Q,Jasa Kesehatan dan Kegiatan Sosial,Tersier,349.0,226.15,miliar rupiah,sangat_sementara,
3508,Kabupaten Lumajang,2020,"R,S,T,U",Jasa Lainnya,Tersier,472.78,330.82,miliar rupiah,tetap,
3508,Kabupaten Lumajang,2021,"R,S,T,U",Jasa Lainnya,Tersier,508.2,345.41,miliar rupiah,tetap,
3508,Kabupaten Lumajang,2022,"R,S,T,U",Jasa Lainnya,Tersier,586.6,381.79,miliar rupiah,tetap,
3508,Kabupaten Lumajang,2023,"R,S,T,U",Jasa Lainnya,Tersier,648.46,403.83,miliar rupiah,sementara,
3508,Kabupaten Lumajang,2024,"R,S,T,U",Jasa Lainnya,Tersier,711.88,437.12,miliar rupiah,sangat_sementara,
3509,Kabupaten Jember,2020,A,"Pertanian, Kehutanan, dan Perikanan",Primer,20462.57,13895.89,miliar rupiah,tetap,
3509,Kabupaten Jember,2021,A,"Pertanian, Kehutanan, dan Perikanan",Primer,21089.46,13881.23,miliar rupiah,tetap,
3509,Kabupaten Jember,2022,A,"Pertanian, Kehutanan, dan Perikanan",Primer,22894.99,14318.85,miliar rupiah,tetap,
3509,Kabupaten Jember,2023,A,"Pertanian, Kehutanan, dan Perikanan",Primer,24544.74,14672.74,miliar rupiah,sementara,
3509,Kabupaten Jember,2024,A,"Pertanian, Kehutanan, dan Perikanan",Primer,26419.08,14996.7,miliar rupiah,sangat_sementara,
3509,Kabupaten Jember,2020,B,Pertambangan dan Penggalian,Primer,3148.22,2417.34,miliar rupiah,tetap,
3509,Kabupaten Jember,2021,B,Pertambangan dan Penggalian,Primer,3296.45,2445.02,miliar rupiah,tetap,
3509,Kabupaten Jember,2022,B,Pertambangan dan Penggalian,Primer,3552.02,2551.17,miliar rupiah,tetap,
3509,Kabupaten Jember,2023,B,Pertambangan dan Penggalian,Primer,3778.14,2645.99,miliar rupiah,sementara,
3509,Kabupaten Jember,2024,B,Pertambangan dan Penggalian,Primer,3892.25,2738.17,miliar rupiah,sangat_sementara,
3509,Kabupaten Jember,2020,C,Industri Pengolahan,Sekunder,15107.72,10867.31,miliar rupiah,tetap,
3509,Kabupaten Jember,2021,C,Industri Pengolahan,Sekunder,17131.11,11745.49,miliar rupiah,tetap,
3509,Kabupaten Jember,2022,C,Industri Pengolahan,Sekunder,18333.99,12120.13,miliar rupiah,tetap,
3509,Kabupaten Jember,2023,C,Industri Pengolahan,Sekunder,19904.82,12830.61,miliar rupiah,sementara,
3509,Kabupaten Jember,2024,C,Industri Pengolahan,Sekunder,21592.71,13547.68,miliar rupiah,sangat_sementara,
3509,Kabupaten Jember,2020,D,Pengadaan Listrik dan Gas,Sekunder,37.69,29.48,miliar rupiah,tetap,
3509,Kabupaten Jember,2021,D,Pengadaan Listrik dan Gas,Sekunder,39.1,30.16,miliar rupiah,tetap,
3509,Kabupaten Jember,2022,D,Pengadaan Listrik dan Gas,Sekunder,42.73,32.14,miliar rupiah,tetap,
3509,Kabupaten Jember,2023,D,Pengadaan Listrik dan Gas,Sekunder,45.23,33.51,miliar rupiah,sementara,
3509,Kabupaten Jember,2024,D,Pengadaan Listrik dan Gas,Sekunder,46.84,34.48,miliar rupiah,sangat_sementara,
3509,Kabupaten Jember,2020,E,"Pengadaan Air, Pengelolaan Sampah, Limbah dan Daur Ulang",Sekunder,53.66,37.02,miliar rupiah,tetap,
3509,Kabupaten Jember,2021,E,"Pengadaan Air, Pengelolaan Sampah, Limbah dan Daur Ulang",Sekunder,58.06,39.72,miliar rupiah,tetap,
3509,Kabupaten Jember,2022,E,"Pengadaan Air, Pengelolaan Sampah, Limbah dan Daur Ulang",Sekunder,59.95,39.8,miliar rupiah,tetap,
3509,Kabupaten Jember,2023,E,"Pengadaan Air, Pengelolaan Sampah, Limbah dan Daur Ulang",Sekunder,64.03,41.29,miliar rupiah,sementara,
3509,Kabupaten Jember,2024,E,"Pengadaan Air, Pengelolaan Sampah, Limbah dan Daur Ulang",Sekunder,66.11,42.57,miliar rupiah,sangat_sementara,
3509,Kabupaten Jember,2020,F,Konstruksi,Sekunder,6030.7,3725.62,miliar rupiah,tetap,
3509,Kabupaten Jember,2021,F,Konstruksi,Sekunder,6274.82,3804.07,miliar rupiah,tetap,
3509,Kabupaten Jember,2022,F,Konstruksi,Sekunder,6828.94,4044.8,miliar rupiah,tetap,
3509,Kabupaten Jember,2023,F,Konstruksi,Sekunder,7368.48,4292.34,miliar rupiah,sementara,
3509,Kabupaten Jember,2024,F,Konstruksi,Sekunder,7996.54,4600.29,miliar rupiah,sangat_sementara,
3509,Kabupaten Jember,2020,G,Perdagangan Besar dan Eceran; Reparasi Mobil dan Sepeda Motor,Tersier,10480.34,6990.66,miliar rupiah,tetap,
3509,Kabupaten Jember,2021,G,Perdagangan Besar dan Eceran; Reparasi Mobil dan Sepeda Motor,Tersier,11561.53,7569.41,miliar rupiah,tetap,
3509,Kabupaten Jember,2022,G,Perdagangan Besar dan Eceran; Reparasi Mobil dan Sepeda Motor,Tersier,12998.07,8087.97,miliar rupiah,tetap,
3509,Kabupaten Jember,2023,G,Perdagangan Besar dan Eceran; Reparasi Mobil dan Sepeda Motor,Tersier,14186.15,8543.69,miliar rupiah,sementara,
3509,Kabupaten Jember,2024,G,Perdagangan Besar dan Eceran; Reparasi Mobil dan Sepeda Motor,Tersier,15231.98,8963.43,miliar rupiah,sangat_sementara,
3509,Kabupaten Jember,2020,H,Transportasi dan Pergudangan,Tersier,1333.86,838.74,miliar rupiah,tetap,
3509,Kabupaten Jember,2021,H,Transportasi dan Pergudangan,Tersier,1440.67,902.52,miliar rupiah,tetap,
3509,Kabupaten Jember,2022,H,Transportasi dan Pergudangan,Tersier,1773.13,1047.53,miliar rupiah,tetap,
3509,Kabupaten Jember,2023,H,Transportasi dan Pergudangan,Tersier,2161.3,1174.55,miliar rupiah,sementara,
3509,Kabupaten Jember,2024,H,Transportasi dan Pergudangan,Tersier,2417.0,1296.88,miliar rupiah,sangat_sementara,
3509,Kabupaten Jember,2020,I,Penyediaan Akomodasi dan Makan Minum,Tersier,1737.36,1135.42,miliar rupiah,tetap,
3509,Kabupaten Jember,2021,I,Penyediaan Akomodasi dan Makan Minum,Tersier,1851.15,1169.97,miliar rupiah,tetap,
3509,Kabupaten Jember,2022,I,Penyediaan Akomodasi dan Makan Minum,Tersier,2148.72,1308.17,miliar rupiah,tetap,
3509,Kabupaten Jember,2023,I,Penyediaan Akomodasi dan Makan Minum,Tersier,2493.75,1434.83,miliar rupiah,sementara,
3509,Kabupaten Jember,2024,I,Penyediaan Akomodasi dan Makan Minum,Tersier,2738.88,1527.91,miliar rupiah,sangat_sementara,
3509,Kabupaten Jember,2020,J,Informasi dan Komunikasi,Tersier,5489.92,4648.8,miliar rupiah,tetap,
3509,Kabupaten Jember,2021,J,Informasi dan Komunikasi,Tersier,5936.45,5007.46,miliar rupiah,tetap,
3509,Kabupaten Jember,2022,J,Informasi dan Komunikasi,Tersier,6335.02,5301.36,miliar rupiah,tetap,
3509,Kabupaten Jember,2023,J,Informasi dan Komunikasi,Tersier,6751.81,5620.43,miliar rupiah,sementara,
3509,Kabupaten Jember,2024,J,Informasi dan Komunikasi,Tersier,7212.0,5970.47,miliar rupiah,sangat_sementara,
3509,Kabupaten Jember,2020,K,Jasa Keuangan dan Asuransi,Tersier,1831.39,1188.5,miliar rupiah,tetap,
3509,Kabupaten Jember,2021,K,Jasa Keuangan dan Asuransi,Tersier,1911.28,1205.05,miliar rupiah,tetap,
3509,Kabupaten Jember,2022,K,Jasa Keuangan dan Asuransi,Tersier,2104.36,1237.11,miliar rupiah,tetap,
3509,Kabupaten Jember,2023,K,Jasa Keuangan dan Asuransi,Tersier,2243.76,1292.42,miliar rupiah,sementara,
3509,Kabupaten Jember,2024,K,Jasa Keuangan dan Asuransi,Tersier,2390.34,1352.94,miliar rupiah,sangat_sementara,
3509,Kabupaten Jember,2020,L,Real Estate,Tersier,1117.58,808.54,miliar rupiah,tetap,
3509,Kabupaten Jember,2021,L,Real Estate,Tersier,1144.31,824.21,miliar rupiah,tetap,
3509,Kabupaten Jember,2022,L,Real Estate,Tersier,1229.39,865.96,miliar rupiah,tetap,
3509,Kabupaten Jember,2023,L,Real Estate,Tersier,1280.05,891.42,miliar rupiah,sementara,
3509,Kabupaten Jember,2024,L,Real Estate,Tersier,1357.57,933.25,miliar rupiah,sangat_sementara,
3509,Kabupaten Jember,2020,"M,N",Jasa Perusahaan,Tersier,282.4,176.38,miliar rupiah,tetap,
3509,Kabupaten Jember,2021,"M,N",Jasa Perusahaan,Tersier,292.75,180.17,miliar rupiah,tetap,
3509,Kabupaten Jember,2022,"M,N",Jasa Perusahaan,Tersier,319.89,190.1,miliar rupiah,tetap,
3509,Kabupaten Jember,2023,"M,N",Jasa Perusahaan,Tersier,364.77,210.64,miliar rupiah,sementara,
3509,Kabupaten Jember,2024,"M,N",Jasa Perusahaan,Tersier,396.82,224.91,miliar rupiah,sangat_sementara,
3509,Kabupaten Jember,2020,O,"Administrasi Pemerintahan, Pertahanan dan Jaminan Sosial Wajib",Tersier,2777.71,1830.95,miliar rupiah,tetap,
3509,Kabupaten Jember,2021,O,"Administrasi Pemerintahan, Pertahanan dan Jaminan Sosial Wajib",Tersier,2759.42,1829.92,miliar rupiah,tetap,
3509,Kabupaten Jember,2022,O,"Administrasi Pemerintahan, Pertahanan dan Jaminan Sosial Wajib",Tersier,2833.59,1846.73,miliar rupiah,tetap,
3509,Kabupaten Jember,2023,O,"Administrasi Pemerintahan, Pertahanan dan Jaminan Sosial Wajib",Tersier,2989.15,1876.6,miliar rupiah,sementara,
3509,Kabupaten Jember,2024,O,"Administrasi Pemerintahan, Pertahanan dan Jaminan Sosial Wajib",Tersier,3365.72,2016.5,miliar rupiah,sangat_sementara,
3509,Kabupaten Jember,2020,P,Jasa Pendidikan,Tersier,4708.69,2976.29,miliar rupiah,tetap,
3509,Kabupaten Jember,2021,P,Jasa Pendidikan,Tersier,4783.75,3020.51,miliar rupiah,tetap,
3509,Kabupaten Jember,2022,P,Jasa Pendidikan,Tersier,4892.65,3054.32,miliar rupiah,tetap,
3509,Kabupaten Jember,2023,P,Jasa Pendidikan,Tersier,5259.14,3226.89,miliar rupiah,sementara,
3509,Kabupaten Jember,2024,P,Jasa Pendidikan,Tersier,5620.28,3376.45,miliar rupiah,sangat_sementara,
3509,Kabupaten Jember,2020,Q,Jasa Kesehatan dan Kegiatan Sosial,Tersier,700.11,468.93,miliar rupiah,tetap,
3509,Kabupaten Jember,2021,Q,Jasa Kesehatan dan Kegiatan Sosial,Tersier,701.76,460.34,miliar rupiah,tetap,
3509,Kabupaten Jember,2022,Q,Jasa Kesehatan dan Kegiatan Sosial,Tersier,748.44,478.58,miliar rupiah,tetap,
3509,Kabupaten Jember,2023,Q,Jasa Kesehatan dan Kegiatan Sosial,Tersier,829.51,513.48,miliar rupiah,sementara,
3509,Kabupaten Jember,2024,Q,Jasa Kesehatan dan Kegiatan Sosial,Tersier,884.87,541.39,miliar rupiah,sangat_sementara,
3509,Kabupaten Jember,2020,"R,S,T,U",Jasa Lainnya,Tersier,740.05,550.69,miliar rupiah,tetap,
3509,Kabupaten Jember,2021,"R,S,T,U",Jasa Lainnya,Tersier,796.78,573.46,miliar rupiah,tetap,
3509,Kabupaten Jember,2022,"R,S,T,U",Jasa Lainnya,Tersier,934.56,642.4,miliar rupiah,tetap,
3509,Kabupaten Jember,2023,"R,S,T,U",Jasa Lainnya,Tersier,1024.98,682.56,miliar rupiah,sementara,
3509,Kabupaten Jember,2024,"R,S,T,U",Jasa Lainnya,Tersier,1128.73,733.15,miliar rupiah,sangat_sementara,
3510,Kabupaten Banyuwangi,2020,A,"Pertanian, Kehutanan, dan Perikanan",Primer,24081.01,14950.32,miliar rupiah,tetap,
3510,Kabupaten Banyuwangi,2021,A,"Pertanian, Kehutanan, dan Perikanan",Primer,25028.72,15205.35,miliar rupiah,tetap,
3510,Kabupaten Banyuwangi,2022,A,"Pertanian, Kehutanan, dan Perikanan",Primer,26054.37,15075.97,miliar rupiah,tetap,
3510,Kabupaten Banyuwangi,2023,A,"Pertanian, Kehutanan, dan Perikanan",Primer,28014.46,15471.27,miliar rupiah,sementara,
3510,Kabupaten Banyuwangi,2024,A,"Pertanian, Kehutanan, dan Perikanan",Primer,28778.05,15242.43,miliar rupiah,sangat_sementara,
3510,Kabupaten Banyuwangi,2020,B,Pertambangan dan Penggalian,Primer,5913.07,4217.4,miliar rupiah,tetap,
3510,Kabupaten Banyuwangi,2021,B,Pertambangan dan Penggalian,Primer,6229.8,4284.78,miliar rupiah,tetap,
3510,Kabupaten Banyuwangi,2022,B,Pertambangan dan Penggalian,Primer,6743.45,4552.72,miliar rupiah,tetap,
3510,Kabupaten Banyuwangi,2023,B,Pertambangan dan Penggalian,Primer,7087.38,4661.05,miliar rupiah,sementara,
3510,Kabupaten Banyuwangi,2024,B,Pertambangan dan Penggalian,Primer,7432.71,4818.55,miliar rupiah,sangat_sementara,
3510,Kabupaten Banyuwangi,2020,C,Industri Pengolahan,Sekunder,9422.28,6504.55,miliar rupiah,tetap,
3510,Kabupaten Banyuwangi,2021,C,Industri Pengolahan,Sekunder,10585.83,7026.82,miliar rupiah,tetap,
3510,Kabupaten Banyuwangi,2022,C,Industri Pengolahan,Sekunder,11599.14,7391.22,miliar rupiah,tetap,
3510,Kabupaten Banyuwangi,2023,C,Industri Pengolahan,Sekunder,12708.65,7785.77,miliar rupiah,sementara,
3510,Kabupaten Banyuwangi,2024,C,Industri Pengolahan,Sekunder,14093.46,8334.83,miliar rupiah,sangat_sementara,
3510,Kabupaten Banyuwangi,2020,D,Pengadaan Listrik dan Gas,Sekunder,34.91,29.07,miliar rupiah,tetap,
3510,Kabupaten Banyuwangi,2021,D,Pengadaan Listrik dan Gas,Sekunder,35.8,29.61,miliar rupiah,tetap,
3510,Kabupaten Banyuwangi,2022,D,Pengadaan Listrik dan Gas,Sekunder,39.02,31.6,miliar rupiah,tetap,
3510,Kabupaten Banyuwangi,2023,D,Pengadaan Listrik dan Gas,Sekunder,41.9,32.95,miliar rupiah,sementara,
3510,Kabupaten Banyuwangi,2024,D,Pengadaan Listrik dan Gas,Sekunder,42.92,33.51,miliar rupiah,sangat_sementara,
3510,Kabupaten Banyuwangi,2020,E,"Pengadaan Air, Pengelolaan Sampah, Limbah dan Daur Ulang",Sekunder,49.71,37.33,miliar rupiah,tetap,
3510,Kabupaten Banyuwangi,2021,E,"Pengadaan Air, Pengelolaan Sampah, Limbah dan Daur Ulang",Sekunder,52.66,39.5,miliar rupiah,tetap,
3510,Kabupaten Banyuwangi,2022,E,"Pengadaan Air, Pengelolaan Sampah, Limbah dan Daur Ulang",Sekunder,56.61,41.62,miliar rupiah,tetap,
3510,Kabupaten Banyuwangi,2023,E,"Pengadaan Air, Pengelolaan Sampah, Limbah dan Daur Ulang",Sekunder,58.51,41.92,miliar rupiah,sementara,
3510,Kabupaten Banyuwangi,2024,E,"Pengadaan Air, Pengelolaan Sampah, Limbah dan Daur Ulang",Sekunder,61.02,43.7,miliar rupiah,sangat_sementara,
3510,Kabupaten Banyuwangi,2020,F,Konstruksi,Sekunder,11362.04,6883.65,miliar rupiah,tetap,
3510,Kabupaten Banyuwangi,2021,F,Konstruksi,Sekunder,11892.21,7179.57,miliar rupiah,tetap,
3510,Kabupaten Banyuwangi,2022,F,Konstruksi,Sekunder,12986.41,7647.76,miliar rupiah,tetap,
3510,Kabupaten Banyuwangi,2023,F,Konstruksi,Sekunder,14011.85,8115.86,miliar rupiah,sementara,
3510,Kabupaten Banyuwangi,2024,F,Konstruksi,Sekunder,15295.58,8780.28,miliar rupiah,sangat_sementara,
3510,Kabupaten Banyuwangi,2020,G,Perdagangan Besar dan Eceran; Reparasi Mobil dan Sepeda Motor,Tersier,13120.38,8505.87,miliar rupiah,tetap,
3510,Kabupaten Banyuwangi,2021,G,Perdagangan Besar dan Eceran; Reparasi Mobil dan Sepeda Motor,Tersier,14287.01,9112.1,miliar rupiah,tetap,
3510,Kabupaten Banyuwangi,2022,G,Perdagangan Besar dan Eceran; Reparasi Mobil dan Sepeda Motor,Tersier,16147.42,9738.05,miliar rupiah,tetap,
3510,Kabupaten Banyuwangi,2023,G,Perdagangan Besar dan Eceran; Reparasi Mobil dan Sepeda Motor,Tersier,17710.29,10376.38,miliar rupiah,sementara,
3510,Kabupaten Banyuwangi,2024,G,Perdagangan Besar dan Eceran; Reparasi Mobil dan Sepeda Motor,Tersier,19226.41,10999.89,miliar rupiah,sangat_sementara,
3510,Kabupaten Banyuwangi,2020,H,Transportasi dan Pergudangan,Tersier,2369.89,1455.06,miliar rupiah,tetap,
3510,Kabupaten Banyuwangi,2021,H,Transportasi dan Pergudangan,Tersier,2377.92,1450.4,miliar rupiah,tetap,
3510,Kabupaten Banyuwangi,2022,H,Transportasi dan Pergudangan,Tersier,2969.1,1701.25,miliar rupiah,tetap,
3510,Kabupaten Banyuwangi,2023,H,Transportasi dan Pergudangan,Tersier,3569.99,1908.6,miliar rupiah,sementara,
3510,Kabupaten Banyuwangi,2024,H,Transportasi dan Pergudangan,Tersier,4026.84,2111.7,miliar rupiah,sangat_sementara,
3510,Kabupaten Banyuwangi,2020,I,Penyediaan Akomodasi dan Makan Minum,Tersier,2105.92,1343.94,miliar rupiah,tetap,
3510,Kabupaten Banyuwangi,2021,I,Penyediaan Akomodasi dan Makan Minum,Tersier,2270.05,1401.86,miliar rupiah,tetap,
3510,Kabupaten Banyuwangi,2022,I,Penyediaan Akomodasi dan Makan Minum,Tersier,2699.5,1609.21,miliar rupiah,tetap,
3510,Kabupaten Banyuwangi,2023,I,Penyediaan Akomodasi dan Makan Minum,Tersier,3042.06,1765.12,miliar rupiah,sementara,
3510,Kabupaten Banyuwangi,2024,I,Penyediaan Akomodasi dan Makan Minum,Tersier,3421.47,1896.19,miliar rupiah,sangat_sementara,
3510,Kabupaten Banyuwangi,2020,J,Informasi dan Komunikasi,Tersier,3887.66,3397.12,miliar rupiah,tetap,
3510,Kabupaten Banyuwangi,2021,J,Informasi dan Komunikasi,Tersier,4185.34,3652.23,miliar rupiah,tetap,
3510,Kabupaten Banyuwangi,2022,J,Informasi dan Komunikasi,Tersier,4446.0,3845.43,miliar rupiah,tetap,
3510,Kabupaten Banyuwangi,2023,J,Informasi dan Komunikasi,Tersier,4804.71,4111.31,miliar rupiah,sementara,
3510,Kabupaten Banyuwangi,2024,J,Informasi dan Komunikasi,Tersier,5259.17,4434.83,miliar rupiah,sangat_sementara,
3510,Kabupaten Banyuwangi,2020,K,Jasa Keuangan dan Asuransi,Tersier,1449.27,984.55,miliar rupiah,tetap,
3510,Kabupaten Banyuwangi,2021,K,Jasa Keuangan dan Asuransi,Tersier,1517.53,1001.78,miliar rupiah,tetap,
3510,Kabupaten Banyuwangi,2022,K,Jasa Keuangan dan Asuransi,Tersier,1632.97,1018.38,miliar rupiah,tetap,
3510,Kabupaten Banyuwangi,2023,K,Jasa Keuangan dan Asuransi,Tersier,1756.21,1073.29,miliar rupiah,sementara,
3510,Kabupaten Banyuwangi,2024,K,Jasa Keuangan dan Asuransi,Tersier,1866.65,1118.17,miliar rupiah,sangat_sementara,
3510,Kabupaten Banyuwangi,2020,L,Real Estate,Tersier,1301.74,901.97,miliar rupiah,tetap,
3510,Kabupaten Banyuwangi,2021,L,Real Estate,Tersier,1344.64,930.06,miliar rupiah,tetap,
3510,Kabupaten Banyuwangi,2022,L,Real Estate,Tersier,1442.5,980.24,miliar rupiah,tetap,
3510,Kabupaten Banyuwangi,2023,L,Real Estate,Tersier,1505.22,1007.39,miliar rupiah,sementara,
3510,Kabupaten Banyuwangi,2024,L,Real Estate,Tersier,1590.34,1052.22,miliar rupiah,sangat_sementara,
3510,Kabupaten Banyuwangi,2020,"M,N",Jasa Perusahaan,Tersier,186.23,124.93,miliar rupiah,tetap,
3510,Kabupaten Banyuwangi,2021,"M,N",Jasa Perusahaan,Tersier,192.93,127.65,miliar rupiah,tetap,
3510,Kabupaten Banyuwangi,2022,"M,N",Jasa Perusahaan,Tersier,206.37,132.69,miliar rupiah,tetap,
3510,Kabupaten Banyuwangi,2023,"M,N",Jasa Perusahaan,Tersier,229.41,143.33,miliar rupiah,sementara,
3510,Kabupaten Banyuwangi,2024,"M,N",Jasa Perusahaan,Tersier,312.96,155.32,miliar rupiah,sangat_sementara,
3510,Kabupaten Banyuwangi,2020,O,"Administrasi Pemerintahan, Pertahanan dan Jaminan Sosial Wajib",Tersier,1845.59,1115.98,miliar rupiah,tetap,
3510,Kabupaten Banyuwangi,2021,O,"Administrasi Pemerintahan, Pertahanan dan Jaminan Sosial Wajib",Tersier,1819.14,1106.38,miliar rupiah,tetap,
3510,Kabupaten Banyuwangi,2022,O,"Administrasi Pemerintahan, Pertahanan dan Jaminan Sosial Wajib",Tersier,1873.29,1117.21,miliar rupiah,tetap,
3510,Kabupaten Banyuwangi,2023,O,"Administrasi Pemerintahan, Pertahanan dan Jaminan Sosial Wajib",Tersier,1988.24,1140.32,miliar rupiah,sementara,
3510,Kabupaten Banyuwangi,2024,O,"Administrasi Pemerintahan, Pertahanan dan Jaminan Sosial Wajib",Tersier,2310.26,1239.48,miliar rupiah,sangat_sementara,
3510,Kabupaten Banyuwangi,2020,P,Jasa Pendidikan,Tersier,2681.29,1945.44,miliar rupiah,tetap,
3510,Kabupaten Banyuwangi,2021,P,Jasa Pendidikan,Tersier,2706.6,1978.5,miliar rupiah,tetap,
3510,Kabupaten Banyuwangi,2022,P,Jasa Pendidikan,Tersier,2755.37,1984.63,miliar rupiah,tetap,
3510,Kabupaten Banyuwangi,2023,P,Jasa Pendidikan,Tersier,2945.67,2071.51,miliar rupiah,sementara,
3510,Kabupaten Banyuwangi,2024,P,Jasa Pendidikan,Tersier,3194.15,2201.94,miliar rupiah,sangat_sementara,
3510,Kabupaten Banyuwangi,2020,Q,Jasa Kesehatan dan Kegiatan Sosial,Tersier,351.71,257.93,miliar rupiah,tetap,
3510,Kabupaten Banyuwangi,2021,Q,Jasa Kesehatan dan Kegiatan Sosial,Tersier,373.53,269.93,miliar rupiah,tetap,
3510,Kabupaten Banyuwangi,2022,Q,Jasa Kesehatan dan Kegiatan Sosial,Tersier,402.15,279.31,miliar rupiah,tetap,
3510,Kabupaten Banyuwangi,2023,Q,Jasa Kesehatan dan Kegiatan Sosial,Tersier,431.31,290.3,miliar rupiah,sementara,
3510,Kabupaten Banyuwangi,2024,Q,Jasa Kesehatan dan Kegiatan Sosial,Tersier,457.42,305.97,miliar rupiah,sangat_sementara,
3510,Kabupaten Banyuwangi,2020,"R,S,T,U",Jasa Lainnya,Tersier,940.19,640.02,miliar rupiah,tetap,
3510,Kabupaten Banyuwangi,2021,"R,S,T,U",Jasa Lainnya,Tersier,1018.86,676.06,miliar rupiah,tetap,
3510,Kabupaten Banyuwangi,2022,"R,S,T,U",Jasa Lainnya,Tersier,1225.27,785.26,miliar rupiah,tetap,
3510,Kabupaten Banyuwangi,2023,"R,S,T,U",Jasa Lainnya,Tersier,1390.76,851.98,miliar rupiah,sementara,
3510,Kabupaten Banyuwangi,2024,"R,S,T,U",Jasa Lainnya,Tersier,1553.19,924.55,miliar rupiah,sangat_sementara,
3511,Kabupaten Bondowoso,2020,A,"Pertanian, Kehutanan, dan Perikanan",Primer,5946.49,3729.46,miliar rupiah,tetap,
3511,Kabupaten Bondowoso,2021,A,"Pertanian, Kehutanan, dan Perikanan",Primer,6204.93,3818.35,miliar rupiah,tetap,
3511,Kabupaten Bondowoso,2022,A,"Pertanian, Kehutanan, dan Perikanan",Primer,6489.78,3756.87,miliar rupiah,tetap,
3511,Kabupaten Bondowoso,2023,A,"Pertanian, Kehutanan, dan Perikanan",Primer,6906.68,3834.43,miliar rupiah,sementara,
3511,Kabupaten Bondowoso,2024,A,"Pertanian, Kehutanan, dan Perikanan",Primer,7445.84,3970.09,miliar rupiah,sangat_sementara,
3511,Kabupaten Bondowoso,2020,B,Pertambangan dan Penggalian,Primer,373.69,252.97,miliar rupiah,tetap,
3511,Kabupaten Bondowoso,2021,B,Pertambangan dan Penggalian,Primer,388.06,257.49,miliar rupiah,tetap,
3511,Kabupaten Bondowoso,2022,B,Pertambangan dan Penggalian,Primer,425.65,272.71,miliar rupiah,tetap,
3511,Kabupaten Bondowoso,2023,B,Pertambangan dan Penggalian,Primer,453.48,278.22,miliar rupiah,sementara,
3511,Kabupaten Bondowoso,2024,B,Pertambangan dan Penggalian,Primer,462.88,283.92,miliar rupiah,sangat_sementara,
3511,Kabupaten Bondowoso,2020,C,Industri Pengolahan,Sekunder,4762.09,3235.13,miliar rupiah,tetap,
3511,Kabupaten Bondowoso,2021,C,Industri Pengolahan,Sekunder,5140.41,3358.39,miliar rupiah,tetap,
3511,Kabupaten Bondowoso,2022,C,Industri Pengolahan,Sekunder,5788.78,3567.46,miliar rupiah,tetap,
3511,Kabupaten Bondowoso,2023,C,Industri Pengolahan,Sekunder,6300.31,3746.55,miliar rupiah,sementara,
3511,Kabupaten Bondowoso,2024,C,Industri Pengolahan,Sekunder,6691.3,3914.48,miliar rupiah,sangat_sementara,
3511,Kabupaten Bondowoso,2020,D,Pengadaan Listrik dan Gas,Sekunder,8.59,6.78,miliar rupiah,tetap,
3511,Kabupaten Bondowoso,2021,D,Pengadaan Listrik dan Gas,Sekunder,9.01,6.94,miliar rupiah,tetap,
3511,Kabupaten Bondowoso,2022,D,Pengadaan Listrik dan Gas,Sekunder,9.74,7.41,miliar rupiah,tetap,
3511,Kabupaten Bondowoso,2023,D,Pengadaan Listrik dan Gas,Sekunder,10.59,7.93,miliar rupiah,sementara,
3511,Kabupaten Bondowoso,2024,D,Pengadaan Listrik dan Gas,Sekunder,11.24,8.42,miliar rupiah,sangat_sementara,
3511,Kabupaten Bondowoso,2020,E,"Pengadaan Air, Pengelolaan Sampah, Limbah dan Daur Ulang",Sekunder,14.5,11.35,miliar rupiah,tetap,
3511,Kabupaten Bondowoso,2021,E,"Pengadaan Air, Pengelolaan Sampah, Limbah dan Daur Ulang",Sekunder,15.68,12.06,miliar rupiah,tetap,
3511,Kabupaten Bondowoso,2022,E,"Pengadaan Air, Pengelolaan Sampah, Limbah dan Daur Ulang",Sekunder,16.12,11.97,miliar rupiah,tetap,
3511,Kabupaten Bondowoso,2023,E,"Pengadaan Air, Pengelolaan Sampah, Limbah dan Daur Ulang",Sekunder,16.37,11.93,miliar rupiah,sementara,
3511,Kabupaten Bondowoso,2024,E,"Pengadaan Air, Pengelolaan Sampah, Limbah dan Daur Ulang",Sekunder,16.35,11.87,miliar rupiah,sangat_sementara,
3511,Kabupaten Bondowoso,2020,F,Konstruksi,Sekunder,1822.06,1103.62,miliar rupiah,tetap,
3511,Kabupaten Bondowoso,2021,F,Konstruksi,Sekunder,1852.41,1107.78,miliar rupiah,tetap,
3511,Kabupaten Bondowoso,2022,F,Konstruksi,Sekunder,2091.2,1182.05,miliar rupiah,tetap,
3511,Kabupaten Bondowoso,2023,F,Konstruksi,Sekunder,2282.93,1252.99,miliar rupiah,sementara,
3511,Kabupaten Bondowoso,2024,F,Konstruksi,Sekunder,2439.95,1328.76,miliar rupiah,sangat_sementara,
3511,Kabupaten Bondowoso,2020,G,Perdagangan Besar dan Eceran; Reparasi Mobil dan Sepeda Motor,Tersier,2879.94,2050.86,miliar rupiah,tetap,
3511,Kabupaten Bondowoso,2021,G,Perdagangan Besar dan Eceran; Reparasi Mobil dan Sepeda Motor,Tersier,3136.5,2182.66,miliar rupiah,tetap,
3511,Kabupaten Bondowoso,2022,G,Perdagangan Besar dan Eceran; Reparasi Mobil dan Sepeda Motor,Tersier,3520.24,2330.19,miliar rupiah,tetap,
3511,Kabupaten Bondowoso,2023,G,Perdagangan Besar dan Eceran; Reparasi Mobil dan Sepeda Motor,Tersier,3880.21,2479.69,miliar rupiah,sementara,
3511,Kabupaten Bondowoso,2024,G,Perdagangan Besar dan Eceran; Reparasi Mobil dan Sepeda Motor,Tersier,4188.1,2623.62,miliar rupiah,sangat_sementara,
3511,Kabupaten Bondowoso,2020,H,Transportasi dan Pergudangan,Tersier,141.96,101.09,miliar rupiah,tetap,
3511,Kabupaten Bondowoso,2021,H,Transportasi dan Pergudangan,Tersier,158.08,113.59,miliar rupiah,tetap,
3511,Kabupaten Bondowoso,2022,H,Transportasi dan Pergudangan,Tersier,189.64,129.6,miliar rupiah,tetap,
3511,Kabupaten Bondowoso,2023,H,Transportasi dan Pergudangan,Tersier,224.7,142.24,miliar rupiah,sementara,
3511,Kabupaten Bondowoso,2024,H,Transportasi dan Pergudangan,Tersier,238.92,149.94,miliar rupiah,sangat_sementara,
3511,Kabupaten Bondowoso,2020,I,Penyediaan Akomodasi dan Makan Minum,Tersier,125.73,82.23,miliar rupiah,tetap,
3511,Kabupaten Bondowoso,2021,I,Penyediaan Akomodasi dan Makan Minum,Tersier,132.78,84.0,miliar rupiah,tetap,
3511,Kabupaten Bondowoso,2022,I,Penyediaan Akomodasi dan Makan Minum,Tersier,155.04,94.07,miliar rupiah,tetap,
3511,Kabupaten Bondowoso,2023,I,Penyediaan Akomodasi dan Makan Minum,Tersier,175.92,103.86,miliar rupiah,sementara,
3511,Kabupaten Bondowoso,2024,I,Penyediaan Akomodasi dan Makan Minum,Tersier,190.51,110.13,miliar rupiah,sangat_sementara,
3511,Kabupaten Bondowoso,2020,J,Informasi dan Komunikasi,Tersier,1110.7,974.9,miliar rupiah,tetap,
3511,Kabupaten Bondowoso,2021,J,Informasi dan Komunikasi,Tersier,1188.01,1041.68,miliar rupiah,tetap,
3511,Kabupaten Bondowoso,2022,J,Informasi dan Komunikasi,Tersier,1236.89,1073.9,miliar rupiah,tetap,
3511,Kabupaten Bondowoso,2023,J,Informasi dan Komunikasi,Tersier,1339.17,1152.35,miliar rupiah,sementara,
3511,Kabupaten Bondowoso,2024,J,Informasi dan Komunikasi,Tersier,1437.82,1229.39,miliar rupiah,sangat_sementara,
3511,Kabupaten Bondowoso,2020,K,Jasa Keuangan dan Asuransi,Tersier,575.49,395.12,miliar rupiah,tetap,
3511,Kabupaten Bondowoso,2021,K,Jasa Keuangan dan Asuransi,Tersier,596.56,399.27,miliar rupiah,tetap,
3511,Kabupaten Bondowoso,2022,K,Jasa Keuangan dan Asuransi,Tersier,641.28,403.8,miliar rupiah,tetap,
3511,Kabupaten Bondowoso,2023,K,Jasa Keuangan dan Asuransi,Tersier,693.49,422.72,miliar rupiah,sementara,
3511,Kabupaten Bondowoso,2024,K,Jasa Keuangan dan Asuransi,Tersier,718.94,434.44,miliar rupiah,sangat_sementara,
3511,Kabupaten Bondowoso,2020,L,Real Estate,Tersier,238.22,173.4,miliar rupiah,tetap,
3511,Kabupaten Bondowoso,2021,L,Real Estate,Tersier,243.67,175.91,miliar rupiah,tetap,
3511,Kabupaten Bondowoso,2022,L,Real Estate,Tersier,259.97,185.14,miliar rupiah,tetap,
3511,Kabupaten Bondowoso,2023,L,Real Estate,Tersier,269.44,188.44,miliar rupiah,sementara,
3511,Kabupaten Bondowoso,2024,L,Real Estate,Tersier,278.47,191.28,miliar rupiah,sangat_sementara,
3511,Kabupaten Bondowoso,2020,"M,N",Jasa Perusahaan,Tersier,73.42,46.84,miliar rupiah,tetap,
3511,Kabupaten Bondowoso,2021,"M,N",Jasa Perusahaan,Tersier,76.35,47.61,miliar rupiah,tetap,
3511,Kabupaten Bondowoso,2022,"M,N",Jasa Perusahaan,Tersier,81.73,49.86,miliar rupiah,tetap,
3511,Kabupaten Bondowoso,2023,"M,N",Jasa Perusahaan,Tersier,89.4,53.24,miliar rupiah,sementara,
3511,Kabupaten Bondowoso,2024,"M,N",Jasa Perusahaan,Tersier,97.12,56.71,miliar rupiah,sangat_sementara,
3511,Kabupaten Bondowoso,2020,O,"Administrasi Pemerintahan, Pertahanan dan Jaminan Sosial Wajib",Tersier,697.42,437.46,miliar rupiah,tetap,
3511,Kabupaten Bondowoso,2021,O,"Administrasi Pemerintahan, Pertahanan dan Jaminan Sosial Wajib",Tersier,697.89,440.13,miliar rupiah,tetap,
3511,Kabupaten Bondowoso,2022,O,"Administrasi Pemerintahan, Pertahanan dan Jaminan Sosial Wajib",Tersier,702.78,433.39,miliar rupiah,tetap,
3511,Kabupaten Bondowoso,2023,O,"Administrasi Pemerintahan, Pertahanan dan Jaminan Sosial Wajib",Tersier,709.43,427.86,miliar rupiah,sementara,
3511,Kabupaten Bondowoso,2024,O,"Administrasi Pemerintahan, Pertahanan dan Jaminan Sosial Wajib",Tersier,782.3,460.17,miliar rupiah,sangat_sementara,
3511,Kabupaten Bondowoso,2020,P,Jasa Pendidikan,Tersier,724.71,518.54,miliar rupiah,tetap,
3511,Kabupaten Bondowoso,2021,P,Jasa Pendidikan,Tersier,741.71,529.62,miliar rupiah,tetap,
3511,Kabupaten Bondowoso,2022,P,Jasa Pendidikan,Tersier,764.93,539.84,miliar rupiah,tetap,
3511,Kabupaten Bondowoso,2023,P,Jasa Pendidikan,Tersier,834.1,572.03,miliar rupiah,sementara,
3511,Kabupaten Bondowoso,2024,P,Jasa Pendidikan,Tersier,910.09,608.62,miliar rupiah,sangat_sementara,
3511,Kabupaten Bondowoso,2020,Q,Jasa Kesehatan dan Kegiatan Sosial,Tersier,156.88,116.62,miliar rupiah,tetap,
3511,Kabupaten Bondowoso,2021,Q,Jasa Kesehatan dan Kegiatan Sosial,Tersier,167.71,121.78,miliar rupiah,tetap,
3511,Kabupaten Bondowoso,2022,Q,Jasa Kesehatan dan Kegiatan Sosial,Tersier,175.56,123.44,miliar rupiah,tetap,
3511,Kabupaten Bondowoso,2023,Q,Jasa Kesehatan dan Kegiatan Sosial,Tersier,187.16,128.8,miliar rupiah,sementara,
3511,Kabupaten Bondowoso,2024,Q,Jasa Kesehatan dan Kegiatan Sosial,Tersier,198.24,135.74,miliar rupiah,sangat_sementara,
3511,Kabupaten Bondowoso,2020,"R,S,T,U",Jasa Lainnya,Tersier,283.69,215.39,miliar rupiah,tetap,
3511,Kabupaten Bondowoso,2021,"R,S,T,U",Jasa Lainnya,Tersier,302.49,224.39,miliar rupiah,tetap,
3511,Kabupaten Bondowoso,2022,"R,S,T,U",Jasa Lainnya,Tersier,352.51,248.51,miliar rupiah,tetap,
3511,Kabupaten Bondowoso,2023,"R,S,T,U",Jasa Lainnya,Tersier,399.97,272.34,miliar rupiah,sementara,
3511,Kabupaten Bondowoso,2024,"R,S,T,U",Jasa Lainnya,Tersier,435.0,291.68,miliar rupiah,sangat_sementara,
3512,Kabupaten Situbondo,2020,A,"Pertanian, Kehutanan, dan Perikanan",Primer,6386.9,3746.68,miliar rupiah,tetap,
3512,Kabupaten Situbondo,2021,A,"Pertanian, Kehutanan, dan Perikanan",Primer,6688.64,3810.01,miliar rupiah,tetap,
3512,Kabupaten Situbondo,2022,A,"Pertanian, Kehutanan, dan Perikanan",Primer,7079.22,3823.09,miliar rupiah,tetap,
3512,Kabupaten Situbondo,2023,A,"Pertanian, Kehutanan, dan Perikanan",Primer,7693.48,3977.06,miliar rupiah,sementara,
3512,Kabupaten Situbondo,2024,A,"Pertanian, Kehutanan, dan Perikanan",Primer,8144.93,4054.32,miliar rupiah,sangat_sementara,
3512,Kabupaten Situbondo,2020,B,Pertambangan dan Penggalian,Primer,364.96,237.52,miliar rupiah,tetap,
3512,Kabupaten Situbondo,2021,B,Pertambangan dan Penggalian,Primer,383.36,240.5,miliar rupiah,tetap,
3512,Kabupaten Situbondo,2022,B,Pertambangan dan Penggalian,Primer,407.21,248.87,miliar rupiah,tetap,
3512,Kabupaten Situbondo,2023,B,Pertambangan dan Penggalian,Primer,430.38,257.54,miliar rupiah,sementara,
3512,Kabupaten Situbondo,2024,B,Pertambangan dan Penggalian,Primer,438.5,261.86,miliar rupiah,sangat_sementara,
3512,Kabupaten Situbondo,2020,C,Industri Pengolahan,Sekunder,3839.76,2574.53,miliar rupiah,tetap,
3512,Kabupaten Situbondo,2021,C,Industri Pengolahan,Sekunder,4140.96,2670.74,miliar rupiah,tetap,
3512,Kabupaten Situbondo,2022,C,Industri Pengolahan,Sekunder,4673.75,2845.03,miliar rupiah,tetap,
3512,Kabupaten Situbondo,2023,C,Industri Pengolahan,Sekunder,5190.59,2995.91,miliar rupiah,sementara,
3512,Kabupaten Situbondo,2024,C,Industri Pengolahan,Sekunder,5683.25,3196.74,miliar rupiah,sangat_sementara,
3512,Kabupaten Situbondo,2020,D,Pengadaan Listrik dan Gas,Sekunder,11.46,9.37,miliar rupiah,tetap,
3512,Kabupaten Situbondo,2021,D,Pengadaan Listrik dan Gas,Sekunder,11.66,9.56,miliar rupiah,tetap,
3512,Kabupaten Situbondo,2022,D,Pengadaan Listrik dan Gas,Sekunder,12.48,10.1,miliar rupiah,tetap,
3512,Kabupaten Situbondo,2023,D,Pengadaan Listrik dan Gas,Sekunder,12.98,10.33,miliar rupiah,sementara,
3512,Kabupaten Situbondo,2024,D,Pengadaan Listrik dan Gas,Sekunder,13.18,10.46,miliar rupiah,sangat_sementara,
3512,Kabupaten Situbondo,2020,E,"Pengadaan Air, Pengelolaan Sampah, Limbah dan Daur Ulang",Sekunder,24.45,18.21,miliar rupiah,tetap,
3512,Kabupaten Situbondo,2021,E,"Pengadaan Air, Pengelolaan Sampah, Limbah dan Daur Ulang",Sekunder,25.8,19.14,miliar rupiah,tetap,
3512,Kabupaten Situbondo,2022,E,"Pengadaan Air, Pengelolaan Sampah, Limbah dan Daur Ulang",Sekunder,26.26,18.88,miliar rupiah,tetap,
3512,Kabupaten Situbondo,2023,E,"Pengadaan Air, Pengelolaan Sampah, Limbah dan Daur Ulang",Sekunder,28.17,19.74,miliar rupiah,sementara,
3512,Kabupaten Situbondo,2024,E,"Pengadaan Air, Pengelolaan Sampah, Limbah dan Daur Ulang",Sekunder,28.98,20.12,miliar rupiah,sangat_sementara,
3512,Kabupaten Situbondo,2020,F,Konstruksi,Sekunder,1371.73,955.22,miliar rupiah,tetap,
3512,Kabupaten Situbondo,2021,F,Konstruksi,Sekunder,1380.18,949.43,miliar rupiah,tetap,
3512,Kabupaten Situbondo,2022,F,Konstruksi,Sekunder,1532.89,1006.79,miliar rupiah,tetap,
3512,Kabupaten Situbondo,2023,F,Konstruksi,Sekunder,1655.93,1052.54,miliar rupiah,sementara,
3512,Kabupaten Situbondo,2024,F,Konstruksi,Sekunder,1728.03,1091.85,miliar rupiah,sangat_sementara,
3512,Kabupaten Situbondo,2020,G,Perdagangan Besar dan Eceran; Reparasi Mobil dan Sepeda Motor,Tersier,3034.7,2104.26,miliar rupiah,tetap,
3512,Kabupaten Situbondo,2021,G,Perdagangan Besar dan Eceran; Reparasi Mobil dan Sepeda Motor,Tersier,3347.49,2250.19,miliar rupiah,tetap,
3512,Kabupaten Situbondo,2022,G,Perdagangan Besar dan Eceran; Reparasi Mobil dan Sepeda Motor,Tersier,3728.34,2386.88,miliar rupiah,tetap,
3512,Kabupaten Situbondo,2023,G,Perdagangan Besar dan Eceran; Reparasi Mobil dan Sepeda Motor,Tersier,4072.3,2520.39,miliar rupiah,sementara,
3512,Kabupaten Situbondo,2024,G,Perdagangan Besar dan Eceran; Reparasi Mobil dan Sepeda Motor,Tersier,4322.82,2625.35,miliar rupiah,sangat_sementara,
3512,Kabupaten Situbondo,2020,H,Transportasi dan Pergudangan,Tersier,505.25,340.29,miliar rupiah,tetap,
3512,Kabupaten Situbondo,2021,H,Transportasi dan Pergudangan,Tersier,534.9,363.56,miliar rupiah,tetap,
3512,Kabupaten Situbondo,2022,H,Transportasi dan Pergudangan,Tersier,652.1,420.28,miliar rupiah,tetap,
3512,Kabupaten Situbondo,2023,H,Transportasi dan Pergudangan,Tersier,776.24,461.78,miliar rupiah,sementara,
3512,Kabupaten Situbondo,2024,H,Transportasi dan Pergudangan,Tersier,863.94,509.97,miliar rupiah,sangat_sementara,
3512,Kabupaten Situbondo,2020,I,Penyediaan Akomodasi dan Makan Minum,Tersier,353.47,223.54,miliar rupiah,tetap,
3512,Kabupaten Situbondo,2021,I,Penyediaan Akomodasi dan Makan Minum,Tersier,378.25,232.76,miliar rupiah,tetap,
3512,Kabupaten Situbondo,2022,I,Penyediaan Akomodasi dan Makan Minum,Tersier,428.35,254.31,miliar rupiah,tetap,
3512,Kabupaten Situbondo,2023,I,Penyediaan Akomodasi dan Makan Minum,Tersier,454.14,265.2,miliar rupiah,sementara,
3512,Kabupaten Situbondo,2024,I,Penyediaan Akomodasi dan Makan Minum,Tersier,498.87,286.72,miliar rupiah,sangat_sementara,
3512,Kabupaten Situbondo,2020,J,Informasi dan Komunikasi,Tersier,1060.07,960.59,miliar rupiah,tetap,
3512,Kabupaten Situbondo,2021,J,Informasi dan Komunikasi,Tersier,1131.85,1021.18,miliar rupiah,tetap,
3512,Kabupaten Situbondo,2022,J,Informasi dan Komunikasi,Tersier,1209.93,1086.98,miliar rupiah,tetap,
3512,Kabupaten Situbondo,2023,J,Informasi dan Komunikasi,Tersier,1313.47,1162.1,miliar rupiah,sementara,
3512,Kabupaten Situbondo,2024,J,Informasi dan Komunikasi,Tersier,1429.4,1250.74,miliar rupiah,sangat_sementara,
3512,Kabupaten Situbondo,2020,K,Jasa Keuangan dan Asuransi,Tersier,637.85,421.74,miliar rupiah,tetap,
3512,Kabupaten Situbondo,2021,K,Jasa Keuangan dan Asuransi,Tersier,662.33,426.37,miliar rupiah,tetap,
3512,Kabupaten Situbondo,2022,K,Jasa Keuangan dan Asuransi,Tersier,714.18,434.29,miliar rupiah,tetap,
3512,Kabupaten Situbondo,2023,K,Jasa Keuangan dan Asuransi,Tersier,772.62,458.98,miliar rupiah,sementara,
3512,Kabupaten Situbondo,2024,K,Jasa Keuangan dan Asuransi,Tersier,826.1,482.7,miliar rupiah,sangat_sementara,
3512,Kabupaten Situbondo,2020,L,Real Estate,Tersier,320.46,240.89,miliar rupiah,tetap,
3512,Kabupaten Situbondo,2021,L,Real Estate,Tersier,328.72,245.96,miliar rupiah,tetap,
3512,Kabupaten Situbondo,2022,L,Real Estate,Tersier,347.6,256.15,miliar rupiah,tetap,
3512,Kabupaten Situbondo,2023,L,Real Estate,Tersier,370.5,268.33,miliar rupiah,sementara,
3512,Kabupaten Situbondo,2024,L,Real Estate,Tersier,384.79,274.95,miliar rupiah,sangat_sementara,
3512,Kabupaten Situbondo,2020,"M,N",Jasa Perusahaan,Tersier,85.79,56.36,miliar rupiah,tetap,
3512,Kabupaten Situbondo,2021,"M,N",Jasa Perusahaan,Tersier,88.89,57.21,miliar rupiah,tetap,
3512,Kabupaten Situbondo,2022,"M,N",Jasa Perusahaan,Tersier,95.82,60.38,miliar rupiah,tetap,
3512,Kabupaten Situbondo,2023,"M,N",Jasa Perusahaan,Tersier,103.71,64.08,miliar rupiah,sementara,
3512,Kabupaten Situbondo,2024,"M,N",Jasa Perusahaan,Tersier,113.38,68.63,miliar rupiah,sangat_sementara,
3512,Kabupaten Situbondo,2020,O,"Administrasi Pemerintahan, Pertahanan dan Jaminan Sosial Wajib",Tersier,691.64,425.7,miliar rupiah,tetap,
3512,Kabupaten Situbondo,2021,O,"Administrasi Pemerintahan, Pertahanan dan Jaminan Sosial Wajib",Tersier,690.09,425.37,miliar rupiah,tetap,
3512,Kabupaten Situbondo,2022,O,"Administrasi Pemerintahan, Pertahanan dan Jaminan Sosial Wajib",Tersier,720.55,432.28,miliar rupiah,tetap,
3512,Kabupaten Situbondo,2023,O,"Administrasi Pemerintahan, Pertahanan dan Jaminan Sosial Wajib",Tersier,731.71,424.39,miliar rupiah,sementara,
3512,Kabupaten Situbondo,2024,O,"Administrasi Pemerintahan, Pertahanan dan Jaminan Sosial Wajib",Tersier,842.97,462.05,miliar rupiah,sangat_sementara,
3512,Kabupaten Situbondo,2020,P,Jasa Pendidikan,Tersier,808.95,578.67,miliar rupiah,tetap,
3512,Kabupaten Situbondo,2021,P,Jasa Pendidikan,Tersier,825.08,586.1,miliar rupiah,tetap,
3512,Kabupaten Situbondo,2022,P,Jasa Pendidikan,Tersier,838.91,590.59,miliar rupiah,tetap,
3512,Kabupaten Situbondo,2023,P,Jasa Pendidikan,Tersier,898.92,616.58,miliar rupiah,sementara,
3512,Kabupaten Situbondo,2024,P,Jasa Pendidikan,Tersier,1010.74,656.25,miliar rupiah,sangat_sementara,
3512,Kabupaten Situbondo,2020,Q,Jasa Kesehatan dan Kegiatan Sosial,Tersier,181.17,131.82,miliar rupiah,tetap,
3512,Kabupaten Situbondo,2021,Q,Jasa Kesehatan dan Kegiatan Sosial,Tersier,191.78,138.16,miliar rupiah,tetap,
3512,Kabupaten Situbondo,2022,Q,Jasa Kesehatan dan Kegiatan Sosial,Tersier,207.1,144.65,miliar rupiah,tetap,
3512,Kabupaten Situbondo,2023,Q,Jasa Kesehatan dan Kegiatan Sosial,Tersier,225.45,151.54,miliar rupiah,sementara,
3512,Kabupaten Situbondo,2024,Q,Jasa Kesehatan dan Kegiatan Sosial,Tersier,237.93,158.33,miliar rupiah,sangat_sementara,
3512,Kabupaten Situbondo,2020,"R,S,T,U",Jasa Lainnya,Tersier,363.24,257.44,miliar rupiah,tetap,
3512,Kabupaten Situbondo,2021,"R,S,T,U",Jasa Lainnya,Tersier,390.9,269.58,miliar rupiah,tetap,
3512,Kabupaten Situbondo,2022,"R,S,T,U",Jasa Lainnya,Tersier,453.95,298.45,miliar rupiah,tetap,
3512,Kabupaten Situbondo,2023,"R,S,T,U",Jasa Lainnya,Tersier,494.39,312.48,miliar rupiah,sementara,
3512,Kabupaten Situbondo,2024,"R,S,T,U",Jasa Lainnya,Tersier,533.81,330.72,miliar rupiah,sangat_sementara,
3513,Kabupaten Probolinggo,2020,A,"Pertanian, Kehutanan, dan Perikanan",Primer,11345.41,7280.05,miliar rupiah,tetap,
3513,Kabupaten Probolinggo,2021,A,"Pertanian, Kehutanan, dan Perikanan",Primer,11779.67,7355.14,miliar rupiah,tetap,
3513,Kabupaten Probolinggo,2022,A,"Pertanian, Kehutanan, dan Perikanan",Primer,12795.67,7510.66,miliar rupiah,tetap,
3513,Kabupaten Probolinggo,2023,A,"Pertanian, Kehutanan, dan Perikanan",Primer,13680.73,7760.63,miliar rupiah,sementara,
3513,Kabupaten Probolinggo,2024,A,"Pertanian, Kehutanan, dan Perikanan",Primer,14501.26,7883.57,miliar rupiah,sangat_sementara,
3513,Kabupaten Probolinggo,2020,B,Pertambangan dan Penggalian,Primer,690.16,493.4,miliar rupiah,tetap,
3513,Kabupaten Probolinggo,2021,B,Pertambangan dan Penggalian,Primer,709.26,493.32,miliar rupiah,tetap,
3513,Kabupaten Probolinggo,2022,B,Pertambangan dan Penggalian,Primer,748.11,508.4,miliar rupiah,tetap,
3513,Kabupaten Probolinggo,2023,B,Pertambangan dan Penggalian,Primer,840.41,551.55,miliar rupiah,sementara,
3513,Kabupaten Probolinggo,2024,B,Pertambangan dan Penggalian,Primer,897.89,586.55,miliar rupiah,sangat_sementara,
3513,Kabupaten Probolinggo,2020,C,Industri Pengolahan,Sekunder,8372.33,5820.76,miliar rupiah,tetap,
3513,Kabupaten Probolinggo,2021,C,Industri Pengolahan,Sekunder,9170.04,6195.45,miliar rupiah,tetap,
3513,Kabupaten Probolinggo,2022,C,Industri Pengolahan,Sekunder,10127.48,6525.66,miliar rupiah,tetap,
3513,Kabupaten Probolinggo,2023,C,Industri Pengolahan,Sekunder,11317.28,6890.04,miliar rupiah,sementara,
3513,Kabupaten Probolinggo,2024,C,Industri Pengolahan,Sekunder,12495.06,7383.31,miliar rupiah,sangat_sementara,
3513,Kabupaten Probolinggo,2020,D,Pengadaan Listrik dan Gas,Sekunder,311.16,234.17,miliar rupiah,tetap,
3513,Kabupaten Probolinggo,2021,D,Pengadaan Listrik dan Gas,Sekunder,319.1,238.5,miliar rupiah,tetap,
3513,Kabupaten Probolinggo,2022,D,Pengadaan Listrik dan Gas,Sekunder,344.5,252.72,miliar rupiah,tetap,
3513,Kabupaten Probolinggo,2023,D,Pengadaan Listrik dan Gas,Sekunder,365.06,264.69,miliar rupiah,sementara,
3513,Kabupaten Probolinggo,2024,D,Pengadaan Listrik dan Gas,Sekunder,382.75,280.12,miliar rupiah,sangat_sementara,
3513,Kabupaten Probolinggo,2020,E,"Pengadaan Air, Pengelolaan Sampah, Limbah dan Daur Ulang",Sekunder,38.3,28.14,miliar rupiah,tetap,
3513,Kabupaten Probolinggo,2021,E,"Pengadaan Air, Pengelolaan Sampah, Limbah dan Daur Ulang",Sekunder,38.93,28.42,miliar rupiah,tetap,
3513,Kabupaten Probolinggo,2022,E,"Pengadaan Air, Pengelolaan Sampah, Limbah dan Daur Ulang",Sekunder,40.8,28.54,miliar rupiah,tetap,
3513,Kabupaten Probolinggo,2023,E,"Pengadaan Air, Pengelolaan Sampah, Limbah dan Daur Ulang",Sekunder,42.69,29.4,miliar rupiah,sementara,
3513,Kabupaten Probolinggo,2024,E,"Pengadaan Air, Pengelolaan Sampah, Limbah dan Daur Ulang",Sekunder,41.35,28.29,miliar rupiah,sangat_sementara,
3513,Kabupaten Probolinggo,2020,F,Konstruksi,Sekunder,2384.98,1716.92,miliar rupiah,tetap,
3513,Kabupaten Probolinggo,2021,F,Konstruksi,Sekunder,2460.63,1752.51,miliar rupiah,tetap,
3513,Kabupaten Probolinggo,2022,F,Konstruksi,Sekunder,2714.79,1879.5,miliar rupiah,tetap,
3513,Kabupaten Probolinggo,2023,F,Konstruksi,Sekunder,2955.95,1997.5,miliar rupiah,sementara,
3513,Kabupaten Probolinggo,2024,F,Konstruksi,Sekunder,3177.82,2124.92,miliar rupiah,sangat_sementara,
3513,Kabupaten Probolinggo,2020,G,Perdagangan Besar dan Eceran; Reparasi Mobil dan Sepeda Motor,Tersier,4181.95,2879.8,miliar rupiah,tetap,
3513,Kabupaten Probolinggo,2021,G,Perdagangan Besar dan Eceran; Reparasi Mobil dan Sepeda Motor,Tersier,4546.7,3059.22,miliar rupiah,tetap,
3513,Kabupaten Probolinggo,2022,G,Perdagangan Besar dan Eceran; Reparasi Mobil dan Sepeda Motor,Tersier,5063.0,3253.27,miliar rupiah,tetap,
3513,Kabupaten Probolinggo,2023,G,Perdagangan Besar dan Eceran; Reparasi Mobil dan Sepeda Motor,Tersier,5525.73,3414.49,miliar rupiah,sementara,
3513,Kabupaten Probolinggo,2024,G,Perdagangan Besar dan Eceran; Reparasi Mobil dan Sepeda Motor,Tersier,5895.53,3554.9,miliar rupiah,sangat_sementara,
3513,Kabupaten Probolinggo,2020,H,Transportasi dan Pergudangan,Tersier,327.84,212.19,miliar rupiah,tetap,
3513,Kabupaten Probolinggo,2021,H,Transportasi dan Pergudangan,Tersier,353.06,229.88,miliar rupiah,tetap,
3513,Kabupaten Probolinggo,2022,H,Transportasi dan Pergudangan,Tersier,426.68,264.48,miliar rupiah,tetap,
3513,Kabupaten Probolinggo,2023,H,Transportasi dan Pergudangan,Tersier,517.04,295.26,miliar rupiah,sementara,
3513,Kabupaten Probolinggo,2024,H,Transportasi dan Pergudangan,Tersier,585.15,331.61,miliar rupiah,sangat_sementara,
3513,Kabupaten Probolinggo,2020,I,Penyediaan Akomodasi dan Makan Minum,Tersier,537.11,330.54,miliar rupiah,tetap,
3513,Kabupaten Probolinggo,2021,I,Penyediaan Akomodasi dan Makan Minum,Tersier,573.25,337.14,miliar rupiah,tetap,
3513,Kabupaten Probolinggo,2022,I,Penyediaan Akomodasi dan Makan Minum,Tersier,670.95,380.15,miliar rupiah,tetap,
3513,Kabupaten Probolinggo,2023,I,Penyediaan Akomodasi dan Makan Minum,Tersier,742.54,401.34,miliar rupiah,sementara,
3513,Kabupaten Probolinggo,2024,I,Penyediaan Akomodasi dan Makan Minum,Tersier,803.05,426.35,miliar rupiah,sangat_sementara,
3513,Kabupaten Probolinggo,2020,J,Informasi dan Komunikasi,Tersier,982.23,889.12,miliar rupiah,tetap,
3513,Kabupaten Probolinggo,2021,J,Informasi dan Komunikasi,Tersier,1029.92,931.55,miliar rupiah,tetap,
3513,Kabupaten Probolinggo,2022,J,Informasi dan Komunikasi,Tersier,1080.23,972.95,miliar rupiah,tetap,
3513,Kabupaten Probolinggo,2023,J,Informasi dan Komunikasi,Tersier,1134.89,1015.9,miliar rupiah,sementara,
3513,Kabupaten Probolinggo,2024,J,Informasi dan Komunikasi,Tersier,1218.56,1082.22,miliar rupiah,sangat_sementara,
3513,Kabupaten Probolinggo,2020,K,Jasa Keuangan dan Asuransi,Tersier,684.8,434.01,miliar rupiah,tetap,
3513,Kabupaten Probolinggo,2021,K,Jasa Keuangan dan Asuransi,Tersier,706.44,435.37,miliar rupiah,tetap,
3513,Kabupaten Probolinggo,2022,K,Jasa Keuangan dan Asuransi,Tersier,763.28,443.38,miliar rupiah,tetap,
3513,Kabupaten Probolinggo,2023,K,Jasa Keuangan dan Asuransi,Tersier,837.89,476.36,miliar rupiah,sementara,
3513,Kabupaten Probolinggo,2024,K,Jasa Keuangan dan Asuransi,Tersier,890.18,500.52,miliar rupiah,sangat_sementara,
3513,Kabupaten Probolinggo,2020,L,Real Estate,Tersier,823.63,585.33,miliar rupiah,tetap,
3513,Kabupaten Probolinggo,2021,L,Real Estate,Tersier,835.6,590.28,miliar rupiah,tetap,
3513,Kabupaten Probolinggo,2022,L,Real Estate,Tersier,877.88,612.62,miliar rupiah,tetap,
3513,Kabupaten Probolinggo,2023,L,Real Estate,Tersier,929.4,641.45,miliar rupiah,sementara,
3513,Kabupaten Probolinggo,2024,L,Real Estate,Tersier,973.3,666.69,miliar rupiah,sangat_sementara,
3513,Kabupaten Probolinggo,2020,"M,N",Jasa Perusahaan,Tersier,121.2,73.62,miliar rupiah,tetap,
3513,Kabupaten Probolinggo,2021,"M,N",Jasa Perusahaan,Tersier,124.49,74.74,miliar rupiah,tetap,
3513,Kabupaten Probolinggo,2022,"M,N",Jasa Perusahaan,Tersier,132.71,77.96,miliar rupiah,tetap,
3513,Kabupaten Probolinggo,2023,"M,N",Jasa Perusahaan,Tersier,147.9,84.44,miliar rupiah,sementara,
3513,Kabupaten Probolinggo,2024,"M,N",Jasa Perusahaan,Tersier,166.23,91.14,miliar rupiah,sangat_sementara,
3513,Kabupaten Probolinggo,2020,O,"Administrasi Pemerintahan, Pertahanan dan Jaminan Sosial Wajib",Tersier,1183.63,718.36,miliar rupiah,tetap,
3513,Kabupaten Probolinggo,2021,O,"Administrasi Pemerintahan, Pertahanan dan Jaminan Sosial Wajib",Tersier,1172.42,715.7,miliar rupiah,tetap,
3513,Kabupaten Probolinggo,2022,O,"Administrasi Pemerintahan, Pertahanan dan Jaminan Sosial Wajib",Tersier,1206.68,723.2,miliar rupiah,tetap,
3513,Kabupaten Probolinggo,2023,O,"Administrasi Pemerintahan, Pertahanan dan Jaminan Sosial Wajib",Tersier,1269.44,729.83,miliar rupiah,sementara,
3513,Kabupaten Probolinggo,2024,O,"Administrasi Pemerintahan, Pertahanan dan Jaminan Sosial Wajib",Tersier,1423.48,782.76,miliar rupiah,sangat_sementara,
3513,Kabupaten Probolinggo,2020,P,Jasa Pendidikan,Tersier,965.26,642.0,miliar rupiah,tetap,
3513,Kabupaten Probolinggo,2021,P,Jasa Pendidikan,Tersier,967.62,647.62,miliar rupiah,tetap,
3513,Kabupaten Probolinggo,2022,P,Jasa Pendidikan,Tersier,980.54,648.09,miliar rupiah,tetap,
3513,Kabupaten Probolinggo,2023,P,Jasa Pendidikan,Tersier,1068.97,691.66,miliar rupiah,sementara,
3513,Kabupaten Probolinggo,2024,P,Jasa Pendidikan,Tersier,1132.01,724.42,miliar rupiah,sangat_sementara,
3513,Kabupaten Probolinggo,2020,Q,Jasa Kesehatan dan Kegiatan Sosial,Tersier,230.37,166.98,miliar rupiah,tetap,
3513,Kabupaten Probolinggo,2021,Q,Jasa Kesehatan dan Kegiatan Sosial,Tersier,244.98,174.9,miliar rupiah,tetap,
3513,Kabupaten Probolinggo,2022,Q,Jasa Kesehatan dan Kegiatan Sosial,Tersier,261.37,181.13,miliar rupiah,tetap,
3513,Kabupaten Probolinggo,2023,Q,Jasa Kesehatan dan Kegiatan Sosial,Tersier,269.97,183.25,miliar rupiah,sementara,
3513,Kabupaten Probolinggo,2024,Q,Jasa Kesehatan dan Kegiatan Sosial,Tersier,285.13,191.5,miliar rupiah,sangat_sementara,
3513,Kabupaten Probolinggo,2020,"R,S,T,U",Jasa Lainnya,Tersier,540.73,392.85,miliar rupiah,tetap,
3513,Kabupaten Probolinggo,2021,"R,S,T,U",Jasa Lainnya,Tersier,573.41,404.65,miliar rupiah,tetap,
3513,Kabupaten Probolinggo,2022,"R,S,T,U",Jasa Lainnya,Tersier,698.12,471.47,miliar rupiah,tetap,
3513,Kabupaten Probolinggo,2023,"R,S,T,U",Jasa Lainnya,Tersier,731.04,477.13,miliar rupiah,sementara,
3513,Kabupaten Probolinggo,2024,"R,S,T,U",Jasa Lainnya,Tersier,806.41,514.21,miliar rupiah,sangat_sementara,
3514,Kabupaten Pasuruan,2020,A,"Pertanian, Kehutanan, dan Perikanan",Primer,9876.59,5929.36,miliar rupiah,tetap,
3514,Kabupaten Pasuruan,2021,A,"Pertanian, Kehutanan, dan Perikanan",Primer,9798.7,5782.67,miliar rupiah,tetap,
3514,Kabupaten Pasuruan,2022,A,"Pertanian, Kehutanan, dan Perikanan",Primer,10376.35,5806.22,miliar rupiah,tetap,
3514,Kabupaten Pasuruan,2023,A,"Pertanian, Kehutanan, dan Perikanan",Primer,11061.77,5890.84,miliar rupiah,sementara,
3514,Kabupaten Pasuruan,2024,A,"Pertanian, Kehutanan, dan Perikanan",Primer,11551.4,5933.43,miliar rupiah,sangat_sementara,
3514,Kabupaten Pasuruan,2020,B,Pertambangan dan Penggalian,Primer,761.53,478.62,miliar rupiah,tetap,
3514,Kabupaten Pasuruan,2021,B,Pertambangan dan Penggalian,Primer,799.74,481.52,miliar rupiah,tetap,
3514,Kabupaten Pasuruan,2022,B,Pertambangan dan Penggalian,Primer,860.8,501.67,miliar rupiah,tetap,
3514,Kabupaten Pasuruan,2023,B,Pertambangan dan Penggalian,Primer,919.5,521.68,miliar rupiah,sementara,
3514,Kabupaten Pasuruan,2024,B,Pertambangan dan Penggalian,Primer,955.07,538.33,miliar rupiah,sangat_sementara,
3514,Kabupaten Pasuruan,2020,C,Industri Pengolahan,Sekunder,85852.14,61896.36,miliar rupiah,tetap,
3514,Kabupaten Pasuruan,2021,C,Industri Pengolahan,Sekunder,94684.82,65160.42,miliar rupiah,tetap,
3514,Kabupaten Pasuruan,2022,C,Industri Pengolahan,Sekunder,104311.47,68682.59,miliar rupiah,tetap,
3514,Kabupaten Pasuruan,2023,C,Industri Pengolahan,Sekunder,112943.75,72106.24,miliar rupiah,sementara,
3514,Kabupaten Pasuruan,2024,C,Industri Pengolahan,Sekunder,122303.85,76047.36,miliar rupiah,sangat_sementara,
3514,Kabupaten Pasuruan,2020,D,Pengadaan Listrik dan Gas,Sekunder,1236.93,738.42,miliar rupiah,tetap,
3514,Kabupaten Pasuruan,2021,D,Pengadaan Listrik dan Gas,Sekunder,1366.25,771.71,miliar rupiah,tetap,
3514,Kabupaten Pasuruan,2022,D,Pengadaan Listrik dan Gas,Sekunder,1505.8,835.45,miliar rupiah,tetap,
3514,Kabupaten Pasuruan,2023,D,Pengadaan Listrik dan Gas,Sekunder,1968.91,1076.12,miliar rupiah,sementara,
3514,Kabupaten Pasuruan,2024,D,Pengadaan Listrik dan Gas,Sekunder,2183.2,1176.69,miliar rupiah,sangat_sementara,
3514,Kabupaten Pasuruan,2020,E,"Pengadaan Air, Pengelolaan Sampah, Limbah dan Daur Ulang",Sekunder,49.12,37.93,miliar rupiah,tetap,
3514,Kabupaten Pasuruan,2021,E,"Pengadaan Air, Pengelolaan Sampah, Limbah dan Daur Ulang",Sekunder,52.8,39.94,miliar rupiah,tetap,
3514,Kabupaten Pasuruan,2022,E,"Pengadaan Air, Pengelolaan Sampah, Limbah dan Daur Ulang",Sekunder,55.23,40.36,miliar rupiah,tetap,
3514,Kabupaten Pasuruan,2023,E,"Pengadaan Air, Pengelolaan Sampah, Limbah dan Daur Ulang",Sekunder,58.97,42.44,miliar rupiah,sementara,
3514,Kabupaten Pasuruan,2024,E,"Pengadaan Air, Pengelolaan Sampah, Limbah dan Daur Ulang",Sekunder,63.32,45.29,miliar rupiah,sangat_sementara,
3514,Kabupaten Pasuruan,2020,F,Konstruksi,Sekunder,17378.76,11894.9,miliar rupiah,tetap,
3514,Kabupaten Pasuruan,2021,F,Konstruksi,Sekunder,17599.63,11932.55,miliar rupiah,tetap,
3514,Kabupaten Pasuruan,2022,F,Konstruksi,Sekunder,19138.65,12515.61,miliar rupiah,tetap,
3514,Kabupaten Pasuruan,2023,F,Konstruksi,Sekunder,20100.47,13087.01,miliar rupiah,sementara,
3514,Kabupaten Pasuruan,2024,F,Konstruksi,Sekunder,21431.59,13761.33,miliar rupiah,sangat_sementara,
3514,Kabupaten Pasuruan,2020,G,Perdagangan Besar dan Eceran; Reparasi Mobil dan Sepeda Motor,Tersier,13466.65,9734.81,miliar rupiah,tetap,
3514,Kabupaten Pasuruan,2021,G,Perdagangan Besar dan Eceran; Reparasi Mobil dan Sepeda Motor,Tersier,15066.46,10618.74,miliar rupiah,tetap,
3514,Kabupaten Pasuruan,2022,G,Perdagangan Besar dan Eceran; Reparasi Mobil dan Sepeda Motor,Tersier,17009.29,11359.79,miliar rupiah,tetap,
3514,Kabupaten Pasuruan,2023,G,Perdagangan Besar dan Eceran; Reparasi Mobil dan Sepeda Motor,Tersier,18580.46,12013.64,miliar rupiah,sementara,
3514,Kabupaten Pasuruan,2024,G,Perdagangan Besar dan Eceran; Reparasi Mobil dan Sepeda Motor,Tersier,19816.09,12554.92,miliar rupiah,sangat_sementara,
3514,Kabupaten Pasuruan,2020,H,Transportasi dan Pergudangan,Tersier,948.5,637.61,miliar rupiah,tetap,
3514,Kabupaten Pasuruan,2021,H,Transportasi dan Pergudangan,Tersier,1011.6,677.82,miliar rupiah,tetap,
3514,Kabupaten Pasuruan,2022,H,Transportasi dan Pergudangan,Tersier,1217.36,774.0,miliar rupiah,tetap,
3514,Kabupaten Pasuruan,2023,H,Transportasi dan Pergudangan,Tersier,1456.66,854.58,miliar rupiah,sementara,
3514,Kabupaten Pasuruan,2024,H,Transportasi dan Pergudangan,Tersier,1615.7,941.03,miliar rupiah,sangat_sementara,
3514,Kabupaten Pasuruan,2020,I,Penyediaan Akomodasi dan Makan Minum,Tersier,5057.26,3313.86,miliar rupiah,tetap,
3514,Kabupaten Pasuruan,2021,I,Penyediaan Akomodasi dan Makan Minum,Tersier,5392.08,3384.03,miliar rupiah,tetap,
3514,Kabupaten Pasuruan,2022,I,Penyediaan Akomodasi dan Makan Minum,Tersier,6185.84,3736.13,miliar rupiah,tetap,
3514,Kabupaten Pasuruan,2023,I,Penyediaan Akomodasi dan Makan Minum,Tersier,6964.2,4062.31,miliar rupiah,sementara,
3514,Kabupaten Pasuruan,2024,I,Penyediaan Akomodasi dan Makan Minum,Tersier,7624.51,4346.28,miliar rupiah,sangat_sementara,
3514,Kabupaten Pasuruan,2020,J,Informasi dan Komunikasi,Tersier,4196.67,3890.57,miliar rupiah,tetap,
3514,Kabupaten Pasuruan,2021,J,Informasi dan Komunikasi,Tersier,4462.85,4135.45,miliar rupiah,tetap,
3514,Kabupaten Pasuruan,2022,J,Informasi dan Komunikasi,Tersier,4704.26,4314.99,miliar rupiah,tetap,
3514,Kabupaten Pasuruan,2023,J,Informasi dan Komunikasi,Tersier,5061.35,4615.67,miliar rupiah,sementara,
3514,Kabupaten Pasuruan,2024,J,Informasi dan Komunikasi,Tersier,5518.31,4979.01,miliar rupiah,sangat_sementara,
3514,Kabupaten Pasuruan,2020,K,Jasa Keuangan dan Asuransi,Tersier,1207.45,789.72,miliar rupiah,tetap,
3514,Kabupaten Pasuruan,2021,K,Jasa Keuangan dan Asuransi,Tersier,1261.3,797.35,miliar rupiah,tetap,
3514,Kabupaten Pasuruan,2022,K,Jasa Keuangan dan Asuransi,Tersier,1350.62,806.68,miliar rupiah,tetap,
3514,Kabupaten Pasuruan,2023,K,Jasa Keuangan dan Asuransi,Tersier,1426.02,834.82,miliar rupiah,sementara,
3514,Kabupaten Pasuruan,2024,K,Jasa Keuangan dan Asuransi,Tersier,1514.33,872.36,miliar rupiah,sangat_sementara,
3514,Kabupaten Pasuruan,2020,L,Real Estate,Tersier,1080.58,784.88,miliar rupiah,tetap,
3514,Kabupaten Pasuruan,2021,L,Real Estate,Tersier,1101.95,794.73,miliar rupiah,tetap,
3514,Kabupaten Pasuruan,2022,L,Real Estate,Tersier,1156.18,827.92,miliar rupiah,tetap,
3514,Kabupaten Pasuruan,2023,L,Real Estate,Tersier,1205.17,854.69,miliar rupiah,sementara,
3514,Kabupaten Pasuruan,2024,L,Real Estate,Tersier,1252.37,882.53,miliar rupiah,sangat_sementara,
3514,Kabupaten Pasuruan,2020,"M,N",Jasa Perusahaan,Tersier,156.58,100.03,miliar rupiah,tetap,
3514,Kabupaten Pasuruan,2021,"M,N",Jasa Perusahaan,Tersier,163.79,101.71,miliar rupiah,tetap,
3514,Kabupaten Pasuruan,2022,"M,N",Jasa Perusahaan,Tersier,171.61,104.36,miliar rupiah,tetap,
3514,Kabupaten Pasuruan,2023,"M,N",Jasa Perusahaan,Tersier,186.21,111.11,miliar rupiah,sementara,
3514,Kabupaten Pasuruan,2024,"M,N",Jasa Perusahaan,Tersier,201.13,117.94,miliar rupiah,sangat_sementara,
3514,Kabupaten Pasuruan,2020,O,"Administrasi Pemerintahan, Pertahanan dan Jaminan Sosial Wajib",Tersier,1761.72,1081.36,miliar rupiah,tetap,
3514,Kabupaten Pasuruan,2021,O,"Administrasi Pemerintahan, Pertahanan dan Jaminan Sosial Wajib",Tersier,1734.6,1070.13,miliar rupiah,tetap,
3514,Kabupaten Pasuruan,2022,O,"Administrasi Pemerintahan, Pertahanan dan Jaminan Sosial Wajib",Tersier,1732.93,1050.53,miliar rupiah,tetap,
3514,Kabupaten Pasuruan,2023,O,"Administrasi Pemerintahan, Pertahanan dan Jaminan Sosial Wajib",Tersier,1850.45,1059.46,miliar rupiah,sementara,
3514,Kabupaten Pasuruan,2024,O,"Administrasi Pemerintahan, Pertahanan dan Jaminan Sosial Wajib",Tersier,2119.63,1139.23,miliar rupiah,sangat_sementara,
3514,Kabupaten Pasuruan,2020,P,Jasa Pendidikan,Tersier,1060.87,732.24,miliar rupiah,tetap,
3514,Kabupaten Pasuruan,2021,P,Jasa Pendidikan,Tersier,1056.3,731.02,miliar rupiah,tetap,
3514,Kabupaten Pasuruan,2022,P,Jasa Pendidikan,Tersier,1054.96,723.97,miliar rupiah,tetap,
3514,Kabupaten Pasuruan,2023,P,Jasa Pendidikan,Tersier,1115.82,746.43,miliar rupiah,sementara,
3514,Kabupaten Pasuruan,2024,P,Jasa Pendidikan,Tersier,1206.82,786.5,miliar rupiah,sangat_sementara,
3514,Kabupaten Pasuruan,2020,Q,Jasa Kesehatan dan Kegiatan Sosial,Tersier,248.96,185.99,miliar rupiah,tetap,
3514,Kabupaten Pasuruan,2021,Q,Jasa Kesehatan dan Kegiatan Sosial,Tersier,262.3,194.18,miliar rupiah,tetap,
3514,Kabupaten Pasuruan,2022,Q,Jasa Kesehatan dan Kegiatan Sosial,Tersier,281.45,202.81,miliar rupiah,tetap,
3514,Kabupaten Pasuruan,2023,Q,Jasa Kesehatan dan Kegiatan Sosial,Tersier,300.42,210.93,miliar rupiah,sementara,
3514,Kabupaten Pasuruan,2024,Q,Jasa Kesehatan dan Kegiatan Sosial,Tersier,322.34,222.42,miliar rupiah,sangat_sementara,
3514,Kabupaten Pasuruan,2020,"R,S,T,U",Jasa Lainnya,Tersier,1251.72,926.13,miliar rupiah,tetap,
3514,Kabupaten Pasuruan,2021,"R,S,T,U",Jasa Lainnya,Tersier,1335.56,956.3,miliar rupiah,tetap,
3514,Kabupaten Pasuruan,2022,"R,S,T,U",Jasa Lainnya,Tersier,1541.35,1068.99,miliar rupiah,tetap,
3514,Kabupaten Pasuruan,2023,"R,S,T,U",Jasa Lainnya,Tersier,1746.03,1164.58,miliar rupiah,sementara,
3514,Kabupaten Pasuruan,2024,"R,S,T,U",Jasa Lainnya,Tersier,1985.48,1278.18,miliar rupiah,sangat_sementara,
3515,Kabupaten Sidoarjo,2020,A,"Pertanian, Kehutanan, dan Perikanan",Primer,4431.85,2628.5,miliar rupiah,tetap,
3515,Kabupaten Sidoarjo,2021,A,"Pertanian, Kehutanan, dan Perikanan",Primer,4478.98,2626.37,miliar rupiah,tetap,
3515,Kabupaten Sidoarjo,2022,A,"Pertanian, Kehutanan, dan Perikanan",Primer,4855.63,2686.06,miliar rupiah,tetap,
3515,Kabupaten Sidoarjo,2023,A,"Pertanian, Kehutanan, dan Perikanan",Primer,5159.73,2730.83,miliar rupiah,sementara,
3515,Kabupaten Sidoarjo,2024,A,"Pertanian, Kehutanan, dan Perikanan",Primer,5291.45,2766.84,miliar rupiah,sangat_sementara,
3515,Kabupaten Sidoarjo,2020,B,Pertambangan dan Penggalian,Primer,123.9,110.22,miliar rupiah,tetap,
3515,Kabupaten Sidoarjo,2021,B,Pertambangan dan Penggalian,Primer,137.42,101.68,miliar rupiah,tetap,
3515,Kabupaten Sidoarjo,2022,B,Pertambangan dan Penggalian,Primer,99.6,53.15,miliar rupiah,tetap,
3515,Kabupaten Sidoarjo,2023,B,Pertambangan dan Penggalian,Primer,74.26,42.92,miliar rupiah,sementara,
3515,Kabupaten Sidoarjo,2024,B,Pertambangan dan Penggalian,Primer,70.13,40.6,miliar rupiah,sangat_sementara,
3515,Kabupaten Sidoarjo,2020,C,Industri Pengolahan,Sekunder,100918.68,72546.48,miliar rupiah,tetap,
3515,Kabupaten Sidoarjo,2021,C,Industri Pengolahan,Sekunder,109461.9,76097.88,miliar rupiah,tetap,
3515,Kabupaten Sidoarjo,2022,C,Industri Pengolahan,Sekunder,122667.84,80337.56,miliar rupiah,tetap,
3515,Kabupaten Sidoarjo,2023,C,Industri Pengolahan,Sekunder,133046.5,83869.01,miliar rupiah,sementara,
3515,Kabupaten Sidoarjo,2024,C,Industri Pengolahan,Sekunder,144199.37,88214.37,miliar rupiah,sangat_sementara,
3515,Kabupaten Sidoarjo,2020,D,Pengadaan Listrik dan Gas,Sekunder,1666.7,1018.39,miliar rupiah,tetap,
3515,Kabupaten Sidoarjo,2021,D,Pengadaan Listrik dan Gas,Sekunder,1784.97,1078.33,miliar rupiah,tetap,
3515,Kabupaten Sidoarjo,2022,D,Pengadaan Listrik dan Gas,Sekunder,1973.52,1162.84,miliar rupiah,tetap,
3515,Kabupaten Sidoarjo,2023,D,Pengadaan Listrik dan Gas,Sekunder,2695.73,1553.23,miliar rupiah,sementara,
3515,Kabupaten Sidoarjo,2024,D,Pengadaan Listrik dan Gas,Sekunder,2939.15,1677.73,miliar rupiah,sangat_sementara,
3515,Kabupaten Sidoarjo,2020,E,"Pengadaan Air, Pengelolaan Sampah, Limbah dan Daur Ulang",Sekunder,129.32,110.15,miliar rupiah,tetap,
3515,Kabupaten Sidoarjo,2021,E,"Pengadaan Air, Pengelolaan Sampah, Limbah dan Daur Ulang",Sekunder,139.82,117.09,miliar rupiah,tetap,
3515,Kabupaten Sidoarjo,2022,E,"Pengadaan Air, Pengelolaan Sampah, Limbah dan Daur Ulang",Sekunder,142.64,118.13,miliar rupiah,tetap,
3515,Kabupaten Sidoarjo,2023,E,"Pengadaan Air, Pengelolaan Sampah, Limbah dan Daur Ulang",Sekunder,148.77,122.15,miliar rupiah,sementara,
3515,Kabupaten Sidoarjo,2024,E,"Pengadaan Air, Pengelolaan Sampah, Limbah dan Daur Ulang",Sekunder,159.41,128.34,miliar rupiah,sangat_sementara,
3515,Kabupaten Sidoarjo,2020,F,Konstruksi,Sekunder,17121.36,12221.16,miliar rupiah,tetap,
3515,Kabupaten Sidoarjo,2021,F,Konstruksi,Sekunder,16070.9,11386.68,miliar rupiah,tetap,
3515,Kabupaten Sidoarjo,2022,F,Konstruksi,Sekunder,17590.63,11903.43,miliar rupiah,tetap,
3515,Kabupaten Sidoarjo,2023,F,Konstruksi,Sekunder,18670.37,12543.43,miliar rupiah,sementara,
3515,Kabupaten Sidoarjo,2024,F,Konstruksi,Sekunder,20187.34,13332.59,miliar rupiah,sangat_sementara,
3515,Kabupaten Sidoarjo,2020,G,Perdagangan Besar dan Eceran; Reparasi Mobil dan Sepeda Motor,Tersier,31599.83,20734.15,miliar rupiah,tetap,
3515,Kabupaten Sidoarjo,2021,G,Perdagangan Besar dan Eceran; Reparasi Mobil dan Sepeda Motor,Tersier,35456.16,22721.41,miliar rupiah,tetap,
3515,Kabupaten Sidoarjo,2022,G,Perdagangan Besar dan Eceran; Reparasi Mobil dan Sepeda Motor,Tersier,40236.38,24427.44,miliar rupiah,tetap,
3515,Kabupaten Sidoarjo,2023,G,Perdagangan Besar dan Eceran; Reparasi Mobil dan Sepeda Motor,Tersier,44281.52,25886.02,miliar rupiah,sementara,
3515,Kabupaten Sidoarjo,2024,G,Perdagangan Besar dan Eceran; Reparasi Mobil dan Sepeda Motor,Tersier,47433.14,27095.27,miliar rupiah,sangat_sementara,
3515,Kabupaten Sidoarjo,2020,H,Transportasi dan Pergudangan,Tersier,14604.92,6469.62,miliar rupiah,tetap,
3515,Kabupaten Sidoarjo,2021,H,Transportasi dan Pergudangan,Tersier,15041.26,6672.86,miliar rupiah,tetap,
3515,Kabupaten Sidoarjo,2022,H,Transportasi dan Pergudangan,Tersier,27353.86,9697.07,miliar rupiah,tetap,
3515,Kabupaten Sidoarjo,2023,H,Transportasi dan Pergudangan,Tersier,37086.34,11843.89,miliar rupiah,sementara,
3515,Kabupaten Sidoarjo,2024,H,Transportasi dan Pergudangan,Tersier,41009.47,12775.82,miliar rupiah,sangat_sementara,
3515,Kabupaten Sidoarjo,2020,I,Penyediaan Akomodasi dan Makan Minum,Tersier,6733.72,4653.71,miliar rupiah,tetap,
3515,Kabupaten Sidoarjo,2021,I,Penyediaan Akomodasi dan Makan Minum,Tersier,7469.71,4922.01,miliar rupiah,tetap,
3515,Kabupaten Sidoarjo,2022,I,Penyediaan Akomodasi dan Makan Minum,Tersier,8694.51,5529.77,miliar rupiah,tetap,
3515,Kabupaten Sidoarjo,2023,I,Penyediaan Akomodasi dan Makan Minum,Tersier,9624.88,5942.85,miliar rupiah,sementara,
3515,Kabupaten Sidoarjo,2024,I,Penyediaan Akomodasi dan Makan Minum,Tersier,10697.64,6395.2,miliar rupiah,sangat_sementara,
3515,Kabupaten Sidoarjo,2020,J,Informasi dan Komunikasi,Tersier,7618.7,6739.92,miliar rupiah,tetap,
3515,Kabupaten Sidoarjo,2021,J,Informasi dan Komunikasi,Tersier,7997.72,7070.29,miliar rupiah,tetap,
3515,Kabupaten Sidoarjo,2022,J,Informasi dan Komunikasi,Tersier,8418.1,7385.98,miliar rupiah,tetap,
3515,Kabupaten Sidoarjo,2023,J,Informasi dan Komunikasi,Tersier,8957.99,7844.82,miliar rupiah,sementara,
3515,Kabupaten Sidoarjo,2024,J,Informasi dan Komunikasi,Tersier,9649.99,8353.96,miliar rupiah,sangat_sementara,
3515,Kabupaten Sidoarjo,2020,K,Jasa Keuangan dan Asuransi,Tersier,2451.7,1604.28,miliar rupiah,tetap,
3515,Kabupaten Sidoarjo,2021,K,Jasa Keuangan dan Asuransi,Tersier,2550.76,1614.91,miliar rupiah,tetap,
3515,Kabupaten Sidoarjo,2022,K,Jasa Keuangan dan Asuransi,Tersier,2860.2,1654.72,miliar rupiah,tetap,
3515,Kabupaten Sidoarjo,2023,K,Jasa Keuangan dan Asuransi,Tersier,3056.07,1728.97,miliar rupiah,sementara,
3515,Kabupaten Sidoarjo,2024,K,Jasa Keuangan dan Asuransi,Tersier,3260.96,1814.5,miliar rupiah,sangat_sementara,
3515,Kabupaten Sidoarjo,2020,L,Real Estate,Tersier,1958.76,1385.9,miliar rupiah,tetap,
3515,Kabupaten Sidoarjo,2021,L,Real Estate,Tersier,1994.61,1406.46,miliar rupiah,tetap,
3515,Kabupaten Sidoarjo,2022,L,Real Estate,Tersier,2125.95,1486.24,miliar rupiah,tetap,
3515,Kabupaten Sidoarjo,2023,L,Real Estate,Tersier,2240.1,1546.35,miliar rupiah,sementara,
3515,Kabupaten Sidoarjo,2024,L,Real Estate,Tersier,2359.18,1606.75,miliar rupiah,sangat_sementara,
3515,Kabupaten Sidoarjo,2020,"M,N",Jasa Perusahaan,Tersier,316.76,207.84,miliar rupiah,tetap,
3515,Kabupaten Sidoarjo,2021,"M,N",Jasa Perusahaan,Tersier,327.12,211.04,miliar rupiah,tetap,
3515,Kabupaten Sidoarjo,2022,"M,N",Jasa Perusahaan,Tersier,338.05,213.97,miliar rupiah,tetap,
3515,Kabupaten Sidoarjo,2023,"M,N",Jasa Perusahaan,Tersier,378.35,235.17,miliar rupiah,sementara,
3515,Kabupaten Sidoarjo,2024,"M,N",Jasa Perusahaan,Tersier,419.47,253.64,miliar rupiah,sangat_sementara,
3515,Kabupaten Sidoarjo,2020,O,"Administrasi Pemerintahan, Pertahanan dan Jaminan Sosial Wajib",Tersier,3798.25,2242.46,miliar rupiah,tetap,
3515,Kabupaten Sidoarjo,2021,O,"Administrasi Pemerintahan, Pertahanan dan Jaminan Sosial Wajib",Tersier,3881.62,2298.3,miliar rupiah,tetap,
3515,Kabupaten Sidoarjo,2022,O,"Administrasi Pemerintahan, Pertahanan dan Jaminan Sosial Wajib",Tersier,3837.05,2222.56,miliar rupiah,tetap,
3515,Kabupaten Sidoarjo,2023,O,"Administrasi Pemerintahan, Pertahanan dan Jaminan Sosial Wajib",Tersier,3963.95,2215.42,miliar rupiah,sementara,
3515,Kabupaten Sidoarjo,2024,O,"Administrasi Pemerintahan, Pertahanan dan Jaminan Sosial Wajib",Tersier,4544.97,2403.3,miliar rupiah,sangat_sementara,
3515,Kabupaten Sidoarjo,2020,P,Jasa Pendidikan,Tersier,2471.63,1685.81,miliar rupiah,tetap,
3515,Kabupaten Sidoarjo,2021,P,Jasa Pendidikan,Tersier,2479.17,1693.41,miliar rupiah,tetap,
3515,Kabupaten Sidoarjo,2022,P,Jasa Pendidikan,Tersier,2525.94,1699.49,miliar rupiah,tetap,
3515,Kabupaten Sidoarjo,2023,P,Jasa Pendidikan,Tersier,2708.26,1783.65,miliar rupiah,sementara,
3515,Kabupaten Sidoarjo,2024,P,Jasa Pendidikan,Tersier,2900.49,1867.1,miliar rupiah,sangat_sementara,
3515,Kabupaten Sidoarjo,2020,Q,Jasa Kesehatan dan Kegiatan Sosial,Tersier,679.76,497.07,miliar rupiah,tetap,
3515,Kabupaten Sidoarjo,2021,Q,Jasa Kesehatan dan Kegiatan Sosial,Tersier,729.41,519.6,miliar rupiah,tetap,
3515,Kabupaten Sidoarjo,2022,Q,Jasa Kesehatan dan Kegiatan Sosial,Tersier,763.14,526.64,miliar rupiah,tetap,
3515,Kabupaten Sidoarjo,2023,Q,Jasa Kesehatan dan Kegiatan Sosial,Tersier,800.49,536.06,miliar rupiah,sementara,
3515,Kabupaten Sidoarjo,2024,Q,Jasa Kesehatan dan Kegiatan Sosial,Tersier,858.48,565.78,miliar rupiah,sangat_sementara,
3515,Kabupaten Sidoarjo,2020,"R,S,T,U",Jasa Lainnya,Tersier,614.83,449.64,miliar rupiah,tetap,
3515,Kabupaten Sidoarjo,2021,"R,S,T,U",Jasa Lainnya,Tersier,648.64,462.02,miliar rupiah,tetap,
3515,Kabupaten Sidoarjo,2022,"R,S,T,U",Jasa Lainnya,Tersier,744.42,508.84,miliar rupiah,tetap,
3515,Kabupaten Sidoarjo,2023,"R,S,T,U",Jasa Lainnya,Tersier,804.76,525.99,miliar rupiah,sementara,
3515,Kabupaten Sidoarjo,2024,"R,S,T,U",Jasa Lainnya,Tersier,906.46,576.0,miliar rupiah,sangat_sementara,
3516,Kabupaten Mojokerto,2020,A,"Pertanian, Kehutanan, dan Perikanan",Primer,6522.87,3884.6,miliar rupiah,tetap,
3516,Kabupaten Mojokerto,2021,A,"Pertanian, Kehutanan, dan Perikanan",Primer,6687.59,3924.57,miliar rupiah,tetap,
3516,Kabupaten Mojokerto,2022,A,"Pertanian, Kehutanan, dan Perikanan",Primer,7219.8,3978.81,miliar rupiah,tetap,
3516,Kabupaten Mojokerto,2023,A,"Pertanian, Kehutanan, dan Perikanan",Primer,7905.49,4152.33,miliar rupiah,sementara,
3516,Kabupaten Mojokerto,2024,A,"Pertanian, Kehutanan, dan Perikanan",Primer,8160.98,4157.61,miliar rupiah,sangat_sementara,
3516,Kabupaten Mojokerto,2020,B,Pertambangan dan Penggalian,Primer,761.27,479.35,miliar rupiah,tetap,
3516,Kabupaten Mojokerto,2021,B,Pertambangan dan Penggalian,Primer,813.57,498.04,miliar rupiah,tetap,
3516,Kabupaten Mojokerto,2022,B,Pertambangan dan Penggalian,Primer,875.17,527.89,miliar rupiah,tetap,
3516,Kabupaten Mojokerto,2023,B,Pertambangan dan Penggalian,Primer,929.08,543.01,miliar rupiah,sementara,
3516,Kabupaten Mojokerto,2024,B,Pertambangan dan Penggalian,Primer,922.38,544.77,miliar rupiah,sangat_sementara,
3516,Kabupaten Mojokerto,2020,C,Industri Pengolahan,Sekunder,44708.44,32153.8,miliar rupiah,tetap,
3516,Kabupaten Mojokerto,2021,C,Industri Pengolahan,Sekunder,48549.56,33875.26,miliar rupiah,tetap,
3516,Kabupaten Mojokerto,2022,C,Industri Pengolahan,Sekunder,54143.77,36102.77,miliar rupiah,tetap,
3516,Kabupaten Mojokerto,2023,C,Industri Pengolahan,Sekunder,59668.59,38190.85,miliar rupiah,sementara,
3516,Kabupaten Mojokerto,2024,C,Industri Pengolahan,Sekunder,65534.97,40441.64,miliar rupiah,sangat_sementara,
3516,Kabupaten Mojokerto,2020,D,Pengadaan Listrik dan Gas,Sekunder,52.54,40.2,miliar rupiah,tetap,
3516,Kabupaten Mojokerto,2021,D,Pengadaan Listrik dan Gas,Sekunder,55.18,41.45,miliar rupiah,tetap,
3516,Kabupaten Mojokerto,2022,D,Pengadaan Listrik dan Gas,Sekunder,58.44,43.46,miliar rupiah,tetap,
3516,Kabupaten Mojokerto,2023,D,Pengadaan Listrik dan Gas,Sekunder,62.86,46.42,miliar rupiah,sementara,
3516,Kabupaten Mojokerto,2024,D,Pengadaan Listrik dan Gas,Sekunder,65.57,48.66,miliar rupiah,sangat_sementara,
3516,Kabupaten Mojokerto,2020,E,"Pengadaan Air, Pengelolaan Sampah, Limbah dan Daur Ulang",Sekunder,50.73,40.62,miliar rupiah,tetap,
3516,Kabupaten Mojokerto,2021,E,"Pengadaan Air, Pengelolaan Sampah, Limbah dan Daur Ulang",Sekunder,54.43,43.21,miliar rupiah,tetap,
3516,Kabupaten Mojokerto,2022,E,"Pengadaan Air, Pengelolaan Sampah, Limbah dan Daur Ulang",Sekunder,58.45,44.89,miliar rupiah,tetap,
3516,Kabupaten Mojokerto,2023,E,"Pengadaan Air, Pengelolaan Sampah, Limbah dan Daur Ulang",Sekunder,61.72,46.43,miliar rupiah,sementara,
3516,Kabupaten Mojokerto,2024,E,"Pengadaan Air, Pengelolaan Sampah, Limbah dan Daur Ulang",Sekunder,65.53,48.56,miliar rupiah,sangat_sementara,
3516,Kabupaten Mojokerto,2020,F,Konstruksi,Sekunder,7366.41,4897.72,miliar rupiah,tetap,
3516,Kabupaten Mojokerto,2021,F,Konstruksi,Sekunder,7270.48,4795.85,miliar rupiah,tetap,
3516,Kabupaten Mojokerto,2022,F,Konstruksi,Sekunder,7702.25,5084.02,miliar rupiah,tetap,
3516,Kabupaten Mojokerto,2023,F,Konstruksi,Sekunder,7919.04,5190.94,miliar rupiah,sementara,
3516,Kabupaten Mojokerto,2024,F,Konstruksi,Sekunder,8317.45,5356.67,miliar rupiah,sangat_sementara,
3516,Kabupaten Mojokerto,2020,G,Perdagangan Besar dan Eceran; Reparasi Mobil dan Sepeda Motor,Tersier,8254.29,5806.83,miliar rupiah,tetap,
3516,Kabupaten Mojokerto,2021,G,Perdagangan Besar dan Eceran; Reparasi Mobil dan Sepeda Motor,Tersier,8972.12,6212.46,miliar rupiah,tetap,
3516,Kabupaten Mojokerto,2022,G,Perdagangan Besar dan Eceran; Reparasi Mobil dan Sepeda Motor,Tersier,9894.8,6535.69,miliar rupiah,tetap,
3516,Kabupaten Mojokerto,2023,G,Perdagangan Besar dan Eceran; Reparasi Mobil dan Sepeda Motor,Tersier,10867.64,6916.35,miliar rupiah,sementara,
3516,Kabupaten Mojokerto,2024,G,Perdagangan Besar dan Eceran; Reparasi Mobil dan Sepeda Motor,Tersier,11707.26,7257.6,miliar rupiah,sangat_sementara,
3516,Kabupaten Mojokerto,2020,H,Transportasi dan Pergudangan,Tersier,1062.6,699.11,miliar rupiah,tetap,
3516,Kabupaten Mojokerto,2021,H,Transportasi dan Pergudangan,Tersier,1134.75,743.83,miliar rupiah,tetap,
3516,Kabupaten Mojokerto,2022,H,Transportasi dan Pergudangan,Tersier,1348.38,841.78,miliar rupiah,tetap,
3516,Kabupaten Mojokerto,2023,H,Transportasi dan Pergudangan,Tersier,1597.17,929.44,miliar rupiah,sementara,
3516,Kabupaten Mojokerto,2024,H,Transportasi dan Pergudangan,Tersier,1809.18,1042.57,miliar rupiah,sangat_sementara,
3516,Kabupaten Mojokerto,2020,I,Penyediaan Akomodasi dan Makan Minum,Tersier,1589.34,1011.49,miliar rupiah,tetap,
3516,Kabupaten Mojokerto,2021,I,Penyediaan Akomodasi dan Makan Minum,Tersier,1693.35,1045.24,miliar rupiah,tetap,
3516,Kabupaten Mojokerto,2022,I,Penyediaan Akomodasi dan Makan Minum,Tersier,1924.09,1155.07,miliar rupiah,tetap,
3516,Kabupaten Mojokerto,2023,I,Penyediaan Akomodasi dan Makan Minum,Tersier,2125.94,1225.94,miliar rupiah,sementara,
3516,Kabupaten Mojokerto,2024,I,Penyediaan Akomodasi dan Makan Minum,Tersier,2293.97,1282.5,miliar rupiah,sangat_sementara,
3516,Kabupaten Mojokerto,2020,J,Informasi dan Komunikasi,Tersier,4759.4,4230.2,miliar rupiah,tetap,
3516,Kabupaten Mojokerto,2021,J,Informasi dan Komunikasi,Tersier,4989.62,4419.2,miliar rupiah,tetap,
3516,Kabupaten Mojokerto,2022,J,Informasi dan Komunikasi,Tersier,5271.38,4629.18,miliar rupiah,tetap,
3516,Kabupaten Mojokerto,2023,J,Informasi dan Komunikasi,Tersier,5551.57,4821.64,miliar rupiah,sementara,
3516,Kabupaten Mojokerto,2024,J,Informasi dan Komunikasi,Tersier,5984.66,5135.71,miliar rupiah,sangat_sementara,
3516,Kabupaten Mojokerto,2020,K,Jasa Keuangan dan Asuransi,Tersier,1285.55,839.77,miliar rupiah,tetap,
3516,Kabupaten Mojokerto,2021,K,Jasa Keuangan dan Asuransi,Tersier,1331.08,844.33,miliar rupiah,tetap,
3516,Kabupaten Mojokerto,2022,K,Jasa Keuangan dan Asuransi,Tersier,1410.06,856.14,miliar rupiah,tetap,
3516,Kabupaten Mojokerto,2023,K,Jasa Keuangan dan Asuransi,Tersier,1501.85,898.06,miliar rupiah,sementara,
3516,Kabupaten Mojokerto,2024,K,Jasa Keuangan dan Asuransi,Tersier,1581.22,939.72,miliar rupiah,sangat_sementara,
3516,Kabupaten Mojokerto,2020,L,Real Estate,Tersier,1282.36,914.54,miliar rupiah,tetap,
3516,Kabupaten Mojokerto,2021,L,Real Estate,Tersier,1298.16,916.86,miliar rupiah,tetap,
3516,Kabupaten Mojokerto,2022,L,Real Estate,Tersier,1371.19,958.38,miliar rupiah,tetap,
3516,Kabupaten Mojokerto,2023,L,Real Estate,Tersier,1396.59,965.02,miliar rupiah,sementara,
3516,Kabupaten Mojokerto,2024,L,Real Estate,Tersier,1477.76,995.67,miliar rupiah,sangat_sementara,
3516,Kabupaten Mojokerto,2020,"M,N",Jasa Perusahaan,Tersier,131.23,85.26,miliar rupiah,tetap,
3516,Kabupaten Mojokerto,2021,"M,N",Jasa Perusahaan,Tersier,137.4,86.91,miliar rupiah,tetap,
3516,Kabupaten Mojokerto,2022,"M,N",Jasa Perusahaan,Tersier,147.24,90.96,miliar rupiah,tetap,
3516,Kabupaten Mojokerto,2023,"M,N",Jasa Perusahaan,Tersier,164.74,99.42,miliar rupiah,sementara,
3516,Kabupaten Mojokerto,2024,"M,N",Jasa Perusahaan,Tersier,181.44,107.29,miliar rupiah,sangat_sementara,
3516,Kabupaten Mojokerto,2020,O,"Administrasi Pemerintahan, Pertahanan dan Jaminan Sosial Wajib",Tersier,2033.36,1238.87,miliar rupiah,tetap,
3516,Kabupaten Mojokerto,2021,O,"Administrasi Pemerintahan, Pertahanan dan Jaminan Sosial Wajib",Tersier,2028.53,1240.75,miliar rupiah,tetap,
3516,Kabupaten Mojokerto,2022,O,"Administrasi Pemerintahan, Pertahanan dan Jaminan Sosial Wajib",Tersier,2060.97,1246.02,miliar rupiah,tetap,
3516,Kabupaten Mojokerto,2023,O,"Administrasi Pemerintahan, Pertahanan dan Jaminan Sosial Wajib",Tersier,2090.15,1245.15,miliar rupiah,sementara,
3516,Kabupaten Mojokerto,2024,O,"Administrasi Pemerintahan, Pertahanan dan Jaminan Sosial Wajib",Tersier,2301.47,1341.28,miliar rupiah,sangat_sementara,
3516,Kabupaten Mojokerto,2020,P,Jasa Pendidikan,Tersier,1105.88,771.94,miliar rupiah,tetap,
3516,Kabupaten Mojokerto,2021,P,Jasa Pendidikan,Tersier,1098.45,770.1,miliar rupiah,tetap,
3516,Kabupaten Mojokerto,2022,P,Jasa Pendidikan,Tersier,1119.88,775.42,miliar rupiah,tetap,
3516,Kabupaten Mojokerto,2023,P,Jasa Pendidikan,Tersier,1205.11,824.28,miliar rupiah,sementara,
3516,Kabupaten Mojokerto,2024,P,Jasa Pendidikan,Tersier,1289.83,873.2,miliar rupiah,sangat_sementara,
3516,Kabupaten Mojokerto,2020,Q,Jasa Kesehatan dan Kegiatan Sosial,Tersier,359.15,257.17,miliar rupiah,tetap,
3516,Kabupaten Mojokerto,2021,Q,Jasa Kesehatan dan Kegiatan Sosial,Tersier,372.14,259.41,miliar rupiah,tetap,
3516,Kabupaten Mojokerto,2022,Q,Jasa Kesehatan dan Kegiatan Sosial,Tersier,401.21,272.02,miliar rupiah,tetap,
3516,Kabupaten Mojokerto,2023,Q,Jasa Kesehatan dan Kegiatan Sosial,Tersier,441.9,292.09,miliar rupiah,sementara,
3516,Kabupaten Mojokerto,2024,Q,Jasa Kesehatan dan Kegiatan Sosial,Tersier,467.34,305.66,miliar rupiah,sangat_sementara,
3516,Kabupaten Mojokerto,2020,"R,S,T,U",Jasa Lainnya,Tersier,615.43,466.95,miliar rupiah,tetap,
3516,Kabupaten Mojokerto,2021,"R,S,T,U",Jasa Lainnya,Tersier,658.62,481.24,miliar rupiah,tetap,
3516,Kabupaten Mojokerto,2022,"R,S,T,U",Jasa Lainnya,Tersier,791.03,557.34,miliar rupiah,tetap,
3516,Kabupaten Mojokerto,2023,"R,S,T,U",Jasa Lainnya,Tersier,874.79,595.3,miliar rupiah,sementara,
3516,Kabupaten Mojokerto,2024,"R,S,T,U",Jasa Lainnya,Tersier,968.71,648.52,miliar rupiah,sangat_sementara,
3517,Kabupaten Jombang,2020,A,"Pertanian, Kehutanan, dan Perikanan",Primer,7542.46,4509.03,miliar rupiah,tetap,
3517,Kabupaten Jombang,2021,A,"Pertanian, Kehutanan, dan Perikanan",Primer,7614.5,4486.22,miliar rupiah,tetap,
3517,Kabupaten Jombang,2022,A,"Pertanian, Kehutanan, dan Perikanan",Primer,8173.14,4506.92,miliar rupiah,tetap,
3517,Kabupaten Jombang,2023,A,"Pertanian, Kehutanan, dan Perikanan",Primer,8890.46,4641.17,miliar rupiah,sementara,
3517,Kabupaten Jombang,2024,A,"Pertanian, Kehutanan, dan Perikanan",Primer,9372.38,4681.13,miliar rupiah,sangat_sementara,
3517,Kabupaten Jombang,2020,B,Pertambangan dan Penggalian,Primer,243.24,157.34,miliar rupiah,tetap,
3517,Kabupaten Jombang,2021,B,Pertambangan dan Penggalian,Primer,249.83,158.77,miliar rupiah,tetap,
3517,Kabupaten Jombang,2022,B,Pertambangan dan Penggalian,Primer,282.86,169.6,miliar rupiah,tetap,
3517,Kabupaten Jombang,2023,B,Pertambangan dan Penggalian,Primer,298.85,169.89,miliar rupiah,sementara,
3517,Kabupaten Jombang,2024,B,Pertambangan dan Penggalian,Primer,287.43,163.77,miliar rupiah,sangat_sementara,
3517,Kabupaten Jombang,2020,C,Industri Pengolahan,Sekunder,8315.68,5923.9,miliar rupiah,tetap,
3517,Kabupaten Jombang,2021,C,Industri Pengolahan,Sekunder,8684.34,6044.46,miliar rupiah,tetap,
3517,Kabupaten Jombang,2022,C,Industri Pengolahan,Sekunder,9820.44,6565.29,miliar rupiah,tetap,
3517,Kabupaten Jombang,2023,C,Industri Pengolahan,Sekunder,10920.23,7006.43,miliar rupiah,sementara,
3517,Kabupaten Jombang,2024,C,Industri Pengolahan,Sekunder,11987.05,7472.48,miliar rupiah,sangat_sementara,
3517,Kabupaten Jombang,2020,D,Pengadaan Listrik dan Gas,Sekunder,26.83,21.9,miliar rupiah,tetap,
3517,Kabupaten Jombang,2021,D,Pengadaan Listrik dan Gas,Sekunder,29.76,23.04,miliar rupiah,tetap,
3517,Kabupaten Jombang,2022,D,Pengadaan Listrik dan Gas,Sekunder,31.73,24.33,miliar rupiah,tetap,
3517,Kabupaten Jombang,2023,D,Pengadaan Listrik dan Gas,Sekunder,33.72,25.34,miliar rupiah,sementara,
3517,Kabupaten Jombang,2024,D,Pengadaan Listrik dan Gas,Sekunder,35.98,26.78,miliar rupiah,sangat_sementara,
3517,Kabupaten Jombang,2020,E,"Pengadaan Air, Pengelolaan Sampah, Limbah dan Daur Ulang",Sekunder,36.16,25.19,miliar rupiah,tetap,
3517,Kabupaten Jombang,2021,E,"Pengadaan Air, Pengelolaan Sampah, Limbah dan Daur Ulang",Sekunder,37.39,25.89,miliar rupiah,tetap,
3517,Kabupaten Jombang,2022,E,"Pengadaan Air, Pengelolaan Sampah, Limbah dan Daur Ulang",Sekunder,38.45,25.68,miliar rupiah,tetap,
3517,Kabupaten Jombang,2023,E,"Pengadaan Air, Pengelolaan Sampah, Limbah dan Daur Ulang",Sekunder,40.53,26.66,miliar rupiah,sementara,
3517,Kabupaten Jombang,2024,E,"Pengadaan Air, Pengelolaan Sampah, Limbah dan Daur Ulang",Sekunder,42.11,27.51,miliar rupiah,sangat_sementara,
3517,Kabupaten Jombang,2020,F,Konstruksi,Sekunder,4062.55,2600.7,miliar rupiah,tetap,
3517,Kabupaten Jombang,2021,F,Konstruksi,Sekunder,4262.62,2704.42,miliar rupiah,tetap,
3517,Kabupaten Jombang,2022,F,Konstruksi,Sekunder,4777.88,2892.86,miliar rupiah,tetap,
3517,Kabupaten Jombang,2023,F,Konstruksi,Sekunder,5117.83,3035.88,miliar rupiah,sementara,
3517,Kabupaten Jombang,2024,F,Konstruksi,Sekunder,5530.89,3213.59,miliar rupiah,sangat_sementara,
3517,Kabupaten Jombang,2020,G,Perdagangan Besar dan Eceran; Reparasi Mobil dan Sepeda Motor,Tersier,9043.53,6444.23,miliar rupiah,tetap,
3517,Kabupaten Jombang,2021,G,Perdagangan Besar dan Eceran; Reparasi Mobil dan Sepeda Motor,Tersier,9802.67,6851.0,miliar rupiah,tetap,
3517,Kabupaten Jombang,2022,G,Perdagangan Besar dan Eceran; Reparasi Mobil dan Sepeda Motor,Tersier,10960.69,7285.45,miliar rupiah,tetap,
3517,Kabupaten Jombang,2023,G,Perdagangan Besar dan Eceran; Reparasi Mobil dan Sepeda Motor,Tersier,11976.62,7706.43,miliar rupiah,sementara,
3517,Kabupaten Jombang,2024,G,Perdagangan Besar dan Eceran; Reparasi Mobil dan Sepeda Motor,Tersier,12749.09,8057.02,miliar rupiah,sangat_sementara,
3517,Kabupaten Jombang,2020,H,Transportasi dan Pergudangan,Tersier,472.63,322.44,miliar rupiah,tetap,
3517,Kabupaten Jombang,2021,H,Transportasi dan Pergudangan,Tersier,514.8,350.75,miliar rupiah,tetap,
3517,Kabupaten Jombang,2022,H,Transportasi dan Pergudangan,Tersier,637.61,406.29,miliar rupiah,tetap,
3517,Kabupaten Jombang,2023,H,Transportasi dan Pergudangan,Tersier,768.49,448.96,miliar rupiah,sementara,
3517,Kabupaten Jombang,2024,H,Transportasi dan Pergudangan,Tersier,866.92,499.2,miliar rupiah,sangat_sementara,
3517,Kabupaten Jombang,2020,I,Penyediaan Akomodasi dan Makan Minum,Tersier,908.5,614.13,miliar rupiah,tetap,
3517,Kabupaten Jombang,2021,I,Penyediaan Akomodasi dan Makan Minum,Tersier,959.37,622.34,miliar rupiah,tetap,
3517,Kabupaten Jombang,2022,I,Penyediaan Akomodasi dan Makan Minum,Tersier,1080.44,674.4,miliar rupiah,tetap,
3517,Kabupaten Jombang,2023,I,Penyediaan Akomodasi dan Makan Minum,Tersier,1186.84,713.75,miliar rupiah,sementara,
3517,Kabupaten Jombang,2024,I,Penyediaan Akomodasi dan Makan Minum,Tersier,1316.8,768.49,miliar rupiah,sangat_sementara,
3517,Kabupaten Jombang,2020,J,Informasi dan Komunikasi,Tersier,2773.88,2434.98,miliar rupiah,tetap,
3517,Kabupaten Jombang,2021,J,Informasi dan Komunikasi,Tersier,2939.58,2568.52,miliar rupiah,tetap,
3517,Kabupaten Jombang,2022,J,Informasi dan Komunikasi,Tersier,3062.16,2658.85,miliar rupiah,tetap,
3517,Kabupaten Jombang,2023,J,Informasi dan Komunikasi,Tersier,3184.86,2743.06,miliar rupiah,sementara,
3517,Kabupaten Jombang,2024,J,Informasi dan Komunikasi,Tersier,3457.8,2952.55,miliar rupiah,sangat_sementara,
3517,Kabupaten Jombang,2020,K,Jasa Keuangan dan Asuransi,Tersier,1053.73,676.53,miliar rupiah,tetap,
3517,Kabupaten Jombang,2021,K,Jasa Keuangan dan Asuransi,Tersier,1082.73,686.21,miliar rupiah,tetap,
3517,Kabupaten Jombang,2022,K,Jasa Keuangan dan Asuransi,Tersier,1170.81,697.8,miliar rupiah,tetap,
3517,Kabupaten Jombang,2023,K,Jasa Keuangan dan Asuransi,Tersier,1241.0,715.22,miliar rupiah,sementara,
3517,Kabupaten Jombang,2024,K,Jasa Keuangan dan Asuransi,Tersier,1338.51,749.44,miliar rupiah,sangat_sementara,
3517,Kabupaten Jombang,2020,L,Real Estate,Tersier,853.05,650.57,miliar rupiah,tetap,
3517,Kabupaten Jombang,2021,L,Real Estate,Tersier,876.69,667.36,miliar rupiah,tetap,
3517,Kabupaten Jombang,2022,L,Real Estate,Tersier,940.44,700.92,miliar rupiah,tetap,
3517,Kabupaten Jombang,2023,L,Real Estate,Tersier,1004.27,732.24,miliar rupiah,sementara,
3517,Kabupaten Jombang,2024,L,Real Estate,Tersier,1082.88,774.85,miliar rupiah,sangat_sementara,
3517,Kabupaten Jombang,2020,"M,N",Jasa Perusahaan,Tersier,108.03,84.19,miliar rupiah,tetap,
3517,Kabupaten Jombang,2021,"M,N",Jasa Perusahaan,Tersier,112.17,85.85,miliar rupiah,tetap,
3517,Kabupaten Jombang,2022,"M,N",Jasa Perusahaan,Tersier,123.9,91.93,miliar rupiah,tetap,
3517,Kabupaten Jombang,2023,"M,N",Jasa Perusahaan,Tersier,131.08,92.97,miliar rupiah,sementara,
3517,Kabupaten Jombang,2024,"M,N",Jasa Perusahaan,Tersier,146.99,99.48,miliar rupiah,sangat_sementara,
3517,Kabupaten Jombang,2020,O,"Administrasi Pemerintahan, Pertahanan dan Jaminan Sosial Wajib",Tersier,1324.66,892.0,miliar rupiah,tetap,
3517,Kabupaten Jombang,2021,O,"Administrasi Pemerintahan, Pertahanan dan Jaminan Sosial Wajib",Tersier,1328.91,895.79,miliar rupiah,tetap,
3517,Kabupaten Jombang,2022,O,"Administrasi Pemerintahan, Pertahanan dan Jaminan Sosial Wajib",Tersier,1384.51,904.49,miliar rupiah,tetap,
3517,Kabupaten Jombang,2023,O,"Administrasi Pemerintahan, Pertahanan dan Jaminan Sosial Wajib",Tersier,1448.48,903.93,miliar rupiah,sementara,
3517,Kabupaten Jombang,2024,O,"Administrasi Pemerintahan, Pertahanan dan Jaminan Sosial Wajib",Tersier,1638.88,974.24,miliar rupiah,sangat_sementara,
3517,Kabupaten Jombang,2020,P,Jasa Pendidikan,Tersier,2193.64,1600.17,miliar rupiah,tetap,
3517,Kabupaten Jombang,2021,P,Jasa Pendidikan,Tersier,2278.23,1649.89,miliar rupiah,tetap,
3517,Kabupaten Jombang,2022,P,Jasa Pendidikan,Tersier,2345.83,1683.51,miliar rupiah,tetap,
3517,Kabupaten Jombang,2023,P,Jasa Pendidikan,Tersier,2478.36,1756.99,miliar rupiah,sementara,
3517,Kabupaten Jombang,2024,P,Jasa Pendidikan,Tersier,2659.13,1820.34,miliar rupiah,sangat_sementara,
3517,Kabupaten Jombang,2020,Q,Jasa Kesehatan dan Kegiatan Sosial,Tersier,380.64,290.39,miliar rupiah,tetap,
3517,Kabupaten Jombang,2021,Q,Jasa Kesehatan dan Kegiatan Sosial,Tersier,409.26,307.74,miliar rupiah,tetap,
3517,Kabupaten Jombang,2022,Q,Jasa Kesehatan dan Kegiatan Sosial,Tersier,464.92,334.26,miliar rupiah,tetap,
3517,Kabupaten Jombang,2023,Q,Jasa Kesehatan dan Kegiatan Sosial,Tersier,509.61,353.23,miliar rupiah,sementara,
3517,Kabupaten Jombang,2024,Q,Jasa Kesehatan dan Kegiatan Sosial,Tersier,548.29,372.7,miliar rupiah,sangat_sementara,
3517,Kabupaten Jombang,2020,"R,S,T,U",Jasa Lainnya,Tersier,531.71,409.91,miliar rupiah,tetap,
3517,Kabupaten Jombang,2021,"R,S,T,U",Jasa Lainnya,Tersier,564.39,425.2,miliar rupiah,tetap,
3517,Kabupaten Jombang,2022,"R,S,T,U",Jasa Lainnya,Tersier,639.84,463.61,miliar rupiah,tetap,
3517,Kabupaten Jombang,2023,"R,S,T,U",Jasa Lainnya,Tersier,753.27,530.61,miliar rupiah,sementara,
3517,Kabupaten Jombang,2024,"R,S,T,U",Jasa Lainnya,Tersier,837.78,576.91,miliar rupiah,sangat_sementara,
3518,Kabupaten Nganjuk,2020,A,"Pertanian, Kehutanan, dan Perikanan",Primer,7767.69,5031.96,miliar rupiah,tetap,
3518,Kabupaten Nganjuk,2021,A,"Pertanian, Kehutanan, dan Perikanan",Primer,7950.25,5115.75,miliar rupiah,tetap,
3518,Kabupaten Nganjuk,2022,A,"Pertanian, Kehutanan, dan Perikanan",Primer,8422.27,5090.06,miliar rupiah,tetap,
3518,Kabupaten Nganjuk,2023,A,"Pertanian, Kehutanan, dan Perikanan",Primer,9189.53,5326.24,miliar rupiah,sementara,
3518,Kabupaten Nganjuk,2024,A,"Pertanian, Kehutanan, dan Perikanan",Primer,9761.2,5410.04,miliar rupiah,sangat_sementara,
3518,Kabupaten Nganjuk,2020,B,Pertambangan dan Penggalian,Primer,509.71,324.51,miliar rupiah,tetap,
3518,Kabupaten Nganjuk,2021,B,Pertambangan dan Penggalian,Primer,533.88,330.48,miliar rupiah,tetap,
3518,Kabupaten Nganjuk,2022,B,Pertambangan dan Penggalian,Primer,575.58,348.62,miliar rupiah,tetap,
3518,Kabupaten Nganjuk,2023,B,Pertambangan dan Penggalian,Primer,632.5,370.53,miliar rupiah,sementara,
3518,Kabupaten Nganjuk,2024,B,Pertambangan dan Penggalian,Primer,663.9,387.21,miliar rupiah,sangat_sementara,
3518,Kabupaten Nganjuk,2020,C,Industri Pengolahan,Sekunder,3783.71,2575.94,miliar rupiah,tetap,
3518,Kabupaten Nganjuk,2021,C,Industri Pengolahan,Sekunder,4188.85,2731.33,miliar rupiah,tetap,
3518,Kabupaten Nganjuk,2022,C,Industri Pengolahan,Sekunder,4897.91,3050.73,miliar rupiah,tetap,
3518,Kabupaten Nganjuk,2023,C,Industri Pengolahan,Sekunder,5368.78,3209.25,miliar rupiah,sementara,
3518,Kabupaten Nganjuk,2024,C,Industri Pengolahan,Sekunder,5916.48,3423.41,miliar rupiah,sangat_sementara,
3518,Kabupaten Nganjuk,2020,D,Pengadaan Listrik dan Gas,Sekunder,13.02,9.26,miliar rupiah,tetap,
3518,Kabupaten Nganjuk,2021,D,Pengadaan Listrik dan Gas,Sekunder,13.78,9.54,miliar rupiah,tetap,
3518,Kabupaten Nganjuk,2022,D,Pengadaan Listrik dan Gas,Sekunder,15.02,10.25,miliar rupiah,tetap,
3518,Kabupaten Nganjuk,2023,D,Pengadaan Listrik dan Gas,Sekunder,16.57,11.12,miliar rupiah,sementara,
3518,Kabupaten Nganjuk,2024,D,Pengadaan Listrik dan Gas,Sekunder,17.55,11.67,miliar rupiah,sangat_sementara,
3518,Kabupaten Nganjuk,2020,E,"Pengadaan Air, Pengelolaan Sampah, Limbah dan Daur Ulang",Sekunder,29.96,21.81,miliar rupiah,tetap,
3518,Kabupaten Nganjuk,2021,E,"Pengadaan Air, Pengelolaan Sampah, Limbah dan Daur Ulang",Sekunder,32.39,23.2,miliar rupiah,tetap,
3518,Kabupaten Nganjuk,2022,E,"Pengadaan Air, Pengelolaan Sampah, Limbah dan Daur Ulang",Sekunder,35.51,24.66,miliar rupiah,tetap,
3518,Kabupaten Nganjuk,2023,E,"Pengadaan Air, Pengelolaan Sampah, Limbah dan Daur Ulang",Sekunder,37.37,25.55,miliar rupiah,sementara,
3518,Kabupaten Nganjuk,2024,E,"Pengadaan Air, Pengelolaan Sampah, Limbah dan Daur Ulang",Sekunder,39.26,26.49,miliar rupiah,sangat_sementara,
3518,Kabupaten Nganjuk,2020,F,Konstruksi,Sekunder,2742.97,1764.06,miliar rupiah,tetap,
3518,Kabupaten Nganjuk,2021,F,Konstruksi,Sekunder,2870.14,1816.23,miliar rupiah,tetap,
3518,Kabupaten Nganjuk,2022,F,Konstruksi,Sekunder,3274.8,1954.9,miliar rupiah,tetap,
3518,Kabupaten Nganjuk,2023,F,Konstruksi,Sekunder,3526.93,2069.21,miliar rupiah,sementara,
3518,Kabupaten Nganjuk,2024,F,Konstruksi,Sekunder,3822.46,2207.35,miliar rupiah,sangat_sementara,
3518,Kabupaten Nganjuk,2020,G,Perdagangan Besar dan Eceran; Reparasi Mobil dan Sepeda Motor,Tersier,5206.09,3606.88,miliar rupiah,tetap,
3518,Kabupaten Nganjuk,2021,G,Perdagangan Besar dan Eceran; Reparasi Mobil dan Sepeda Motor,Tersier,5636.35,3799.33,miliar rupiah,tetap,
3518,Kabupaten Nganjuk,2022,G,Perdagangan Besar dan Eceran; Reparasi Mobil dan Sepeda Motor,Tersier,6235.16,3999.52,miliar rupiah,tetap,
3518,Kabupaten Nganjuk,2023,G,Perdagangan Besar dan Eceran; Reparasi Mobil dan Sepeda Motor,Tersier,6840.49,4230.39,miliar rupiah,sementara,
3518,Kabupaten Nganjuk,2024,G,Perdagangan Besar dan Eceran; Reparasi Mobil dan Sepeda Motor,Tersier,7292.81,4437.79,miliar rupiah,sangat_sementara,
3518,Kabupaten Nganjuk,2020,H,Transportasi dan Pergudangan,Tersier,407.62,276.17,miliar rupiah,tetap,
3518,Kabupaten Nganjuk,2021,H,Transportasi dan Pergudangan,Tersier,450.61,303.22,miliar rupiah,tetap,
3518,Kabupaten Nganjuk,2022,H,Transportasi dan Pergudangan,Tersier,552.98,351.15,miliar rupiah,tetap,
3518,Kabupaten Nganjuk,2023,H,Transportasi dan Pergudangan,Tersier,682.5,393.85,miliar rupiah,sementara,
3518,Kabupaten Nganjuk,2024,H,Transportasi dan Pergudangan,Tersier,773.76,438.14,miliar rupiah,sangat_sementara,
3518,Kabupaten Nganjuk,2020,I,Penyediaan Akomodasi dan Makan Minum,Tersier,496.89,343.73,miliar rupiah,tetap,
3518,Kabupaten Nganjuk,2021,I,Penyediaan Akomodasi dan Makan Minum,Tersier,540.96,360.52,miliar rupiah,tetap,
3518,Kabupaten Nganjuk,2022,I,Penyediaan Akomodasi dan Makan Minum,Tersier,596.76,386.82,miliar rupiah,tetap,
3518,Kabupaten Nganjuk,2023,I,Penyediaan Akomodasi dan Makan Minum,Tersier,677.08,421.05,miliar rupiah,sementara,
3518,Kabupaten Nganjuk,2024,I,Penyediaan Akomodasi dan Makan Minum,Tersier,744.1,454.1,miliar rupiah,sangat_sementara,
3518,Kabupaten Nganjuk,2020,J,Informasi dan Komunikasi,Tersier,1254.05,1071.74,miliar rupiah,tetap,
3518,Kabupaten Nganjuk,2021,J,Informasi dan Komunikasi,Tersier,1334.42,1138.12,miliar rupiah,tetap,
3518,Kabupaten Nganjuk,2022,J,Informasi dan Komunikasi,Tersier,1426.8,1200.32,miliar rupiah,tetap,
3518,Kabupaten Nganjuk,2023,J,Informasi dan Komunikasi,Tersier,1544.36,1284.07,miliar rupiah,sementara,
3518,Kabupaten Nganjuk,2024,J,Informasi dan Komunikasi,Tersier,1696.73,1376.6,miliar rupiah,sangat_sementara,
3518,Kabupaten Nganjuk,2020,K,Jasa Keuangan dan Asuransi,Tersier,590.47,427.5,miliar rupiah,tetap,
3518,Kabupaten Nganjuk,2021,K,Jasa Keuangan dan Asuransi,Tersier,614.31,429.85,miliar rupiah,tetap,
3518,Kabupaten Nganjuk,2022,K,Jasa Keuangan dan Asuransi,Tersier,665.21,442.57,miliar rupiah,tetap,
3518,Kabupaten Nganjuk,2023,K,Jasa Keuangan dan Asuransi,Tersier,711.85,459.45,miliar rupiah,sementara,
3518,Kabupaten Nganjuk,2024,K,Jasa Keuangan dan Asuransi,Tersier,769.38,480.73,miliar rupiah,sangat_sementara,
3518,Kabupaten Nganjuk,2020,L,Real Estate,Tersier,461.04,334.46,miliar rupiah,tetap,
3518,Kabupaten Nganjuk,2021,L,Real Estate,Tersier,473.51,340.9,miliar rupiah,tetap,
3518,Kabupaten Nganjuk,2022,L,Real Estate,Tersier,505.35,359.49,miliar rupiah,tetap,
3518,Kabupaten Nganjuk,2023,L,Real Estate,Tersier,527.27,370.76,miliar rupiah,sementara,
3518,Kabupaten Nganjuk,2024,L,Real Estate,Tersier,545.5,380.52,miliar rupiah,sangat_sementara,
3518,Kabupaten Nganjuk,2020,"M,N",Jasa Perusahaan,Tersier,86.17,60.34,miliar rupiah,tetap,
3518,Kabupaten Nganjuk,2021,"M,N",Jasa Perusahaan,Tersier,88.81,61.56,miliar rupiah,tetap,
3518,Kabupaten Nganjuk,2022,"M,N",Jasa Perusahaan,Tersier,95.03,63.6,miliar rupiah,tetap,
3518,Kabupaten Nganjuk,2023,"M,N",Jasa Perusahaan,Tersier,106.44,69.3,miliar rupiah,sementara,
3518,Kabupaten Nganjuk,2024,"M,N",Jasa Perusahaan,Tersier,116.73,74.37,miliar rupiah,sangat_sementara,
3518,Kabupaten Nganjuk,2020,O,"Administrasi Pemerintahan, Pertahanan dan Jaminan Sosial Wajib",Tersier,1371.09,847.81,miliar rupiah,tetap,
3518,Kabupaten Nganjuk,2021,O,"Administrasi Pemerintahan, Pertahanan dan Jaminan Sosial Wajib",Tersier,1374.86,852.75,miliar rupiah,tetap,
3518,Kabupaten Nganjuk,2022,O,"Administrasi Pemerintahan, Pertahanan dan Jaminan Sosial Wajib",Tersier,1427.87,865.16,miliar rupiah,tetap,
3518,Kabupaten Nganjuk,2023,O,"Administrasi Pemerintahan, Pertahanan dan Jaminan Sosial Wajib",Tersier,1476.93,864.07,miliar rupiah,sementara,
3518,Kabupaten Nganjuk,2024,O,"Administrasi Pemerintahan, Pertahanan dan Jaminan Sosial Wajib",Tersier,1613.7,918.7,miliar rupiah,sangat_sementara,
3518,Kabupaten Nganjuk,2020,P,Jasa Pendidikan,Tersier,1043.12,685.04,miliar rupiah,tetap,
3518,Kabupaten Nganjuk,2021,P,Jasa Pendidikan,Tersier,1050.94,689.42,miliar rupiah,tetap,
3518,Kabupaten Nganjuk,2022,P,Jasa Pendidikan,Tersier,1075.41,695.32,miliar rupiah,tetap,
3518,Kabupaten Nganjuk,2023,P,Jasa Pendidikan,Tersier,1161.25,735.23,miliar rupiah,sementara,
3518,Kabupaten Nganjuk,2024,P,Jasa Pendidikan,Tersier,1229.19,772.32,miliar rupiah,sangat_sementara,
3518,Kabupaten Nganjuk,2020,Q,Jasa Kesehatan dan Kegiatan Sosial,Tersier,181.5,127.38,miliar rupiah,tetap,
3518,Kabupaten Nganjuk,2021,Q,Jasa Kesehatan dan Kegiatan Sosial,Tersier,195.22,134.58,miliar rupiah,tetap,
3518,Kabupaten Nganjuk,2022,Q,Jasa Kesehatan dan Kegiatan Sosial,Tersier,210.3,140.62,miliar rupiah,tetap,
3518,Kabupaten Nganjuk,2023,Q,Jasa Kesehatan dan Kegiatan Sosial,Tersier,228.27,147.14,miliar rupiah,sementara,
3518,Kabupaten Nganjuk,2024,Q,Jasa Kesehatan dan Kegiatan Sosial,Tersier,241.4,155.47,miliar rupiah,sangat_sementara,
3518,Kabupaten Nganjuk,2020,"R,S,T,U",Jasa Lainnya,Tersier,656.05,481.78,miliar rupiah,tetap,
3518,Kabupaten Nganjuk,2021,"R,S,T,U",Jasa Lainnya,Tersier,704.04,503.88,miliar rupiah,tetap,
3518,Kabupaten Nganjuk,2022,"R,S,T,U",Jasa Lainnya,Tersier,807.78,559.41,miliar rupiah,tetap,
3518,Kabupaten Nganjuk,2023,"R,S,T,U",Jasa Lainnya,Tersier,918.82,611.35,miliar rupiah,sementara,
3518,Kabupaten Nganjuk,2024,"R,S,T,U",Jasa Lainnya,Tersier,1026.41,660.01,miliar rupiah,sangat_sementara,
3519,Kabupaten Madiun,2020,A,"Pertanian, Kehutanan, dan Perikanan",Primer,5584.02,3529.16,miliar rupiah,tetap,
3519,Kabupaten Madiun,2021,A,"Pertanian, Kehutanan, dan Perikanan",Primer,5614.61,3586.51,miliar rupiah,tetap,
3519,Kabupaten Madiun,2022,A,"Pertanian, Kehutanan, dan Perikanan",Primer,5799.02,3441.31,miliar rupiah,tetap,
3519,Kabupaten Madiun,2023,A,"Pertanian, Kehutanan, dan Perikanan",Primer,6330.56,3559.14,miliar rupiah,sementara,
3519,Kabupaten Madiun,2024,A,"Pertanian, Kehutanan, dan Perikanan",Primer,6566.25,3564.27,miliar rupiah,sangat_sementara,
3519,Kabupaten Madiun,2020,B,Pertambangan dan Penggalian,Primer,171.62,117.18,miliar rupiah,tetap,
3519,Kabupaten Madiun,2021,B,Pertambangan dan Penggalian,Primer,175.49,117.14,miliar rupiah,tetap,
3519,Kabupaten Madiun,2022,B,Pertambangan dan Penggalian,Primer,184.48,119.31,miliar rupiah,tetap,
3519,Kabupaten Madiun,2023,B,Pertambangan dan Penggalian,Primer,200.73,127.56,miliar rupiah,sementara,
3519,Kabupaten Madiun,2024,B,Pertambangan dan Penggalian,Primer,203.63,129.53,miliar rupiah,sangat_sementara,
3519,Kabupaten Madiun,2020,C,Industri Pengolahan,Sekunder,2329.45,1634.42,miliar rupiah,tetap,
3519,Kabupaten Madiun,2021,C,Industri Pengolahan,Sekunder,2600.95,1745.38,miliar rupiah,tetap,
3519,Kabupaten Madiun,2022,C,Industri Pengolahan,Sekunder,3048.73,1977.63,miliar rupiah,tetap,
3519,Kabupaten Madiun,2023,C,Industri Pengolahan,Sekunder,3435.19,2145.35,miliar rupiah,sementara,
3519,Kabupaten Madiun,2024,C,Industri Pengolahan,Sekunder,3721.65,2252.74,miliar rupiah,sangat_sementara,
3519,Kabupaten Madiun,2020,D,Pengadaan Listrik dan Gas,Sekunder,18.69,13.23,miliar rupiah,tetap,
3519,Kabupaten Madiun,2021,D,Pengadaan Listrik dan Gas,Sekunder,20.01,13.85,miliar rupiah,tetap,
3519,Kabupaten Madiun,2022,D,Pengadaan Listrik dan Gas,Sekunder,21.71,14.76,miliar rupiah,tetap,
3519,Kabupaten Madiun,2023,D,Pengadaan Listrik dan Gas,Sekunder,24.02,16.03,miliar rupiah,sementara,
3519,Kabupaten Madiun,2024,D,Pengadaan Listrik dan Gas,Sekunder,25.46,16.97,miliar rupiah,sangat_sementara,
3519,Kabupaten Madiun,2020,E,"Pengadaan Air, Pengelolaan Sampah, Limbah dan Daur Ulang",Sekunder,29.36,23.81,miliar rupiah,tetap,
3519,Kabupaten Madiun,2021,E,"Pengadaan Air, Pengelolaan Sampah, Limbah dan Daur Ulang",Sekunder,31.92,25.67,miliar rupiah,tetap,
3519,Kabupaten Madiun,2022,E,"Pengadaan Air, Pengelolaan Sampah, Limbah dan Daur Ulang",Sekunder,35.22,27.52,miliar rupiah,tetap,
3519,Kabupaten Madiun,2023,E,"Pengadaan Air, Pengelolaan Sampah, Limbah dan Daur Ulang",Sekunder,37.48,28.94,miliar rupiah,sementara,
3519,Kabupaten Madiun,2024,E,"Pengadaan Air, Pengelolaan Sampah, Limbah dan Daur Ulang",Sekunder,39.56,30.18,miliar rupiah,sangat_sementara,
3519,Kabupaten Madiun,2020,F,Konstruksi,Sekunder,2358.09,1526.67,miliar rupiah,tetap,
3519,Kabupaten Madiun,2021,F,Konstruksi,Sekunder,2402.94,1538.19,miliar rupiah,tetap,
3519,Kabupaten Madiun,2022,F,Konstruksi,Sekunder,2714.59,1655.75,miliar rupiah,tetap,
3519,Kabupaten Madiun,2023,F,Konstruksi,Sekunder,2931.42,1761.01,miliar rupiah,sementara,
3519,Kabupaten Madiun,2024,F,Konstruksi,Sekunder,3146.55,1858.26,miliar rupiah,sangat_sementara,
3519,Kabupaten Madiun,2020,G,Perdagangan Besar dan Eceran; Reparasi Mobil dan Sepeda Motor,Tersier,3176.18,2171.58,miliar rupiah,tetap,
3519,Kabupaten Madiun,2021,G,Perdagangan Besar dan Eceran; Reparasi Mobil dan Sepeda Motor,Tersier,3450.45,2294.31,miliar rupiah,tetap,
3519,Kabupaten Madiun,2022,G,Perdagangan Besar dan Eceran; Reparasi Mobil dan Sepeda Motor,Tersier,3844.16,2426.48,miliar rupiah,tetap,
3519,Kabupaten Madiun,2023,G,Perdagangan Besar dan Eceran; Reparasi Mobil dan Sepeda Motor,Tersier,4208.54,2543.87,miliar rupiah,sementara,
3519,Kabupaten Madiun,2024,G,Perdagangan Besar dan Eceran; Reparasi Mobil dan Sepeda Motor,Tersier,4558.45,2691.65,miliar rupiah,sangat_sementara,
3519,Kabupaten Madiun,2020,H,Transportasi dan Pergudangan,Tersier,327.37,218.56,miliar rupiah,tetap,
3519,Kabupaten Madiun,2021,H,Transportasi dan Pergudangan,Tersier,358.65,239.16,miliar rupiah,tetap,
3519,Kabupaten Madiun,2022,H,Transportasi dan Pergudangan,Tersier,441.25,279.58,miliar rupiah,tetap,
3519,Kabupaten Madiun,2023,H,Transportasi dan Pergudangan,Tersier,531.31,309.15,miliar rupiah,sementara,
3519,Kabupaten Madiun,2024,H,Transportasi dan Pergudangan,Tersier,600.44,345.69,miliar rupiah,sangat_sementara,
3519,Kabupaten Madiun,2020,I,Penyediaan Akomodasi dan Makan Minum,Tersier,427.62,309.1,miliar rupiah,tetap,
3519,Kabupaten Madiun,2021,I,Penyediaan Akomodasi dan Makan Minum,Tersier,472.82,327.32,miliar rupiah,tetap,
3519,Kabupaten Madiun,2022,I,Penyediaan Akomodasi dan Makan Minum,Tersier,536.23,360.1,miliar rupiah,tetap,
3519,Kabupaten Madiun,2023,I,Penyediaan Akomodasi dan Makan Minum,Tersier,605.73,391.66,miliar rupiah,sementara,
3519,Kabupaten Madiun,2024,I,Penyediaan Akomodasi dan Makan Minum,Tersier,674.1,424.6,miliar rupiah,sangat_sementara,
3519,Kabupaten Madiun,2020,J,Informasi dan Komunikasi,Tersier,1344.34,1196.82,miliar rupiah,tetap,
3519,Kabupaten Madiun,2021,J,Informasi dan Komunikasi,Tersier,1420.46,1261.81,miliar rupiah,tetap,
3519,Kabupaten Madiun,2022,J,Informasi dan Komunikasi,Tersier,1508.49,1321.22,miliar rupiah,tetap,
3519,Kabupaten Madiun,2023,J,Informasi dan Komunikasi,Tersier,1613.1,1403.6,miliar rupiah,sementara,
3519,Kabupaten Madiun,2024,J,Informasi dan Komunikasi,Tersier,1702.27,1471.3,miliar rupiah,sangat_sementara,
3519,Kabupaten Madiun,2020,K,Jasa Keuangan dan Asuransi,Tersier,518.33,380.01,miliar rupiah,tetap,
3519,Kabupaten Madiun,2021,K,Jasa Keuangan dan Asuransi,Tersier,543.37,383.47,miliar rupiah,tetap,
3519,Kabupaten Madiun,2022,K,Jasa Keuangan dan Asuransi,Tersier,621.25,401.25,miliar rupiah,tetap,
3519,Kabupaten Madiun,2023,K,Jasa Keuangan dan Asuransi,Tersier,678.73,426.23,miliar rupiah,sementara,
3519,Kabupaten Madiun,2024,K,Jasa Keuangan dan Asuransi,Tersier,724.92,451.64,miliar rupiah,sangat_sementara,
3519,Kabupaten Madiun,2020,L,Real Estate,Tersier,350.01,255.85,miliar rupiah,tetap,
3519,Kabupaten Madiun,2021,L,Real Estate,Tersier,362.64,262.86,miliar rupiah,tetap,
3519,Kabupaten Madiun,2022,L,Real Estate,Tersier,385.81,277.34,miliar rupiah,tetap,
3519,Kabupaten Madiun,2023,L,Real Estate,Tersier,416.66,296.51,miliar rupiah,sementara,
3519,Kabupaten Madiun,2024,L,Real Estate,Tersier,435.65,307.23,miliar rupiah,sangat_sementara,
3519,Kabupaten Madiun,2020,"M,N",Jasa Perusahaan,Tersier,65.14,43.09,miliar rupiah,tetap,
3519,Kabupaten Madiun,2021,"M,N",Jasa Perusahaan,Tersier,67.24,43.67,miliar rupiah,tetap,
3519,Kabupaten Madiun,2022,"M,N",Jasa Perusahaan,Tersier,70.8,45.3,miliar rupiah,tetap,
3519,Kabupaten Madiun,2023,"M,N",Jasa Perusahaan,Tersier,75.96,47.0,miliar rupiah,sementara,
3519,Kabupaten Madiun,2024,"M,N",Jasa Perusahaan,Tersier,85.37,51.88,miliar rupiah,sangat_sementara,
3519,Kabupaten Madiun,2020,O,"Administrasi Pemerintahan, Pertahanan dan Jaminan Sosial Wajib",Tersier,1112.75,692.97,miliar rupiah,tetap,
3519,Kabupaten Madiun,2021,O,"Administrasi Pemerintahan, Pertahanan dan Jaminan Sosial Wajib",Tersier,1130.46,705.03,miliar rupiah,tetap,
3519,Kabupaten Madiun,2022,O,"Administrasi Pemerintahan, Pertahanan dan Jaminan Sosial Wajib",Tersier,1140.99,704.24,miliar rupiah,tetap,
3519,Kabupaten Madiun,2023,O,"Administrasi Pemerintahan, Pertahanan dan Jaminan Sosial Wajib",Tersier,1172.03,704.5,miliar rupiah,sementara,
3519,Kabupaten Madiun,2024,O,"Administrasi Pemerintahan, Pertahanan dan Jaminan Sosial Wajib",Tersier,1347.09,773.36,miliar rupiah,sangat_sementara,
3519,Kabupaten Madiun,2020,P,Jasa Pendidikan,Tersier,799.76,603.62,miliar rupiah,tetap,
3519,Kabupaten Madiun,2021,P,Jasa Pendidikan,Tersier,801.22,606.66,miliar rupiah,tetap,
3519,Kabupaten Madiun,2022,P,Jasa Pendidikan,Tersier,837.14,628.97,miliar rupiah,tetap,
3519,Kabupaten Madiun,2023,P,Jasa Pendidikan,Tersier,853.77,628.68,miliar rupiah,sementara,
3519,Kabupaten Madiun,2024,P,Jasa Pendidikan,Tersier,935.1,678.4,miliar rupiah,sangat_sementara,
3519,Kabupaten Madiun,2020,Q,Jasa Kesehatan dan Kegiatan Sosial,Tersier,170.05,131.93,miliar rupiah,tetap,
3519,Kabupaten Madiun,2021,Q,Jasa Kesehatan dan Kegiatan Sosial,Tersier,163.98,124.32,miliar rupiah,tetap,
3519,Kabupaten Madiun,2022,Q,Jasa Kesehatan dan Kegiatan Sosial,Tersier,176.21,128.71,miliar rupiah,tetap,
3519,Kabupaten Madiun,2023,Q,Jasa Kesehatan dan Kegiatan Sosial,Tersier,190.54,134.55,miliar rupiah,sementara,
3519,Kabupaten Madiun,2024,Q,Jasa Kesehatan dan Kegiatan Sosial,Tersier,200.39,140.75,miliar rupiah,sangat_sementara,
3519,Kabupaten Madiun,2020,"R,S,T,U",Jasa Lainnya,Tersier,383.78,298.12,miliar rupiah,tetap,
3519,Kabupaten Madiun,2021,"R,S,T,U",Jasa Lainnya,Tersier,407.2,307.38,miliar rupiah,tetap,
3519,Kabupaten Madiun,2022,"R,S,T,U",Jasa Lainnya,Tersier,493.28,360.17,miliar rupiah,tetap,
3519,Kabupaten Madiun,2023,"R,S,T,U",Jasa Lainnya,Tersier,527.21,372.04,miliar rupiah,sementara,
3519,Kabupaten Madiun,2024,"R,S,T,U",Jasa Lainnya,Tersier,581.68,404.75,miliar rupiah,sangat_sementara,
3520,Kabupaten Magetan,2020,A,"Pertanian, Kehutanan, dan Perikanan",Primer,5744.39,3602.28,miliar rupiah,tetap,
3520,Kabupaten Magetan,2021,A,"Pertanian, Kehutanan, dan Perikanan",Primer,5820.79,3598.98,miliar rupiah,tetap,
3520,Kabupaten Magetan,2022,A,"Pertanian, Kehutanan, dan Perikanan",Primer,6172.99,3581.05,miliar rupiah,tetap,
3520,Kabupaten Magetan,2023,A,"Pertanian, Kehutanan, dan Perikanan",Primer,6486.07,3561.69,miliar rupiah,sementara,
3520,Kabupaten Magetan,2024,A,"Pertanian, Kehutanan, dan Perikanan",Primer,6780.36,3611.95,miliar rupiah,sangat_sementara,
3520,Kabupaten Magetan,2020,B,Pertambangan dan Penggalian,Primer,268.27,176.79,miliar rupiah,tetap,
3520,Kabupaten Magetan,2021,B,Pertambangan dan Penggalian,Primer,289.32,184.43,miliar rupiah,tetap,
3520,Kabupaten Magetan,2022,B,Pertambangan dan Penggalian,Primer,296.24,185.21,miliar rupiah,tetap,
3520,Kabupaten Magetan,2023,B,Pertambangan dan Penggalian,Primer,312.41,188.5,miliar rupiah,sementara,
3520,Kabupaten Magetan,2024,B,Pertambangan dan Penggalian,Primer,312.18,188.75,miliar rupiah,sangat_sementara,
3520,Kabupaten Magetan,2020,C,Industri Pengolahan,Sekunder,2023.18,1423.4,miliar rupiah,tetap,
3520,Kabupaten Magetan,2021,C,Industri Pengolahan,Sekunder,2189.52,1497.13,miliar rupiah,tetap,
3520,Kabupaten Magetan,2022,C,Industri Pengolahan,Sekunder,2490.9,1643.91,miliar rupiah,tetap,
3520,Kabupaten Magetan,2023,C,Industri Pengolahan,Sekunder,2804.55,1790.59,miliar rupiah,sementara,
3520,Kabupaten Magetan,2024,C,Industri Pengolahan,Sekunder,3017.02,1871.18,miliar rupiah,sangat_sementara,
3520,Kabupaten Magetan,2020,D,Pengadaan Listrik dan Gas,Sekunder,10.57,8.56,miliar rupiah,tetap,
3520,Kabupaten Magetan,2021,D,Pengadaan Listrik dan Gas,Sekunder,10.84,8.74,miliar rupiah,tetap,
3520,Kabupaten Magetan,2022,D,Pengadaan Listrik dan Gas,Sekunder,11.84,9.37,miliar rupiah,tetap,
3520,Kabupaten Magetan,2023,D,Pengadaan Listrik dan Gas,Sekunder,15.26,11.88,miliar rupiah,sementara,
3520,Kabupaten Magetan,2024,D,Pengadaan Listrik dan Gas,Sekunder,16.27,12.69,miliar rupiah,sangat_sementara,
3520,Kabupaten Magetan,2020,E,"Pengadaan Air, Pengelolaan Sampah, Limbah dan Daur Ulang",Sekunder,34.48,31.98,miliar rupiah,tetap,
3520,Kabupaten Magetan,2021,E,"Pengadaan Air, Pengelolaan Sampah, Limbah dan Daur Ulang",Sekunder,36.37,33.53,miliar rupiah,tetap,
3520,Kabupaten Magetan,2022,E,"Pengadaan Air, Pengelolaan Sampah, Limbah dan Daur Ulang",Sekunder,39.95,35.43,miliar rupiah,tetap,
3520,Kabupaten Magetan,2023,E,"Pengadaan Air, Pengelolaan Sampah, Limbah dan Daur Ulang",Sekunder,41.87,36.7,miliar rupiah,sementara,
3520,Kabupaten Magetan,2024,E,"Pengadaan Air, Pengelolaan Sampah, Limbah dan Daur Ulang",Sekunder,44.41,38.8,miliar rupiah,sangat_sementara,
3520,Kabupaten Magetan,2020,F,Konstruksi,Sekunder,1438.16,1054.33,miliar rupiah,tetap,
3520,Kabupaten Magetan,2021,F,Konstruksi,Sekunder,1518.07,1102.04,miliar rupiah,tetap,
3520,Kabupaten Magetan,2022,F,Konstruksi,Sekunder,1672.7,1164.2,miliar rupiah,tetap,
3520,Kabupaten Magetan,2023,F,Konstruksi,Sekunder,1781.85,1234.66,miliar rupiah,sementara,
3520,Kabupaten Magetan,2024,F,Konstruksi,Sekunder,1923.38,1304.32,miliar rupiah,sangat_sementara,
3520,Kabupaten Magetan,2020,G,Perdagangan Besar dan Eceran; Reparasi Mobil dan Sepeda Motor,Tersier,2904.52,2080.63,miliar rupiah,tetap,
3520,Kabupaten Magetan,2021,G,Perdagangan Besar dan Eceran; Reparasi Mobil dan Sepeda Motor,Tersier,3116.12,2197.66,miliar rupiah,tetap,
3520,Kabupaten Magetan,2022,G,Perdagangan Besar dan Eceran; Reparasi Mobil dan Sepeda Motor,Tersier,3443.69,2318.35,miliar rupiah,tetap,
3520,Kabupaten Magetan,2023,G,Perdagangan Besar dan Eceran; Reparasi Mobil dan Sepeda Motor,Tersier,3765.04,2448.68,miliar rupiah,sementara,
3520,Kabupaten Magetan,2024,G,Perdagangan Besar dan Eceran; Reparasi Mobil dan Sepeda Motor,Tersier,3992.91,2560.0,miliar rupiah,sangat_sementara,
3520,Kabupaten Magetan,2020,H,Transportasi dan Pergudangan,Tersier,282.38,204.89,miliar rupiah,tetap,
3520,Kabupaten Magetan,2021,H,Transportasi dan Pergudangan,Tersier,313.07,225.45,miliar rupiah,tetap,
3520,Kabupaten Magetan,2022,H,Transportasi dan Pergudangan,Tersier,388.12,263.66,miliar rupiah,tetap,
3520,Kabupaten Magetan,2023,H,Transportasi dan Pergudangan,Tersier,471.78,292.05,miliar rupiah,sementara,
3520,Kabupaten Magetan,2024,H,Transportasi dan Pergudangan,Tersier,540.74,327.3,miliar rupiah,sangat_sementara,
3520,Kabupaten Magetan,2020,I,Penyediaan Akomodasi dan Makan Minum,Tersier,798.49,546.7,miliar rupiah,tetap,
3520,Kabupaten Magetan,2021,I,Penyediaan Akomodasi dan Makan Minum,Tersier,856.4,562.98,miliar rupiah,tetap,
3520,Kabupaten Magetan,2022,I,Penyediaan Akomodasi dan Makan Minum,Tersier,986.55,625.91,miliar rupiah,tetap,
3520,Kabupaten Magetan,2023,I,Penyediaan Akomodasi dan Makan Minum,Tersier,1140.67,698.81,miliar rupiah,sementara,
3520,Kabupaten Magetan,2024,I,Penyediaan Akomodasi dan Makan Minum,Tersier,1261.72,749.98,miliar rupiah,sangat_sementara,
3520,Kabupaten Magetan,2020,J,Informasi dan Komunikasi,Tersier,1354.16,1205.23,miliar rupiah,tetap,
3520,Kabupaten Magetan,2021,J,Informasi dan Komunikasi,Tersier,1433.28,1272.23,miliar rupiah,tetap,
3520,Kabupaten Magetan,2022,J,Informasi dan Komunikasi,Tersier,1498.05,1322.7,miliar rupiah,tetap,
3520,Kabupaten Magetan,2023,J,Informasi dan Komunikasi,Tersier,1608.73,1408.83,miliar rupiah,sementara,
3520,Kabupaten Magetan,2024,J,Informasi dan Komunikasi,Tersier,1733.24,1508.27,miliar rupiah,sangat_sementara,
3520,Kabupaten Magetan,2020,K,Jasa Keuangan dan Asuransi,Tersier,491.99,343.7,miliar rupiah,tetap,
3520,Kabupaten Magetan,2021,K,Jasa Keuangan dan Asuransi,Tersier,505.14,342.58,miliar rupiah,tetap,
3520,Kabupaten Magetan,2022,K,Jasa Keuangan dan Asuransi,Tersier,542.02,345.7,miliar rupiah,tetap,
3520,Kabupaten Magetan,2023,K,Jasa Keuangan dan Asuransi,Tersier,571.82,356.59,miliar rupiah,sementara,
3520,Kabupaten Magetan,2024,K,Jasa Keuangan dan Asuransi,Tersier,614.68,374.51,miliar rupiah,sangat_sementara,
3520,Kabupaten Magetan,2020,L,Real Estate,Tersier,270.88,201.04,miliar rupiah,tetap,
3520,Kabupaten Magetan,2021,L,Real Estate,Tersier,278.37,205.35,miliar rupiah,tetap,
3520,Kabupaten Magetan,2022,L,Real Estate,Tersier,293.66,215.25,miliar rupiah,tetap,
3520,Kabupaten Magetan,2023,L,Real Estate,Tersier,306.16,221.33,miliar rupiah,sementara,
3520,Kabupaten Magetan,2024,L,Real Estate,Tersier,318.34,227.96,miliar rupiah,sangat_sementara,
3520,Kabupaten Magetan,2020,"M,N",Jasa Perusahaan,Tersier,64.26,43.69,miliar rupiah,tetap,
3520,Kabupaten Magetan,2021,"M,N",Jasa Perusahaan,Tersier,65.97,44.14,miliar rupiah,tetap,
3520,Kabupaten Magetan,2022,"M,N",Jasa Perusahaan,Tersier,68.95,44.94,miliar rupiah,tetap,
3520,Kabupaten Magetan,2023,"M,N",Jasa Perusahaan,Tersier,76.35,48.63,miliar rupiah,sementara,
3520,Kabupaten Magetan,2024,"M,N",Jasa Perusahaan,Tersier,82.51,51.92,miliar rupiah,sangat_sementara,
3520,Kabupaten Magetan,2020,O,"Administrasi Pemerintahan, Pertahanan dan Jaminan Sosial Wajib",Tersier,1553.0,983.94,miliar rupiah,tetap,
3520,Kabupaten Magetan,2021,O,"Administrasi Pemerintahan, Pertahanan dan Jaminan Sosial Wajib",Tersier,1534.66,973.88,miliar rupiah,tetap,
3520,Kabupaten Magetan,2022,O,"Administrasi Pemerintahan, Pertahanan dan Jaminan Sosial Wajib",Tersier,1547.53,955.82,miliar rupiah,tetap,
3520,Kabupaten Magetan,2023,O,"Administrasi Pemerintahan, Pertahanan dan Jaminan Sosial Wajib",Tersier,1617.93,956.69,miliar rupiah,sementara,
3520,Kabupaten Magetan,2024,O,"Administrasi Pemerintahan, Pertahanan dan Jaminan Sosial Wajib",Tersier,1837.01,1029.1,miliar rupiah,sangat_sementara,
3520,Kabupaten Magetan,2020,P,Jasa Pendidikan,Tersier,795.68,583.3,miliar rupiah,tetap,
3520,Kabupaten Magetan,2021,P,Jasa Pendidikan,Tersier,826.59,610.02,miliar rupiah,tetap,
3520,Kabupaten Magetan,2022,P,Jasa Pendidikan,Tersier,833.6,611.18,miliar rupiah,tetap,
3520,Kabupaten Magetan,2023,P,Jasa Pendidikan,Tersier,909.61,641.35,miliar rupiah,sementara,
3520,Kabupaten Magetan,2024,P,Jasa Pendidikan,Tersier,998.94,686.34,miliar rupiah,sangat_sementara,
3520,Kabupaten Magetan,2020,Q,Jasa Kesehatan dan Kegiatan Sosial,Tersier,189.62,132.81,miliar rupiah,tetap,
3520,Kabupaten Magetan,2021,Q,Jasa Kesehatan dan Kegiatan Sosial,Tersier,203.67,140.16,miliar rupiah,tetap,
3520,Kabupaten Magetan,2022,Q,Jasa Kesehatan dan Kegiatan Sosial,Tersier,217.01,144.54,miliar rupiah,tetap,
3520,Kabupaten Magetan,2023,Q,Jasa Kesehatan dan Kegiatan Sosial,Tersier,234.27,149.49,miliar rupiah,sementara,
3520,Kabupaten Magetan,2024,Q,Jasa Kesehatan dan Kegiatan Sosial,Tersier,253.25,158.36,miliar rupiah,sangat_sementara,
3520,Kabupaten Magetan,2020,"R,S,T,U",Jasa Lainnya,Tersier,547.74,397.62,miliar rupiah,tetap,
3520,Kabupaten Magetan,2021,"R,S,T,U",Jasa Lainnya,Tersier,589.68,417.73,miliar rupiah,tetap,
3520,Kabupaten Magetan,2022,"R,S,T,U",Jasa Lainnya,Tersier,690.94,471.93,miliar rupiah,tetap,
3520,Kabupaten Magetan,2023,"R,S,T,U",Jasa Lainnya,Tersier,777.9,516.21,miliar rupiah,sementara,
3520,Kabupaten Magetan,2024,"R,S,T,U",Jasa Lainnya,Tersier,850.33,558.41,miliar rupiah,sangat_sementara,
3521,Kabupaten Ngawi,2020,A,"Pertanian, Kehutanan, dan Perikanan",Primer,7162.44,4156.11,miliar rupiah,tetap,
3521,Kabupaten Ngawi,2021,A,"Pertanian, Kehutanan, dan Perikanan",Primer,7035.25,4138.06,miliar rupiah,tetap,
3521,Kabupaten Ngawi,2022,A,"Pertanian, Kehutanan, dan Perikanan",Primer,7394.59,4061.34,miliar rupiah,tetap,
3521,Kabupaten Ngawi,2023,A,"Pertanian, Kehutanan, dan Perikanan",Primer,7991.89,4144.76,miliar rupiah,sementara,
3521,Kabupaten Ngawi,2024,A,"Pertanian, Kehutanan, dan Perikanan",Primer,8313.75,4187.11,miliar rupiah,sangat_sementara,
3521,Kabupaten Ngawi,2020,B,Pertambangan dan Penggalian,Primer,248.19,170.22,miliar rupiah,tetap,
3521,Kabupaten Ngawi,2021,B,Pertambangan dan Penggalian,Primer,258.84,172.9,miliar rupiah,tetap,
3521,Kabupaten Ngawi,2022,B,Pertambangan dan Penggalian,Primer,280.53,180.89,miliar rupiah,tetap,
3521,Kabupaten Ngawi,2023,B,Pertambangan dan Penggalian,Primer,304.66,187.73,miliar rupiah,sementara,
3521,Kabupaten Ngawi,2024,B,Pertambangan dan Penggalian,Primer,316.02,195.37,miliar rupiah,sangat_sementara,
3521,Kabupaten Ngawi,2020,C,Industri Pengolahan,Sekunder,1770.67,1150.54,miliar rupiah,tetap,
3521,Kabupaten Ngawi,2021,C,Industri Pengolahan,Sekunder,1937.59,1219.34,miliar rupiah,tetap,
3521,Kabupaten Ngawi,2022,C,Industri Pengolahan,Sekunder,2182.98,1330.57,miliar rupiah,tetap,
3521,Kabupaten Ngawi,2023,C,Industri Pengolahan,Sekunder,2401.03,1419.61,miliar rupiah,sementara,
3521,Kabupaten Ngawi,2024,C,Industri Pengolahan,Sekunder,2624.38,1506.02,miliar rupiah,sangat_sementara,
3521,Kabupaten Ngawi,2020,D,Pengadaan Listrik dan Gas,Sekunder,19.07,13.23,miliar rupiah,tetap,
3521,Kabupaten Ngawi,2021,D,Pengadaan Listrik dan Gas,Sekunder,20.2,13.8,miliar rupiah,tetap,
3521,Kabupaten Ngawi,2022,D,Pengadaan Listrik dan Gas,Sekunder,21.63,14.52,miliar rupiah,tetap,
3521,Kabupaten Ngawi,2023,D,Pengadaan Listrik dan Gas,Sekunder,23.28,15.43,miliar rupiah,sementara,
3521,Kabupaten Ngawi,2024,D,Pengadaan Listrik dan Gas,Sekunder,24.6,16.28,miliar rupiah,sangat_sementara,
3521,Kabupaten Ngawi,2020,E,"Pengadaan Air, Pengelolaan Sampah, Limbah dan Daur Ulang",Sekunder,23.69,17.74,miliar rupiah,tetap,
3521,Kabupaten Ngawi,2021,E,"Pengadaan Air, Pengelolaan Sampah, Limbah dan Daur Ulang",Sekunder,25.51,19.12,miliar rupiah,tetap,
3521,Kabupaten Ngawi,2022,E,"Pengadaan Air, Pengelolaan Sampah, Limbah dan Daur Ulang",Sekunder,26.88,19.79,miliar rupiah,tetap,
3521,Kabupaten Ngawi,2023,E,"Pengadaan Air, Pengelolaan Sampah, Limbah dan Daur Ulang",Sekunder,28.08,20.62,miliar rupiah,sementara,
3521,Kabupaten Ngawi,2024,E,"Pengadaan Air, Pengelolaan Sampah, Limbah dan Daur Ulang",Sekunder,29.74,21.64,miliar rupiah,sangat_sementara,
3521,Kabupaten Ngawi,2020,F,Konstruksi,Sekunder,1765.63,1217.05,miliar rupiah,tetap,
3521,Kabupaten Ngawi,2021,F,Konstruksi,Sekunder,1815.75,1238.48,miliar rupiah,tetap,
3521,Kabupaten Ngawi,2022,F,Konstruksi,Sekunder,2039.7,1327.31,miliar rupiah,tetap,
3521,Kabupaten Ngawi,2023,F,Konstruksi,Sekunder,2224.04,1423.04,miliar rupiah,sementara,
3521,Kabupaten Ngawi,2024,F,Konstruksi,Sekunder,2399.26,1518.7,miliar rupiah,sangat_sementara,
3521,Kabupaten Ngawi,2020,G,Perdagangan Besar dan Eceran; Reparasi Mobil dan Sepeda Motor,Tersier,3289.9,2367.55,miliar rupiah,tetap,
3521,Kabupaten Ngawi,2021,G,Perdagangan Besar dan Eceran; Reparasi Mobil dan Sepeda Motor,Tersier,3501.37,2493.22,miliar rupiah,tetap,
3521,Kabupaten Ngawi,2022,G,Perdagangan Besar dan Eceran; Reparasi Mobil dan Sepeda Motor,Tersier,3888.33,2634.35,miliar rupiah,tetap,
3521,Kabupaten Ngawi,2023,G,Perdagangan Besar dan Eceran; Reparasi Mobil dan Sepeda Motor,Tersier,4261.86,2785.26,miliar rupiah,sementara,
3521,Kabupaten Ngawi,2024,G,Perdagangan Besar dan Eceran; Reparasi Mobil dan Sepeda Motor,Tersier,4551.43,2928.03,miliar rupiah,sangat_sementara,
3521,Kabupaten Ngawi,2020,H,Transportasi dan Pergudangan,Tersier,272.73,190.69,miliar rupiah,tetap,
3521,Kabupaten Ngawi,2021,H,Transportasi dan Pergudangan,Tersier,303.64,210.51,miliar rupiah,tetap,
3521,Kabupaten Ngawi,2022,H,Transportasi dan Pergudangan,Tersier,379.31,248.34,miliar rupiah,tetap,
3521,Kabupaten Ngawi,2023,H,Transportasi dan Pergudangan,Tersier,448.26,271.41,miliar rupiah,sementara,
3521,Kabupaten Ngawi,2024,H,Transportasi dan Pergudangan,Tersier,504.18,303.6,miliar rupiah,sangat_sementara,
3521,Kabupaten Ngawi,2020,I,Penyediaan Akomodasi dan Makan Minum,Tersier,501.3,353.47,miliar rupiah,tetap,
3521,Kabupaten Ngawi,2021,I,Penyediaan Akomodasi dan Makan Minum,Tersier,548.13,369.47,miliar rupiah,tetap,
3521,Kabupaten Ngawi,2022,I,Penyediaan Akomodasi dan Makan Minum,Tersier,620.18,403.58,miliar rupiah,tetap,
3521,Kabupaten Ngawi,2023,I,Penyediaan Akomodasi dan Makan Minum,Tersier,684.56,427.38,miliar rupiah,sementara,
3521,Kabupaten Ngawi,2024,I,Penyediaan Akomodasi dan Makan Minum,Tersier,762.23,463.75,miliar rupiah,sangat_sementara,
3521,Kabupaten Ngawi,2020,J,Informasi dan Komunikasi,Tersier,1406.23,1235.96,miliar rupiah,tetap,
3521,Kabupaten Ngawi,2021,J,Informasi dan Komunikasi,Tersier,1494.95,1306.13,miliar rupiah,tetap,
3521,Kabupaten Ngawi,2022,J,Informasi dan Komunikasi,Tersier,1549.87,1338.46,miliar rupiah,tetap,
3521,Kabupaten Ngawi,2023,J,Informasi dan Komunikasi,Tersier,1631.39,1403.74,miliar rupiah,sementara,
3521,Kabupaten Ngawi,2024,J,Informasi dan Komunikasi,Tersier,1737.36,1483.79,miliar rupiah,sangat_sementara,
3521,Kabupaten Ngawi,2020,K,Jasa Keuangan dan Asuransi,Tersier,519.25,348.83,miliar rupiah,tetap,
3521,Kabupaten Ngawi,2021,K,Jasa Keuangan dan Asuransi,Tersier,538.66,349.99,miliar rupiah,tetap,
3521,Kabupaten Ngawi,2022,K,Jasa Keuangan dan Asuransi,Tersier,579.63,354.1,miliar rupiah,tetap,
3521,Kabupaten Ngawi,2023,K,Jasa Keuangan dan Asuransi,Tersier,604.15,359.95,miliar rupiah,sementara,
3521,Kabupaten Ngawi,2024,K,Jasa Keuangan dan Asuransi,Tersier,633.28,375.1,miliar rupiah,sangat_sementara,
3521,Kabupaten Ngawi,2020,L,Real Estate,Tersier,287.11,209.89,miliar rupiah,tetap,
3521,Kabupaten Ngawi,2021,L,Real Estate,Tersier,289.26,211.1,miliar rupiah,tetap,
3521,Kabupaten Ngawi,2022,L,Real Estate,Tersier,304.38,218.73,miliar rupiah,tetap,
3521,Kabupaten Ngawi,2023,L,Real Estate,Tersier,320.16,223.42,miliar rupiah,sementara,
3521,Kabupaten Ngawi,2024,L,Real Estate,Tersier,332.37,230.85,miliar rupiah,sangat_sementara,
3521,Kabupaten Ngawi,2020,"M,N",Jasa Perusahaan,Tersier,69.86,48.54,miliar rupiah,tetap,
3521,Kabupaten Ngawi,2021,"M,N",Jasa Perusahaan,Tersier,71.39,49.32,miliar rupiah,tetap,
3521,Kabupaten Ngawi,2022,"M,N",Jasa Perusahaan,Tersier,73.93,49.42,miliar rupiah,tetap,
3521,Kabupaten Ngawi,2023,"M,N",Jasa Perusahaan,Tersier,77.2,50.83,miliar rupiah,sementara,
3521,Kabupaten Ngawi,2024,"M,N",Jasa Perusahaan,Tersier,84.35,54.66,miliar rupiah,sangat_sementara,
3521,Kabupaten Ngawi,2020,O,"Administrasi Pemerintahan, Pertahanan dan Jaminan Sosial Wajib",Tersier,1135.94,708.32,miliar rupiah,tetap,
3521,Kabupaten Ngawi,2021,O,"Administrasi Pemerintahan, Pertahanan dan Jaminan Sosial Wajib",Tersier,1129.7,709.31,miliar rupiah,tetap,
3521,Kabupaten Ngawi,2022,O,"Administrasi Pemerintahan, Pertahanan dan Jaminan Sosial Wajib",Tersier,1159.57,712.63,miliar rupiah,tetap,
3521,Kabupaten Ngawi,2023,O,"Administrasi Pemerintahan, Pertahanan dan Jaminan Sosial Wajib",Tersier,1205.96,717.68,miliar rupiah,sementara,
3521,Kabupaten Ngawi,2024,O,"Administrasi Pemerintahan, Pertahanan dan Jaminan Sosial Wajib",Tersier,1361.3,769.97,miliar rupiah,sangat_sementara,
3521,Kabupaten Ngawi,2020,P,Jasa Pendidikan,Tersier,1177.73,841.72,miliar rupiah,tetap,
3521,Kabupaten Ngawi,2021,P,Jasa Pendidikan,Tersier,1171.21,845.17,miliar rupiah,tetap,
3521,Kabupaten Ngawi,2022,P,Jasa Pendidikan,Tersier,1198.43,852.44,miliar rupiah,tetap,
3521,Kabupaten Ngawi,2023,P,Jasa Pendidikan,Tersier,1293.8,902.22,miliar rupiah,sementara,
3521,Kabupaten Ngawi,2024,P,Jasa Pendidikan,Tersier,1368.71,942.62,miliar rupiah,sangat_sementara,
3521,Kabupaten Ngawi,2020,Q,Jasa Kesehatan dan Kegiatan Sosial,Tersier,204.78,144.57,miliar rupiah,tetap,
3521,Kabupaten Ngawi,2021,Q,Jasa Kesehatan dan Kegiatan Sosial,Tersier,220.45,153.25,miliar rupiah,tetap,
3521,Kabupaten Ngawi,2022,Q,Jasa Kesehatan dan Kegiatan Sosial,Tersier,232.97,156.9,miliar rupiah,tetap,
3521,Kabupaten Ngawi,2023,Q,Jasa Kesehatan dan Kegiatan Sosial,Tersier,245.91,163.16,miliar rupiah,sementara,
3521,Kabupaten Ngawi,2024,Q,Jasa Kesehatan dan Kegiatan Sosial,Tersier,259.68,171.39,miliar rupiah,sangat_sementara,
3521,Kabupaten Ngawi,2020,"R,S,T,U",Jasa Lainnya,Tersier,416.46,305.31,miliar rupiah,tetap,
3521,Kabupaten Ngawi,2021,"R,S,T,U",Jasa Lainnya,Tersier,452.57,324.3,miliar rupiah,tetap,
3521,Kabupaten Ngawi,2022,"R,S,T,U",Jasa Lainnya,Tersier,522.03,361.07,miliar rupiah,tetap,
3521,Kabupaten Ngawi,2023,"R,S,T,U",Jasa Lainnya,Tersier,578.43,388.28,miliar rupiah,sementara,
3521,Kabupaten Ngawi,2024,"R,S,T,U",Jasa Lainnya,Tersier,642.2,427.08,miliar rupiah,sangat_sementara,
3522,Kabupaten Bojonegoro,2020,A,"Pertanian, Kehutanan, dan Perikanan",Primer,9963.52,6005.31,miliar rupiah,tetap,
3522,Kabupaten Bojonegoro,2021,A,"Pertanian, Kehutanan, dan Perikanan",Primer,9856.54,5932.64,miliar rupiah,tetap,
3522,Kabupaten Bojonegoro,2022,A,"Pertanian, Kehutanan, dan Perikanan",Primer,10875.99,6097.92,miliar rupiah,tetap,
3522,Kabupaten Bojonegoro,2023,A,"Pertanian, Kehutanan, dan Perikanan",Primer,11687.85,6321.94,miliar rupiah,sementara,
3522,Kabupaten Bojonegoro,2024,A,"Pertanian, Kehutanan, dan Perikanan",Primer,12059.65,6335.68,miliar rupiah,sangat_sementara,
3522,Kabupaten Bojonegoro,2020,B,Pertambangan dan Penggalian,Primer,30507.96,41664.22,miliar rupiah,tetap,
3522,Kabupaten Bojonegoro,2021,B,Pertambangan dan Penggalian,Primer,42594.56,36827.7,miliar rupiah,tetap,
3522,Kabupaten Bojonegoro,2022,B,Pertambangan dan Penggalian,Primer,54559.34,31118.84,miliar rupiah,tetap,
3522,Kabupaten Bojonegoro,2023,B,Pertambangan dan Penggalian,Primer,48476.34,31080.0,miliar rupiah,sementara,
3522,Kabupaten Bojonegoro,2024,B,Pertambangan dan Penggalian,Primer,48397.04,30456.4,miliar rupiah,sangat_sementara,
3522,Kabupaten Bojonegoro,2020,C,Industri Pengolahan,Sekunder,4764.0,3339.66,miliar rupiah,tetap,
3522,Kabupaten Bojonegoro,2021,C,Industri Pengolahan,Sekunder,5148.68,3435.16,miliar rupiah,tetap,
3522,Kabupaten Bojonegoro,2022,C,Industri Pengolahan,Sekunder,5720.4,3654.28,miliar rupiah,tetap,
3522,Kabupaten Bojonegoro,2023,C,Industri Pengolahan,Sekunder,6267.95,3846.5,miliar rupiah,sementara,
3522,Kabupaten Bojonegoro,2024,C,Industri Pengolahan,Sekunder,7078.09,4182.0,miliar rupiah,sangat_sementara,
3522,Kabupaten Bojonegoro,2020,D,Pengadaan Listrik dan Gas,Sekunder,18.15,14.37,miliar rupiah,tetap,
3522,Kabupaten Bojonegoro,2021,D,Pengadaan Listrik dan Gas,Sekunder,19.18,14.7,miliar rupiah,tetap,
3522,Kabupaten Bojonegoro,2022,D,Pengadaan Listrik dan Gas,Sekunder,21.04,15.81,miliar rupiah,tetap,
3522,Kabupaten Bojonegoro,2023,D,Pengadaan Listrik dan Gas,Sekunder,23.96,17.68,miliar rupiah,sementara,
3522,Kabupaten Bojonegoro,2024,D,Pengadaan Listrik dan Gas,Sekunder,26.06,19.24,miliar rupiah,sangat_sementara,
3522,Kabupaten Bojonegoro,2020,E,"Pengadaan Air, Pengelolaan Sampah, Limbah dan Daur Ulang",Sekunder,24.65,20.01,miliar rupiah,tetap,
3522,Kabupaten Bojonegoro,2021,E,"Pengadaan Air, Pengelolaan Sampah, Limbah dan Daur Ulang",Sekunder,26.65,21.38,miliar rupiah,tetap,
3522,Kabupaten Bojonegoro,2022,E,"Pengadaan Air, Pengelolaan Sampah, Limbah dan Daur Ulang",Sekunder,27.76,21.58,miliar rupiah,tetap,
3522,Kabupaten Bojonegoro,2023,E,"Pengadaan Air, Pengelolaan Sampah, Limbah dan Daur Ulang",Sekunder,29.41,22.66,miliar rupiah,sementara,
3522,Kabupaten Bojonegoro,2024,E,"Pengadaan Air, Pengelolaan Sampah, Limbah dan Daur Ulang",Sekunder,31.4,23.91,miliar rupiah,sangat_sementara,
3522,Kabupaten Bojonegoro,2020,F,Konstruksi,Sekunder,5450.14,3934.93,miliar rupiah,tetap,
3522,Kabupaten Bojonegoro,2021,F,Konstruksi,Sekunder,5720.77,4087.92,miliar rupiah,tetap,
3522,Kabupaten Bojonegoro,2022,F,Konstruksi,Sekunder,6446.94,4414.23,miliar rupiah,tetap,
3522,Kabupaten Bojonegoro,2023,F,Konstruksi,Sekunder,6782.39,4613.27,miliar rupiah,sementara,
3522,Kabupaten Bojonegoro,2024,F,Konstruksi,Sekunder,7314.93,4894.63,miliar rupiah,sangat_sementara,
3522,Kabupaten Bojonegoro,2020,G,Perdagangan Besar dan Eceran; Reparasi Mobil dan Sepeda Motor,Tersier,6337.69,4645.8,miliar rupiah,tetap,
3522,Kabupaten Bojonegoro,2021,G,Perdagangan Besar dan Eceran; Reparasi Mobil dan Sepeda Motor,Tersier,6972.73,4986.74,miliar rupiah,tetap,
3522,Kabupaten Bojonegoro,2022,G,Perdagangan Besar dan Eceran; Reparasi Mobil dan Sepeda Motor,Tersier,7846.42,5354.7,miliar rupiah,tetap,
3522,Kabupaten Bojonegoro,2023,G,Perdagangan Besar dan Eceran; Reparasi Mobil dan Sepeda Motor,Tersier,8498.89,5656.87,miliar rupiah,sementara,
3522,Kabupaten Bojonegoro,2024,G,Perdagangan Besar dan Eceran; Reparasi Mobil dan Sepeda Motor,Tersier,9159.84,5946.66,miliar rupiah,sangat_sementara,
3522,Kabupaten Bojonegoro,2020,H,Transportasi dan Pergudangan,Tersier,810.08,516.57,miliar rupiah,tetap,
3522,Kabupaten Bojonegoro,2021,H,Transportasi dan Pergudangan,Tersier,891.78,566.82,miliar rupiah,tetap,
3522,Kabupaten Bojonegoro,2022,H,Transportasi dan Pergudangan,Tersier,1151.99,676.06,miliar rupiah,tetap,
3522,Kabupaten Bojonegoro,2023,H,Transportasi dan Pergudangan,Tersier,1436.13,773.4,miliar rupiah,sementara,
3522,Kabupaten Bojonegoro,2024,H,Transportasi dan Pergudangan,Tersier,1643.95,869.95,miliar rupiah,sangat_sementara,
3522,Kabupaten Bojonegoro,2020,I,Penyediaan Akomodasi dan Makan Minum,Tersier,696.85,497.29,miliar rupiah,tetap,
3522,Kabupaten Bojonegoro,2021,I,Penyediaan Akomodasi dan Makan Minum,Tersier,761.9,516.84,miliar rupiah,tetap,
3522,Kabupaten Bojonegoro,2022,I,Penyediaan Akomodasi dan Makan Minum,Tersier,896.95,586.69,miliar rupiah,tetap,
3522,Kabupaten Bojonegoro,2023,I,Penyediaan Akomodasi dan Makan Minum,Tersier,992.64,634.09,miliar rupiah,sementara,
3522,Kabupaten Bojonegoro,2024,I,Penyediaan Akomodasi dan Makan Minum,Tersier,1107.88,689.37,miliar rupiah,sangat_sementara,
3522,Kabupaten Bojonegoro,2020,J,Informasi dan Komunikasi,Tersier,4758.73,4330.85,miliar rupiah,tetap,
3522,Kabupaten Bojonegoro,2021,J,Informasi dan Komunikasi,Tersier,5128.77,4645.29,miliar rupiah,tetap,
3522,Kabupaten Bojonegoro,2022,J,Informasi dan Komunikasi,Tersier,5484.53,4881.9,miliar rupiah,tetap,
3522,Kabupaten Bojonegoro,2023,J,Informasi dan Komunikasi,Tersier,5868.43,5201.65,miliar rupiah,sementara,
3522,Kabupaten Bojonegoro,2024,J,Informasi dan Komunikasi,Tersier,6286.57,5482.24,miliar rupiah,sangat_sementara,
3522,Kabupaten Bojonegoro,2020,K,Jasa Keuangan dan Asuransi,Tersier,1081.42,785.08,miliar rupiah,tetap,
3522,Kabupaten Bojonegoro,2021,K,Jasa Keuangan dan Asuransi,Tersier,1124.82,794.7,miliar rupiah,tetap,
3522,Kabupaten Bojonegoro,2022,K,Jasa Keuangan dan Asuransi,Tersier,1232.91,823.38,miliar rupiah,tetap,
3522,Kabupaten Bojonegoro,2023,K,Jasa Keuangan dan Asuransi,Tersier,1308.7,858.62,miliar rupiah,sementara,
3522,Kabupaten Bojonegoro,2024,K,Jasa Keuangan dan Asuransi,Tersier,1405.61,902.32,miliar rupiah,sangat_sementara,
3522,Kabupaten Bojonegoro,2020,L,Real Estate,Tersier,930.73,734.8,miliar rupiah,tetap,
3522,Kabupaten Bojonegoro,2021,L,Real Estate,Tersier,964.28,755.41,miliar rupiah,tetap,
3522,Kabupaten Bojonegoro,2022,L,Real Estate,Tersier,1041.48,800.01,miliar rupiah,tetap,
3522,Kabupaten Bojonegoro,2023,L,Real Estate,Tersier,1122.87,845.45,miliar rupiah,sementara,
3522,Kabupaten Bojonegoro,2024,L,Real Estate,Tersier,1195.51,876.53,miliar rupiah,sangat_sementara,
3522,Kabupaten Bojonegoro,2020,"M,N",Jasa Perusahaan,Tersier,106.96,75.18,miliar rupiah,tetap,
3522,Kabupaten Bojonegoro,2021,"M,N",Jasa Perusahaan,Tersier,111.84,77.02,miliar rupiah,tetap,
3522,Kabupaten Bojonegoro,2022,"M,N",Jasa Perusahaan,Tersier,122.89,81.56,miliar rupiah,tetap,
3522,Kabupaten Bojonegoro,2023,"M,N",Jasa Perusahaan,Tersier,138.83,88.56,miliar rupiah,sementara,
3522,Kabupaten Bojonegoro,2024,"M,N",Jasa Perusahaan,Tersier,153.46,95.31,miliar rupiah,sangat_sementara,
3522,Kabupaten Bojonegoro,2020,O,"Administrasi Pemerintahan, Pertahanan dan Jaminan Sosial Wajib",Tersier,3146.93,1877.02,miliar rupiah,tetap,
3522,Kabupaten Bojonegoro,2021,O,"Administrasi Pemerintahan, Pertahanan dan Jaminan Sosial Wajib",Tersier,3141.79,1882.59,miliar rupiah,tetap,
3522,Kabupaten Bojonegoro,2022,O,"Administrasi Pemerintahan, Pertahanan dan Jaminan Sosial Wajib",Tersier,3201.68,1903.1,miliar rupiah,tetap,
3522,Kabupaten Bojonegoro,2023,O,"Administrasi Pemerintahan, Pertahanan dan Jaminan Sosial Wajib",Tersier,3299.9,1921.84,miliar rupiah,sementara,
3522,Kabupaten Bojonegoro,2024,O,"Administrasi Pemerintahan, Pertahanan dan Jaminan Sosial Wajib",Tersier,3699.78,2075.07,miliar rupiah,sangat_sementara,
3522,Kabupaten Bojonegoro,2020,P,Jasa Pendidikan,Tersier,822.5,625.56,miliar rupiah,tetap,
3522,Kabupaten Bojonegoro,2021,P,Jasa Pendidikan,Tersier,838.8,631.97,miliar rupiah,tetap,
3522,Kabupaten Bojonegoro,2022,P,Jasa Pendidikan,Tersier,858.42,638.6,miliar rupiah,tetap,
3522,Kabupaten Bojonegoro,2023,P,Jasa Pendidikan,Tersier,924.66,671.41,miliar rupiah,sementara,
3522,Kabupaten Bojonegoro,2024,P,Jasa Pendidikan,Tersier,1003.26,706.21,miliar rupiah,sangat_sementara,
3522,Kabupaten Bojonegoro,2020,Q,Jasa Kesehatan dan Kegiatan Sosial,Tersier,321.71,247.91,miliar rupiah,tetap,
3522,Kabupaten Bojonegoro,2021,Q,Jasa Kesehatan dan Kegiatan Sosial,Tersier,344.54,260.81,miliar rupiah,tetap,
3522,Kabupaten Bojonegoro,2022,Q,Jasa Kesehatan dan Kegiatan Sosial,Tersier,371.34,270.88,miliar rupiah,tetap,
3522,Kabupaten Bojonegoro,2023,Q,Jasa Kesehatan dan Kegiatan Sosial,Tersier,392.03,277.11,miliar rupiah,sementara,
3522,Kabupaten Bojonegoro,2024,Q,Jasa Kesehatan dan Kegiatan Sosial,Tersier,428.93,292.6,miliar rupiah,sangat_sementara,
3522,Kabupaten Bojonegoro,2020,"R,S,T,U",Jasa Lainnya,Tersier,516.5,388.86,miliar rupiah,tetap,
3522,Kabupaten Bojonegoro,2021,"R,S,T,U",Jasa Lainnya,Tersier,553.26,401.82,miliar rupiah,tetap,
3522,Kabupaten Bojonegoro,2022,"R,S,T,U",Jasa Lainnya,Tersier,632.79,443.33,miliar rupiah,tetap,
3522,Kabupaten Bojonegoro,2023,"R,S,T,U",Jasa Lainnya,Tersier,720.86,479.64,miliar rupiah,sementara,
3522,Kabupaten Bojonegoro,2024,"R,S,T,U",Jasa Lainnya,Tersier,802.13,519.3,miliar rupiah,sangat_sementara,
3523,Kabupaten Tuban,2020,A,"Pertanian, Kehutanan, dan Perikanan",Primer,12620.25,7295.39,miliar rupiah,tetap,
3523,Kabupaten Tuban,2021,A,"Pertanian, Kehutanan, dan Perikanan",Primer,13076.58,7395.22,miliar rupiah,tetap,
3523,Kabupaten Tuban,2022,A,"Pertanian, Kehutanan, dan Perikanan",Primer,14261.5,7535.06,miliar rupiah,tetap,
3523,Kabupaten Tuban,2023,A,"Pertanian, Kehutanan, dan Perikanan",Primer,15146.31,7590.55,miliar rupiah,sementara,
3523,Kabupaten Tuban,2024,A,"Pertanian, Kehutanan, dan Perikanan",Primer,15988.75,7756.02,miliar rupiah,sangat_sementara,
3523,Kabupaten Tuban,2020,B,Pertambangan dan Penggalian,Primer,5573.9,3722.65,miliar rupiah,tetap,
3523,Kabupaten Tuban,2021,B,Pertambangan dan Penggalian,Primer,6039.16,3729.44,miliar rupiah,tetap,
3523,Kabupaten Tuban,2022,B,Pertambangan dan Penggalian,Primer,6788.64,3893.79,miliar rupiah,tetap,
3523,Kabupaten Tuban,2023,B,Pertambangan dan Penggalian,Primer,7431.3,4186.19,miliar rupiah,sementara,
3523,Kabupaten Tuban,2024,B,Pertambangan dan Penggalian,Primer,7711.82,4320.3,miliar rupiah,sangat_sementara,
3523,Kabupaten Tuban,2020,C,Industri Pengolahan,Sekunder,17263.27,13205.95,miliar rupiah,tetap,
3523,Kabupaten Tuban,2021,C,Industri Pengolahan,Sekunder,18466.51,13597.84,miliar rupiah,tetap,
3523,Kabupaten Tuban,2022,C,Industri Pengolahan,Sekunder,22972.89,16005.6,miliar rupiah,tetap,
3523,Kabupaten Tuban,2023,C,Industri Pengolahan,Sekunder,25125.59,16548.38,miliar rupiah,sementara,
3523,Kabupaten Tuban,2024,C,Industri Pengolahan,Sekunder,26311.59,16850.54,miliar rupiah,sangat_sementara,
3523,Kabupaten Tuban,2020,D,Pengadaan Listrik dan Gas,Sekunder,67.72,50.82,miliar rupiah,tetap,
3523,Kabupaten Tuban,2021,D,Pengadaan Listrik dan Gas,Sekunder,72.45,51.39,miliar rupiah,tetap,
3523,Kabupaten Tuban,2022,D,Pengadaan Listrik dan Gas,Sekunder,75.73,52.7,miliar rupiah,tetap,
3523,Kabupaten Tuban,2023,D,Pengadaan Listrik dan Gas,Sekunder,77.65,53.21,miliar rupiah,sementara,
3523,Kabupaten Tuban,2024,D,Pengadaan Listrik dan Gas,Sekunder,84.39,58.2,miliar rupiah,sangat_sementara,
3523,Kabupaten Tuban,2020,E,"Pengadaan Air, Pengelolaan Sampah, Limbah dan Daur Ulang",Sekunder,38.35,28.01,miliar rupiah,tetap,
3523,Kabupaten Tuban,2021,E,"Pengadaan Air, Pengelolaan Sampah, Limbah dan Daur Ulang",Sekunder,41.28,29.77,miliar rupiah,tetap,
3523,Kabupaten Tuban,2022,E,"Pengadaan Air, Pengelolaan Sampah, Limbah dan Daur Ulang",Sekunder,44.17,30.76,miliar rupiah,tetap,
3523,Kabupaten Tuban,2023,E,"Pengadaan Air, Pengelolaan Sampah, Limbah dan Daur Ulang",Sekunder,47.16,32.26,miliar rupiah,sementara,
3523,Kabupaten Tuban,2024,E,"Pengadaan Air, Pengelolaan Sampah, Limbah dan Daur Ulang",Sekunder,50.48,34.22,miliar rupiah,sangat_sementara,
3523,Kabupaten Tuban,2020,F,Konstruksi,Sekunder,7639.26,4725.38,miliar rupiah,tetap,
3523,Kabupaten Tuban,2021,F,Konstruksi,Sekunder,7665.21,4663.5,miliar rupiah,tetap,
3523,Kabupaten Tuban,2022,F,Konstruksi,Sekunder,8348.44,4917.2,miliar rupiah,tetap,
3523,Kabupaten Tuban,2023,F,Konstruksi,Sekunder,9042.02,5196.96,miliar rupiah,sementara,
3523,Kabupaten Tuban,2024,F,Konstruksi,Sekunder,9828.11,5520.53,miliar rupiah,sangat_sementara,
3523,Kabupaten Tuban,2020,G,Perdagangan Besar dan Eceran; Reparasi Mobil dan Sepeda Motor,Tersier,8367.42,5753.65,miliar rupiah,tetap,
3523,Kabupaten Tuban,2021,G,Perdagangan Besar dan Eceran; Reparasi Mobil dan Sepeda Motor,Tersier,9229.83,6235.9,miliar rupiah,tetap,
3523,Kabupaten Tuban,2022,G,Perdagangan Besar dan Eceran; Reparasi Mobil dan Sepeda Motor,Tersier,10403.26,6697.06,miliar rupiah,tetap,
3523,Kabupaten Tuban,2023,G,Perdagangan Besar dan Eceran; Reparasi Mobil dan Sepeda Motor,Tersier,11558.44,7065.5,miliar rupiah,sementara,
3523,Kabupaten Tuban,2024,G,Perdagangan Besar dan Eceran; Reparasi Mobil dan Sepeda Motor,Tersier,12346.43,7380.92,miliar rupiah,sangat_sementara,
3523,Kabupaten Tuban,2020,H,Transportasi dan Pergudangan,Tersier,468.56,295.2,miliar rupiah,tetap,
3523,Kabupaten Tuban,2021,H,Transportasi dan Pergudangan,Tersier,505.0,318.13,miliar rupiah,tetap,
3523,Kabupaten Tuban,2022,H,Transportasi dan Pergudangan,Tersier,616.06,367.54,miliar rupiah,tetap,
3523,Kabupaten Tuban,2023,H,Transportasi dan Pergudangan,Tersier,746.62,406.51,miliar rupiah,sementara,
3523,Kabupaten Tuban,2024,H,Transportasi dan Pergudangan,Tersier,838.96,453.93,miliar rupiah,sangat_sementara,
3523,Kabupaten Tuban,2020,I,Penyediaan Akomodasi dan Makan Minum,Tersier,615.87,404.19,miliar rupiah,tetap,
3523,Kabupaten Tuban,2021,I,Penyediaan Akomodasi dan Makan Minum,Tersier,662.84,414.0,miliar rupiah,tetap,
3523,Kabupaten Tuban,2022,I,Penyediaan Akomodasi dan Makan Minum,Tersier,744.55,449.5,miliar rupiah,tetap,
3523,Kabupaten Tuban,2023,I,Penyediaan Akomodasi dan Makan Minum,Tersier,843.06,488.57,miliar rupiah,sementara,
3523,Kabupaten Tuban,2024,I,Penyediaan Akomodasi dan Makan Minum,Tersier,933.26,516.08,miliar rupiah,sangat_sementara,
3523,Kabupaten Tuban,2020,J,Informasi dan Komunikasi,Tersier,3294.49,2976.42,miliar rupiah,tetap,
3523,Kabupaten Tuban,2021,J,Informasi dan Komunikasi,Tersier,3584.84,3219.25,miliar rupiah,tetap,
3523,Kabupaten Tuban,2022,J,Informasi dan Komunikasi,Tersier,3948.56,3488.73,miliar rupiah,tetap,
3523,Kabupaten Tuban,2023,J,Informasi dan Komunikasi,Tersier,4333.79,3783.92,miliar rupiah,sementara,
3523,Kabupaten Tuban,2024,J,Informasi dan Komunikasi,Tersier,4771.45,4073.96,miliar rupiah,sangat_sementara,
3523,Kabupaten Tuban,2020,K,Jasa Keuangan dan Asuransi,Tersier,1401.99,913.44,miliar rupiah,tetap,
3523,Kabupaten Tuban,2021,K,Jasa Keuangan dan Asuransi,Tersier,1454.68,920.67,miliar rupiah,tetap,
3523,Kabupaten Tuban,2022,K,Jasa Keuangan dan Asuransi,Tersier,1548.94,927.21,miliar rupiah,tetap,
3523,Kabupaten Tuban,2023,K,Jasa Keuangan dan Asuransi,Tersier,1626.52,946.68,miliar rupiah,sementara,
3523,Kabupaten Tuban,2024,K,Jasa Keuangan dan Asuransi,Tersier,1769.16,1004.08,miliar rupiah,sangat_sementara,
3523,Kabupaten Tuban,2020,L,Real Estate,Tersier,985.75,690.4,miliar rupiah,tetap,
3523,Kabupaten Tuban,2021,L,Real Estate,Tersier,1024.68,712.73,miliar rupiah,tetap,
3523,Kabupaten Tuban,2022,L,Real Estate,Tersier,1080.92,741.35,miliar rupiah,tetap,
3523,Kabupaten Tuban,2023,L,Real Estate,Tersier,1161.24,774.97,miliar rupiah,sementara,
3523,Kabupaten Tuban,2024,L,Real Estate,Tersier,1243.53,815.45,miliar rupiah,sangat_sementara,
3523,Kabupaten Tuban,2020,"M,N",Jasa Perusahaan,Tersier,138.06,92.58,miliar rupiah,tetap,
3523,Kabupaten Tuban,2021,"M,N",Jasa Perusahaan,Tersier,141.91,94.6,miliar rupiah,tetap,
3523,Kabupaten Tuban,2022,"M,N",Jasa Perusahaan,Tersier,150.73,96.71,miliar rupiah,tetap,
3523,Kabupaten Tuban,2023,"M,N",Jasa Perusahaan,Tersier,162.51,99.94,miliar rupiah,sementara,
3523,Kabupaten Tuban,2024,"M,N",Jasa Perusahaan,Tersier,185.3,109.42,miliar rupiah,sangat_sementara,
3523,Kabupaten Tuban,2020,O,"Administrasi Pemerintahan, Pertahanan dan Jaminan Sosial Wajib",Tersier,1596.97,997.44,miliar rupiah,tetap,
3523,Kabupaten Tuban,2021,O,"Administrasi Pemerintahan, Pertahanan dan Jaminan Sosial Wajib",Tersier,1594.21,1001.7,miliar rupiah,tetap,
3523,Kabupaten Tuban,2022,O,"Administrasi Pemerintahan, Pertahanan dan Jaminan Sosial Wajib",Tersier,1678.13,1012.97,miliar rupiah,tetap,
3523,Kabupaten Tuban,2023,O,"Administrasi Pemerintahan, Pertahanan dan Jaminan Sosial Wajib",Tersier,1778.8,1027.02,miliar rupiah,sementara,
3523,Kabupaten Tuban,2024,O,"Administrasi Pemerintahan, Pertahanan dan Jaminan Sosial Wajib",Tersier,1967.87,1107.45,miliar rupiah,sangat_sementara,
3523,Kabupaten Tuban,2020,P,Jasa Pendidikan,Tersier,1130.33,785.92,miliar rupiah,tetap,
3523,Kabupaten Tuban,2021,P,Jasa Pendidikan,Tersier,1132.2,789.17,miliar rupiah,tetap,
3523,Kabupaten Tuban,2022,P,Jasa Pendidikan,Tersier,1161.04,799.46,miliar rupiah,tetap,
3523,Kabupaten Tuban,2023,P,Jasa Pendidikan,Tersier,1235.46,831.5,miliar rupiah,sementara,
3523,Kabupaten Tuban,2024,P,Jasa Pendidikan,Tersier,1370.39,887.96,miliar rupiah,sangat_sementara,
3523,Kabupaten Tuban,2020,Q,Jasa Kesehatan dan Kegiatan Sosial,Tersier,389.92,271.35,miliar rupiah,tetap,
3523,Kabupaten Tuban,2021,Q,Jasa Kesehatan dan Kegiatan Sosial,Tersier,419.97,286.6,miliar rupiah,tetap,
3523,Kabupaten Tuban,2022,Q,Jasa Kesehatan dan Kegiatan Sosial,Tersier,447.84,296.12,miliar rupiah,tetap,
3523,Kabupaten Tuban,2023,Q,Jasa Kesehatan dan Kegiatan Sosial,Tersier,491.51,312.79,miliar rupiah,sementara,
3523,Kabupaten Tuban,2024,Q,Jasa Kesehatan dan Kegiatan Sosial,Tersier,533.78,326.27,miliar rupiah,sangat_sementara,
3523,Kabupaten Tuban,2020,"R,S,T,U",Jasa Lainnya,Tersier,730.96,496.21,miliar rupiah,tetap,
3523,Kabupaten Tuban,2021,"R,S,T,U",Jasa Lainnya,Tersier,800.38,524.77,miliar rupiah,tetap,
3523,Kabupaten Tuban,2022,"R,S,T,U",Jasa Lainnya,Tersier,916.25,578.5,miliar rupiah,tetap,
3523,Kabupaten Tuban,2023,"R,S,T,U",Jasa Lainnya,Tersier,1052.07,639.27,miliar rupiah,sementara,
3523,Kabupaten Tuban,2024,"R,S,T,U",Jasa Lainnya,Tersier,1175.69,698.07,miliar rupiah,sangat_sementara,
3524,Kabupaten Lamongan,2020,A,"Pertanian, Kehutanan, dan Perikanan",Primer,13566.57,8505.4,miliar rupiah,tetap,
3524,Kabupaten Lamongan,2021,A,"Pertanian, Kehutanan, dan Perikanan",Primer,13543.06,8388.77,miliar rupiah,tetap,
3524,Kabupaten Lamongan,2022,A,"Pertanian, Kehutanan, dan Perikanan",Primer,14925.13,8719.33,miliar rupiah,tetap,
3524,Kabupaten Lamongan,2023,A,"Pertanian, Kehutanan, dan Perikanan",Primer,15428.89,8599.86,miliar rupiah,sementara,
3524,Kabupaten Lamongan,2024,A,"Pertanian, Kehutanan, dan Perikanan",Primer,15672.97,8609.58,miliar rupiah,sangat_sementara,
3524,Kabupaten Lamongan,2020,B,Pertambangan dan Penggalian,Primer,535.92,330.72,miliar rupiah,tetap,
3524,Kabupaten Lamongan,2021,B,Pertambangan dan Penggalian,Primer,605.42,358.75,miliar rupiah,tetap,
3524,Kabupaten Lamongan,2022,B,Pertambangan dan Penggalian,Primer,688.23,394.19,miliar rupiah,tetap,
3524,Kabupaten Lamongan,2023,B,Pertambangan dan Penggalian,Primer,845.53,470.77,miliar rupiah,sementara,
3524,Kabupaten Lamongan,2024,B,Pertambangan dan Penggalian,Primer,850.94,473.21,miliar rupiah,sangat_sementara,
3524,Kabupaten Lamongan,2020,C,Industri Pengolahan,Sekunder,4137.78,2851.54,miliar rupiah,tetap,
3524,Kabupaten Lamongan,2021,C,Industri Pengolahan,Sekunder,4628.59,3056.98,miliar rupiah,tetap,
3524,Kabupaten Lamongan,2022,C,Industri Pengolahan,Sekunder,5170.92,3300.93,miliar rupiah,tetap,
3524,Kabupaten Lamongan,2023,C,Industri Pengolahan,Sekunder,5745.97,3522.29,miliar rupiah,sementara,
3524,Kabupaten Lamongan,2024,C,Industri Pengolahan,Sekunder,6371.48,3792.04,miliar rupiah,sangat_sementara,
3524,Kabupaten Lamongan,2020,D,Pengadaan Listrik dan Gas,Sekunder,26.67,20.72,miliar rupiah,tetap,
3524,Kabupaten Lamongan,2021,D,Pengadaan Listrik dan Gas,Sekunder,29.0,21.73,miliar rupiah,tetap,
3524,Kabupaten Lamongan,2022,D,Pengadaan Listrik dan Gas,Sekunder,31.74,23.42,miliar rupiah,tetap,
3524,Kabupaten Lamongan,2023,D,Pengadaan Listrik dan Gas,Sekunder,35.01,25.37,miliar rupiah,sementara,
3524,Kabupaten Lamongan,2024,D,Pengadaan Listrik dan Gas,Sekunder,36.35,26.32,miliar rupiah,sangat_sementara,
3524,Kabupaten Lamongan,2020,E,"Pengadaan Air, Pengelolaan Sampah, Limbah dan Daur Ulang",Sekunder,44.52,32.6,miliar rupiah,tetap,
3524,Kabupaten Lamongan,2021,E,"Pengadaan Air, Pengelolaan Sampah, Limbah dan Daur Ulang",Sekunder,46.98,34.23,miliar rupiah,tetap,
3524,Kabupaten Lamongan,2022,E,"Pengadaan Air, Pengelolaan Sampah, Limbah dan Daur Ulang",Sekunder,48.96,34.55,miliar rupiah,tetap,
3524,Kabupaten Lamongan,2023,E,"Pengadaan Air, Pengelolaan Sampah, Limbah dan Daur Ulang",Sekunder,52.67,36.61,miliar rupiah,sementara,
3524,Kabupaten Lamongan,2024,E,"Pengadaan Air, Pengelolaan Sampah, Limbah dan Daur Ulang",Sekunder,58.12,40.07,miliar rupiah,sangat_sementara,
3524,Kabupaten Lamongan,2020,F,Konstruksi,Sekunder,4332.0,2926.12,miliar rupiah,tetap,
3524,Kabupaten Lamongan,2021,F,Konstruksi,Sekunder,4509.95,3044.73,miliar rupiah,tetap,
3524,Kabupaten Lamongan,2022,F,Konstruksi,Sekunder,5033.91,3251.91,miliar rupiah,tetap,
3524,Kabupaten Lamongan,2023,F,Konstruksi,Sekunder,5498.88,3488.46,miliar rupiah,sementara,
3524,Kabupaten Lamongan,2024,F,Konstruksi,Sekunder,5988.69,3769.0,miliar rupiah,sangat_sementara,
3524,Kabupaten Lamongan,2020,G,Perdagangan Besar dan Eceran; Reparasi Mobil dan Sepeda Motor,Tersier,7121.84,5176.0,miliar rupiah,tetap,
3524,Kabupaten Lamongan,2021,G,Perdagangan Besar dan Eceran; Reparasi Mobil dan Sepeda Motor,Tersier,7772.7,5540.05,miliar rupiah,tetap,
3524,Kabupaten Lamongan,2022,G,Perdagangan Besar dan Eceran; Reparasi Mobil dan Sepeda Motor,Tersier,8814.86,5923.01,miliar rupiah,tetap,
3524,Kabupaten Lamongan,2023,G,Perdagangan Besar dan Eceran; Reparasi Mobil dan Sepeda Motor,Tersier,9643.96,6264.54,miliar rupiah,sementara,
3524,Kabupaten Lamongan,2024,G,Perdagangan Besar dan Eceran; Reparasi Mobil dan Sepeda Motor,Tersier,10309.33,6582.86,miliar rupiah,sangat_sementara,
3524,Kabupaten Lamongan,2020,H,Transportasi dan Pergudangan,Tersier,324.05,224.94,miliar rupiah,tetap,
3524,Kabupaten Lamongan,2021,H,Transportasi dan Pergudangan,Tersier,351.94,245.51,miliar rupiah,tetap,
3524,Kabupaten Lamongan,2022,H,Transportasi dan Pergudangan,Tersier,433.2,284.37,miliar rupiah,tetap,
3524,Kabupaten Lamongan,2023,H,Transportasi dan Pergudangan,Tersier,524.92,314.85,miliar rupiah,sementara,
3524,Kabupaten Lamongan,2024,H,Transportasi dan Pergudangan,Tersier,595.46,353.38,miliar rupiah,sangat_sementara,
3524,Kabupaten Lamongan,2020,I,Penyediaan Akomodasi dan Makan Minum,Tersier,641.45,422.47,miliar rupiah,tetap,
3524,Kabupaten Lamongan,2021,I,Penyediaan Akomodasi dan Makan Minum,Tersier,696.3,434.56,miliar rupiah,tetap,
3524,Kabupaten Lamongan,2022,I,Penyediaan Akomodasi dan Makan Minum,Tersier,795.76,476.88,miliar rupiah,tetap,
3524,Kabupaten Lamongan,2023,I,Penyediaan Akomodasi dan Makan Minum,Tersier,921.24,529.31,miliar rupiah,sementara,
3524,Kabupaten Lamongan,2024,I,Penyediaan Akomodasi dan Makan Minum,Tersier,1030.99,581.15,miliar rupiah,sangat_sementara,
3524,Kabupaten Lamongan,2020,J,Informasi dan Komunikasi,Tersier,2855.01,2566.65,miliar rupiah,tetap,
3524,Kabupaten Lamongan,2021,J,Informasi dan Komunikasi,Tersier,3085.49,2763.84,miliar rupiah,tetap,
3524,Kabupaten Lamongan,2022,J,Informasi dan Komunikasi,Tersier,3290.89,2913.33,miliar rupiah,tetap,
3524,Kabupaten Lamongan,2023,J,Informasi dan Komunikasi,Tersier,3567.66,3139.11,miliar rupiah,sementara,
3524,Kabupaten Lamongan,2024,J,Informasi dan Komunikasi,Tersier,3854.02,3346.4,miliar rupiah,sangat_sementara,
3524,Kabupaten Lamongan,2020,K,Jasa Keuangan dan Asuransi,Tersier,825.81,554.97,miliar rupiah,tetap,
3524,Kabupaten Lamongan,2021,K,Jasa Keuangan dan Asuransi,Tersier,853.94,556.7,miliar rupiah,tetap,
3524,Kabupaten Lamongan,2022,K,Jasa Keuangan dan Asuransi,Tersier,928.5,565.15,miliar rupiah,tetap,
3524,Kabupaten Lamongan,2023,K,Jasa Keuangan dan Asuransi,Tersier,1003.95,591.67,miliar rupiah,sementara,
3524,Kabupaten Lamongan,2024,K,Jasa Keuangan dan Asuransi,Tersier,1078.27,627.3,miliar rupiah,sangat_sementara,
3524,Kabupaten Lamongan,2020,L,Real Estate,Tersier,937.2,652.56,miliar rupiah,tetap,
3524,Kabupaten Lamongan,2021,L,Real Estate,Tersier,984.06,680.4,miliar rupiah,tetap,
3524,Kabupaten Lamongan,2022,L,Real Estate,Tersier,1066.62,724.61,miliar rupiah,tetap,
3524,Kabupaten Lamongan,2023,L,Real Estate,Tersier,1128.95,756.45,miliar rupiah,sementara,
3524,Kabupaten Lamongan,2024,L,Real Estate,Tersier,1209.43,800.7,miliar rupiah,sangat_sementara,
3524,Kabupaten Lamongan,2020,"M,N",Jasa Perusahaan,Tersier,108.09,74.67,miliar rupiah,tetap,
3524,Kabupaten Lamongan,2021,"M,N",Jasa Perusahaan,Tersier,114.75,77.16,miliar rupiah,tetap,
3524,Kabupaten Lamongan,2022,"M,N",Jasa Perusahaan,Tersier,121.59,79.61,miliar rupiah,tetap,
3524,Kabupaten Lamongan,2023,"M,N",Jasa Perusahaan,Tersier,134.45,85.73,miliar rupiah,sementara,
3524,Kabupaten Lamongan,2024,"M,N",Jasa Perusahaan,Tersier,148.05,92.96,miliar rupiah,sangat_sementara,
3524,Kabupaten Lamongan,2020,O,"Administrasi Pemerintahan, Pertahanan dan Jaminan Sosial Wajib",Tersier,1625.85,1073.24,miliar rupiah,tetap,
3524,Kabupaten Lamongan,2021,O,"Administrasi Pemerintahan, Pertahanan dan Jaminan Sosial Wajib",Tersier,1632.53,1080.57,miliar rupiah,tetap,
3524,Kabupaten Lamongan,2022,O,"Administrasi Pemerintahan, Pertahanan dan Jaminan Sosial Wajib",Tersier,1742.54,1070.95,miliar rupiah,tetap,
3524,Kabupaten Lamongan,2023,O,"Administrasi Pemerintahan, Pertahanan dan Jaminan Sosial Wajib",Tersier,1797.23,1074.4,miliar rupiah,sementara,
3524,Kabupaten Lamongan,2024,O,"Administrasi Pemerintahan, Pertahanan dan Jaminan Sosial Wajib",Tersier,1994.99,1136.39,miliar rupiah,sangat_sementara,
3524,Kabupaten Lamongan,2020,P,Jasa Pendidikan,Tersier,1084.0,811.52,miliar rupiah,tetap,
3524,Kabupaten Lamongan,2021,P,Jasa Pendidikan,Tersier,1109.83,827.39,miliar rupiah,tetap,
3524,Kabupaten Lamongan,2022,P,Jasa Pendidikan,Tersier,1127.62,832.1,miliar rupiah,tetap,
3524,Kabupaten Lamongan,2023,P,Jasa Pendidikan,Tersier,1219.14,884.07,miliar rupiah,sementara,
3524,Kabupaten Lamongan,2024,P,Jasa Pendidikan,Tersier,1324.16,944.36,miliar rupiah,sangat_sementara,
3524,Kabupaten Lamongan,2020,Q,Jasa Kesehatan dan Kegiatan Sosial,Tersier,385.92,289.45,miliar rupiah,tetap,
3524,Kabupaten Lamongan,2021,Q,Jasa Kesehatan dan Kegiatan Sosial,Tersier,415.73,306.1,miliar rupiah,tetap,
3524,Kabupaten Lamongan,2022,Q,Jasa Kesehatan dan Kegiatan Sosial,Tersier,437.24,308.43,miliar rupiah,tetap,
3524,Kabupaten Lamongan,2023,Q,Jasa Kesehatan dan Kegiatan Sosial,Tersier,467.29,323.01,miliar rupiah,sementara,
3524,Kabupaten Lamongan,2024,Q,Jasa Kesehatan dan Kegiatan Sosial,Tersier,517.01,351.35,miliar rupiah,sangat_sementara,
3524,Kabupaten Lamongan,2020,"R,S,T,U",Jasa Lainnya,Tersier,616.9,459.08,miliar rupiah,tetap,
3524,Kabupaten Lamongan,2021,"R,S,T,U",Jasa Lainnya,Tersier,662.62,479.05,miliar rupiah,tetap,
3524,Kabupaten Lamongan,2022,"R,S,T,U",Jasa Lainnya,Tersier,783.35,544.69,miliar rupiah,tetap,
3524,Kabupaten Lamongan,2023,"R,S,T,U",Jasa Lainnya,Tersier,911.58,602.69,miliar rupiah,sementara,
3524,Kabupaten Lamongan,2024,"R,S,T,U",Jasa Lainnya,Tersier,1036.63,658.87,miliar rupiah,sangat_sementara,
3525,Kabupaten Gresik,2020,A,"Pertanian, Kehutanan, dan Perikanan",Primer,10337.08,6004.08,miliar rupiah,tetap,
3525,Kabupaten Gresik,2021,A,"Pertanian, Kehutanan, dan Perikanan",Primer,10160.48,5823.54,miliar rupiah,tetap,
3525,Kabupaten Gresik,2022,A,"Pertanian, Kehutanan, dan Perikanan",Primer,11085.25,6007.94,miliar rupiah,tetap,
3525,Kabupaten Gresik,2023,A,"Pertanian, Kehutanan, dan Perikanan",Primer,11969.33,6200.21,miliar rupiah,sementara,
3525,Kabupaten Gresik,2024,A,"Pertanian, Kehutanan, dan Perikanan",Primer,12352.11,6301.05,miliar rupiah,sangat_sementara,
3525,Kabupaten Gresik,2020,B,Pertambangan dan Penggalian,Primer,8000.41,8582.77,miliar rupiah,tetap,
3525,Kabupaten Gresik,2021,B,Pertambangan dan Penggalian,Primer,10034.94,8705.94,miliar rupiah,tetap,
3525,Kabupaten Gresik,2022,B,Pertambangan dan Penggalian,Primer,13757.11,9385.49,miliar rupiah,tetap,
3525,Kabupaten Gresik,2023,B,Pertambangan dan Penggalian,Primer,12126.94,9293.59,miliar rupiah,sementara,
3525,Kabupaten Gresik,2024,B,Pertambangan dan Penggalian,Primer,11575.1,8783.73,miliar rupiah,sangat_sementara,
3525,Kabupaten Gresik,2020,C,Industri Pengolahan,Sekunder,66583.6,47703.86,miliar rupiah,tetap,
3525,Kabupaten Gresik,2021,C,Industri Pengolahan,Sekunder,72264.74,49808.94,miliar rupiah,tetap,
3525,Kabupaten Gresik,2022,C,Industri Pengolahan,Sekunder,81039.11,54162.28,miliar rupiah,tetap,
3525,Kabupaten Gresik,2023,C,Industri Pengolahan,Sekunder,88719.44,56730.52,miliar rupiah,sementara,
3525,Kabupaten Gresik,2024,C,Industri Pengolahan,Sekunder,96658.21,60317.76,miliar rupiah,sangat_sementara,
3525,Kabupaten Gresik,2020,D,Pengadaan Listrik dan Gas,Sekunder,682.84,543.75,miliar rupiah,tetap,
3525,Kabupaten Gresik,2021,D,Pengadaan Listrik dan Gas,Sekunder,683.07,556.66,miliar rupiah,tetap,
3525,Kabupaten Gresik,2022,D,Pengadaan Listrik dan Gas,Sekunder,733.13,590.75,miliar rupiah,tetap,
3525,Kabupaten Gresik,2023,D,Pengadaan Listrik dan Gas,Sekunder,765.89,611.89,miliar rupiah,sementara,
3525,Kabupaten Gresik,2024,D,Pengadaan Listrik dan Gas,Sekunder,803.73,649.31,miliar rupiah,sangat_sementara,
3525,Kabupaten Gresik,2020,E,"Pengadaan Air, Pengelolaan Sampah, Limbah dan Daur Ulang",Sekunder,88.8,64.12,miliar rupiah,tetap,
3525,Kabupaten Gresik,2021,E,"Pengadaan Air, Pengelolaan Sampah, Limbah dan Daur Ulang",Sekunder,98.56,70.67,miliar rupiah,tetap,
3525,Kabupaten Gresik,2022,E,"Pengadaan Air, Pengelolaan Sampah, Limbah dan Daur Ulang",Sekunder,105.71,73.15,miliar rupiah,tetap,
3525,Kabupaten Gresik,2023,E,"Pengadaan Air, Pengelolaan Sampah, Limbah dan Daur Ulang",Sekunder,112.58,76.61,miliar rupiah,sementara,
3525,Kabupaten Gresik,2024,E,"Pengadaan Air, Pengelolaan Sampah, Limbah dan Daur Ulang",Sekunder,119.74,80.33,miliar rupiah,sangat_sementara,
3525,Kabupaten Gresik,2020,F,Konstruksi,Sekunder,12642.99,9234.8,miliar rupiah,tetap,
3525,Kabupaten Gresik,2021,F,Konstruksi,Sekunder,12903.96,9418.46,miliar rupiah,tetap,
3525,Kabupaten Gresik,2022,F,Konstruksi,Sekunder,14327.94,9929.74,miliar rupiah,tetap,
3525,Kabupaten Gresik,2023,F,Konstruksi,Sekunder,15484.98,10477.02,miliar rupiah,sementara,
3525,Kabupaten Gresik,2024,F,Konstruksi,Sekunder,16343.28,10939.71,miliar rupiah,sangat_sementara,
3525,Kabupaten Gresik,2020,G,Perdagangan Besar dan Eceran; Reparasi Mobil dan Sepeda Motor,Tersier,16742.78,11509.21,miliar rupiah,tetap,
3525,Kabupaten Gresik,2021,G,Perdagangan Besar dan Eceran; Reparasi Mobil dan Sepeda Motor,Tersier,18260.5,12342.99,miliar rupiah,tetap,
3525,Kabupaten Gresik,2022,G,Perdagangan Besar dan Eceran; Reparasi Mobil dan Sepeda Motor,Tersier,20775.08,13245.02,miliar rupiah,tetap,
3525,Kabupaten Gresik,2023,G,Perdagangan Besar dan Eceran; Reparasi Mobil dan Sepeda Motor,Tersier,22770.34,14007.86,miliar rupiah,sementara,
3525,Kabupaten Gresik,2024,G,Perdagangan Besar dan Eceran; Reparasi Mobil dan Sepeda Motor,Tersier,24312.14,14649.08,miliar rupiah,sangat_sementara,
3525,Kabupaten Gresik,2020,H,Transportasi dan Pergudangan,Tersier,3334.17,2209.85,miliar rupiah,tetap,
3525,Kabupaten Gresik,2021,H,Transportasi dan Pergudangan,Tersier,3431.93,2284.8,miliar rupiah,tetap,
3525,Kabupaten Gresik,2022,H,Transportasi dan Pergudangan,Tersier,4096.71,2603.66,miliar rupiah,tetap,
3525,Kabupaten Gresik,2023,H,Transportasi dan Pergudangan,Tersier,4893.73,2915.52,miliar rupiah,sementara,
3525,Kabupaten Gresik,2024,H,Transportasi dan Pergudangan,Tersier,5407.01,3169.39,miliar rupiah,sangat_sementara,
3525,Kabupaten Gresik,2020,I,Penyediaan Akomodasi dan Makan Minum,Tersier,1785.41,1158.99,miliar rupiah,tetap,
3525,Kabupaten Gresik,2021,I,Penyediaan Akomodasi dan Makan Minum,Tersier,1958.41,1209.2,miliar rupiah,tetap,
3525,Kabupaten Gresik,2022,I,Penyediaan Akomodasi dan Makan Minum,Tersier,2232.16,1317.23,miliar rupiah,tetap,
3525,Kabupaten Gresik,2023,I,Penyediaan Akomodasi dan Makan Minum,Tersier,2495.87,1407.88,miliar rupiah,sementara,
3525,Kabupaten Gresik,2024,I,Penyediaan Akomodasi dan Makan Minum,Tersier,2724.15,1504.02,miliar rupiah,sangat_sementara,
3525,Kabupaten Gresik,2020,J,Informasi dan Komunikasi,Tersier,6021.5,5113.94,miliar rupiah,tetap,
3525,Kabupaten Gresik,2021,J,Informasi dan Komunikasi,Tersier,6470.87,5470.63,miliar rupiah,tetap,
3525,Kabupaten Gresik,2022,J,Informasi dan Komunikasi,Tersier,6790.45,5687.88,miliar rupiah,tetap,
3525,Kabupaten Gresik,2023,J,Informasi dan Komunikasi,Tersier,7335.5,6074.92,miliar rupiah,sementara,
3525,Kabupaten Gresik,2024,J,Informasi dan Komunikasi,Tersier,7920.73,6497.16,miliar rupiah,sangat_sementara,
3525,Kabupaten Gresik,2020,K,Jasa Keuangan dan Asuransi,Tersier,1612.73,1075.75,miliar rupiah,tetap,
3525,Kabupaten Gresik,2021,K,Jasa Keuangan dan Asuransi,Tersier,1675.36,1079.42,miliar rupiah,tetap,
3525,Kabupaten Gresik,2022,K,Jasa Keuangan dan Asuransi,Tersier,1853.62,1102.43,miliar rupiah,tetap,
3525,Kabupaten Gresik,2023,K,Jasa Keuangan dan Asuransi,Tersier,1979.39,1149.29,miliar rupiah,sementara,
3525,Kabupaten Gresik,2024,K,Jasa Keuangan dan Asuransi,Tersier,2121.85,1212.97,miliar rupiah,sangat_sementara,
3525,Kabupaten Gresik,2020,L,Real Estate,Tersier,1874.36,1383.88,miliar rupiah,tetap,
3525,Kabupaten Gresik,2021,L,Real Estate,Tersier,2015.92,1445.48,miliar rupiah,tetap,
3525,Kabupaten Gresik,2022,L,Real Estate,Tersier,2170.38,1527.52,miliar rupiah,tetap,
3525,Kabupaten Gresik,2023,L,Real Estate,Tersier,2285.03,1585.05,miliar rupiah,sementara,
3525,Kabupaten Gresik,2024,L,Real Estate,Tersier,2396.61,1642.29,miliar rupiah,sangat_sementara,
3525,Kabupaten Gresik,2020,"M,N",Jasa Perusahaan,Tersier,430.9,290.78,miliar rupiah,tetap,
3525,Kabupaten Gresik,2021,"M,N",Jasa Perusahaan,Tersier,446.03,297.42,miliar rupiah,tetap,
3525,Kabupaten Gresik,2022,"M,N",Jasa Perusahaan,Tersier,482.81,312.43,miliar rupiah,tetap,
3525,Kabupaten Gresik,2023,"M,N",Jasa Perusahaan,Tersier,534.48,336.28,miliar rupiah,sementara,
3525,Kabupaten Gresik,2024,"M,N",Jasa Perusahaan,Tersier,586.18,362.88,miliar rupiah,sangat_sementara,
3525,Kabupaten Gresik,2020,O,"Administrasi Pemerintahan, Pertahanan dan Jaminan Sosial Wajib",Tersier,1893.9,1131.65,miliar rupiah,tetap,
3525,Kabupaten Gresik,2021,O,"Administrasi Pemerintahan, Pertahanan dan Jaminan Sosial Wajib",Tersier,1896.02,1140.31,miliar rupiah,tetap,
3525,Kabupaten Gresik,2022,O,"Administrasi Pemerintahan, Pertahanan dan Jaminan Sosial Wajib",Tersier,1961.23,1144.45,miliar rupiah,tetap,
3525,Kabupaten Gresik,2023,O,"Administrasi Pemerintahan, Pertahanan dan Jaminan Sosial Wajib",Tersier,2069.32,1156.92,miliar rupiah,sementara,
3525,Kabupaten Gresik,2024,O,"Administrasi Pemerintahan, Pertahanan dan Jaminan Sosial Wajib",Tersier,2358.7,1259.67,miliar rupiah,sangat_sementara,
3525,Kabupaten Gresik,2020,P,Jasa Pendidikan,Tersier,1266.38,916.57,miliar rupiah,tetap,
3525,Kabupaten Gresik,2021,P,Jasa Pendidikan,Tersier,1305.95,937.05,miliar rupiah,tetap,
3525,Kabupaten Gresik,2022,P,Jasa Pendidikan,Tersier,1332.16,939.42,miliar rupiah,tetap,
3525,Kabupaten Gresik,2023,P,Jasa Pendidikan,Tersier,1456.29,1002.26,miliar rupiah,sementara,
3525,Kabupaten Gresik,2024,P,Jasa Pendidikan,Tersier,1551.63,1050.63,miliar rupiah,sangat_sementara,
3525,Kabupaten Gresik,2020,Q,Jasa Kesehatan dan Kegiatan Sosial,Tersier,602.43,441.85,miliar rupiah,tetap,
3525,Kabupaten Gresik,2021,Q,Jasa Kesehatan dan Kegiatan Sosial,Tersier,646.79,462.55,miliar rupiah,tetap,
3525,Kabupaten Gresik,2022,Q,Jasa Kesehatan dan Kegiatan Sosial,Tersier,664.82,452.58,miliar rupiah,tetap,
3525,Kabupaten Gresik,2023,Q,Jasa Kesehatan dan Kegiatan Sosial,Tersier,712.26,469.68,miliar rupiah,sementara,
3525,Kabupaten Gresik,2024,Q,Jasa Kesehatan dan Kegiatan Sosial,Tersier,766.17,500.12,miliar rupiah,sangat_sementara,
3525,Kabupaten Gresik,2020,"R,S,T,U",Jasa Lainnya,Tersier,368.27,250.75,miliar rupiah,tetap,
3525,Kabupaten Gresik,2021,"R,S,T,U",Jasa Lainnya,Tersier,402.54,264.62,miliar rupiah,tetap,
3525,Kabupaten Gresik,2022,"R,S,T,U",Jasa Lainnya,Tersier,500.27,314.89,miliar rupiah,tetap,
3525,Kabupaten Gresik,2023,"R,S,T,U",Jasa Lainnya,Tersier,549.62,329.93,miliar rupiah,sementara,
3525,Kabupaten Gresik,2024,"R,S,T,U",Jasa Lainnya,Tersier,607.18,354.3,miliar rupiah,sangat_sementara,
3526,Kabupaten Bangkalan,2020,A,"Pertanian, Kehutanan, dan Perikanan",Primer,5975.62,3746.91,miliar rupiah,tetap,
3526,Kabupaten Bangkalan,2021,A,"Pertanian, Kehutanan, dan Perikanan",Primer,5961.28,3670.21,miliar rupiah,tetap,
3526,Kabupaten Bangkalan,2022,A,"Pertanian, Kehutanan, dan Perikanan",Primer,6538.4,3768.43,miliar rupiah,tetap,
3526,Kabupaten Bangkalan,2023,A,"Pertanian, Kehutanan, dan Perikanan",Primer,6496.28,3617.17,miliar rupiah,sementara,
3526,Kabupaten Bangkalan,2024,A,"Pertanian, Kehutanan, dan Perikanan",Primer,5974.91,3240.47,miliar rupiah,sangat_sementara,
3526,Kabupaten Bangkalan,2020,B,Pertambangan dan Penggalian,Primer,4049.26,4554.7,miliar rupiah,tetap,
3526,Kabupaten Bangkalan,2021,B,Pertambangan dan Penggalian,Primer,4889.83,3888.81,miliar rupiah,tetap,
3526,Kabupaten Bangkalan,2022,B,Pertambangan dan Penggalian,Primer,5228.65,3026.38,miliar rupiah,tetap,
3526,Kabupaten Bangkalan,2023,B,Pertambangan dan Penggalian,Primer,4300.58,2831.38,miliar rupiah,sementara,
3526,Kabupaten Bangkalan,2024,B,Pertambangan dan Penggalian,Primer,4213.15,2794.27,miliar rupiah,sangat_sementara,
3526,Kabupaten Bangkalan,2020,C,Industri Pengolahan,Sekunder,573.62,396.75,miliar rupiah,tetap,
3526,Kabupaten Bangkalan,2021,C,Industri Pengolahan,Sekunder,605.7,407.32,miliar rupiah,tetap,
3526,Kabupaten Bangkalan,2022,C,Industri Pengolahan,Sekunder,692.37,447.48,miliar rupiah,tetap,
3526,Kabupaten Bangkalan,2023,C,Industri Pengolahan,Sekunder,769.41,479.19,miliar rupiah,sementara,
3526,Kabupaten Bangkalan,2024,C,Industri Pengolahan,Sekunder,873.9,523.02,miliar rupiah,sangat_sementara,
3526,Kabupaten Bangkalan,2020,D,Pengadaan Listrik dan Gas,Sekunder,10.2,8.36,miliar rupiah,tetap,
3526,Kabupaten Bangkalan,2021,D,Pengadaan Listrik dan Gas,Sekunder,10.44,8.54,miliar rupiah,tetap,
3526,Kabupaten Bangkalan,2022,D,Pengadaan Listrik dan Gas,Sekunder,11.35,9.08,miliar rupiah,tetap,
3526,Kabupaten Bangkalan,2023,D,Pengadaan Listrik dan Gas,Sekunder,13.02,10.05,miliar rupiah,sementara,
3526,Kabupaten Bangkalan,2024,D,Pengadaan Listrik dan Gas,Sekunder,14.09,10.81,miliar rupiah,sangat_sementara,
3526,Kabupaten Bangkalan,2020,E,"Pengadaan Air, Pengelolaan Sampah, Limbah dan Daur Ulang",Sekunder,22.24,14.57,miliar rupiah,tetap,
3526,Kabupaten Bangkalan,2021,E,"Pengadaan Air, Pengelolaan Sampah, Limbah dan Daur Ulang",Sekunder,23.95,15.62,miliar rupiah,tetap,
3526,Kabupaten Bangkalan,2022,E,"Pengadaan Air, Pengelolaan Sampah, Limbah dan Daur Ulang",Sekunder,26.41,16.5,miliar rupiah,tetap,
3526,Kabupaten Bangkalan,2023,E,"Pengadaan Air, Pengelolaan Sampah, Limbah dan Daur Ulang",Sekunder,28.72,17.53,miliar rupiah,sementara,
3526,Kabupaten Bangkalan,2024,E,"Pengadaan Air, Pengelolaan Sampah, Limbah dan Daur Ulang",Sekunder,31.96,19.1,miliar rupiah,sangat_sementara,
3526,Kabupaten Bangkalan,2020,F,Konstruksi,Sekunder,3331.3,2122.8,miliar rupiah,tetap,
3526,Kabupaten Bangkalan,2021,F,Konstruksi,Sekunder,3407.85,2166.7,miliar rupiah,tetap,
3526,Kabupaten Bangkalan,2022,F,Konstruksi,Sekunder,3868.75,2316.05,miliar rupiah,tetap,
3526,Kabupaten Bangkalan,2023,F,Konstruksi,Sekunder,4191.26,2443.72,miliar rupiah,sementara,
3526,Kabupaten Bangkalan,2024,F,Konstruksi,Sekunder,4593.27,2644.55,miliar rupiah,sangat_sementara,
3526,Kabupaten Bangkalan,2020,G,Perdagangan Besar dan Eceran; Reparasi Mobil dan Sepeda Motor,Tersier,3789.95,2674.91,miliar rupiah,tetap,
3526,Kabupaten Bangkalan,2021,G,Perdagangan Besar dan Eceran; Reparasi Mobil dan Sepeda Motor,Tersier,4156.82,2889.15,miliar rupiah,tetap,
3526,Kabupaten Bangkalan,2022,G,Perdagangan Besar dan Eceran; Reparasi Mobil dan Sepeda Motor,Tersier,4673.87,3090.66,miliar rupiah,tetap,
3526,Kabupaten Bangkalan,2023,G,Perdagangan Besar dan Eceran; Reparasi Mobil dan Sepeda Motor,Tersier,5262.35,3274.57,miliar rupiah,sementara,
3526,Kabupaten Bangkalan,2024,G,Perdagangan Besar dan Eceran; Reparasi Mobil dan Sepeda Motor,Tersier,5610.84,3447.63,miliar rupiah,sangat_sementara,
3526,Kabupaten Bangkalan,2020,H,Transportasi dan Pergudangan,Tersier,337.08,239.16,miliar rupiah,tetap,
3526,Kabupaten Bangkalan,2021,H,Transportasi dan Pergudangan,Tersier,352.89,250.66,miliar rupiah,tetap,
3526,Kabupaten Bangkalan,2022,H,Transportasi dan Pergudangan,Tersier,444.75,299.66,miliar rupiah,tetap,
3526,Kabupaten Bangkalan,2023,H,Transportasi dan Pergudangan,Tersier,534.71,333.69,miliar rupiah,sementara,
3526,Kabupaten Bangkalan,2024,H,Transportasi dan Pergudangan,Tersier,602.91,371.99,miliar rupiah,sangat_sementara,
3526,Kabupaten Bangkalan,2020,I,Penyediaan Akomodasi dan Makan Minum,Tersier,298.75,203.29,miliar rupiah,tetap,
3526,Kabupaten Bangkalan,2021,I,Penyediaan Akomodasi dan Makan Minum,Tersier,325.47,210.42,miliar rupiah,tetap,
3526,Kabupaten Bangkalan,2022,I,Penyediaan Akomodasi dan Makan Minum,Tersier,365.35,226.01,miliar rupiah,tetap,
3526,Kabupaten Bangkalan,2023,I,Penyediaan Akomodasi dan Makan Minum,Tersier,427.41,248.65,miliar rupiah,sementara,
3526,Kabupaten Bangkalan,2024,I,Penyediaan Akomodasi dan Makan Minum,Tersier,487.62,271.42,miliar rupiah,sangat_sementara,
3526,Kabupaten Bangkalan,2020,J,Informasi dan Komunikasi,Tersier,1252.97,1163.03,miliar rupiah,tetap,
3526,Kabupaten Bangkalan,2021,J,Informasi dan Komunikasi,Tersier,1334.71,1235.37,miliar rupiah,tetap,
3526,Kabupaten Bangkalan,2022,J,Informasi dan Komunikasi,Tersier,1417.07,1285.67,miliar rupiah,tetap,
3526,Kabupaten Bangkalan,2023,J,Informasi dan Komunikasi,Tersier,1606.87,1385.61,miliar rupiah,sementara,
3526,Kabupaten Bangkalan,2024,J,Informasi dan Komunikasi,Tersier,1818.12,1494.6,miliar rupiah,sangat_sementara,
3526,Kabupaten Bangkalan,2020,K,Jasa Keuangan dan Asuransi,Tersier,436.05,316.86,miliar rupiah,tetap,
3526,Kabupaten Bangkalan,2021,K,Jasa Keuangan dan Asuransi,Tersier,449.41,320.61,miliar rupiah,tetap,
3526,Kabupaten Bangkalan,2022,K,Jasa Keuangan dan Asuransi,Tersier,490.71,329.07,miliar rupiah,tetap,
3526,Kabupaten Bangkalan,2023,K,Jasa Keuangan dan Asuransi,Tersier,522.8,341.94,miliar rupiah,sementara,
3526,Kabupaten Bangkalan,2024,K,Jasa Keuangan dan Asuransi,Tersier,558.02,359.65,miliar rupiah,sangat_sementara,
3526,Kabupaten Bangkalan,2020,L,Real Estate,Tersier,296.51,223.51,miliar rupiah,tetap,
3526,Kabupaten Bangkalan,2021,L,Real Estate,Tersier,305.46,228.6,miliar rupiah,tetap,
3526,Kabupaten Bangkalan,2022,L,Real Estate,Tersier,326.82,240.98,miliar rupiah,tetap,
3526,Kabupaten Bangkalan,2023,L,Real Estate,Tersier,348.6,248.04,miliar rupiah,sementara,
3526,Kabupaten Bangkalan,2024,L,Real Estate,Tersier,394.32,269.31,miliar rupiah,sangat_sementara,
3526,Kabupaten Bangkalan,2020,"M,N",Jasa Perusahaan,Tersier,62.52,41.18,miliar rupiah,tetap,
3526,Kabupaten Bangkalan,2021,"M,N",Jasa Perusahaan,Tersier,64.26,41.83,miliar rupiah,tetap,
3526,Kabupaten Bangkalan,2022,"M,N",Jasa Perusahaan,Tersier,65.78,41.87,miliar rupiah,tetap,
3526,Kabupaten Bangkalan,2023,"M,N",Jasa Perusahaan,Tersier,67.91,43.15,miliar rupiah,sementara,
3526,Kabupaten Bangkalan,2024,"M,N",Jasa Perusahaan,Tersier,74.44,46.56,miliar rupiah,sangat_sementara,
3526,Kabupaten Bangkalan,2020,O,"Administrasi Pemerintahan, Pertahanan dan Jaminan Sosial Wajib",Tersier,1604.55,902.05,miliar rupiah,tetap,
3526,Kabupaten Bangkalan,2021,O,"Administrasi Pemerintahan, Pertahanan dan Jaminan Sosial Wajib",Tersier,1596.09,899.51,miliar rupiah,tetap,
3526,Kabupaten Bangkalan,2022,O,"Administrasi Pemerintahan, Pertahanan dan Jaminan Sosial Wajib",Tersier,1686.63,921.97,miliar rupiah,tetap,
3526,Kabupaten Bangkalan,2023,O,"Administrasi Pemerintahan, Pertahanan dan Jaminan Sosial Wajib",Tersier,1736.64,896.83,miliar rupiah,sementara,
3526,Kabupaten Bangkalan,2024,O,"Administrasi Pemerintahan, Pertahanan dan Jaminan Sosial Wajib",Tersier,1950.88,955.5,miliar rupiah,sangat_sementara,
3526,Kabupaten Bangkalan,2020,P,Jasa Pendidikan,Tersier,997.03,709.75,miliar rupiah,tetap,
3526,Kabupaten Bangkalan,2021,P,Jasa Pendidikan,Tersier,1003.71,713.63,miliar rupiah,tetap,
3526,Kabupaten Bangkalan,2022,P,Jasa Pendidikan,Tersier,1023.84,718.42,miliar rupiah,tetap,
3526,Kabupaten Bangkalan,2023,P,Jasa Pendidikan,Tersier,1103.06,761.54,miliar rupiah,sementara,
3526,Kabupaten Bangkalan,2024,P,Jasa Pendidikan,Tersier,1180.07,802.85,miliar rupiah,sangat_sementara,
3526,Kabupaten Bangkalan,2020,Q,Jasa Kesehatan dan Kegiatan Sosial,Tersier,101.88,80.51,miliar rupiah,tetap,
3526,Kabupaten Bangkalan,2021,Q,Jasa Kesehatan dan Kegiatan Sosial,Tersier,108.59,85.38,miliar rupiah,tetap,
3526,Kabupaten Bangkalan,2022,Q,Jasa Kesehatan dan Kegiatan Sosial,Tersier,117.68,87.66,miliar rupiah,tetap,
3526,Kabupaten Bangkalan,2023,Q,Jasa Kesehatan dan Kegiatan Sosial,Tersier,132.71,91.07,miliar rupiah,sementara,
3526,Kabupaten Bangkalan,2024,Q,Jasa Kesehatan dan Kegiatan Sosial,Tersier,141.01,95.04,miliar rupiah,sangat_sementara,
3526,Kabupaten Bangkalan,2020,"R,S,T,U",Jasa Lainnya,Tersier,150.49,116.29,miliar rupiah,tetap,
3526,Kabupaten Bangkalan,2021,"R,S,T,U",Jasa Lainnya,Tersier,160.25,120.4,miliar rupiah,tetap,
3526,Kabupaten Bangkalan,2022,"R,S,T,U",Jasa Lainnya,Tersier,185.81,134.05,miliar rupiah,tetap,
3526,Kabupaten Bangkalan,2023,"R,S,T,U",Jasa Lainnya,Tersier,197.67,140.06,miliar rupiah,sementara,
3526,Kabupaten Bangkalan,2024,"R,S,T,U",Jasa Lainnya,Tersier,219.26,150.76,miliar rupiah,sangat_sementara,
3527,Kabupaten Sampang,2020,A,"Pertanian, Kehutanan, dan Perikanan",Primer,6488.93,4057.72,miliar rupiah,tetap,
3527,Kabupaten Sampang,2021,A,"Pertanian, Kehutanan, dan Perikanan",Primer,6494.69,4012.24,miliar rupiah,tetap,
3527,Kabupaten Sampang,2022,A,"Pertanian, Kehutanan, dan Perikanan",Primer,7227.2,4171.3,miliar rupiah,tetap,
3527,Kabupaten Sampang,2023,A,"Pertanian, Kehutanan, dan Perikanan",Primer,7377.38,4108.45,miliar rupiah,sementara,
3527,Kabupaten Sampang,2024,A,"Pertanian, Kehutanan, dan Perikanan",Primer,7154.78,3885.4,miliar rupiah,sangat_sementara,
3527,Kabupaten Sampang,2020,B,Pertambangan dan Penggalian,Primer,3002.72,2679.75,miliar rupiah,tetap,
3527,Kabupaten Sampang,2021,B,Pertambangan dan Penggalian,Primer,3351.29,2541.17,miliar rupiah,tetap,
3527,Kabupaten Sampang,2022,B,Pertambangan dan Penggalian,Primer,4007.9,2327.09,miliar rupiah,tetap,
3527,Kabupaten Sampang,2023,B,Pertambangan dan Penggalian,Primer,3739.05,2251.35,miliar rupiah,sementara,
3527,Kabupaten Sampang,2024,B,Pertambangan dan Penggalian,Primer,3604.18,2144.22,miliar rupiah,sangat_sementara,
3527,Kabupaten Sampang,2020,C,Industri Pengolahan,Sekunder,715.51,515.58,miliar rupiah,tetap,
3527,Kabupaten Sampang,2021,C,Industri Pengolahan,Sekunder,745.67,519.96,miliar rupiah,tetap,
3527,Kabupaten Sampang,2022,C,Industri Pengolahan,Sekunder,841.25,564.54,miliar rupiah,tetap,
3527,Kabupaten Sampang,2023,C,Industri Pengolahan,Sekunder,928.39,601.83,miliar rupiah,sementara,
3527,Kabupaten Sampang,2024,C,Industri Pengolahan,Sekunder,1039.85,647.23,miliar rupiah,sangat_sementara,
3527,Kabupaten Sampang,2020,D,Pengadaan Listrik dan Gas,Sekunder,6.71,5.18,miliar rupiah,tetap,
3527,Kabupaten Sampang,2021,D,Pengadaan Listrik dan Gas,Sekunder,7.23,5.33,miliar rupiah,tetap,
3527,Kabupaten Sampang,2022,D,Pengadaan Listrik dan Gas,Sekunder,7.88,5.63,miliar rupiah,tetap,
3527,Kabupaten Sampang,2023,D,Pengadaan Listrik dan Gas,Sekunder,8.29,5.79,miliar rupiah,sementara,
3527,Kabupaten Sampang,2024,D,Pengadaan Listrik dan Gas,Sekunder,9.16,6.38,miliar rupiah,sangat_sementara,
3527,Kabupaten Sampang,2020,E,"Pengadaan Air, Pengelolaan Sampah, Limbah dan Daur Ulang",Sekunder,15.15,11.15,miliar rupiah,tetap,
3527,Kabupaten Sampang,2021,E,"Pengadaan Air, Pengelolaan Sampah, Limbah dan Daur Ulang",Sekunder,16.43,11.75,miliar rupiah,tetap,
3527,Kabupaten Sampang,2022,E,"Pengadaan Air, Pengelolaan Sampah, Limbah dan Daur Ulang",Sekunder,18.17,12.53,miliar rupiah,tetap,
3527,Kabupaten Sampang,2023,E,"Pengadaan Air, Pengelolaan Sampah, Limbah dan Daur Ulang",Sekunder,18.82,12.84,miliar rupiah,sementara,
3527,Kabupaten Sampang,2024,E,"Pengadaan Air, Pengelolaan Sampah, Limbah dan Daur Ulang",Sekunder,19.65,13.34,miliar rupiah,sangat_sementara,
3527,Kabupaten Sampang,2020,F,Konstruksi,Sekunder,2099.22,1407.28,miliar rupiah,tetap,
3527,Kabupaten Sampang,2021,F,Konstruksi,Sekunder,2144.99,1437.29,miliar rupiah,tetap,
3527,Kabupaten Sampang,2022,F,Konstruksi,Sekunder,2408.67,1527.31,miliar rupiah,tetap,
3527,Kabupaten Sampang,2023,F,Konstruksi,Sekunder,2715.92,1668.38,miliar rupiah,sementara,
3527,Kabupaten Sampang,2024,F,Konstruksi,Sekunder,3019.27,1829.34,miliar rupiah,sangat_sementara,
3527,Kabupaten Sampang,2020,G,Perdagangan Besar dan Eceran; Reparasi Mobil dan Sepeda Motor,Tersier,3577.53,2414.08,miliar rupiah,tetap,
3527,Kabupaten Sampang,2021,G,Perdagangan Besar dan Eceran; Reparasi Mobil dan Sepeda Motor,Tersier,3794.98,2496.58,miliar rupiah,tetap,
3527,Kabupaten Sampang,2022,G,Perdagangan Besar dan Eceran; Reparasi Mobil dan Sepeda Motor,Tersier,4200.02,2635.57,miliar rupiah,tetap,
3527,Kabupaten Sampang,2023,G,Perdagangan Besar dan Eceran; Reparasi Mobil dan Sepeda Motor,Tersier,4620.67,2794.7,miliar rupiah,sementara,
3527,Kabupaten Sampang,2024,G,Perdagangan Besar dan Eceran; Reparasi Mobil dan Sepeda Motor,Tersier,4970.86,2956.02,miliar rupiah,sangat_sementara,
3527,Kabupaten Sampang,2020,H,Transportasi dan Pergudangan,Tersier,203.03,141.45,miliar rupiah,tetap,
3527,Kabupaten Sampang,2021,H,Transportasi dan Pergudangan,Tersier,216.43,150.7,miliar rupiah,tetap,
3527,Kabupaten Sampang,2022,H,Transportasi dan Pergudangan,Tersier,261.41,172.74,miliar rupiah,tetap,
3527,Kabupaten Sampang,2023,H,Transportasi dan Pergudangan,Tersier,320.27,193.6,miliar rupiah,sementara,
3527,Kabupaten Sampang,2024,H,Transportasi dan Pergudangan,Tersier,363.53,217.28,miliar rupiah,sangat_sementara,
3527,Kabupaten Sampang,2020,I,Penyediaan Akomodasi dan Makan Minum,Tersier,83.19,58.63,miliar rupiah,tetap,
3527,Kabupaten Sampang,2021,I,Penyediaan Akomodasi dan Makan Minum,Tersier,89.65,60.3,miliar rupiah,tetap,
3527,Kabupaten Sampang,2022,I,Penyediaan Akomodasi dan Makan Minum,Tersier,101.16,66.2,miliar rupiah,tetap,
3527,Kabupaten Sampang,2023,I,Penyediaan Akomodasi dan Makan Minum,Tersier,112.14,71.42,miliar rupiah,sementara,
3527,Kabupaten Sampang,2024,I,Penyediaan Akomodasi dan Makan Minum,Tersier,119.02,74.52,miliar rupiah,sangat_sementara,
3527,Kabupaten Sampang,2020,J,Informasi dan Komunikasi,Tersier,1052.95,932.27,miliar rupiah,tetap,
3527,Kabupaten Sampang,2021,J,Informasi dan Komunikasi,Tersier,1123.95,989.03,miliar rupiah,tetap,
3527,Kabupaten Sampang,2022,J,Informasi dan Komunikasi,Tersier,1170.04,1020.86,miliar rupiah,tetap,
3527,Kabupaten Sampang,2023,J,Informasi dan Komunikasi,Tersier,1272.23,1091.71,miliar rupiah,sementara,
3527,Kabupaten Sampang,2024,J,Informasi dan Komunikasi,Tersier,1352.73,1153.37,miliar rupiah,sangat_sementara,
3527,Kabupaten Sampang,2020,K,Jasa Keuangan dan Asuransi,Tersier,289.76,192.1,miliar rupiah,tetap,
3527,Kabupaten Sampang,2021,K,Jasa Keuangan dan Asuransi,Tersier,298.51,195.82,miliar rupiah,tetap,
3527,Kabupaten Sampang,2022,K,Jasa Keuangan dan Asuransi,Tersier,317.46,200.5,miliar rupiah,tetap,
3527,Kabupaten Sampang,2023,K,Jasa Keuangan dan Asuransi,Tersier,334.84,205.6,miliar rupiah,sementara,
3527,Kabupaten Sampang,2024,K,Jasa Keuangan dan Asuransi,Tersier,348.69,211.6,miliar rupiah,sangat_sementara,
3527,Kabupaten Sampang,2020,L,Real Estate,Tersier,267.75,197.0,miliar rupiah,tetap,
3527,Kabupaten Sampang,2021,L,Real Estate,Tersier,287.89,204.26,miliar rupiah,tetap,
3527,Kabupaten Sampang,2022,L,Real Estate,Tersier,302.35,211.59,miliar rupiah,tetap,
3527,Kabupaten Sampang,2023,L,Real Estate,Tersier,319.64,219.75,miliar rupiah,sementara,
3527,Kabupaten Sampang,2024,L,Real Estate,Tersier,339.07,230.49,miliar rupiah,sangat_sementara,
3527,Kabupaten Sampang,2020,"M,N",Jasa Perusahaan,Tersier,58.72,38.29,miliar rupiah,tetap,
3527,Kabupaten Sampang,2021,"M,N",Jasa Perusahaan,Tersier,59.35,38.48,miliar rupiah,tetap,
3527,Kabupaten Sampang,2022,"M,N",Jasa Perusahaan,Tersier,61.7,38.95,miliar rupiah,tetap,
3527,Kabupaten Sampang,2023,"M,N",Jasa Perusahaan,Tersier,71.11,44.29,miliar rupiah,sementara,
3527,Kabupaten Sampang,2024,"M,N",Jasa Perusahaan,Tersier,78.41,48.25,miliar rupiah,sangat_sementara,
3527,Kabupaten Sampang,2020,O,"Administrasi Pemerintahan, Pertahanan dan Jaminan Sosial Wajib",Tersier,990.63,625.1,miliar rupiah,tetap,
3527,Kabupaten Sampang,2021,O,"Administrasi Pemerintahan, Pertahanan dan Jaminan Sosial Wajib",Tersier,982.91,625.24,miliar rupiah,tetap,
3527,Kabupaten Sampang,2022,O,"Administrasi Pemerintahan, Pertahanan dan Jaminan Sosial Wajib",Tersier,1011.28,635.85,miliar rupiah,tetap,
3527,Kabupaten Sampang,2023,O,"Administrasi Pemerintahan, Pertahanan dan Jaminan Sosial Wajib",Tersier,1079.55,642.85,miliar rupiah,sementara,
3527,Kabupaten Sampang,2024,O,"Administrasi Pemerintahan, Pertahanan dan Jaminan Sosial Wajib",Tersier,1207.79,699.31,miliar rupiah,sangat_sementara,
3527,Kabupaten Sampang,2020,P,Jasa Pendidikan,Tersier,702.1,475.74,miliar rupiah,tetap,
3527,Kabupaten Sampang,2021,P,Jasa Pendidikan,Tersier,718.93,485.13,miliar rupiah,tetap,
3527,Kabupaten Sampang,2022,P,Jasa Pendidikan,Tersier,731.75,489.06,miliar rupiah,tetap,
3527,Kabupaten Sampang,2023,P,Jasa Pendidikan,Tersier,785.07,516.15,miliar rupiah,sementara,
3527,Kabupaten Sampang,2024,P,Jasa Pendidikan,Tersier,840.8,548.94,miliar rupiah,sangat_sementara,
3527,Kabupaten Sampang,2020,Q,Jasa Kesehatan dan Kegiatan Sosial,Tersier,121.0,83.52,miliar rupiah,tetap,
3527,Kabupaten Sampang,2021,Q,Jasa Kesehatan dan Kegiatan Sosial,Tersier,129.08,88.48,miliar rupiah,tetap,
3527,Kabupaten Sampang,2022,Q,Jasa Kesehatan dan Kegiatan Sosial,Tersier,137.06,91.54,miliar rupiah,tetap,
3527,Kabupaten Sampang,2023,Q,Jasa Kesehatan dan Kegiatan Sosial,Tersier,145.55,94.32,miliar rupiah,sementara,
3527,Kabupaten Sampang,2024,Q,Jasa Kesehatan dan Kegiatan Sosial,Tersier,152.74,98.5,miliar rupiah,sangat_sementara,
3527,Kabupaten Sampang,2020,"R,S,T,U",Jasa Lainnya,Tersier,167.67,118.87,miliar rupiah,tetap,
3527,Kabupaten Sampang,2021,"R,S,T,U",Jasa Lainnya,Tersier,176.86,122.81,miliar rupiah,tetap,
3527,Kabupaten Sampang,2022,"R,S,T,U",Jasa Lainnya,Tersier,204.03,137.02,miliar rupiah,tetap,
3527,Kabupaten Sampang,2023,"R,S,T,U",Jasa Lainnya,Tersier,237.74,151.08,miliar rupiah,sementara,
3527,Kabupaten Sampang,2024,"R,S,T,U",Jasa Lainnya,Tersier,261.26,161.1,miliar rupiah,sangat_sementara,
3528,Kabupaten Pamekasan,2020,A,"Pertanian, Kehutanan, dan Perikanan",Primer,5457.59,3214.65,miliar rupiah,tetap,
3528,Kabupaten Pamekasan,2021,A,"Pertanian, Kehutanan, dan Perikanan",Primer,5717.06,3262.76,miliar rupiah,tetap,
3528,Kabupaten Pamekasan,2022,A,"Pertanian, Kehutanan, dan Perikanan",Primer,6247.75,3367.65,miliar rupiah,tetap,
3528,Kabupaten Pamekasan,2023,A,"Pertanian, Kehutanan, dan Perikanan",Primer,6616.63,3457.92,miliar rupiah,sementara,
3528,Kabupaten Pamekasan,2024,A,"Pertanian, Kehutanan, dan Perikanan",Primer,6943.0,3489.59,miliar rupiah,sangat_sementara,
3528,Kabupaten Pamekasan,2020,B,Pertambangan dan Penggalian,Primer,585.22,385.41,miliar rupiah,tetap,
3528,Kabupaten Pamekasan,2021,B,Pertambangan dan Penggalian,Primer,598.31,383.05,miliar rupiah,tetap,
3528,Kabupaten Pamekasan,2022,B,Pertambangan dan Penggalian,Primer,636.84,396.39,miliar rupiah,tetap,
3528,Kabupaten Pamekasan,2023,B,Pertambangan dan Penggalian,Primer,762.7,460.05,miliar rupiah,sementara,
3528,Kabupaten Pamekasan,2024,B,Pertambangan dan Penggalian,Primer,831.27,489.76,miliar rupiah,sangat_sementara,
3528,Kabupaten Pamekasan,2020,C,Industri Pengolahan,Sekunder,1137.47,755.57,miliar rupiah,tetap,
3528,Kabupaten Pamekasan,2021,C,Industri Pengolahan,Sekunder,1237.29,791.38,miliar rupiah,tetap,
3528,Kabupaten Pamekasan,2022,C,Industri Pengolahan,Sekunder,1380.21,850.99,miliar rupiah,tetap,
3528,Kabupaten Pamekasan,2023,C,Industri Pengolahan,Sekunder,1560.22,910.12,miliar rupiah,sementara,
3528,Kabupaten Pamekasan,2024,C,Industri Pengolahan,Sekunder,1741.64,967.65,miliar rupiah,sangat_sementara,
3528,Kabupaten Pamekasan,2020,D,Pengadaan Listrik dan Gas,Sekunder,8.51,6.56,miliar rupiah,tetap,
3528,Kabupaten Pamekasan,2021,D,Pengadaan Listrik dan Gas,Sekunder,8.93,6.8,miliar rupiah,tetap,
3528,Kabupaten Pamekasan,2022,D,Pengadaan Listrik dan Gas,Sekunder,9.66,7.22,miliar rupiah,tetap,
3528,Kabupaten Pamekasan,2023,D,Pengadaan Listrik dan Gas,Sekunder,10.5,7.72,miliar rupiah,sementara,
3528,Kabupaten Pamekasan,2024,D,Pengadaan Listrik dan Gas,Sekunder,11.28,8.26,miliar rupiah,sangat_sementara,
3528,Kabupaten Pamekasan,2020,E,"Pengadaan Air, Pengelolaan Sampah, Limbah dan Daur Ulang",Sekunder,13.12,10.29,miliar rupiah,tetap,
3528,Kabupaten Pamekasan,2021,E,"Pengadaan Air, Pengelolaan Sampah, Limbah dan Daur Ulang",Sekunder,13.88,10.91,miliar rupiah,tetap,
3528,Kabupaten Pamekasan,2022,E,"Pengadaan Air, Pengelolaan Sampah, Limbah dan Daur Ulang",Sekunder,14.9,11.43,miliar rupiah,tetap,
3528,Kabupaten Pamekasan,2023,E,"Pengadaan Air, Pengelolaan Sampah, Limbah dan Daur Ulang",Sekunder,15.97,12.13,miliar rupiah,sementara,
3528,Kabupaten Pamekasan,2024,E,"Pengadaan Air, Pengelolaan Sampah, Limbah dan Daur Ulang",Sekunder,16.8,12.64,miliar rupiah,sangat_sementara,
3528,Kabupaten Pamekasan,2020,F,Konstruksi,Sekunder,1755.16,1174.78,miliar rupiah,tetap,
3528,Kabupaten Pamekasan,2021,F,Konstruksi,Sekunder,1817.24,1206.3,miliar rupiah,tetap,
3528,Kabupaten Pamekasan,2022,F,Konstruksi,Sekunder,1984.92,1263.96,miliar rupiah,tetap,
3528,Kabupaten Pamekasan,2023,F,Konstruksi,Sekunder,2175.95,1365.52,miliar rupiah,sementara,
3528,Kabupaten Pamekasan,2024,F,Konstruksi,Sekunder,2400.91,1487.77,miliar rupiah,sangat_sementara,
3528,Kabupaten Pamekasan,2020,G,Perdagangan Besar dan Eceran; Reparasi Mobil dan Sepeda Motor,Tersier,3386.9,2344.37,miliar rupiah,tetap,
3528,Kabupaten Pamekasan,2021,G,Perdagangan Besar dan Eceran; Reparasi Mobil dan Sepeda Motor,Tersier,3659.68,2502.83,miliar rupiah,tetap,
3528,Kabupaten Pamekasan,2022,G,Perdagangan Besar dan Eceran; Reparasi Mobil dan Sepeda Motor,Tersier,4082.37,2661.48,miliar rupiah,tetap,
3528,Kabupaten Pamekasan,2023,G,Perdagangan Besar dan Eceran; Reparasi Mobil dan Sepeda Motor,Tersier,4474.09,2810.95,miliar rupiah,sementara,
3528,Kabupaten Pamekasan,2024,G,Perdagangan Besar dan Eceran; Reparasi Mobil dan Sepeda Motor,Tersier,4827.45,2976.24,miliar rupiah,sangat_sementara,
3528,Kabupaten Pamekasan,2020,H,Transportasi dan Pergudangan,Tersier,267.28,191.74,miliar rupiah,tetap,
3528,Kabupaten Pamekasan,2021,H,Transportasi dan Pergudangan,Tersier,289.1,207.41,miliar rupiah,tetap,
3528,Kabupaten Pamekasan,2022,H,Transportasi dan Pergudangan,Tersier,352.41,239.5,miliar rupiah,tetap,
3528,Kabupaten Pamekasan,2023,H,Transportasi dan Pergudangan,Tersier,426.11,265.9,miliar rupiah,sementara,
3528,Kabupaten Pamekasan,2024,H,Transportasi dan Pergudangan,Tersier,487.27,301.32,miliar rupiah,sangat_sementara,
3528,Kabupaten Pamekasan,2020,I,Penyediaan Akomodasi dan Makan Minum,Tersier,109.68,73.65,miliar rupiah,tetap,
3528,Kabupaten Pamekasan,2021,I,Penyediaan Akomodasi dan Makan Minum,Tersier,117.67,75.5,miliar rupiah,tetap,
3528,Kabupaten Pamekasan,2022,I,Penyediaan Akomodasi dan Makan Minum,Tersier,133.64,82.97,miliar rupiah,tetap,
3528,Kabupaten Pamekasan,2023,I,Penyediaan Akomodasi dan Makan Minum,Tersier,148.8,89.26,miliar rupiah,sementara,
3528,Kabupaten Pamekasan,2024,I,Penyediaan Akomodasi dan Makan Minum,Tersier,160.92,94.67,miliar rupiah,sangat_sementara,
3528,Kabupaten Pamekasan,2020,J,Informasi dan Komunikasi,Tersier,1127.09,973.38,miliar rupiah,tetap,
3528,Kabupaten Pamekasan,2021,J,Informasi dan Komunikasi,Tersier,1209.35,1038.98,miliar rupiah,tetap,
3528,Kabupaten Pamekasan,2022,J,Informasi dan Komunikasi,Tersier,1281.04,1086.3,miliar rupiah,tetap,
3528,Kabupaten Pamekasan,2023,J,Informasi dan Komunikasi,Tersier,1366.92,1140.8,miliar rupiah,sementara,
3528,Kabupaten Pamekasan,2024,J,Informasi dan Komunikasi,Tersier,1445.98,1187.49,miliar rupiah,sangat_sementara,
3528,Kabupaten Pamekasan,2020,K,Jasa Keuangan dan Asuransi,Tersier,331.5,215.77,miliar rupiah,tetap,
3528,Kabupaten Pamekasan,2021,K,Jasa Keuangan dan Asuransi,Tersier,341.45,218.71,miliar rupiah,tetap,
3528,Kabupaten Pamekasan,2022,K,Jasa Keuangan dan Asuransi,Tersier,366.47,223.58,miliar rupiah,tetap,
3528,Kabupaten Pamekasan,2023,K,Jasa Keuangan dan Asuransi,Tersier,402.03,236.26,miliar rupiah,sementara,
3528,Kabupaten Pamekasan,2024,K,Jasa Keuangan dan Asuransi,Tersier,435.05,246.29,miliar rupiah,sangat_sementara,
3528,Kabupaten Pamekasan,2020,L,Real Estate,Tersier,322.64,233.69,miliar rupiah,tetap,
3528,Kabupaten Pamekasan,2021,L,Real Estate,Tersier,326.38,235.21,miliar rupiah,tetap,
3528,Kabupaten Pamekasan,2022,L,Real Estate,Tersier,350.3,246.99,miliar rupiah,tetap,
3528,Kabupaten Pamekasan,2023,L,Real Estate,Tersier,368.94,255.13,miliar rupiah,sementara,
3528,Kabupaten Pamekasan,2024,L,Real Estate,Tersier,392.21,267.21,miliar rupiah,sangat_sementara,
3528,Kabupaten Pamekasan,2020,"M,N",Jasa Perusahaan,Tersier,64.51,47.34,miliar rupiah,tetap,
3528,Kabupaten Pamekasan,2021,"M,N",Jasa Perusahaan,Tersier,66.7,48.35,miliar rupiah,tetap,
3528,Kabupaten Pamekasan,2022,"M,N",Jasa Perusahaan,Tersier,68.37,48.26,miliar rupiah,tetap,
3528,Kabupaten Pamekasan,2023,"M,N",Jasa Perusahaan,Tersier,78.44,53.46,miliar rupiah,sementara,
3528,Kabupaten Pamekasan,2024,"M,N",Jasa Perusahaan,Tersier,85.22,56.21,miliar rupiah,sangat_sementara,
3528,Kabupaten Pamekasan,2020,O,"Administrasi Pemerintahan, Pertahanan dan Jaminan Sosial Wajib",Tersier,1183.53,742.13,miliar rupiah,tetap,
3528,Kabupaten Pamekasan,2021,O,"Administrasi Pemerintahan, Pertahanan dan Jaminan Sosial Wajib",Tersier,1183.13,743.58,miliar rupiah,tetap,
3528,Kabupaten Pamekasan,2022,O,"Administrasi Pemerintahan, Pertahanan dan Jaminan Sosial Wajib",Tersier,1227.11,758.29,miliar rupiah,tetap,
3528,Kabupaten Pamekasan,2023,O,"Administrasi Pemerintahan, Pertahanan dan Jaminan Sosial Wajib",Tersier,1274.05,759.74,miliar rupiah,sementara,
3528,Kabupaten Pamekasan,2024,O,"Administrasi Pemerintahan, Pertahanan dan Jaminan Sosial Wajib",Tersier,1406.73,805.83,miliar rupiah,sangat_sementara,
3528,Kabupaten Pamekasan,2020,P,Jasa Pendidikan,Tersier,752.19,533.81,miliar rupiah,tetap,
3528,Kabupaten Pamekasan,2021,P,Jasa Pendidikan,Tersier,764.52,540.45,miliar rupiah,tetap,
3528,Kabupaten Pamekasan,2022,P,Jasa Pendidikan,Tersier,784.62,546.81,miliar rupiah,tetap,
3528,Kabupaten Pamekasan,2023,P,Jasa Pendidikan,Tersier,831.63,557.87,miliar rupiah,sementara,
3528,Kabupaten Pamekasan,2024,P,Jasa Pendidikan,Tersier,907.37,591.91,miliar rupiah,sangat_sementara,
3528,Kabupaten Pamekasan,2020,Q,Jasa Kesehatan dan Kegiatan Sosial,Tersier,137.25,99.55,miliar rupiah,tetap,
3528,Kabupaten Pamekasan,2021,Q,Jasa Kesehatan dan Kegiatan Sosial,Tersier,144.62,104.51,miliar rupiah,tetap,
3528,Kabupaten Pamekasan,2022,Q,Jasa Kesehatan dan Kegiatan Sosial,Tersier,154.67,107.39,miliar rupiah,tetap,
3528,Kabupaten Pamekasan,2023,Q,Jasa Kesehatan dan Kegiatan Sosial,Tersier,163.2,111.14,miliar rupiah,sementara,
3528,Kabupaten Pamekasan,2024,Q,Jasa Kesehatan dan Kegiatan Sosial,Tersier,173.92,117.78,miliar rupiah,sangat_sementara,
3528,Kabupaten Pamekasan,2020,"R,S,T,U",Jasa Lainnya,Tersier,154.2,114.92,miliar rupiah,tetap,
3528,Kabupaten Pamekasan,2021,"R,S,T,U",Jasa Lainnya,Tersier,163.9,119.49,miliar rupiah,tetap,
3528,Kabupaten Pamekasan,2022,"R,S,T,U",Jasa Lainnya,Tersier,188.07,132.34,miliar rupiah,tetap,
3528,Kabupaten Pamekasan,2023,"R,S,T,U",Jasa Lainnya,Tersier,205.05,134.71,miliar rupiah,sementara,
3528,Kabupaten Pamekasan,2024,"R,S,T,U",Jasa Lainnya,Tersier,225.15,144.65,miliar rupiah,sangat_sementara,
3529,Kabupaten Sumenep,2020,A,"Pertanian, Kehutanan, dan Perikanan",Primer,13077.8,7818.69,miliar rupiah,tetap,
3529,Kabupaten Sumenep,2021,A,"Pertanian, Kehutanan, dan Perikanan",Primer,13677.6,7980.61,miliar rupiah,tetap,
3529,Kabupaten Sumenep,2022,A,"Pertanian, Kehutanan, dan Perikanan",Primer,15190.49,8273.58,miliar rupiah,tetap,
3529,Kabupaten Sumenep,2023,A,"Pertanian, Kehutanan, dan Perikanan",Primer,16357.24,8510.87,miliar rupiah,sementara,
3529,Kabupaten Sumenep,2024,A,"Pertanian, Kehutanan, dan Perikanan",Primer,16820.61,8531.37,miliar rupiah,sangat_sementara,
3529,Kabupaten Sumenep,2020,B,Pertambangan dan Penggalian,Primer,5130.04,5153.02,miliar rupiah,tetap,
3529,Kabupaten Sumenep,2021,B,Pertambangan dan Penggalian,Primer,6095.89,5052.75,miliar rupiah,tetap,
3529,Kabupaten Sumenep,2022,B,Pertambangan dan Penggalian,Primer,7946.74,4835.93,miliar rupiah,tetap,
3529,Kabupaten Sumenep,2023,B,Pertambangan dan Penggalian,Primer,7757.87,5182.19,miliar rupiah,sementara,
3529,Kabupaten Sumenep,2024,B,Pertambangan dan Penggalian,Primer,7705.05,5204.3,miliar rupiah,sangat_sementara,
3529,Kabupaten Sumenep,2020,C,Industri Pengolahan,Sekunder,2015.78,1416.61,miliar rupiah,tetap,
3529,Kabupaten Sumenep,2021,C,Industri Pengolahan,Sekunder,2198.07,1495.21,miliar rupiah,tetap,
3529,Kabupaten Sumenep,2022,C,Industri Pengolahan,Sekunder,2455.13,1613.25,miliar rupiah,tetap,
3529,Kabupaten Sumenep,2023,C,Industri Pengolahan,Sekunder,2721.09,1716.77,miliar rupiah,sementara,
3529,Kabupaten Sumenep,2024,C,Industri Pengolahan,Sekunder,3042.55,1858.63,miliar rupiah,sangat_sementara,
3529,Kabupaten Sumenep,2020,D,Pengadaan Listrik dan Gas,Sekunder,10.1,7.97,miliar rupiah,tetap,
3529,Kabupaten Sumenep,2021,D,Pengadaan Listrik dan Gas,Sekunder,10.52,8.26,miliar rupiah,tetap,
3529,Kabupaten Sumenep,2022,D,Pengadaan Listrik dan Gas,Sekunder,11.39,8.82,miliar rupiah,tetap,
3529,Kabupaten Sumenep,2023,D,Pengadaan Listrik dan Gas,Sekunder,12.5,9.45,miliar rupiah,sementara,
3529,Kabupaten Sumenep,2024,D,Pengadaan Listrik dan Gas,Sekunder,13.47,10.12,miliar rupiah,sangat_sementara,
3529,Kabupaten Sumenep,2020,E,"Pengadaan Air, Pengelolaan Sampah, Limbah dan Daur Ulang",Sekunder,14.34,11.9,miliar rupiah,tetap,
3529,Kabupaten Sumenep,2021,E,"Pengadaan Air, Pengelolaan Sampah, Limbah dan Daur Ulang",Sekunder,15.28,12.56,miliar rupiah,tetap,
3529,Kabupaten Sumenep,2022,E,"Pengadaan Air, Pengelolaan Sampah, Limbah dan Daur Ulang",Sekunder,16.51,13.21,miliar rupiah,tetap,
3529,Kabupaten Sumenep,2023,E,"Pengadaan Air, Pengelolaan Sampah, Limbah dan Daur Ulang",Sekunder,17.19,13.57,miliar rupiah,sementara,
3529,Kabupaten Sumenep,2024,E,"Pengadaan Air, Pengelolaan Sampah, Limbah dan Daur Ulang",Sekunder,18.14,14.09,miliar rupiah,sangat_sementara,
3529,Kabupaten Sumenep,2020,F,Konstruksi,Sekunder,2327.21,1633.18,miliar rupiah,tetap,
3529,Kabupaten Sumenep,2021,F,Konstruksi,Sekunder,2421.04,1690.9,miliar rupiah,tetap,
3529,Kabupaten Sumenep,2022,F,Konstruksi,Sekunder,2761.89,1819.6,miliar rupiah,tetap,
3529,Kabupaten Sumenep,2023,F,Konstruksi,Sekunder,3134.31,2001.03,miliar rupiah,sementara,
3529,Kabupaten Sumenep,2024,F,Konstruksi,Sekunder,3567.07,2243.38,miliar rupiah,sangat_sementara,
3529,Kabupaten Sumenep,2020,G,Perdagangan Besar dan Eceran; Reparasi Mobil dan Sepeda Motor,Tersier,3997.14,2902.1,miliar rupiah,tetap,
3529,Kabupaten Sumenep,2021,G,Perdagangan Besar dan Eceran; Reparasi Mobil dan Sepeda Motor,Tersier,4389.69,3112.17,miliar rupiah,tetap,
3529,Kabupaten Sumenep,2022,G,Perdagangan Besar dan Eceran; Reparasi Mobil dan Sepeda Motor,Tersier,4886.33,3291.89,miliar rupiah,tetap,
3529,Kabupaten Sumenep,2023,G,Perdagangan Besar dan Eceran; Reparasi Mobil dan Sepeda Motor,Tersier,5354.14,3475.17,miliar rupiah,sementara,
3529,Kabupaten Sumenep,2024,G,Perdagangan Besar dan Eceran; Reparasi Mobil dan Sepeda Motor,Tersier,5783.78,3681.94,miliar rupiah,sangat_sementara,
3529,Kabupaten Sumenep,2020,H,Transportasi dan Pergudangan,Tersier,365.08,272.31,miliar rupiah,tetap,
3529,Kabupaten Sumenep,2021,H,Transportasi dan Pergudangan,Tersier,389.5,292.04,miliar rupiah,tetap,
3529,Kabupaten Sumenep,2022,H,Transportasi dan Pergudangan,Tersier,486.6,347.28,miliar rupiah,tetap,
3529,Kabupaten Sumenep,2023,H,Transportasi dan Pergudangan,Tersier,575.89,383.03,miliar rupiah,sementara,
3529,Kabupaten Sumenep,2024,H,Transportasi dan Pergudangan,Tersier,640.72,420.08,miliar rupiah,sangat_sementara,
3529,Kabupaten Sumenep,2020,I,Penyediaan Akomodasi dan Makan Minum,Tersier,226.69,178.47,miliar rupiah,tetap,
3529,Kabupaten Sumenep,2021,I,Penyediaan Akomodasi dan Makan Minum,Tersier,245.35,183.61,miliar rupiah,tetap,
3529,Kabupaten Sumenep,2022,I,Penyediaan Akomodasi dan Makan Minum,Tersier,283.93,203.61,miliar rupiah,tetap,
3529,Kabupaten Sumenep,2023,I,Penyediaan Akomodasi dan Makan Minum,Tersier,324.21,226.96,miliar rupiah,sementara,
3529,Kabupaten Sumenep,2024,I,Penyediaan Akomodasi dan Makan Minum,Tersier,356.49,246.05,miliar rupiah,sangat_sementara,
3529,Kabupaten Sumenep,2020,J,Informasi dan Komunikasi,Tersier,1919.37,1659.05,miliar rupiah,tetap,
3529,Kabupaten Sumenep,2021,J,Informasi dan Komunikasi,Tersier,2060.47,1771.89,miliar rupiah,tetap,
3529,Kabupaten Sumenep,2022,J,Informasi dan Komunikasi,Tersier,2177.44,1848.38,miliar rupiah,tetap,
3529,Kabupaten Sumenep,2023,J,Informasi dan Komunikasi,Tersier,2349.53,1963.01,miliar rupiah,sementara,
3529,Kabupaten Sumenep,2024,J,Informasi dan Komunikasi,Tersier,2554.35,2111.83,miliar rupiah,sangat_sementara,
3529,Kabupaten Sumenep,2020,K,Jasa Keuangan dan Asuransi,Tersier,695.58,498.08,miliar rupiah,tetap,
3529,Kabupaten Sumenep,2021,K,Jasa Keuangan dan Asuransi,Tersier,720.48,503.71,miliar rupiah,tetap,
3529,Kabupaten Sumenep,2022,K,Jasa Keuangan dan Asuransi,Tersier,790.53,521.34,miliar rupiah,tetap,
3529,Kabupaten Sumenep,2023,K,Jasa Keuangan dan Asuransi,Tersier,847.94,542.93,miliar rupiah,sementara,
3529,Kabupaten Sumenep,2024,K,Jasa Keuangan dan Asuransi,Tersier,903.56,567.14,miliar rupiah,sangat_sementara,
3529,Kabupaten Sumenep,2020,L,Real Estate,Tersier,344.73,270.5,miliar rupiah,tetap,
3529,Kabupaten Sumenep,2021,L,Real Estate,Tersier,354.34,276.17,miliar rupiah,tetap,
3529,Kabupaten Sumenep,2022,L,Real Estate,Tersier,382.54,291.71,miliar rupiah,tetap,
3529,Kabupaten Sumenep,2023,L,Real Estate,Tersier,406.61,302.52,miliar rupiah,sementara,
3529,Kabupaten Sumenep,2024,L,Real Estate,Tersier,430.26,314.29,miliar rupiah,sangat_sementara,
3529,Kabupaten Sumenep,2020,"M,N",Jasa Perusahaan,Tersier,66.92,47.37,miliar rupiah,tetap,
3529,Kabupaten Sumenep,2021,"M,N",Jasa Perusahaan,Tersier,70.82,49.5,miliar rupiah,tetap,
3529,Kabupaten Sumenep,2022,"M,N",Jasa Perusahaan,Tersier,74.27,50.61,miliar rupiah,tetap,
3529,Kabupaten Sumenep,2023,"M,N",Jasa Perusahaan,Tersier,81.78,53.29,miliar rupiah,sementara,
3529,Kabupaten Sumenep,2024,"M,N",Jasa Perusahaan,Tersier,87.79,55.18,miliar rupiah,sangat_sementara,
3529,Kabupaten Sumenep,2020,O,"Administrasi Pemerintahan, Pertahanan dan Jaminan Sosial Wajib",Tersier,1234.61,731.25,miliar rupiah,tetap,
3529,Kabupaten Sumenep,2021,O,"Administrasi Pemerintahan, Pertahanan dan Jaminan Sosial Wajib",Tersier,1259.35,746.8,miliar rupiah,tetap,
3529,Kabupaten Sumenep,2022,O,"Administrasi Pemerintahan, Pertahanan dan Jaminan Sosial Wajib",Tersier,1292.13,755.21,miliar rupiah,tetap,
3529,Kabupaten Sumenep,2023,O,"Administrasi Pemerintahan, Pertahanan dan Jaminan Sosial Wajib",Tersier,1379.57,760.13,miliar rupiah,sementara,
3529,Kabupaten Sumenep,2024,O,"Administrasi Pemerintahan, Pertahanan dan Jaminan Sosial Wajib",Tersier,1512.65,807.51,miliar rupiah,sangat_sementara,
3529,Kabupaten Sumenep,2020,P,Jasa Pendidikan,Tersier,979.67,684.78,miliar rupiah,tetap,
3529,Kabupaten Sumenep,2021,P,Jasa Pendidikan,Tersier,1016.39,707.64,miliar rupiah,tetap,
3529,Kabupaten Sumenep,2022,P,Jasa Pendidikan,Tersier,1061.5,728.12,miliar rupiah,tetap,
3529,Kabupaten Sumenep,2023,P,Jasa Pendidikan,Tersier,1152.97,769.05,miliar rupiah,sementara,
3529,Kabupaten Sumenep,2024,P,Jasa Pendidikan,Tersier,1240.51,811.59,miliar rupiah,sangat_sementara,
3529,Kabupaten Sumenep,2020,Q,Jasa Kesehatan dan Kegiatan Sosial,Tersier,141.63,106.62,miliar rupiah,tetap,
3529,Kabupaten Sumenep,2021,Q,Jasa Kesehatan dan Kegiatan Sosial,Tersier,152.16,113.85,miliar rupiah,tetap,
3529,Kabupaten Sumenep,2022,Q,Jasa Kesehatan dan Kegiatan Sosial,Tersier,170.06,121.65,miliar rupiah,tetap,
3529,Kabupaten Sumenep,2023,Q,Jasa Kesehatan dan Kegiatan Sosial,Tersier,180.77,125.98,miliar rupiah,sementara,
3529,Kabupaten Sumenep,2024,Q,Jasa Kesehatan dan Kegiatan Sosial,Tersier,192.86,130.22,miliar rupiah,sangat_sementara,
3529,Kabupaten Sumenep,2020,"R,S,T,U",Jasa Lainnya,Tersier,203.56,154.6,miliar rupiah,tetap,
3529,Kabupaten Sumenep,2021,"R,S,T,U",Jasa Lainnya,Tersier,223.22,163.68,miliar rupiah,tetap,
3529,Kabupaten Sumenep,2022,"R,S,T,U",Jasa Lainnya,Tersier,267.86,188.43,miliar rupiah,tetap,
3529,Kabupaten Sumenep,2023,"R,S,T,U",Jasa Lainnya,Tersier,312.98,208.84,miliar rupiah,sementara,
3529,Kabupaten Sumenep,2024,"R,S,T,U",Jasa Lainnya,Tersier,352.45,226.67,miliar rupiah,sangat_sementara,
3571,Kota Kediri,2020,A,"Pertanian, Kehutanan, dan Perikanan",Primer,323.44,197.46,miliar rupiah,tetap,
3571,Kota Kediri,2021,A,"Pertanian, Kehutanan, dan Perikanan",Primer,339.82,197.62,miliar rupiah,tetap,
3571,Kota Kediri,2022,A,"Pertanian, Kehutanan, dan Perikanan",Primer,356.81,197.0,miliar rupiah,tetap,
3571,Kota Kediri,2023,A,"Pertanian, Kehutanan, dan Perikanan",Primer,373.31,197.89,miliar rupiah,sementara,
3571,Kota Kediri,2024,A,"Pertanian, Kehutanan, dan Perikanan",Primer,397.35,199.17,miliar rupiah,sangat_sementara,
3571,Kota Kediri,2020,B,Pertambangan dan Penggalian,Primer,0.04,0.03,miliar rupiah,tetap,
3571,Kota Kediri,2021,B,Pertambangan dan Penggalian,Primer,0.04,0.03,miliar rupiah,tetap,
3571,Kota Kediri,2022,B,Pertambangan dan Penggalian,Primer,0.04,0.03,miliar rupiah,tetap,
3571,Kota Kediri,2023,B,Pertambangan dan Penggalian,Primer,0.05,0.03,miliar rupiah,sementara,
3571,Kota Kediri,2024,B,Pertambangan dan Penggalian,Primer,0.04,0.03,miliar rupiah,sangat_sementara,
3571,Kota Kediri,2020,C,Industri Pengolahan,Sekunder,108748.95,67283.44,miliar rupiah,tetap,
3571,Kota Kediri,2021,C,Industri Pengolahan,Sekunder,115829.48,68298.65,miliar rupiah,tetap,
3571,Kota Kediri,2022,C,Industri Pengolahan,Sekunder,123819.15,70307.03,miliar rupiah,tetap,
3571,Kota Kediri,2023,C,Industri Pengolahan,Sekunder,127782.46,70746.44,miliar rupiah,sementara,
3571,Kota Kediri,2024,C,Industri Pengolahan,Sekunder,134391.33,72825.79,miliar rupiah,sangat_sementara,
3571,Kota Kediri,2020,D,Pengadaan Listrik dan Gas,Sekunder,11.02,8.69,miliar rupiah,tetap,
3571,Kota Kediri,2021,D,Pengadaan Listrik dan Gas,Sekunder,11.2,8.83,miliar rupiah,tetap,
3571,Kota Kediri,2022,D,Pengadaan Listrik dan Gas,Sekunder,12.4,9.57,miliar rupiah,tetap,
3571,Kota Kediri,2023,D,Pengadaan Listrik dan Gas,Sekunder,13.16,9.97,miliar rupiah,sementara,
3571,Kota Kediri,2024,D,Pengadaan Listrik dan Gas,Sekunder,13.56,10.22,miliar rupiah,sangat_sementara,
3571,Kota Kediri,2020,E,"Pengadaan Air, Pengelolaan Sampah, Limbah dan Daur Ulang",Sekunder,24.6,18.95,miliar rupiah,tetap,
3571,Kota Kediri,2021,E,"Pengadaan Air, Pengelolaan Sampah, Limbah dan Daur Ulang",Sekunder,26.33,20.1,miliar rupiah,tetap,
3571,Kota Kediri,2022,E,"Pengadaan Air, Pengelolaan Sampah, Limbah dan Daur Ulang",Sekunder,29.48,21.49,miliar rupiah,tetap,
3571,Kota Kediri,2023,E,"Pengadaan Air, Pengelolaan Sampah, Limbah dan Daur Ulang",Sekunder,32.46,22.62,miliar rupiah,sementara,
3571,Kota Kediri,2024,E,"Pengadaan Air, Pengelolaan Sampah, Limbah dan Daur Ulang",Sekunder,34.6,23.71,miliar rupiah,sangat_sementara,
3571,Kota Kediri,2020,F,Konstruksi,Sekunder,2174.61,1446.94,miliar rupiah,tetap,
3571,Kota Kediri,2021,F,Konstruksi,Sekunder,2289.28,1500.02,miliar rupiah,tetap,
3571,Kota Kediri,2022,F,Konstruksi,Sekunder,2606.87,1616.94,miliar rupiah,tetap,
3571,Kota Kediri,2023,F,Konstruksi,Sekunder,2929.54,1758.77,miliar rupiah,sementara,
3571,Kota Kediri,2024,F,Konstruksi,Sekunder,3031.01,1804.53,miliar rupiah,sangat_sementara,
3571,Kota Kediri,2020,G,Perdagangan Besar dan Eceran; Reparasi Mobil dan Sepeda Motor,Tersier,11482.36,8195.45,miliar rupiah,tetap,
3571,Kota Kediri,2021,G,Perdagangan Besar dan Eceran; Reparasi Mobil dan Sepeda Motor,Tersier,12880.64,8999.41,miliar rupiah,tetap,
3571,Kota Kediri,2022,G,Perdagangan Besar dan Eceran; Reparasi Mobil dan Sepeda Motor,Tersier,14794.38,9774.06,miliar rupiah,tetap,
3571,Kota Kediri,2023,G,Perdagangan Besar dan Eceran; Reparasi Mobil dan Sepeda Motor,Tersier,16275.69,10362.54,miliar rupiah,sementara,
3571,Kota Kediri,2024,G,Perdagangan Besar dan Eceran; Reparasi Mobil dan Sepeda Motor,Tersier,17405.26,10804.33,miliar rupiah,sangat_sementara,
3571,Kota Kediri,2020,H,Transportasi dan Pergudangan,Tersier,590.7,394.64,miliar rupiah,tetap,
3571,Kota Kediri,2021,H,Transportasi dan Pergudangan,Tersier,626.71,419.13,miliar rupiah,tetap,
3571,Kota Kediri,2022,H,Transportasi dan Pergudangan,Tersier,778.11,495.22,miliar rupiah,tetap,
3571,Kota Kediri,2023,H,Transportasi dan Pergudangan,Tersier,922.14,543.07,miliar rupiah,sementara,
3571,Kota Kediri,2024,H,Transportasi dan Pergudangan,Tersier,1027.05,599.71,miliar rupiah,sangat_sementara,
3571,Kota Kediri,2020,I,Penyediaan Akomodasi dan Makan Minum,Tersier,1958.33,1296.53,miliar rupiah,tetap,
3571,Kota Kediri,2021,I,Penyediaan Akomodasi dan Makan Minum,Tersier,2100.7,1339.28,miliar rupiah,tetap,
3571,Kota Kediri,2022,I,Penyediaan Akomodasi dan Makan Minum,Tersier,2469.8,1518.3,miliar rupiah,tetap,
3571,Kota Kediri,2023,I,Penyediaan Akomodasi dan Makan Minum,Tersier,2843.43,1669.61,miliar rupiah,sementara,
3571,Kota Kediri,2024,I,Penyediaan Akomodasi dan Makan Minum,Tersier,3158.13,1805.73,miliar rupiah,sangat_sementara,
3571,Kota Kediri,2020,J,Informasi dan Komunikasi,Tersier,2749.75,2545.01,miliar rupiah,tetap,
3571,Kota Kediri,2021,J,Informasi dan Komunikasi,Tersier,2932.79,2691.37,miliar rupiah,tetap,
3571,Kota Kediri,2022,J,Informasi dan Komunikasi,Tersier,3118.3,2834.87,miliar rupiah,tetap,
3571,Kota Kediri,2023,J,Informasi dan Komunikasi,Tersier,3447.73,3094.73,miliar rupiah,sementara,
3571,Kota Kediri,2024,J,Informasi dan Komunikasi,Tersier,3728.85,3295.97,miliar rupiah,sangat_sementara,
3571,Kota Kediri,2020,K,Jasa Keuangan dan Asuransi,Tersier,1278.3,845.24,miliar rupiah,tetap,
3571,Kota Kediri,2021,K,Jasa Keuangan dan Asuransi,Tersier,1332.02,861.01,miliar rupiah,tetap,
3571,Kota Kediri,2022,K,Jasa Keuangan dan Asuransi,Tersier,1480.81,891.4,miliar rupiah,tetap,
3571,Kota Kediri,2023,K,Jasa Keuangan dan Asuransi,Tersier,1576.26,910.42,miliar rupiah,sementara,
3571,Kota Kediri,2024,K,Jasa Keuangan dan Asuransi,Tersier,1679.11,956.78,miliar rupiah,sangat_sementara,
3571,Kota Kediri,2020,L,Real Estate,Tersier,561.4,428.55,miliar rupiah,tetap,
3571,Kota Kediri,2021,L,Real Estate,Tersier,566.21,429.86,miliar rupiah,tetap,
3571,Kota Kediri,2022,L,Real Estate,Tersier,605.41,451.78,miliar rupiah,tetap,
3571,Kota Kediri,2023,L,Real Estate,Tersier,621.36,455.92,miliar rupiah,sementara,
3571,Kota Kediri,2024,L,Real Estate,Tersier,647.17,467.39,miliar rupiah,sangat_sementara,
3571,Kota Kediri,2020,"M,N",Jasa Perusahaan,Tersier,264.53,172.43,miliar rupiah,tetap,
3571,Kota Kediri,2021,"M,N",Jasa Perusahaan,Tersier,271.25,173.11,miliar rupiah,tetap,
3571,Kota Kediri,2022,"M,N",Jasa Perusahaan,Tersier,292.43,180.01,miliar rupiah,tetap,
3571,Kota Kediri,2023,"M,N",Jasa Perusahaan,Tersier,321.39,191.27,miliar rupiah,sementara,
3571,Kota Kediri,2024,"M,N",Jasa Perusahaan,Tersier,347.88,203.22,miliar rupiah,sangat_sementara,
3571,Kota Kediri,2020,O,"Administrasi Pemerintahan, Pertahanan dan Jaminan Sosial Wajib",Tersier,517.23,318.6,miliar rupiah,tetap,
3571,Kota Kediri,2021,O,"Administrasi Pemerintahan, Pertahanan dan Jaminan Sosial Wajib",Tersier,516.59,319.84,miliar rupiah,tetap,
3571,Kota Kediri,2022,O,"Administrasi Pemerintahan, Pertahanan dan Jaminan Sosial Wajib",Tersier,545.38,325.35,miliar rupiah,tetap,
3571,Kota Kediri,2023,O,"Administrasi Pemerintahan, Pertahanan dan Jaminan Sosial Wajib",Tersier,600.72,338.48,miliar rupiah,sementara,
3571,Kota Kediri,2024,O,"Administrasi Pemerintahan, Pertahanan dan Jaminan Sosial Wajib",Tersier,696.81,348.29,miliar rupiah,sangat_sementara,
3571,Kota Kediri,2020,P,Jasa Pendidikan,Tersier,1082.13,759.51,miliar rupiah,tetap,
3571,Kota Kediri,2021,P,Jasa Pendidikan,Tersier,1069.54,749.58,miliar rupiah,tetap,
3571,Kota Kediri,2022,P,Jasa Pendidikan,Tersier,1091.06,758.43,miliar rupiah,tetap,
3571,Kota Kediri,2023,P,Jasa Pendidikan,Tersier,1139.84,780.1,miliar rupiah,sementara,
3571,Kota Kediri,2024,P,Jasa Pendidikan,Tersier,1258.21,843.52,miliar rupiah,sangat_sementara,
3571,Kota Kediri,2020,Q,Jasa Kesehatan dan Kegiatan Sosial,Tersier,258.97,186.83,miliar rupiah,tetap,
3571,Kota Kediri,2021,Q,Jasa Kesehatan dan Kegiatan Sosial,Tersier,275.7,197.17,miliar rupiah,tetap,
3571,Kota Kediri,2022,Q,Jasa Kesehatan dan Kegiatan Sosial,Tersier,292.27,201.25,miliar rupiah,tetap,
3571,Kota Kediri,2023,Q,Jasa Kesehatan dan Kegiatan Sosial,Tersier,309.3,204.31,miliar rupiah,sementara,
3571,Kota Kediri,2024,Q,Jasa Kesehatan dan Kegiatan Sosial,Tersier,323.68,210.91,miliar rupiah,sangat_sementara,
3571,Kota Kediri,2020,"R,S,T,U",Jasa Lainnya,Tersier,379.69,276.68,miliar rupiah,tetap,
3571,Kota Kediri,2021,"R,S,T,U",Jasa Lainnya,Tersier,398.81,280.59,miliar rupiah,tetap,
3571,Kota Kediri,2022,"R,S,T,U",Jasa Lainnya,Tersier,485.61,324.47,miliar rupiah,tetap,
3571,Kota Kediri,2023,"R,S,T,U",Jasa Lainnya,Tersier,547.9,345.18,miliar rupiah,sementara,
3571,Kota Kediri,2024,"R,S,T,U",Jasa Lainnya,Tersier,608.87,374.79,miliar rupiah,sangat_sementara,
3572,Kota Blitar,2020,A,"Pertanian, Kehutanan, dan Perikanan",Primer,195.65,120.96,miliar rupiah,tetap,
3572,Kota Blitar,2021,A,"Pertanian, Kehutanan, dan Perikanan",Primer,201.8,123.13,miliar rupiah,tetap,
3572,Kota Blitar,2022,A,"Pertanian, Kehutanan, dan Perikanan",Primer,200.34,114.55,miliar rupiah,tetap,
3572,Kota Blitar,2023,A,"Pertanian, Kehutanan, dan Perikanan",Primer,213.52,116.31,miliar rupiah,sementara,
3572,Kota Blitar,2024,A,"Pertanian, Kehutanan, dan Perikanan",Primer,200.43,107.95,miliar rupiah,sangat_sementara,
3572,Kota Blitar,2020,B,Pertambangan dan Penggalian,Primer,0.35,0.24,miliar rupiah,tetap,
3572,Kota Blitar,2021,B,Pertambangan dan Penggalian,Primer,0.34,0.24,miliar rupiah,tetap,
3572,Kota Blitar,2022,B,Pertambangan dan Penggalian,Primer,0.32,0.21,miliar rupiah,tetap,
3572,Kota Blitar,2023,B,Pertambangan dan Penggalian,Primer,0.33,0.21,miliar rupiah,sementara,
3572,Kota Blitar,2024,B,Pertambangan dan Penggalian,Primer,0.26,0.17,miliar rupiah,sangat_sementara,
3572,Kota Blitar,2020,C,Industri Pengolahan,Sekunder,654.04,431.23,miliar rupiah,tetap,
3572,Kota Blitar,2021,C,Industri Pengolahan,Sekunder,712.62,449.71,miliar rupiah,tetap,
3572,Kota Blitar,2022,C,Industri Pengolahan,Sekunder,791.27,479.53,miliar rupiah,tetap,
3572,Kota Blitar,2023,C,Industri Pengolahan,Sekunder,839.09,491.85,miliar rupiah,sementara,
3572,Kota Blitar,2024,C,Industri Pengolahan,Sekunder,910.35,517.0,miliar rupiah,sangat_sementara,
3572,Kota Blitar,2020,D,Pengadaan Listrik dan Gas,Sekunder,4.48,3.4,miliar rupiah,tetap,
3572,Kota Blitar,2021,D,Pengadaan Listrik dan Gas,Sekunder,4.6,3.48,miliar rupiah,tetap,
3572,Kota Blitar,2022,D,Pengadaan Listrik dan Gas,Sekunder,5.05,3.74,miliar rupiah,tetap,
3572,Kota Blitar,2023,D,Pengadaan Listrik dan Gas,Sekunder,5.42,3.94,miliar rupiah,sementara,
3572,Kota Blitar,2024,D,Pengadaan Listrik dan Gas,Sekunder,5.55,4.05,miliar rupiah,sangat_sementara,
3572,Kota Blitar,2020,E,"Pengadaan Air, Pengelolaan Sampah, Limbah dan Daur Ulang",Sekunder,9.54,8.08,miliar rupiah,tetap,
3572,Kota Blitar,2021,E,"Pengadaan Air, Pengelolaan Sampah, Limbah dan Daur Ulang",Sekunder,10.32,8.51,miliar rupiah,tetap,
3572,Kota Blitar,2022,E,"Pengadaan Air, Pengelolaan Sampah, Limbah dan Daur Ulang",Sekunder,11.23,8.93,miliar rupiah,tetap,
3572,Kota Blitar,2023,E,"Pengadaan Air, Pengelolaan Sampah, Limbah dan Daur Ulang",Sekunder,12.11,9.41,miliar rupiah,sementara,
3572,Kota Blitar,2024,E,"Pengadaan Air, Pengelolaan Sampah, Limbah dan Daur Ulang",Sekunder,12.84,9.75,miliar rupiah,sangat_sementara,
3572,Kota Blitar,2020,F,Konstruksi,Sekunder,481.49,321.09,miliar rupiah,tetap,
3572,Kota Blitar,2021,F,Konstruksi,Sekunder,494.87,324.88,miliar rupiah,tetap,
3572,Kota Blitar,2022,F,Konstruksi,Sekunder,554.04,349.13,miliar rupiah,tetap,
3572,Kota Blitar,2023,F,Konstruksi,Sekunder,610.3,371.82,miliar rupiah,sementara,
3572,Kota Blitar,2024,F,Konstruksi,Sekunder,677.86,393.98,miliar rupiah,sangat_sementara,
3572,Kota Blitar,2020,G,Perdagangan Besar dan Eceran; Reparasi Mobil dan Sepeda Motor,Tersier,1579.93,1110.56,miliar rupiah,tetap,
3572,Kota Blitar,2021,G,Perdagangan Besar dan Eceran; Reparasi Mobil dan Sepeda Motor,Tersier,1718.42,1187.03,miliar rupiah,tetap,
3572,Kota Blitar,2022,G,Perdagangan Besar dan Eceran; Reparasi Mobil dan Sepeda Motor,Tersier,1967.25,1268.53,miliar rupiah,tetap,
3572,Kota Blitar,2023,G,Perdagangan Besar dan Eceran; Reparasi Mobil dan Sepeda Motor,Tersier,2130.93,1327.99,miliar rupiah,sementara,
3572,Kota Blitar,2024,G,Perdagangan Besar dan Eceran; Reparasi Mobil dan Sepeda Motor,Tersier,2268.88,1395.4,miliar rupiah,sangat_sementara,
3572,Kota Blitar,2020,H,Transportasi dan Pergudangan,Tersier,283.35,190.38,miliar rupiah,tetap,
3572,Kota Blitar,2021,H,Transportasi dan Pergudangan,Tersier,299.62,201.05,miliar rupiah,tetap,
3572,Kota Blitar,2022,H,Transportasi dan Pergudangan,Tersier,361.05,227.68,miliar rupiah,tetap,
3572,Kota Blitar,2023,H,Transportasi dan Pergudangan,Tersier,426.83,250.32,miliar rupiah,sementara,
3572,Kota Blitar,2024,H,Transportasi dan Pergudangan,Tersier,467.06,266.66,miliar rupiah,sangat_sementara,
3572,Kota Blitar,2020,I,Penyediaan Akomodasi dan Makan Minum,Tersier,338.44,230.16,miliar rupiah,tetap,
3572,Kota Blitar,2021,I,Penyediaan Akomodasi dan Makan Minum,Tersier,376.59,244.65,miliar rupiah,tetap,
3572,Kota Blitar,2022,I,Penyediaan Akomodasi dan Makan Minum,Tersier,429.55,266.86,miliar rupiah,tetap,
3572,Kota Blitar,2023,I,Penyediaan Akomodasi dan Makan Minum,Tersier,486.12,288.75,miliar rupiah,sementara,
3572,Kota Blitar,2024,I,Penyediaan Akomodasi dan Makan Minum,Tersier,540.95,307.55,miliar rupiah,sangat_sementara,
3572,Kota Blitar,2020,J,Informasi dan Komunikasi,Tersier,760.95,664.75,miliar rupiah,tetap,
3572,Kota Blitar,2021,J,Informasi dan Komunikasi,Tersier,809.7,704.17,miliar rupiah,tetap,
3572,Kota Blitar,2022,J,Informasi dan Komunikasi,Tersier,840.55,720.97,miliar rupiah,tetap,
3572,Kota Blitar,2023,J,Informasi dan Komunikasi,Tersier,905.17,767.46,miliar rupiah,sementara,
3572,Kota Blitar,2024,J,Informasi dan Komunikasi,Tersier,964.71,806.65,miliar rupiah,sangat_sementara,
3572,Kota Blitar,2020,K,Jasa Keuangan dan Asuransi,Tersier,719.78,480.95,miliar rupiah,tetap,
3572,Kota Blitar,2021,K,Jasa Keuangan dan Asuransi,Tersier,745.6,483.77,miliar rupiah,tetap,
3572,Kota Blitar,2022,K,Jasa Keuangan dan Asuransi,Tersier,835.0,502.1,miliar rupiah,tetap,
3572,Kota Blitar,2023,K,Jasa Keuangan dan Asuransi,Tersier,887.43,517.77,miliar rupiah,sementara,
3572,Kota Blitar,2024,K,Jasa Keuangan dan Asuransi,Tersier,939.09,543.12,miliar rupiah,sangat_sementara,
3572,Kota Blitar,2020,L,Real Estate,Tersier,262.05,195.92,miliar rupiah,tetap,
3572,Kota Blitar,2021,L,Real Estate,Tersier,274.97,204.42,miliar rupiah,tetap,
3572,Kota Blitar,2022,L,Real Estate,Tersier,288.7,212.36,miliar rupiah,tetap,
3572,Kota Blitar,2023,L,Real Estate,Tersier,302.38,219.47,miliar rupiah,sementara,
3572,Kota Blitar,2024,L,Real Estate,Tersier,318.95,227.74,miliar rupiah,sangat_sementara,
3572,Kota Blitar,2020,"M,N",Jasa Perusahaan,Tersier,50.77,37.08,miliar rupiah,tetap,
3572,Kota Blitar,2021,"M,N",Jasa Perusahaan,Tersier,52.87,37.71,miliar rupiah,tetap,
3572,Kota Blitar,2022,"M,N",Jasa Perusahaan,Tersier,56.51,39.48,miliar rupiah,tetap,
3572,Kota Blitar,2023,"M,N",Jasa Perusahaan,Tersier,61.48,41.83,miliar rupiah,sementara,
3572,Kota Blitar,2024,"M,N",Jasa Perusahaan,Tersier,66.11,44.42,miliar rupiah,sangat_sementara,
3572,Kota Blitar,2020,O,"Administrasi Pemerintahan, Pertahanan dan Jaminan Sosial Wajib",Tersier,450.57,289.58,miliar rupiah,tetap,
3572,Kota Blitar,2021,O,"Administrasi Pemerintahan, Pertahanan dan Jaminan Sosial Wajib",Tersier,450.57,290.39,miliar rupiah,tetap,
3572,Kota Blitar,2022,O,"Administrasi Pemerintahan, Pertahanan dan Jaminan Sosial Wajib",Tersier,467.34,297.56,miliar rupiah,tetap,
3572,Kota Blitar,2023,O,"Administrasi Pemerintahan, Pertahanan dan Jaminan Sosial Wajib",Tersier,492.13,299.79,miliar rupiah,sementara,
3572,Kota Blitar,2024,O,"Administrasi Pemerintahan, Pertahanan dan Jaminan Sosial Wajib",Tersier,562.24,320.15,miliar rupiah,sangat_sementara,
3572,Kota Blitar,2020,P,Jasa Pendidikan,Tersier,487.44,326.24,miliar rupiah,tetap,
3572,Kota Blitar,2021,P,Jasa Pendidikan,Tersier,495.11,329.92,miliar rupiah,tetap,
3572,Kota Blitar,2022,P,Jasa Pendidikan,Tersier,504.67,332.84,miliar rupiah,tetap,
3572,Kota Blitar,2023,P,Jasa Pendidikan,Tersier,548.35,354.12,miliar rupiah,sementara,
3572,Kota Blitar,2024,P,Jasa Pendidikan,Tersier,604.21,376.86,miliar rupiah,sangat_sementara,
3572,Kota Blitar,2020,Q,Jasa Kesehatan dan Kegiatan Sosial,Tersier,143.49,102.43,miliar rupiah,tetap,
3572,Kota Blitar,2021,Q,Jasa Kesehatan dan Kegiatan Sosial,Tersier,153.2,108.92,miliar rupiah,tetap,
3572,Kota Blitar,2022,Q,Jasa Kesehatan dan Kegiatan Sosial,Tersier,159.07,109.54,miliar rupiah,tetap,
3572,Kota Blitar,2023,Q,Jasa Kesehatan dan Kegiatan Sosial,Tersier,174.75,116.3,miliar rupiah,sementara,
3572,Kota Blitar,2024,Q,Jasa Kesehatan dan Kegiatan Sosial,Tersier,179.39,119.09,miliar rupiah,sangat_sementara,
3572,Kota Blitar,2020,"R,S,T,U",Jasa Lainnya,Tersier,285.83,209.51,miliar rupiah,tetap,
3572,Kota Blitar,2021,"R,S,T,U",Jasa Lainnya,Tersier,312.4,222.58,miliar rupiah,tetap,
3572,Kota Blitar,2022,"R,S,T,U",Jasa Lainnya,Tersier,362.0,247.61,miliar rupiah,tetap,
3572,Kota Blitar,2023,"R,S,T,U",Jasa Lainnya,Tersier,418.83,278.48,miliar rupiah,sementara,
3572,Kota Blitar,2024,"R,S,T,U",Jasa Lainnya,Tersier,468.83,305.88,miliar rupiah,sangat_sementara,
3573,Kota Malang,2020,A,"Pertanian, Kehutanan, dan Perikanan",Primer,196.26,116.83,miliar rupiah,tetap,
3573,Kota Malang,2021,A,"Pertanian, Kehutanan, dan Perikanan",Primer,198.99,118.58,miliar rupiah,tetap,
3573,Kota Malang,2022,A,"Pertanian, Kehutanan, dan Perikanan",Primer,211.8,119.73,miliar rupiah,tetap,
3573,Kota Malang,2023,A,"Pertanian, Kehutanan, dan Perikanan",Primer,228.6,120.65,miliar rupiah,sementara,
3573,Kota Malang,2024,A,"Pertanian, Kehutanan, dan Perikanan",Primer,220.17,112.68,miliar rupiah,sangat_sementara,
3573,Kota Malang,2020,B,Pertambangan dan Penggalian,Primer,51.56,32.65,miliar rupiah,tetap,
3573,Kota Malang,2021,B,Pertambangan dan Penggalian,Primer,49.84,31.79,miliar rupiah,tetap,
3573,Kota Malang,2022,B,Pertambangan dan Penggalian,Primer,52.23,32.7,miliar rupiah,tetap,
3573,Kota Malang,2023,B,Pertambangan dan Penggalian,Primer,57.95,34.44,miliar rupiah,sementara,
3573,Kota Malang,2024,B,Pertambangan dan Penggalian,Primer,51.79,30.63,miliar rupiah,sangat_sementara,
3573,Kota Malang,2020,C,Industri Pengolahan,Sekunder,19125.49,11952.14,miliar rupiah,tetap,
3573,Kota Malang,2021,C,Industri Pengolahan,Sekunder,20474.31,12316.68,miliar rupiah,tetap,
3573,Kota Malang,2022,C,Industri Pengolahan,Sekunder,22673.96,13147.21,miliar rupiah,tetap,
3573,Kota Malang,2023,C,Industri Pengolahan,Sekunder,25012.72,13945.66,miliar rupiah,sementara,
3573,Kota Malang,2024,C,Industri Pengolahan,Sekunder,27118.53,14660.46,miliar rupiah,sangat_sementara,
3573,Kota Malang,2020,D,Pengadaan Listrik dan Gas,Sekunder,24.93,19.98,miliar rupiah,tetap,
3573,Kota Malang,2021,D,Pengadaan Listrik dan Gas,Sekunder,26.31,20.73,miliar rupiah,tetap,
3573,Kota Malang,2022,D,Pengadaan Listrik dan Gas,Sekunder,28.89,22.24,miliar rupiah,tetap,
3573,Kota Malang,2023,D,Pengadaan Listrik dan Gas,Sekunder,32.32,24.6,miliar rupiah,sementara,
3573,Kota Malang,2024,D,Pengadaan Listrik dan Gas,Sekunder,33.13,25.2,miliar rupiah,sangat_sementara,
3573,Kota Malang,2020,E,"Pengadaan Air, Pengelolaan Sampah, Limbah dan Daur Ulang",Sekunder,136.31,113.16,miliar rupiah,tetap,
3573,Kota Malang,2021,E,"Pengadaan Air, Pengelolaan Sampah, Limbah dan Daur Ulang",Sekunder,146.1,117.23,miliar rupiah,tetap,
3573,Kota Malang,2022,E,"Pengadaan Air, Pengelolaan Sampah, Limbah dan Daur Ulang",Sekunder,151.37,118.04,miliar rupiah,tetap,
3573,Kota Malang,2023,E,"Pengadaan Air, Pengelolaan Sampah, Limbah dan Daur Ulang",Sekunder,159.9,122.68,miliar rupiah,sementara,
3573,Kota Malang,2024,E,"Pengadaan Air, Pengelolaan Sampah, Limbah dan Daur Ulang",Sekunder,157.65,118.82,miliar rupiah,sangat_sementara,
3573,Kota Malang,2020,F,Konstruksi,Sekunder,9310.01,6856.18,miliar rupiah,tetap,
3573,Kota Malang,2021,F,Konstruksi,Sekunder,9490.23,6929.45,miliar rupiah,tetap,
3573,Kota Malang,2022,F,Konstruksi,Sekunder,10613.53,7411.43,miliar rupiah,tetap,
3573,Kota Malang,2023,F,Konstruksi,Sekunder,11634.69,7888.82,miliar rupiah,sementara,
3573,Kota Malang,2024,F,Konstruksi,Sekunder,12448.58,8293.09,miliar rupiah,sangat_sementara,
3573,Kota Malang,2020,G,Perdagangan Besar dan Eceran; Reparasi Mobil dan Sepeda Motor,Tersier,20269.35,15218.98,miliar rupiah,tetap,
3573,Kota Malang,2021,G,Perdagangan Besar dan Eceran; Reparasi Mobil dan Sepeda Motor,Tersier,22289.69,16469.2,miliar rupiah,tetap,
3573,Kota Malang,2022,G,Perdagangan Besar dan Eceran; Reparasi Mobil dan Sepeda Motor,Tersier,25049.06,17586.19,miliar rupiah,tetap,
3573,Kota Malang,2023,G,Perdagangan Besar dan Eceran; Reparasi Mobil dan Sepeda Motor,Tersier,27383.38,18573.2,miliar rupiah,sementara,
3573,Kota Malang,2024,G,Perdagangan Besar dan Eceran; Reparasi Mobil dan Sepeda Motor,Tersier,29250.43,19444.43,miliar rupiah,sangat_sementara,
3573,Kota Malang,2020,H,Transportasi dan Pergudangan,Tersier,1650.14,1211.85,miliar rupiah,tetap,
3573,Kota Malang,2021,H,Transportasi dan Pergudangan,Tersier,1783.74,1308.91,miliar rupiah,tetap,
3573,Kota Malang,2022,H,Transportasi dan Pergudangan,Tersier,2216.71,1526.83,miliar rupiah,tetap,
3573,Kota Malang,2023,H,Transportasi dan Pergudangan,Tersier,2699.59,1691.07,miliar rupiah,sementara,
3573,Kota Malang,2024,H,Transportasi dan Pergudangan,Tersier,3048.5,1904.62,miliar rupiah,sangat_sementara,
3573,Kota Malang,2020,I,Penyediaan Akomodasi dan Makan Minum,Tersier,3317.65,2212.93,miliar rupiah,tetap,
3573,Kota Malang,2021,I,Penyediaan Akomodasi dan Makan Minum,Tersier,3476.16,2254.42,miliar rupiah,tetap,
3573,Kota Malang,2022,I,Penyediaan Akomodasi dan Makan Minum,Tersier,4005.72,2518.19,miliar rupiah,tetap,
3573,Kota Malang,2023,I,Penyediaan Akomodasi dan Makan Minum,Tersier,4487.11,2739.67,miliar rupiah,sementara,
3573,Kota Malang,2024,I,Penyediaan Akomodasi dan Makan Minum,Tersier,4895.89,2950.95,miliar rupiah,sangat_sementara,
3573,Kota Malang,2020,J,Informasi dan Komunikasi,Tersier,3202.63,2944.82,miliar rupiah,tetap,
3573,Kota Malang,2021,J,Informasi dan Komunikasi,Tersier,3395.99,3101.94,miliar rupiah,tetap,
3573,Kota Malang,2022,J,Informasi dan Komunikasi,Tersier,3612.33,3238.91,miliar rupiah,tetap,
3573,Kota Malang,2023,J,Informasi dan Komunikasi,Tersier,3954.0,3502.42,miliar rupiah,sementara,
3573,Kota Malang,2024,J,Informasi dan Komunikasi,Tersier,4230.12,3711.42,miliar rupiah,sangat_sementara,
3573,Kota Malang,2020,K,Jasa Keuangan dan Asuransi,Tersier,2132.91,1352.48,miliar rupiah,tetap,
3573,Kota Malang,2021,K,Jasa Keuangan dan Asuransi,Tersier,2200.45,1358.47,miliar rupiah,tetap,
3573,Kota Malang,2022,K,Jasa Keuangan dan Asuransi,Tersier,2443.11,1394.52,miliar rupiah,tetap,
3573,Kota Malang,2023,K,Jasa Keuangan dan Asuransi,Tersier,2642.97,1451.5,miliar rupiah,sementara,
3573,Kota Malang,2024,K,Jasa Keuangan dan Asuransi,Tersier,2846.53,1549.38,miliar rupiah,sangat_sementara,
3573,Kota Malang,2020,L,Real Estate,Tersier,1087.75,815.55,miliar rupiah,tetap,
3573,Kota Malang,2021,L,Real Estate,Tersier,1125.44,835.87,miliar rupiah,tetap,
3573,Kota Malang,2022,L,Real Estate,Tersier,1170.91,861.91,miliar rupiah,tetap,
3573,Kota Malang,2023,L,Real Estate,Tersier,1215.76,885.81,miliar rupiah,sementara,
3573,Kota Malang,2024,L,Real Estate,Tersier,1274.2,919.44,miliar rupiah,sangat_sementara,
3573,Kota Malang,2020,"M,N",Jasa Perusahaan,Tersier,608.07,403.89,miliar rupiah,tetap,
3573,Kota Malang,2021,"M,N",Jasa Perusahaan,Tersier,624.29,411.46,miliar rupiah,tetap,
3573,Kota Malang,2022,"M,N",Jasa Perusahaan,Tersier,661.8,428.42,miliar rupiah,tetap,
3573,Kota Malang,2023,"M,N",Jasa Perusahaan,Tersier,734.73,464.06,miliar rupiah,sementara,
3573,Kota Malang,2024,"M,N",Jasa Perusahaan,Tersier,799.42,498.38,miliar rupiah,sangat_sementara,
3573,Kota Malang,2020,O,"Administrasi Pemerintahan, Pertahanan dan Jaminan Sosial Wajib",Tersier,1095.96,683.64,miliar rupiah,tetap,
3573,Kota Malang,2021,O,"Administrasi Pemerintahan, Pertahanan dan Jaminan Sosial Wajib",Tersier,1077.98,677.98,miliar rupiah,tetap,
3573,Kota Malang,2022,O,"Administrasi Pemerintahan, Pertahanan dan Jaminan Sosial Wajib",Tersier,1099.81,681.81,miliar rupiah,tetap,
3573,Kota Malang,2023,O,"Administrasi Pemerintahan, Pertahanan dan Jaminan Sosial Wajib",Tersier,1165.49,689.63,miliar rupiah,sementara,
3573,Kota Malang,2024,O,"Administrasi Pemerintahan, Pertahanan dan Jaminan Sosial Wajib",Tersier,1266.04,718.08,miliar rupiah,sangat_sementara,
3573,Kota Malang,2020,P,Jasa Pendidikan,Tersier,6154.06,4269.0,miliar rupiah,tetap,
3573,Kota Malang,2021,P,Jasa Pendidikan,Tersier,6229.1,4281.84,miliar rupiah,tetap,
3573,Kota Malang,2022,P,Jasa Pendidikan,Tersier,6334.7,4301.68,miliar rupiah,tetap,
3573,Kota Malang,2023,P,Jasa Pendidikan,Tersier,6737.39,4505.01,miliar rupiah,sementara,
3573,Kota Malang,2024,P,Jasa Pendidikan,Tersier,7196.02,4733.64,miliar rupiah,sangat_sementara,
3573,Kota Malang,2020,Q,Jasa Kesehatan dan Kegiatan Sosial,Tersier,2083.96,1593.12,miliar rupiah,tetap,
3573,Kota Malang,2021,Q,Jasa Kesehatan dan Kegiatan Sosial,Tersier,2213.95,1679.9,miliar rupiah,tetap,
3573,Kota Malang,2022,Q,Jasa Kesehatan dan Kegiatan Sosial,Tersier,2332.66,1706.82,miliar rupiah,tetap,
3573,Kota Malang,2023,Q,Jasa Kesehatan dan Kegiatan Sosial,Tersier,2507.08,1784.8,miliar rupiah,sementara,
3573,Kota Malang,2024,Q,Jasa Kesehatan dan Kegiatan Sosial,Tersier,2620.61,1859.23,miliar rupiah,sangat_sementara,
3573,Kota Malang,2020,"R,S,T,U",Jasa Lainnya,Tersier,1716.15,1357.34,miliar rupiah,tetap,
3573,Kota Malang,2021,"R,S,T,U",Jasa Lainnya,Tersier,1814.75,1395.24,miliar rupiah,tetap,
3573,Kota Malang,2022,"R,S,T,U",Jasa Lainnya,Tersier,2148.82,1582.03,miliar rupiah,tetap,
3573,Kota Malang,2023,"R,S,T,U",Jasa Lainnya,Tersier,2399.76,1695.8,miliar rupiah,sementara,
3573,Kota Malang,2024,"R,S,T,U",Jasa Lainnya,Tersier,2659.28,1842.81,miliar rupiah,sangat_sementara,
3574,Kota Probolinggo,2020,A,"Pertanian, Kehutanan, dan Perikanan",Primer,683.16,450.75,miliar rupiah,tetap,
3574,Kota Probolinggo,2021,A,"Pertanian, Kehutanan, dan Perikanan",Primer,669.33,430.04,miliar rupiah,tetap,
3574,Kota Probolinggo,2022,A,"Pertanian, Kehutanan, dan Perikanan",Primer,773.15,463.84,miliar rupiah,tetap,
3574,Kota Probolinggo,2023,A,"Pertanian, Kehutanan, dan Perikanan",Primer,857.97,494.08,miliar rupiah,sementara,
3574,Kota Probolinggo,2024,A,"Pertanian, Kehutanan, dan Perikanan",Primer,859.34,474.96,miliar rupiah,sangat_sementara,
3574,Kota Probolinggo,2020,B,Pertambangan dan Penggalian,Primer,0.0,0.0,miliar rupiah,tetap,
3574,Kota Probolinggo,2021,B,Pertambangan dan Penggalian,Primer,0.0,0.0,miliar rupiah,tetap,
3574,Kota Probolinggo,2022,B,Pertambangan dan Penggalian,Primer,0.0,0.0,miliar rupiah,tetap,
3574,Kota Probolinggo,2023,B,Pertambangan dan Penggalian,Primer,0.0,0.0,miliar rupiah,sementara,
3574,Kota Probolinggo,2024,B,Pertambangan dan Penggalian,Primer,0.0,0.0,miliar rupiah,sangat_sementara,
3574,Kota Probolinggo,2020,C,Industri Pengolahan,Sekunder,1601.75,1230.07,miliar rupiah,tetap,
3574,Kota Probolinggo,2021,C,Industri Pengolahan,Sekunder,1715.86,1272.57,miliar rupiah,tetap,
3574,Kota Probolinggo,2022,C,Industri Pengolahan,Sekunder,1886.67,1349.3,miliar rupiah,tetap,
3574,Kota Probolinggo,2023,C,Industri Pengolahan,Sekunder,2094.63,1439.94,miliar rupiah,sementara,
3574,Kota Probolinggo,2024,C,Industri Pengolahan,Sekunder,2248.64,1496.45,miliar rupiah,sangat_sementara,
3574,Kota Probolinggo,2020,D,Pengadaan Listrik dan Gas,Sekunder,12.9,9.28,miliar rupiah,tetap,
3574,Kota Probolinggo,2021,D,Pengadaan Listrik dan Gas,Sekunder,13.4,9.55,miliar rupiah,tetap,
3574,Kota Probolinggo,2022,D,Pengadaan Listrik dan Gas,Sekunder,14.82,10.29,miliar rupiah,tetap,
3574,Kota Probolinggo,2023,D,Pengadaan Listrik dan Gas,Sekunder,15.82,10.88,miliar rupiah,sementara,
3574,Kota Probolinggo,2024,D,Pengadaan Listrik dan Gas,Sekunder,15.95,11.03,miliar rupiah,sangat_sementara,
3574,Kota Probolinggo,2020,E,"Pengadaan Air, Pengelolaan Sampah, Limbah dan Daur Ulang",Sekunder,23.77,19.99,miliar rupiah,tetap,
3574,Kota Probolinggo,2021,E,"Pengadaan Air, Pengelolaan Sampah, Limbah dan Daur Ulang",Sekunder,25.18,21.05,miliar rupiah,tetap,
3574,Kota Probolinggo,2022,E,"Pengadaan Air, Pengelolaan Sampah, Limbah dan Daur Ulang",Sekunder,26.92,21.6,miliar rupiah,tetap,
3574,Kota Probolinggo,2023,E,"Pengadaan Air, Pengelolaan Sampah, Limbah dan Daur Ulang",Sekunder,27.94,21.9,miliar rupiah,sementara,
3574,Kota Probolinggo,2024,E,"Pengadaan Air, Pengelolaan Sampah, Limbah dan Daur Ulang",Sekunder,30.36,22.92,miliar rupiah,sangat_sementara,
3574,Kota Probolinggo,2020,F,Konstruksi,Sekunder,629.5,495.68,miliar rupiah,tetap,
3574,Kota Probolinggo,2021,F,Konstruksi,Sekunder,640.48,500.59,miliar rupiah,tetap,
3574,Kota Probolinggo,2022,F,Konstruksi,Sekunder,707.2,526.27,miliar rupiah,tetap,
3574,Kota Probolinggo,2023,F,Konstruksi,Sekunder,776.27,561.23,miliar rupiah,sementara,
3574,Kota Probolinggo,2024,F,Konstruksi,Sekunder,857.49,599.29,miliar rupiah,sangat_sementara,
3574,Kota Probolinggo,2020,G,Perdagangan Besar dan Eceran; Reparasi Mobil dan Sepeda Motor,Tersier,2846.72,1960.8,miliar rupiah,tetap,
3574,Kota Probolinggo,2021,G,Perdagangan Besar dan Eceran; Reparasi Mobil dan Sepeda Motor,Tersier,3082.47,2080.34,miliar rupiah,tetap,
3574,Kota Probolinggo,2022,G,Perdagangan Besar dan Eceran; Reparasi Mobil dan Sepeda Motor,Tersier,3424.18,2206.74,miliar rupiah,tetap,
3574,Kota Probolinggo,2023,G,Perdagangan Besar dan Eceran; Reparasi Mobil dan Sepeda Motor,Tersier,3748.95,2326.59,miliar rupiah,sementara,
3574,Kota Probolinggo,2024,G,Perdagangan Besar dan Eceran; Reparasi Mobil dan Sepeda Motor,Tersier,4028.61,2438.69,miliar rupiah,sangat_sementara,
3574,Kota Probolinggo,2020,H,Transportasi dan Pergudangan,Tersier,1519.8,1140.33,miliar rupiah,tetap,
3574,Kota Probolinggo,2021,H,Transportasi dan Pergudangan,Tersier,1648.32,1241.29,miliar rupiah,tetap,
3574,Kota Probolinggo,2022,H,Transportasi dan Pergudangan,Tersier,1970.05,1406.4,miliar rupiah,tetap,
3574,Kota Probolinggo,2023,H,Transportasi dan Pergudangan,Tersier,2300.72,1519.27,miliar rupiah,sementara,
3574,Kota Probolinggo,2024,H,Transportasi dan Pergudangan,Tersier,2502.81,1644.86,miliar rupiah,sangat_sementara,
3574,Kota Probolinggo,2020,I,Penyediaan Akomodasi dan Makan Minum,Tersier,414.18,270.61,miliar rupiah,tetap,
3574,Kota Probolinggo,2021,I,Penyediaan Akomodasi dan Makan Minum,Tersier,444.83,276.5,miliar rupiah,tetap,
3574,Kota Probolinggo,2022,I,Penyediaan Akomodasi dan Makan Minum,Tersier,495.52,296.29,miliar rupiah,tetap,
3574,Kota Probolinggo,2023,I,Penyediaan Akomodasi dan Makan Minum,Tersier,548.87,315.22,miliar rupiah,sementara,
3574,Kota Probolinggo,2024,I,Penyediaan Akomodasi dan Makan Minum,Tersier,615.93,339.29,miliar rupiah,sangat_sementara,
3574,Kota Probolinggo,2020,J,Informasi dan Komunikasi,Tersier,611.49,556.63,miliar rupiah,tetap,
3574,Kota Probolinggo,2021,J,Informasi dan Komunikasi,Tersier,648.46,589.63,miliar rupiah,tetap,
3574,Kota Probolinggo,2022,J,Informasi dan Komunikasi,Tersier,672.54,609.75,miliar rupiah,tetap,
3574,Kota Probolinggo,2023,J,Informasi dan Komunikasi,Tersier,725.08,646.91,miliar rupiah,sementara,
3574,Kota Probolinggo,2024,J,Informasi dan Komunikasi,Tersier,770.15,682.69,miliar rupiah,sangat_sementara,
3574,Kota Probolinggo,2020,K,Jasa Keuangan dan Asuransi,Tersier,742.98,488.74,miliar rupiah,tetap,
3574,Kota Probolinggo,2021,K,Jasa Keuangan dan Asuransi,Tersier,769.89,494.05,miliar rupiah,tetap,
3574,Kota Probolinggo,2022,K,Jasa Keuangan dan Asuransi,Tersier,827.29,497.39,miliar rupiah,tetap,
3574,Kota Probolinggo,2023,K,Jasa Keuangan dan Asuransi,Tersier,902.96,521.94,miliar rupiah,sementara,
3574,Kota Probolinggo,2024,K,Jasa Keuangan dan Asuransi,Tersier,941.71,540.07,miliar rupiah,sangat_sementara,
3574,Kota Probolinggo,2020,L,Real Estate,Tersier,359.96,265.79,miliar rupiah,tetap,
3574,Kota Probolinggo,2021,L,Real Estate,Tersier,370.39,271.92,miliar rupiah,tetap,
3574,Kota Probolinggo,2022,L,Real Estate,Tersier,392.88,284.28,miliar rupiah,tetap,
3574,Kota Probolinggo,2023,L,Real Estate,Tersier,416.17,297.58,miliar rupiah,sementara,
3574,Kota Probolinggo,2024,L,Real Estate,Tersier,432.11,305.05,miliar rupiah,sangat_sementara,
3574,Kota Probolinggo,2020,"M,N",Jasa Perusahaan,Tersier,70.88,50.99,miliar rupiah,tetap,
3574,Kota Probolinggo,2021,"M,N",Jasa Perusahaan,Tersier,73.26,52.14,miliar rupiah,tetap,
3574,Kota Probolinggo,2022,"M,N",Jasa Perusahaan,Tersier,75.85,51.76,miliar rupiah,tetap,
3574,Kota Probolinggo,2023,"M,N",Jasa Perusahaan,Tersier,90.91,60.05,miliar rupiah,sementara,
3574,Kota Probolinggo,2024,"M,N",Jasa Perusahaan,Tersier,103.18,64.5,miliar rupiah,sangat_sementara,
3574,Kota Probolinggo,2020,O,"Administrasi Pemerintahan, Pertahanan dan Jaminan Sosial Wajib",Tersier,584.27,366.19,miliar rupiah,tetap,
3574,Kota Probolinggo,2021,O,"Administrasi Pemerintahan, Pertahanan dan Jaminan Sosial Wajib",Tersier,583.68,367.04,miliar rupiah,tetap,
3574,Kota Probolinggo,2022,O,"Administrasi Pemerintahan, Pertahanan dan Jaminan Sosial Wajib",Tersier,585.14,365.89,miliar rupiah,tetap,
3574,Kota Probolinggo,2023,O,"Administrasi Pemerintahan, Pertahanan dan Jaminan Sosial Wajib",Tersier,622.05,367.29,miliar rupiah,sementara,
3574,Kota Probolinggo,2024,O,"Administrasi Pemerintahan, Pertahanan dan Jaminan Sosial Wajib",Tersier,713.23,402.78,miliar rupiah,sangat_sementara,
3574,Kota Probolinggo,2020,P,Jasa Pendidikan,Tersier,549.38,406.64,miliar rupiah,tetap,
3574,Kota Probolinggo,2021,P,Jasa Pendidikan,Tersier,556.53,414.52,miliar rupiah,tetap,
3574,Kota Probolinggo,2022,P,Jasa Pendidikan,Tersier,564.32,415.21,miliar rupiah,tetap,
3574,Kota Probolinggo,2023,P,Jasa Pendidikan,Tersier,603.48,435.59,miliar rupiah,sementara,
3574,Kota Probolinggo,2024,P,Jasa Pendidikan,Tersier,640.25,453.59,miliar rupiah,sangat_sementara,
3574,Kota Probolinggo,2020,Q,Jasa Kesehatan dan Kegiatan Sosial,Tersier,110.49,83.35,miliar rupiah,tetap,
3574,Kota Probolinggo,2021,Q,Jasa Kesehatan dan Kegiatan Sosial,Tersier,120.38,89.68,miliar rupiah,tetap,
3574,Kota Probolinggo,2022,Q,Jasa Kesehatan dan Kegiatan Sosial,Tersier,124.19,89.95,miliar rupiah,tetap,
3574,Kota Probolinggo,2023,Q,Jasa Kesehatan dan Kegiatan Sosial,Tersier,136.6,95.16,miliar rupiah,sementara,
3574,Kota Probolinggo,2024,Q,Jasa Kesehatan dan Kegiatan Sosial,Tersier,147.85,100.77,miliar rupiah,sangat_sementara,
3574,Kota Probolinggo,2020,"R,S,T,U",Jasa Lainnya,Tersier,313.27,239.43,miliar rupiah,tetap,
3574,Kota Probolinggo,2021,"R,S,T,U",Jasa Lainnya,Tersier,337.45,250.23,miliar rupiah,tetap,
3574,Kota Probolinggo,2022,"R,S,T,U",Jasa Lainnya,Tersier,390.67,277.88,miliar rupiah,tetap,
3574,Kota Probolinggo,2023,"R,S,T,U",Jasa Lainnya,Tersier,428.05,294.89,miliar rupiah,sementara,
3574,Kota Probolinggo,2024,"R,S,T,U",Jasa Lainnya,Tersier,467.36,316.32,miliar rupiah,sangat_sementara,
3575,Kota Pasuruan,2020,A,"Pertanian, Kehutanan, dan Perikanan",Primer,198.39,128.58,miliar rupiah,tetap,
3575,Kota Pasuruan,2021,A,"Pertanian, Kehutanan, dan Perikanan",Primer,193.47,124.49,miliar rupiah,tetap,
3575,Kota Pasuruan,2022,A,"Pertanian, Kehutanan, dan Perikanan",Primer,213.93,129.41,miliar rupiah,tetap,
3575,Kota Pasuruan,2023,A,"Pertanian, Kehutanan, dan Perikanan",Primer,228.86,132.52,miliar rupiah,sementara,
3575,Kota Pasuruan,2024,A,"Pertanian, Kehutanan, dan Perikanan",Primer,240.0,136.38,miliar rupiah,sangat_sementara,
3575,Kota Pasuruan,2020,B,Pertambangan dan Penggalian,Primer,1.97,1.33,miliar rupiah,tetap,
3575,Kota Pasuruan,2021,B,Pertambangan dan Penggalian,Primer,2.01,1.28,miliar rupiah,tetap,
3575,Kota Pasuruan,2022,B,Pertambangan dan Penggalian,Primer,0.0,0.0,miliar rupiah,tetap,
3575,Kota Pasuruan,2023,B,Pertambangan dan Penggalian,Primer,0.0,0.0,miliar rupiah,sementara,
3575,Kota Pasuruan,2024,B,Pertambangan dan Penggalian,Primer,0.0,0.0,miliar rupiah,sangat_sementara,
3575,Kota Pasuruan,2020,C,Industri Pengolahan,Sekunder,1566.84,1074.38,miliar rupiah,tetap,
3575,Kota Pasuruan,2021,C,Industri Pengolahan,Sekunder,1670.74,1104.13,miliar rupiah,tetap,
3575,Kota Pasuruan,2022,C,Industri Pengolahan,Sekunder,1883.73,1194.93,miliar rupiah,tetap,
3575,Kota Pasuruan,2023,C,Industri Pengolahan,Sekunder,2095.17,1263.99,miliar rupiah,sementara,
3575,Kota Pasuruan,2024,C,Industri Pengolahan,Sekunder,2220.17,1308.54,miliar rupiah,sangat_sementara,
3575,Kota Pasuruan,2020,D,Pengadaan Listrik dan Gas,Sekunder,5.68,4.78,miliar rupiah,tetap,
3575,Kota Pasuruan,2021,D,Pengadaan Listrik dan Gas,Sekunder,5.93,4.89,miliar rupiah,tetap,
3575,Kota Pasuruan,2022,D,Pengadaan Listrik dan Gas,Sekunder,6.44,5.26,miliar rupiah,tetap,
3575,Kota Pasuruan,2023,D,Pengadaan Listrik dan Gas,Sekunder,6.59,5.38,miliar rupiah,sementara,
3575,Kota Pasuruan,2024,D,Pengadaan Listrik dan Gas,Sekunder,7.07,5.76,miliar rupiah,sangat_sementara,
3575,Kota Pasuruan,2020,E,"Pengadaan Air, Pengelolaan Sampah, Limbah dan Daur Ulang",Sekunder,18.96,15.65,miliar rupiah,tetap,
3575,Kota Pasuruan,2021,E,"Pengadaan Air, Pengelolaan Sampah, Limbah dan Daur Ulang",Sekunder,19.59,16.08,miliar rupiah,tetap,
3575,Kota Pasuruan,2022,E,"Pengadaan Air, Pengelolaan Sampah, Limbah dan Daur Ulang",Sekunder,19.51,15.74,miliar rupiah,tetap,
3575,Kota Pasuruan,2023,E,"Pengadaan Air, Pengelolaan Sampah, Limbah dan Daur Ulang",Sekunder,20.99,16.77,miliar rupiah,sementara,
3575,Kota Pasuruan,2024,E,"Pengadaan Air, Pengelolaan Sampah, Limbah dan Daur Ulang",Sekunder,22.93,18.16,miliar rupiah,sangat_sementara,
3575,Kota Pasuruan,2020,F,Konstruksi,Sekunder,493.06,356.02,miliar rupiah,tetap,
3575,Kota Pasuruan,2021,F,Konstruksi,Sekunder,504.44,357.61,miliar rupiah,tetap,
3575,Kota Pasuruan,2022,F,Konstruksi,Sekunder,547.28,372.29,miliar rupiah,tetap,
3575,Kota Pasuruan,2023,F,Konstruksi,Sekunder,571.11,387.3,miliar rupiah,sementara,
3575,Kota Pasuruan,2024,F,Konstruksi,Sekunder,603.74,404.38,miliar rupiah,sangat_sementara,
3575,Kota Pasuruan,2020,G,Perdagangan Besar dan Eceran; Reparasi Mobil dan Sepeda Motor,Tersier,2297.26,1577.69,miliar rupiah,tetap,
3575,Kota Pasuruan,2021,G,Perdagangan Besar dan Eceran; Reparasi Mobil dan Sepeda Motor,Tersier,2478.65,1674.97,miliar rupiah,tetap,
3575,Kota Pasuruan,2022,G,Perdagangan Besar dan Eceran; Reparasi Mobil dan Sepeda Motor,Tersier,2807.57,1806.32,miliar rupiah,tetap,
3575,Kota Pasuruan,2023,G,Perdagangan Besar dan Eceran; Reparasi Mobil dan Sepeda Motor,Tersier,3082.27,1909.93,miliar rupiah,sementara,
3575,Kota Pasuruan,2024,G,Perdagangan Besar dan Eceran; Reparasi Mobil dan Sepeda Motor,Tersier,3305.66,2007.21,miliar rupiah,sangat_sementara,
3575,Kota Pasuruan,2020,H,Transportasi dan Pergudangan,Tersier,481.41,329.33,miliar rupiah,tetap,
3575,Kota Pasuruan,2021,H,Transportasi dan Pergudangan,Tersier,525.26,356.17,miliar rupiah,tetap,
3575,Kota Pasuruan,2022,H,Transportasi dan Pergudangan,Tersier,695.59,422.31,miliar rupiah,tetap,
3575,Kota Pasuruan,2023,H,Transportasi dan Pergudangan,Tersier,861.1,465.92,miliar rupiah,sementara,
3575,Kota Pasuruan,2024,H,Transportasi dan Pergudangan,Tersier,972.47,517.61,miliar rupiah,sangat_sementara,
3575,Kota Pasuruan,2020,I,Penyediaan Akomodasi dan Makan Minum,Tersier,425.94,278.68,miliar rupiah,tetap,
3575,Kota Pasuruan,2021,I,Penyediaan Akomodasi dan Makan Minum,Tersier,451.2,286.66,miliar rupiah,tetap,
3575,Kota Pasuruan,2022,I,Penyediaan Akomodasi dan Makan Minum,Tersier,505.47,309.07,miliar rupiah,tetap,
3575,Kota Pasuruan,2023,I,Penyediaan Akomodasi dan Makan Minum,Tersier,558.35,332.55,miliar rupiah,sementara,
3575,Kota Pasuruan,2024,I,Penyediaan Akomodasi dan Makan Minum,Tersier,616.18,356.75,miliar rupiah,sangat_sementara,
3575,Kota Pasuruan,2020,J,Informasi dan Komunikasi,Tersier,682.07,614.88,miliar rupiah,tetap,
3575,Kota Pasuruan,2021,J,Informasi dan Komunikasi,Tersier,724.88,651.31,miliar rupiah,tetap,
3575,Kota Pasuruan,2022,J,Informasi dan Komunikasi,Tersier,741.82,658.66,miliar rupiah,tetap,
3575,Kota Pasuruan,2023,J,Informasi dan Komunikasi,Tersier,812.22,715.55,miliar rupiah,sementara,
3575,Kota Pasuruan,2024,J,Informasi dan Komunikasi,Tersier,852.34,744.41,miliar rupiah,sangat_sementara,
3575,Kota Pasuruan,2020,K,Jasa Keuangan dan Asuransi,Tersier,602.09,427.44,miliar rupiah,tetap,
3575,Kota Pasuruan,2021,K,Jasa Keuangan dan Asuransi,Tersier,617.58,430.44,miliar rupiah,tetap,
3575,Kota Pasuruan,2022,K,Jasa Keuangan dan Asuransi,Tersier,661.44,442.37,miliar rupiah,tetap,
3575,Kota Pasuruan,2023,K,Jasa Keuangan dan Asuransi,Tersier,708.07,458.95,miliar rupiah,sementara,
3575,Kota Pasuruan,2024,K,Jasa Keuangan dan Asuransi,Tersier,744.19,475.69,miliar rupiah,sangat_sementara,
3575,Kota Pasuruan,2020,L,Real Estate,Tersier,214.3,152.53,miliar rupiah,tetap,
3575,Kota Pasuruan,2021,L,Real Estate,Tersier,217.88,154.01,miliar rupiah,tetap,
3575,Kota Pasuruan,2022,L,Real Estate,Tersier,227.43,158.88,miliar rupiah,tetap,
3575,Kota Pasuruan,2023,L,Real Estate,Tersier,237.49,163.27,miliar rupiah,sementara,
3575,Kota Pasuruan,2024,L,Real Estate,Tersier,250.61,170.86,miliar rupiah,sangat_sementara,
3575,Kota Pasuruan,2020,"M,N",Jasa Perusahaan,Tersier,51.2,36.01,miliar rupiah,tetap,
3575,Kota Pasuruan,2021,"M,N",Jasa Perusahaan,Tersier,53.84,36.77,miliar rupiah,tetap,
3575,Kota Pasuruan,2022,"M,N",Jasa Perusahaan,Tersier,55.77,36.71,miliar rupiah,tetap,
3575,Kota Pasuruan,2023,"M,N",Jasa Perusahaan,Tersier,62.11,39.68,miliar rupiah,sementara,
3575,Kota Pasuruan,2024,"M,N",Jasa Perusahaan,Tersier,70.49,43.8,miliar rupiah,sangat_sementara,
3575,Kota Pasuruan,2020,O,"Administrasi Pemerintahan, Pertahanan dan Jaminan Sosial Wajib",Tersier,373.06,244.44,miliar rupiah,tetap,
3575,Kota Pasuruan,2021,O,"Administrasi Pemerintahan, Pertahanan dan Jaminan Sosial Wajib",Tersier,370.46,243.68,miliar rupiah,tetap,
3575,Kota Pasuruan,2022,O,"Administrasi Pemerintahan, Pertahanan dan Jaminan Sosial Wajib",Tersier,391.66,244.37,miliar rupiah,tetap,
3575,Kota Pasuruan,2023,O,"Administrasi Pemerintahan, Pertahanan dan Jaminan Sosial Wajib",Tersier,404.39,244.88,miliar rupiah,sementara,
3575,Kota Pasuruan,2024,O,"Administrasi Pemerintahan, Pertahanan dan Jaminan Sosial Wajib",Tersier,455.37,263.88,miliar rupiah,sangat_sementara,
3575,Kota Pasuruan,2020,P,Jasa Pendidikan,Tersier,357.38,259.34,miliar rupiah,tetap,
3575,Kota Pasuruan,2021,P,Jasa Pendidikan,Tersier,360.77,260.28,miliar rupiah,tetap,
3575,Kota Pasuruan,2022,P,Jasa Pendidikan,Tersier,366.44,262.23,miliar rupiah,tetap,
3575,Kota Pasuruan,2023,P,Jasa Pendidikan,Tersier,395.66,273.25,miliar rupiah,sementara,
3575,Kota Pasuruan,2024,P,Jasa Pendidikan,Tersier,428.3,290.09,miliar rupiah,sangat_sementara,
3575,Kota Pasuruan,2020,Q,Jasa Kesehatan dan Kegiatan Sosial,Tersier,76.93,60.21,miliar rupiah,tetap,
3575,Kota Pasuruan,2021,Q,Jasa Kesehatan dan Kegiatan Sosial,Tersier,80.31,61.79,miliar rupiah,tetap,
3575,Kota Pasuruan,2022,Q,Jasa Kesehatan dan Kegiatan Sosial,Tersier,85.82,62.23,miliar rupiah,tetap,
3575,Kota Pasuruan,2023,Q,Jasa Kesehatan dan Kegiatan Sosial,Tersier,89.22,60.9,miliar rupiah,sementara,
3575,Kota Pasuruan,2024,Q,Jasa Kesehatan dan Kegiatan Sosial,Tersier,99.28,65.89,miliar rupiah,sangat_sementara,
3575,Kota Pasuruan,2020,"R,S,T,U",Jasa Lainnya,Tersier,200.71,145.3,miliar rupiah,tetap,
3575,Kota Pasuruan,2021,"R,S,T,U",Jasa Lainnya,Tersier,214.13,150.02,miliar rupiah,tetap,
3575,Kota Pasuruan,2022,"R,S,T,U",Jasa Lainnya,Tersier,242.92,161.58,miliar rupiah,tetap,
3575,Kota Pasuruan,2023,"R,S,T,U",Jasa Lainnya,Tersier,266.27,166.24,miliar rupiah,sementara,
3575,Kota Pasuruan,2024,"R,S,T,U",Jasa Lainnya,Tersier,319.39,189.33,miliar rupiah,sangat_sementara,
3576,Kota Mojokerto,2020,A,"Pertanian, Kehutanan, dan Perikanan",Primer,43.57,27.21,miliar rupiah,tetap,
3576,Kota Mojokerto,2021,A,"Pertanian, Kehutanan, dan Perikanan",Primer,41.39,26.55,miliar rupiah,tetap,
3576,Kota Mojokerto,2022,A,"Pertanian, Kehutanan, dan Perikanan",Primer,43.8,25.73,miliar rupiah,tetap,
3576,Kota Mojokerto,2023,A,"Pertanian, Kehutanan, dan Perikanan",Primer,42.67,23.92,miliar rupiah,sementara,
3576,Kota Mojokerto,2024,A,"Pertanian, Kehutanan, dan Perikanan",Primer,42.78,23.37,miliar rupiah,sangat_sementara,
3576,Kota Mojokerto,2020,B,Pertambangan dan Penggalian,Primer,0.0,0.0,miliar rupiah,tetap,
3576,Kota Mojokerto,2021,B,Pertambangan dan Penggalian,Primer,0.0,0.0,miliar rupiah,tetap,
3576,Kota Mojokerto,2022,B,Pertambangan dan Penggalian,Primer,0.0,0.0,miliar rupiah,tetap,
3576,Kota Mojokerto,2023,B,Pertambangan dan Penggalian,Primer,0.0,0.0,miliar rupiah,sementara,
3576,Kota Mojokerto,2024,B,Pertambangan dan Penggalian,Primer,0.0,0.0,miliar rupiah,sangat_sementara,
3576,Kota Mojokerto,2020,C,Industri Pengolahan,Sekunder,749.66,503.81,miliar rupiah,tetap,
3576,Kota Mojokerto,2021,C,Industri Pengolahan,Sekunder,785.11,518.81,miliar rupiah,tetap,
3576,Kota Mojokerto,2022,C,Industri Pengolahan,Sekunder,861.5,550.28,miliar rupiah,tetap,
3576,Kota Mojokerto,2023,C,Industri Pengolahan,Sekunder,742.99,473.74,miliar rupiah,sementara,
3576,Kota Mojokerto,2024,C,Industri Pengolahan,Sekunder,803.67,490.02,miliar rupiah,sangat_sementara,
3576,Kota Mojokerto,2020,D,Pengadaan Listrik dan Gas,Sekunder,5.11,4.44,miliar rupiah,tetap,
3576,Kota Mojokerto,2021,D,Pengadaan Listrik dan Gas,Sekunder,5.32,4.55,miliar rupiah,tetap,
3576,Kota Mojokerto,2022,D,Pengadaan Listrik dan Gas,Sekunder,5.67,4.82,miliar rupiah,tetap,
3576,Kota Mojokerto,2023,D,Pengadaan Listrik dan Gas,Sekunder,6.01,5.07,miliar rupiah,sementara,
3576,Kota Mojokerto,2024,D,Pengadaan Listrik dan Gas,Sekunder,6.35,5.32,miliar rupiah,sangat_sementara,
3576,Kota Mojokerto,2020,E,"Pengadaan Air, Pengelolaan Sampah, Limbah dan Daur Ulang",Sekunder,7.2,6.66,miliar rupiah,tetap,
3576,Kota Mojokerto,2021,E,"Pengadaan Air, Pengelolaan Sampah, Limbah dan Daur Ulang",Sekunder,7.72,7.07,miliar rupiah,tetap,
3576,Kota Mojokerto,2022,E,"Pengadaan Air, Pengelolaan Sampah, Limbah dan Daur Ulang",Sekunder,8.21,7.19,miliar rupiah,tetap,
3576,Kota Mojokerto,2023,E,"Pengadaan Air, Pengelolaan Sampah, Limbah dan Daur Ulang",Sekunder,8.69,7.43,miliar rupiah,sementara,
3576,Kota Mojokerto,2024,E,"Pengadaan Air, Pengelolaan Sampah, Limbah dan Daur Ulang",Sekunder,8.88,7.52,miliar rupiah,sangat_sementara,
3576,Kota Mojokerto,2020,F,Konstruksi,Sekunder,672.37,507.53,miliar rupiah,tetap,
3576,Kota Mojokerto,2021,F,Konstruksi,Sekunder,685.0,511.9,miliar rupiah,tetap,
3576,Kota Mojokerto,2022,F,Konstruksi,Sekunder,772.42,547.01,miliar rupiah,tetap,
3576,Kota Mojokerto,2023,F,Konstruksi,Sekunder,791.42,549.38,miliar rupiah,sementara,
3576,Kota Mojokerto,2024,F,Konstruksi,Sekunder,826.23,572.68,miliar rupiah,sangat_sementara,
3576,Kota Mojokerto,2020,G,Perdagangan Besar dan Eceran; Reparasi Mobil dan Sepeda Motor,Tersier,1879.17,1355.6,miliar rupiah,tetap,
3576,Kota Mojokerto,2021,G,Perdagangan Besar dan Eceran; Reparasi Mobil dan Sepeda Motor,Tersier,2040.29,1444.3,miliar rupiah,tetap,
3576,Kota Mojokerto,2022,G,Perdagangan Besar dan Eceran; Reparasi Mobil dan Sepeda Motor,Tersier,2289.13,1536.99,miliar rupiah,tetap,
3576,Kota Mojokerto,2023,G,Perdagangan Besar dan Eceran; Reparasi Mobil dan Sepeda Motor,Tersier,2500.0,1621.92,miliar rupiah,sementara,
3576,Kota Mojokerto,2024,G,Perdagangan Besar dan Eceran; Reparasi Mobil dan Sepeda Motor,Tersier,2637.16,1679.35,miliar rupiah,sangat_sementara,
3576,Kota Mojokerto,2020,H,Transportasi dan Pergudangan,Tersier,173.62,123.24,miliar rupiah,tetap,
3576,Kota Mojokerto,2021,H,Transportasi dan Pergudangan,Tersier,185.18,130.52,miliar rupiah,tetap,
3576,Kota Mojokerto,2022,H,Transportasi dan Pergudangan,Tersier,227.52,150.34,miliar rupiah,tetap,
3576,Kota Mojokerto,2023,H,Transportasi dan Pergudangan,Tersier,272.51,166.45,miliar rupiah,sementara,
3576,Kota Mojokerto,2024,H,Transportasi dan Pergudangan,Tersier,303.07,182.66,miliar rupiah,sangat_sementara,
3576,Kota Mojokerto,2020,I,Penyediaan Akomodasi dan Makan Minum,Tersier,451.71,300.35,miliar rupiah,tetap,
3576,Kota Mojokerto,2021,I,Penyediaan Akomodasi dan Makan Minum,Tersier,483.91,304.72,miliar rupiah,tetap,
3576,Kota Mojokerto,2022,I,Penyediaan Akomodasi dan Makan Minum,Tersier,550.02,328.32,miliar rupiah,tetap,
3576,Kota Mojokerto,2023,I,Penyediaan Akomodasi dan Makan Minum,Tersier,620.2,357.85,miliar rupiah,sementara,
3576,Kota Mojokerto,2024,I,Penyediaan Akomodasi dan Makan Minum,Tersier,671.54,377.58,miliar rupiah,sangat_sementara,
3576,Kota Mojokerto,2020,J,Informasi dan Komunikasi,Tersier,856.83,792.05,miliar rupiah,tetap,
3576,Kota Mojokerto,2021,J,Informasi dan Komunikasi,Tersier,909.92,836.42,miliar rupiah,tetap,
3576,Kota Mojokerto,2022,J,Informasi dan Komunikasi,Tersier,960.28,873.76,miliar rupiah,tetap,
3576,Kota Mojokerto,2023,J,Informasi dan Komunikasi,Tersier,1026.55,926.2,miliar rupiah,sementara,
3576,Kota Mojokerto,2024,J,Informasi dan Komunikasi,Tersier,1125.41,999.6,miliar rupiah,sangat_sementara,
3576,Kota Mojokerto,2020,K,Jasa Keuangan dan Asuransi,Tersier,552.94,355.69,miliar rupiah,tetap,
3576,Kota Mojokerto,2021,K,Jasa Keuangan dan Asuransi,Tersier,573.27,357.49,miliar rupiah,tetap,
3576,Kota Mojokerto,2022,K,Jasa Keuangan dan Asuransi,Tersier,620.82,359.75,miliar rupiah,tetap,
3576,Kota Mojokerto,2023,K,Jasa Keuangan dan Asuransi,Tersier,651.78,369.65,miliar rupiah,sementara,
3576,Kota Mojokerto,2024,K,Jasa Keuangan dan Asuransi,Tersier,702.64,394.81,miliar rupiah,sangat_sementara,
3576,Kota Mojokerto,2020,L,Real Estate,Tersier,194.0,138.34,miliar rupiah,tetap,
3576,Kota Mojokerto,2021,L,Real Estate,Tersier,194.87,138.68,miliar rupiah,tetap,
3576,Kota Mojokerto,2022,L,Real Estate,Tersier,205.87,143.82,miliar rupiah,tetap,
3576,Kota Mojokerto,2023,L,Real Estate,Tersier,216.78,148.13,miliar rupiah,sementara,
3576,Kota Mojokerto,2024,L,Real Estate,Tersier,231.76,156.35,miliar rupiah,sangat_sementara,
3576,Kota Mojokerto,2020,"M,N",Jasa Perusahaan,Tersier,50.84,33.98,miliar rupiah,tetap,
3576,Kota Mojokerto,2021,"M,N",Jasa Perusahaan,Tersier,51.59,34.27,miliar rupiah,tetap,
3576,Kota Mojokerto,2022,"M,N",Jasa Perusahaan,Tersier,54.5,34.8,miliar rupiah,tetap,
3576,Kota Mojokerto,2023,"M,N",Jasa Perusahaan,Tersier,59.74,37.42,miliar rupiah,sementara,
3576,Kota Mojokerto,2024,"M,N",Jasa Perusahaan,Tersier,64.28,39.61,miliar rupiah,sangat_sementara,
3576,Kota Mojokerto,2020,O,"Administrasi Pemerintahan, Pertahanan dan Jaminan Sosial Wajib",Tersier,336.25,211.69,miliar rupiah,tetap,
3576,Kota Mojokerto,2021,O,"Administrasi Pemerintahan, Pertahanan dan Jaminan Sosial Wajib",Tersier,335.36,211.25,miliar rupiah,tetap,
3576,Kota Mojokerto,2022,O,"Administrasi Pemerintahan, Pertahanan dan Jaminan Sosial Wajib",Tersier,344.95,212.12,miliar rupiah,tetap,
3576,Kota Mojokerto,2023,O,"Administrasi Pemerintahan, Pertahanan dan Jaminan Sosial Wajib",Tersier,357.41,213.54,miliar rupiah,sementara,
3576,Kota Mojokerto,2024,O,"Administrasi Pemerintahan, Pertahanan dan Jaminan Sosial Wajib",Tersier,385.47,224.57,miliar rupiah,sangat_sementara,
3576,Kota Mojokerto,2020,P,Jasa Pendidikan,Tersier,318.42,219.29,miliar rupiah,tetap,
3576,Kota Mojokerto,2021,P,Jasa Pendidikan,Tersier,319.06,219.97,miliar rupiah,tetap,
3576,Kota Mojokerto,2022,P,Jasa Pendidikan,Tersier,328.34,223.42,miliar rupiah,tetap,
3576,Kota Mojokerto,2023,P,Jasa Pendidikan,Tersier,346.99,231.39,miliar rupiah,sementara,
3576,Kota Mojokerto,2024,P,Jasa Pendidikan,Tersier,371.88,244.92,miliar rupiah,sangat_sementara,
3576,Kota Mojokerto,2020,Q,Jasa Kesehatan dan Kegiatan Sosial,Tersier,86.88,63.78,miliar rupiah,tetap,
3576,Kota Mojokerto,2021,Q,Jasa Kesehatan dan Kegiatan Sosial,Tersier,92.35,66.29,miliar rupiah,tetap,
3576,Kota Mojokerto,2022,Q,Jasa Kesehatan dan Kegiatan Sosial,Tersier,96.34,66.76,miliar rupiah,tetap,
3576,Kota Mojokerto,2023,Q,Jasa Kesehatan dan Kegiatan Sosial,Tersier,103.81,70.39,miliar rupiah,sementara,
3576,Kota Mojokerto,2024,Q,Jasa Kesehatan dan Kegiatan Sosial,Tersier,111.27,74.85,miliar rupiah,sangat_sementara,
3576,Kota Mojokerto,2020,"R,S,T,U",Jasa Lainnya,Tersier,209.5,157.81,miliar rupiah,tetap,
3576,Kota Mojokerto,2021,"R,S,T,U",Jasa Lainnya,Tersier,225.31,163.67,miliar rupiah,tetap,
3576,Kota Mojokerto,2022,"R,S,T,U",Jasa Lainnya,Tersier,267.67,187.9,miliar rupiah,tetap,
3576,Kota Mojokerto,2023,"R,S,T,U",Jasa Lainnya,Tersier,291.12,197.13,miliar rupiah,sementara,
3576,Kota Mojokerto,2024,"R,S,T,U",Jasa Lainnya,Tersier,319.93,213.59,miliar rupiah,sangat_sementara,
3577,Kota Madiun,2020,A,"Pertanian, Kehutanan, dan Perikanan",Primer,120.59,84.38,miliar rupiah,tetap,
3577,Kota Madiun,2021,A,"Pertanian, Kehutanan, dan Perikanan",Primer,108.7,78.26,miliar rupiah,tetap,
3577,Kota Madiun,2022,A,"Pertanian, Kehutanan, dan Perikanan",Primer,110.35,73.82,miliar rupiah,tetap,
3577,Kota Madiun,2023,A,"Pertanian, Kehutanan, dan Perikanan",Primer,121.77,77.36,miliar rupiah,sementara,
3577,Kota Madiun,2024,A,"Pertanian, Kehutanan, dan Perikanan",Primer,132.31,81.26,miliar rupiah,sangat_sementara,
3577,Kota Madiun,2020,B,Pertambangan dan Penggalian,Primer,2.95,2.08,miliar rupiah,tetap,
3577,Kota Madiun,2021,B,Pertambangan dan Penggalian,Primer,2.91,1.99,miliar rupiah,tetap,
3577,Kota Madiun,2022,B,Pertambangan dan Penggalian,Primer,2.72,1.82,miliar rupiah,tetap,
3577,Kota Madiun,2023,B,Pertambangan dan Penggalian,Primer,2.65,1.72,miliar rupiah,sementara,
3577,Kota Madiun,2024,B,Pertambangan dan Penggalian,Primer,1.91,1.21,miliar rupiah,sangat_sementara,
3577,Kota Madiun,2020,C,Industri Pengolahan,Sekunder,1780.87,1430.78,miliar rupiah,tetap,
3577,Kota Madiun,2021,C,Industri Pengolahan,Sekunder,1985.25,1532.38,miliar rupiah,tetap,
3577,Kota Madiun,2022,C,Industri Pengolahan,Sekunder,2099.37,1565.69,miliar rupiah,tetap,
3577,Kota Madiun,2023,C,Industri Pengolahan,Sekunder,2340.47,1690.61,miliar rupiah,sementara,
3577,Kota Madiun,2024,C,Industri Pengolahan,Sekunder,2542.29,1798.19,miliar rupiah,sangat_sementara,
3577,Kota Madiun,2020,D,Pengadaan Listrik dan Gas,Sekunder,11.48,8.78,miliar rupiah,tetap,
3577,Kota Madiun,2021,D,Pengadaan Listrik dan Gas,Sekunder,11.72,9.04,miliar rupiah,tetap,
3577,Kota Madiun,2022,D,Pengadaan Listrik dan Gas,Sekunder,12.89,9.76,miliar rupiah,tetap,
3577,Kota Madiun,2023,D,Pengadaan Listrik dan Gas,Sekunder,13.75,10.28,miliar rupiah,sementara,
3577,Kota Madiun,2024,D,Pengadaan Listrik dan Gas,Sekunder,14.72,10.94,miliar rupiah,sangat_sementara,
3577,Kota Madiun,2020,E,"Pengadaan Air, Pengelolaan Sampah, Limbah dan Daur Ulang",Sekunder,30.4,23.34,miliar rupiah,tetap,
3577,Kota Madiun,2021,E,"Pengadaan Air, Pengelolaan Sampah, Limbah dan Daur Ulang",Sekunder,32.65,24.8,miliar rupiah,tetap,
3577,Kota Madiun,2022,E,"Pengadaan Air, Pengelolaan Sampah, Limbah dan Daur Ulang",Sekunder,34.76,25.67,miliar rupiah,tetap,
3577,Kota Madiun,2023,E,"Pengadaan Air, Pengelolaan Sampah, Limbah dan Daur Ulang",Sekunder,36.82,26.75,miliar rupiah,sementara,
3577,Kota Madiun,2024,E,"Pengadaan Air, Pengelolaan Sampah, Limbah dan Daur Ulang",Sekunder,38.87,28.04,miliar rupiah,sangat_sementara,
3577,Kota Madiun,2020,F,Konstruksi,Sekunder,798.95,616.69,miliar rupiah,tetap,
3577,Kota Madiun,2021,F,Konstruksi,Sekunder,805.73,611.17,miliar rupiah,tetap,
3577,Kota Madiun,2022,F,Konstruksi,Sekunder,928.22,661.51,miliar rupiah,tetap,
3577,Kota Madiun,2023,F,Konstruksi,Sekunder,1005.19,693.46,miliar rupiah,sementara,
3577,Kota Madiun,2024,F,Konstruksi,Sekunder,1105.77,749.35,miliar rupiah,sangat_sementara,
3577,Kota Madiun,2020,G,Perdagangan Besar dan Eceran; Reparasi Mobil dan Sepeda Motor,Tersier,3311.32,2233.21,miliar rupiah,tetap,
3577,Kota Madiun,2021,G,Perdagangan Besar dan Eceran; Reparasi Mobil dan Sepeda Motor,Tersier,3712.41,2460.08,miliar rupiah,tetap,
3577,Kota Madiun,2022,G,Perdagangan Besar dan Eceran; Reparasi Mobil dan Sepeda Motor,Tersier,4216.7,2656.42,miliar rupiah,tetap,
3577,Kota Madiun,2023,G,Perdagangan Besar dan Eceran; Reparasi Mobil dan Sepeda Motor,Tersier,4608.99,2805.14,miliar rupiah,sementara,
3577,Kota Madiun,2024,G,Perdagangan Besar dan Eceran; Reparasi Mobil dan Sepeda Motor,Tersier,4919.39,2933.87,miliar rupiah,sangat_sementara,
3577,Kota Madiun,2020,H,Transportasi dan Pergudangan,Tersier,477.53,318.4,miliar rupiah,tetap,
3577,Kota Madiun,2021,H,Transportasi dan Pergudangan,Tersier,516.72,341.24,miliar rupiah,tetap,
3577,Kota Madiun,2022,H,Transportasi dan Pergudangan,Tersier,643.89,398.92,miliar rupiah,tetap,
3577,Kota Madiun,2023,H,Transportasi dan Pergudangan,Tersier,780.48,445.33,miliar rupiah,sementara,
3577,Kota Madiun,2024,H,Transportasi dan Pergudangan,Tersier,880.71,494.09,miliar rupiah,sangat_sementara,
3577,Kota Madiun,2020,I,Penyediaan Akomodasi dan Makan Minum,Tersier,661.55,514.6,miliar rupiah,tetap,
3577,Kota Madiun,2021,I,Penyediaan Akomodasi dan Makan Minum,Tersier,716.4,531.1,miliar rupiah,tetap,
3577,Kota Madiun,2022,I,Penyediaan Akomodasi dan Makan Minum,Tersier,811.41,583.98,miliar rupiah,tetap,
3577,Kota Madiun,2023,I,Penyediaan Akomodasi dan Makan Minum,Tersier,900.81,624.48,miliar rupiah,sementara,
3577,Kota Madiun,2024,I,Penyediaan Akomodasi dan Makan Minum,Tersier,1007.84,671.93,miliar rupiah,sangat_sementara,
3577,Kota Madiun,2020,J,Informasi dan Komunikasi,Tersier,2172.16,1940.86,miliar rupiah,tetap,
3577,Kota Madiun,2021,J,Informasi dan Komunikasi,Tersier,2296.07,2032.96,miliar rupiah,tetap,
3577,Kota Madiun,2022,J,Informasi dan Komunikasi,Tersier,2435.44,2153.8,miliar rupiah,tetap,
3577,Kota Madiun,2023,J,Informasi dan Komunikasi,Tersier,2632.13,2286.79,miliar rupiah,sementara,
3577,Kota Madiun,2024,J,Informasi dan Komunikasi,Tersier,2805.71,2399.43,miliar rupiah,sangat_sementara,
3577,Kota Madiun,2020,K,Jasa Keuangan dan Asuransi,Tersier,1423.02,941.3,miliar rupiah,tetap,
3577,Kota Madiun,2021,K,Jasa Keuangan dan Asuransi,Tersier,1462.62,945.67,miliar rupiah,tetap,
3577,Kota Madiun,2022,K,Jasa Keuangan dan Asuransi,Tersier,1583.93,948.75,miliar rupiah,tetap,
3577,Kota Madiun,2023,K,Jasa Keuangan dan Asuransi,Tersier,1668.21,975.53,miliar rupiah,sementara,
3577,Kota Madiun,2024,K,Jasa Keuangan dan Asuransi,Tersier,1769.97,1013.32,miliar rupiah,sangat_sementara,
3577,Kota Madiun,2020,L,Real Estate,Tersier,381.91,263.89,miliar rupiah,tetap,
3577,Kota Madiun,2021,L,Real Estate,Tersier,388.09,267.05,miliar rupiah,tetap,
3577,Kota Madiun,2022,L,Real Estate,Tersier,413.3,280.64,miliar rupiah,tetap,
3577,Kota Madiun,2023,L,Real Estate,Tersier,438.04,292.84,miliar rupiah,sementara,
3577,Kota Madiun,2024,L,Real Estate,Tersier,458.49,304.29,miliar rupiah,sangat_sementara,
3577,Kota Madiun,2020,"M,N",Jasa Perusahaan,Tersier,97.71,74.9,miliar rupiah,tetap,
3577,Kota Madiun,2021,"M,N",Jasa Perusahaan,Tersier,100.68,75.48,miliar rupiah,tetap,
3577,Kota Madiun,2022,"M,N",Jasa Perusahaan,Tersier,108.69,79.45,miliar rupiah,tetap,
3577,Kota Madiun,2023,"M,N",Jasa Perusahaan,Tersier,117.38,84.31,miliar rupiah,sementara,
3577,Kota Madiun,2024,"M,N",Jasa Perusahaan,Tersier,129.17,91.37,miliar rupiah,sangat_sementara,
3577,Kota Madiun,2020,O,"Administrasi Pemerintahan, Pertahanan dan Jaminan Sosial Wajib",Tersier,452.66,315.18,miliar rupiah,tetap,
3577,Kota Madiun,2021,O,"Administrasi Pemerintahan, Pertahanan dan Jaminan Sosial Wajib",Tersier,447.71,312.05,miliar rupiah,tetap,
3577,Kota Madiun,2022,O,"Administrasi Pemerintahan, Pertahanan dan Jaminan Sosial Wajib",Tersier,454.35,310.7,miliar rupiah,tetap,
3577,Kota Madiun,2023,O,"Administrasi Pemerintahan, Pertahanan dan Jaminan Sosial Wajib",Tersier,465.47,312.28,miliar rupiah,sementara,
3577,Kota Madiun,2024,O,"Administrasi Pemerintahan, Pertahanan dan Jaminan Sosial Wajib",Tersier,526.24,334.44,miliar rupiah,sangat_sementara,
3577,Kota Madiun,2020,P,Jasa Pendidikan,Tersier,1109.27,783.82,miliar rupiah,tetap,
3577,Kota Madiun,2021,P,Jasa Pendidikan,Tersier,1113.54,788.06,miliar rupiah,tetap,
3577,Kota Madiun,2022,P,Jasa Pendidikan,Tersier,1135.8,792.75,miliar rupiah,tetap,
3577,Kota Madiun,2023,P,Jasa Pendidikan,Tersier,1202.87,817.91,miliar rupiah,sementara,
3577,Kota Madiun,2024,P,Jasa Pendidikan,Tersier,1314.84,866.66,miliar rupiah,sangat_sementara,
3577,Kota Madiun,2020,Q,Jasa Kesehatan dan Kegiatan Sosial,Tersier,212.57,153.48,miliar rupiah,tetap,
3577,Kota Madiun,2021,Q,Jasa Kesehatan dan Kegiatan Sosial,Tersier,227.26,161.86,miliar rupiah,tetap,
3577,Kota Madiun,2022,Q,Jasa Kesehatan dan Kegiatan Sosial,Tersier,240.59,167.19,miliar rupiah,tetap,
3577,Kota Madiun,2023,Q,Jasa Kesehatan dan Kegiatan Sosial,Tersier,256.81,172.55,miliar rupiah,sementara,
3577,Kota Madiun,2024,Q,Jasa Kesehatan dan Kegiatan Sosial,Tersier,273.42,181.35,miliar rupiah,sangat_sementara,
3577,Kota Madiun,2020,"R,S,T,U",Jasa Lainnya,Tersier,474.94,350.22,miliar rupiah,tetap,
3577,Kota Madiun,2021,"R,S,T,U",Jasa Lainnya,Tersier,506.98,364.51,miliar rupiah,tetap,
3577,Kota Madiun,2022,"R,S,T,U",Jasa Lainnya,Tersier,586.23,408.67,miliar rupiah,tetap,
3577,Kota Madiun,2023,"R,S,T,U",Jasa Lainnya,Tersier,664.37,447.05,miliar rupiah,sementara,
3577,Kota Madiun,2024,"R,S,T,U",Jasa Lainnya,Tersier,731.56,479.17,miliar rupiah,sangat_sementara,
3578,Kota Surabaya,2020,A,"Pertanian, Kehutanan, dan Perikanan",Primer,889.33,547.99,miliar rupiah,tetap,
3578,Kota Surabaya,2021,A,"Pertanian, Kehutanan, dan Perikanan",Primer,917.6,554.05,miliar rupiah,tetap,
3578,Kota Surabaya,2022,A,"Pertanian, Kehutanan, dan Perikanan",Primer,982.82,573.24,miliar rupiah,tetap,
3578,Kota Surabaya,2023,A,"Pertanian, Kehutanan, dan Perikanan",Primer,1026.19,576.18,miliar rupiah,sementara,
3578,Kota Surabaya,2024,A,"Pertanian, Kehutanan, dan Perikanan",Primer,969.36,541.24,miliar rupiah,sangat_sementara,
3578,Kota Surabaya,2020,B,Pertambangan dan Penggalian,Primer,31.94,19.46,miliar rupiah,tetap,
3578,Kota Surabaya,2021,B,Pertambangan dan Penggalian,Primer,32.76,19.48,miliar rupiah,tetap,
3578,Kota Surabaya,2022,B,Pertambangan dan Penggalian,Primer,33.39,19.09,miliar rupiah,tetap,
3578,Kota Surabaya,2023,B,Pertambangan dan Penggalian,Primer,32.51,17.84,miliar rupiah,sementara,
3578,Kota Surabaya,2024,B,Pertambangan dan Penggalian,Primer,31.38,18.12,miliar rupiah,sangat_sementara,
3578,Kota Surabaya,2020,C,Industri Pengolahan,Sekunder,107416.29,76384.52,miliar rupiah,tetap,
3578,Kota Surabaya,2021,C,Industri Pengolahan,Sekunder,113535.14,79366.6,miliar rupiah,tetap,
3578,Kota Surabaya,2022,C,Industri Pengolahan,Sekunder,126030.9,84567.58,miliar rupiah,tetap,
3578,Kota Surabaya,2023,C,Industri Pengolahan,Sekunder,135434.98,87392.24,miliar rupiah,sementara,
3578,Kota Surabaya,2024,C,Industri Pengolahan,Sekunder,147302.54,92182.28,miliar rupiah,sangat_sementara,
3578,Kota Surabaya,2020,D,Pengadaan Listrik dan Gas,Sekunder,2237.62,1449.67,miliar rupiah,tetap,
3578,Kota Surabaya,2021,D,Pengadaan Listrik dan Gas,Sekunder,2417.17,1538.15,miliar rupiah,tetap,
3578,Kota Surabaya,2022,D,Pengadaan Listrik dan Gas,Sekunder,2742.05,1661.67,miliar rupiah,tetap,
3578,Kota Surabaya,2023,D,Pengadaan Listrik dan Gas,Sekunder,3728.71,2174.08,miliar rupiah,sementara,
3578,Kota Surabaya,2024,D,Pengadaan Listrik dan Gas,Sekunder,3970.55,2301.73,miliar rupiah,sangat_sementara,
3578,Kota Surabaya,2020,E,"Pengadaan Air, Pengelolaan Sampah, Limbah dan Daur Ulang",Sekunder,824.95,630.34,miliar rupiah,tetap,
3578,Kota Surabaya,2021,E,"Pengadaan Air, Pengelolaan Sampah, Limbah dan Daur Ulang",Sekunder,872.32,665.83,miliar rupiah,tetap,
3578,Kota Surabaya,2022,E,"Pengadaan Air, Pengelolaan Sampah, Limbah dan Daur Ulang",Sekunder,932.75,680.0,miliar rupiah,tetap,
3578,Kota Surabaya,2023,E,"Pengadaan Air, Pengelolaan Sampah, Limbah dan Daur Ulang",Sekunder,968.11,696.39,miliar rupiah,sementara,
3578,Kota Surabaya,2024,E,"Pengadaan Air, Pengelolaan Sampah, Limbah dan Daur Ulang",Sekunder,994.41,711.52,miliar rupiah,sangat_sementara,
3578,Kota Surabaya,2020,F,Konstruksi,Sekunder,51969.41,38387.74,miliar rupiah,tetap,
3578,Kota Surabaya,2021,F,Konstruksi,Sekunder,55273.54,40070.07,miliar rupiah,tetap,
3578,Kota Surabaya,2022,F,Konstruksi,Sekunder,61408.5,42633.58,miliar rupiah,tetap,
3578,Kota Surabaya,2023,F,Konstruksi,Sekunder,64940.58,44772.95,miliar rupiah,sementara,
3578,Kota Surabaya,2024,F,Konstruksi,Sekunder,70335.98,47910.22,miliar rupiah,sangat_sementara,
3578,Kota Surabaya,2020,G,Perdagangan Besar dan Eceran; Reparasi Mobil dan Sepeda Motor,Tersier,149246.76,106340.87,miliar rupiah,tetap,
3578,Kota Surabaya,2021,G,Perdagangan Besar dan Eceran; Reparasi Mobil dan Sepeda Motor,Tersier,163509.91,114183.33,miliar rupiah,tetap,
3578,Kota Surabaya,2022,G,Perdagangan Besar dan Eceran; Reparasi Mobil dan Sepeda Motor,Tersier,184610.47,122122.63,miliar rupiah,tetap,
3578,Kota Surabaya,2023,G,Perdagangan Besar dan Eceran; Reparasi Mobil dan Sepeda Motor,Tersier,201432.93,128814.59,miliar rupiah,sementara,
3578,Kota Surabaya,2024,G,Perdagangan Besar dan Eceran; Reparasi Mobil dan Sepeda Motor,Tersier,214341.08,134133.56,miliar rupiah,sangat_sementara,
3578,Kota Surabaya,2020,H,Transportasi dan Pergudangan,Tersier,29794.09,19477.42,miliar rupiah,tetap,
3578,Kota Surabaya,2021,H,Transportasi dan Pergudangan,Tersier,30518.85,19874.94,miliar rupiah,tetap,
3578,Kota Surabaya,2022,H,Transportasi dan Pergudangan,Tersier,36260.42,22684.94,miliar rupiah,tetap,
3578,Kota Surabaya,2023,H,Transportasi dan Pergudangan,Tersier,42834.31,25217.17,miliar rupiah,sementara,
3578,Kota Surabaya,2024,H,Transportasi dan Pergudangan,Tersier,47529.71,27494.46,miliar rupiah,sangat_sementara,
3578,Kota Surabaya,2020,I,Penyediaan Akomodasi dan Makan Minum,Tersier,85618.58,56053.24,miliar rupiah,tetap,
3578,Kota Surabaya,2021,I,Penyediaan Akomodasi dan Makan Minum,Tersier,91418.08,57221.63,miliar rupiah,tetap,
3578,Kota Surabaya,2022,I,Penyediaan Akomodasi dan Makan Minum,Tersier,102248.7,62076.39,miliar rupiah,tetap,
3578,Kota Surabaya,2023,I,Penyediaan Akomodasi dan Makan Minum,Tersier,114627.56,66946.11,miliar rupiah,sementara,
3578,Kota Surabaya,2024,I,Penyediaan Akomodasi dan Makan Minum,Tersier,126222.54,71889.16,miliar rupiah,sangat_sementara,
3578,Kota Surabaya,2020,J,Informasi dan Komunikasi,Tersier,33247.67,29511.28,miliar rupiah,tetap,
3578,Kota Surabaya,2021,J,Informasi dan Komunikasi,Tersier,35273.34,31281.79,miliar rupiah,tetap,
3578,Kota Surabaya,2022,J,Informasi dan Komunikasi,Tersier,36541.72,32264.42,miliar rupiah,tetap,
3578,Kota Surabaya,2023,J,Informasi dan Komunikasi,Tersier,39290.06,34446.03,miliar rupiah,sementara,
3578,Kota Surabaya,2024,J,Informasi dan Komunikasi,Tersier,42170.99,36698.24,miliar rupiah,sangat_sementara,
3578,Kota Surabaya,2020,K,Jasa Keuangan dan Asuransi,Tersier,29183.38,19231.21,miliar rupiah,tetap,
3578,Kota Surabaya,2021,K,Jasa Keuangan dan Asuransi,Tersier,30560.74,19324.71,miliar rupiah,tetap,
3578,Kota Surabaya,2022,K,Jasa Keuangan dan Asuransi,Tersier,33950.42,19648.8,miliar rupiah,tetap,
3578,Kota Surabaya,2023,K,Jasa Keuangan dan Asuransi,Tersier,35852.3,20445.33,miliar rupiah,sementara,
3578,Kota Surabaya,2024,K,Jasa Keuangan dan Asuransi,Tersier,37509.07,21207.82,miliar rupiah,sangat_sementara,
3578,Kota Surabaya,2020,L,Real Estate,Tersier,15354.35,11000.3,miliar rupiah,tetap,
3578,Kota Surabaya,2021,L,Real Estate,Tersier,15790.32,11179.68,miliar rupiah,tetap,
3578,Kota Surabaya,2022,L,Real Estate,Tersier,16599.14,11634.82,miliar rupiah,tetap,
3578,Kota Surabaya,2023,L,Real Estate,Tersier,17213.53,11916.34,miliar rupiah,sementara,
3578,Kota Surabaya,2024,L,Real Estate,Tersier,17731.56,12200.16,miliar rupiah,sangat_sementara,
3578,Kota Surabaya,2020,"M,N",Jasa Perusahaan,Tersier,14116.91,8801.22,miliar rupiah,tetap,
3578,Kota Surabaya,2021,"M,N",Jasa Perusahaan,Tersier,14543.16,8974.26,miliar rupiah,tetap,
3578,Kota Surabaya,2022,"M,N",Jasa Perusahaan,Tersier,15772.59,9490.09,miliar rupiah,tetap,
3578,Kota Surabaya,2023,"M,N",Jasa Perusahaan,Tersier,17530.93,10278.17,miliar rupiah,sementara,
3578,Kota Surabaya,2024,"M,N",Jasa Perusahaan,Tersier,19268.2,11082.01,miliar rupiah,sangat_sementara,
3578,Kota Surabaya,2020,O,"Administrasi Pemerintahan, Pertahanan dan Jaminan Sosial Wajib",Tersier,8238.3,4754.53,miliar rupiah,tetap,
3578,Kota Surabaya,2021,O,"Administrasi Pemerintahan, Pertahanan dan Jaminan Sosial Wajib",Tersier,8310.98,4748.92,miliar rupiah,tetap,
3578,Kota Surabaya,2022,O,"Administrasi Pemerintahan, Pertahanan dan Jaminan Sosial Wajib",Tersier,8486.03,4756.35,miliar rupiah,tetap,
3578,Kota Surabaya,2023,O,"Administrasi Pemerintahan, Pertahanan dan Jaminan Sosial Wajib",Tersier,8533.02,4759.41,miliar rupiah,sementara,
3578,Kota Surabaya,2024,O,"Administrasi Pemerintahan, Pertahanan dan Jaminan Sosial Wajib",Tersier,9788.0,5229.78,miliar rupiah,sangat_sementara,
3578,Kota Surabaya,2020,P,Jasa Pendidikan,Tersier,14540.37,9934.44,miliar rupiah,tetap,
3578,Kota Surabaya,2021,P,Jasa Pendidikan,Tersier,14692.37,9993.04,miliar rupiah,tetap,
3578,Kota Surabaya,2022,P,Jasa Pendidikan,Tersier,14866.08,10001.2,miliar rupiah,tetap,
3578,Kota Surabaya,2023,P,Jasa Pendidikan,Tersier,15784.48,10447.85,miliar rupiah,sementara,
3578,Kota Surabaya,2024,P,Jasa Pendidikan,Tersier,16838.45,10983.87,miliar rupiah,sangat_sementara,
3578,Kota Surabaya,2020,Q,Jasa Kesehatan dan Kegiatan Sosial,Tersier,4880.59,3539.3,miliar rupiah,tetap,
3578,Kota Surabaya,2021,Q,Jasa Kesehatan dan Kegiatan Sosial,Tersier,5220.64,3722.15,miliar rupiah,tetap,
3578,Kota Surabaya,2022,Q,Jasa Kesehatan dan Kegiatan Sosial,Tersier,5508.12,3782.45,miliar rupiah,tetap,
3578,Kota Surabaya,2023,Q,Jasa Kesehatan dan Kegiatan Sosial,Tersier,5958.22,3932.73,miliar rupiah,sementara,
3578,Kota Surabaya,2024,Q,Jasa Kesehatan dan Kegiatan Sosial,Tersier,6374.98,4155.68,miliar rupiah,sangat_sementara,
3578,Kota Surabaya,2020,"R,S,T,U",Jasa Lainnya,Tersier,6918.92,4872.89,miliar rupiah,tetap,
3578,Kota Surabaya,2021,"R,S,T,U",Jasa Lainnya,Tersier,7340.2,5007.19,miliar rupiah,tetap,
3578,Kota Surabaya,2022,"R,S,T,U",Jasa Lainnya,Tersier,8642.13,5671.1,miliar rupiah,tetap,
3578,Kota Surabaya,2023,"R,S,T,U",Jasa Lainnya,Tersier,10106.27,6197.31,miliar rupiah,sementara,
3578,Kota Surabaya,2024,"R,S,T,U",Jasa Lainnya,Tersier,11114.82,6709.01,miliar rupiah,sangat_sementara,
3579,Kota Batu,2020,A,"Pertanian, Kehutanan, dan Perikanan",Primer,2527.3,1557.56,miliar rupiah,tetap,rekonstruksi_adhk_x_implisit
3579,Kota Batu,2021,A,"Pertanian, Kehutanan, dan Perikanan",Primer,2611.09,1576.08,miliar rupiah,tetap,rekonstruksi_adhk_x_implisit
3579,Kota Batu,2022,A,"Pertanian, Kehutanan, dan Perikanan",Primer,2822.09,1630.7,miliar rupiah,tetap,rekonstruksi_adhk_x_implisit
3579,Kota Batu,2023,A,"Pertanian, Kehutanan, dan Perikanan",Primer,3106.33,1709.03,miliar rupiah,sementara,rekonstruksi_adhk_x_implisit
3579,Kota Batu,2024,A,"Pertanian, Kehutanan, dan Perikanan",Primer,3213.33,1690.16,miliar rupiah,sangat_sementara,rekonstruksi_adhk_x_implisit
3579,Kota Batu,2020,B,Pertambangan dan Penggalian,Primer,25.63,16.44,miliar rupiah,tetap,rekonstruksi_adhk_x_implisit
3579,Kota Batu,2021,B,Pertambangan dan Penggalian,Primer,26.26,16.6,miliar rupiah,tetap,rekonstruksi_adhk_x_implisit
3579,Kota Batu,2022,B,Pertambangan dan Penggalian,Primer,29.11,17.66,miliar rupiah,tetap,rekonstruksi_adhk_x_implisit
3579,Kota Batu,2023,B,Pertambangan dan Penggalian,Primer,29.2,17.67,miliar rupiah,sementara,rekonstruksi_adhk_x_implisit
3579,Kota Batu,2024,B,Pertambangan dan Penggalian,Primer,25.97,15.45,miliar rupiah,sangat_sementara,rekonstruksi_adhk_x_implisit
3579,Kota Batu,2020,C,Industri Pengolahan,Sekunder,863.23,532.43,miliar rupiah,tetap,rekonstruksi_adhk_x_implisit
3579,Kota Batu,2021,C,Industri Pengolahan,Sekunder,977.28,572.88,miliar rupiah,tetap,rekonstruksi_adhk_x_implisit
3579,Kota Batu,2022,C,Industri Pengolahan,Sekunder,1107.27,629.81,miliar rupiah,tetap,rekonstruksi_adhk_x_implisit
3579,Kota Batu,2023,C,Industri Pengolahan,Sekunder,1233.77,672.76,miliar rupiah,sementara,rekonstruksi_adhk_x_implisit
3579,Kota Batu,2024,C,Industri Pengolahan,Sekunder,1392.87,730.59,miliar rupiah,sangat_sementara,rekonstruksi_adhk_x_implisit
3579,Kota Batu,2020,D,Pengadaan Listrik dan Gas,Sekunder,7.13,6.02,miliar rupiah,tetap,rekonstruksi_adhk_x_implisit
3579,Kota Batu,2021,D,Pengadaan Listrik dan Gas,Sekunder,7.32,6.16,miliar rupiah,tetap,rekonstruksi_adhk_x_implisit
3579,Kota Batu,2022,D,Pengadaan Listrik dan Gas,Sekunder,8.03,6.61,miliar rupiah,tetap,rekonstruksi_adhk_x_implisit
3579,Kota Batu,2023,D,Pengadaan Listrik dan Gas,Sekunder,8.48,6.87,miliar rupiah,sementara,rekonstruksi_adhk_x_implisit
3579,Kota Batu,2024,D,Pengadaan Listrik dan Gas,Sekunder,7.91,6.39,miliar rupiah,sangat_sementara,rekonstruksi_adhk_x_implisit
3579,Kota Batu,2020,E,"Pengadaan Air, Pengelolaan Sampah, Limbah dan Daur Ulang",Sekunder,27.6,22.42,miliar rupiah,tetap,rekonstruksi_adhk_x_implisit
3579,Kota Batu,2021,E,"Pengadaan Air, Pengelolaan Sampah, Limbah dan Daur Ulang",Sekunder,28.96,23.43,miliar rupiah,tetap,rekonstruksi_adhk_x_implisit
3579,Kota Batu,2022,E,"Pengadaan Air, Pengelolaan Sampah, Limbah dan Daur Ulang",Sekunder,30.93,24.3,miliar rupiah,tetap,rekonstruksi_adhk_x_implisit
3579,Kota Batu,2023,E,"Pengadaan Air, Pengelolaan Sampah, Limbah dan Daur Ulang",Sekunder,33.08,25.32,miliar rupiah,sementara,rekonstruksi_adhk_x_implisit
3579,Kota Batu,2024,E,"Pengadaan Air, Pengelolaan Sampah, Limbah dan Daur Ulang",Sekunder,34.46,26.23,miliar rupiah,sangat_sementara,rekonstruksi_adhk_x_implisit
3579,Kota Batu,2020,F,Konstruksi,Sekunder,1938.41,1289.61,miliar rupiah,tetap,rekonstruksi_adhk_x_implisit
3579,Kota Batu,2021,F,Konstruksi,Sekunder,2012.77,1325.76,miliar rupiah,tetap,rekonstruksi_adhk_x_implisit
3579,Kota Batu,2022,F,Konstruksi,Sekunder,2321.47,1431.68,miliar rupiah,tetap,rekonstruksi_adhk_x_implisit
3579,Kota Batu,2023,F,Konstruksi,Sekunder,2621.71,1532.0,miliar rupiah,sementara,rekonstruksi_adhk_x_implisit
3579,Kota Batu,2024,F,Konstruksi,Sekunder,2810.9,1623.95,miliar rupiah,sangat_sementara,rekonstruksi_adhk_x_implisit
3579,Kota Batu,2020,G,Perdagangan Besar dan Eceran; Reparasi Mobil dan Sepeda Motor,Tersier,2966.05,2140.78,miliar rupiah,tetap,rekonstruksi_adhk_x_implisit
3579,Kota Batu,2021,G,Perdagangan Besar dan Eceran; Reparasi Mobil dan Sepeda Motor,Tersier,3191.12,2268.19,miliar rupiah,tetap,rekonstruksi_adhk_x_implisit
3579,Kota Batu,2022,G,Perdagangan Besar dan Eceran; Reparasi Mobil dan Sepeda Motor,Tersier,3531.76,2397.5,miliar rupiah,tetap,rekonstruksi_adhk_x_implisit
3579,Kota Batu,2023,G,Perdagangan Besar dan Eceran; Reparasi Mobil dan Sepeda Motor,Tersier,3867.65,2536.0,miliar rupiah,sementara,rekonstruksi_adhk_x_implisit
3579,Kota Batu,2024,G,Perdagangan Besar dan Eceran; Reparasi Mobil dan Sepeda Motor,Tersier,4158.97,2659.7,miliar rupiah,sangat_sementara,rekonstruksi_adhk_x_implisit
3579,Kota Batu,2020,H,Transportasi dan Pergudangan,Tersier,211.72,161.31,miliar rupiah,tetap,rekonstruksi_adhk_x_implisit
3579,Kota Batu,2021,H,Transportasi dan Pergudangan,Tersier,224.76,170.82,miliar rupiah,tetap,rekonstruksi_adhk_x_implisit
3579,Kota Batu,2022,H,Transportasi dan Pergudangan,Tersier,268.06,193.57,miliar rupiah,tetap,rekonstruksi_adhk_x_implisit
3579,Kota Batu,2023,H,Transportasi dan Pergudangan,Tersier,314.67,210.48,miliar rupiah,sementara,rekonstruksi_adhk_x_implisit
3579,Kota Batu,2024,H,Transportasi dan Pergudangan,Tersier,360.72,236.43,miliar rupiah,sangat_sementara,rekonstruksi_adhk_x_implisit
3579,Kota Batu,2020,I,Penyediaan Akomodasi dan Makan Minum,Tersier,1604.34,994.32,miliar rupiah,tetap,rekonstruksi_adhk_x_implisit
3579,Kota Batu,2021,I,Penyediaan Akomodasi dan Makan Minum,Tersier,1722.56,1037.81,miliar rupiah,tetap,rekonstruksi_adhk_x_implisit
3579,Kota Batu,2022,I,Penyediaan Akomodasi dan Makan Minum,Tersier,1940.75,1129.92,miliar rupiah,tetap,rekonstruksi_adhk_x_implisit
3579,Kota Batu,2023,I,Penyediaan Akomodasi dan Makan Minum,Tersier,2160.25,1214.17,miliar rupiah,sementara,rekonstruksi_adhk_x_implisit
3579,Kota Batu,2024,I,Penyediaan Akomodasi dan Makan Minum,Tersier,2377.93,1290.74,miliar rupiah,sangat_sementara,rekonstruksi_adhk_x_implisit
3579,Kota Batu,2020,J,Informasi dan Komunikasi,Tersier,1060.48,953.33,miliar rupiah,tetap,rekonstruksi_adhk_x_implisit
3579,Kota Batu,2021,J,Informasi dan Komunikasi,Tersier,1125.72,1008.8,miliar rupiah,tetap,rekonstruksi_adhk_x_implisit
3579,Kota Batu,2022,J,Informasi dan Komunikasi,Tersier,1196.51,1059.7,miliar rupiah,tetap,rekonstruksi_adhk_x_implisit
3579,Kota Batu,2023,J,Informasi dan Komunikasi,Tersier,1266.41,1104.59,miliar rupiah,sementara,rekonstruksi_adhk_x_implisit
3579,Kota Batu,2024,J,Informasi dan Komunikasi,Tersier,1353.39,1157.24,miliar rupiah,sangat_sementara,rekonstruksi_adhk_x_implisit
3579,Kota Batu,2020,K,Jasa Keuangan dan Asuransi,Tersier,606.01,396.58,miliar rupiah,tetap,rekonstruksi_adhk_x_implisit
3579,Kota Batu,2021,K,Jasa Keuangan dan Asuransi,Tersier,618.15,398.06,miliar rupiah,tetap,rekonstruksi_adhk_x_implisit
3579,Kota Batu,2022,K,Jasa Keuangan dan Asuransi,Tersier,673.37,406.01,miliar rupiah,tetap,rekonstruksi_adhk_x_implisit
3579,Kota Batu,2023,K,Jasa Keuangan dan Asuransi,Tersier,710.1,415.48,miliar rupiah,sementara,rekonstruksi_adhk_x_implisit
3579,Kota Batu,2024,K,Jasa Keuangan dan Asuransi,Tersier,753.27,430.34,miliar rupiah,sangat_sementara,rekonstruksi_adhk_x_implisit
3579,Kota Batu,2020,L,Real Estate,Tersier,499.29,354.41,miliar rupiah,tetap,rekonstruksi_adhk_x_implisit
3579,Kota Batu,2021,L,Real Estate,Tersier,513.96,362.43,miliar rupiah,tetap,rekonstruksi_adhk_x_implisit
3579,Kota Batu,2022,L,Real Estate,Tersier,535.63,373.86,miliar rupiah,tetap,rekonstruksi_adhk_x_implisit
3579,Kota Batu,2023,L,Real Estate,Tersier,567.6,387.15,miliar rupiah,sementara,rekonstruksi_adhk_x_implisit
3579,Kota Batu,2024,L,Real Estate,Tersier,620.36,414.1,miliar rupiah,sangat_sementara,rekonstruksi_adhk_x_implisit
3579,Kota Batu,2020,"M,N",Jasa Perusahaan,Tersier,71.14,50.34,miliar rupiah,tetap,rekonstruksi_adhk_x_implisit
3579,Kota Batu,2021,"M,N",Jasa Perusahaan,Tersier,73.56,50.64,miliar rupiah,tetap,rekonstruksi_adhk_x_implisit
3579,Kota Batu,2022,"M,N",Jasa Perusahaan,Tersier,79.06,53.24,miliar rupiah,tetap,rekonstruksi_adhk_x_implisit
3579,Kota Batu,2023,"M,N",Jasa Perusahaan,Tersier,83.92,55.17,miliar rupiah,sementara,rekonstruksi_adhk_x_implisit
3579,Kota Batu,2024,"M,N",Jasa Perusahaan,Tersier,89.25,57.99,miliar rupiah,sangat_sementara,rekonstruksi_adhk_x_implisit
3579,Kota Batu,2020,O,"Administrasi Pemerintahan, Pertahanan dan Jaminan Sosial Wajib",Tersier,402.2,263.1,miliar rupiah,tetap,rekonstruksi_adhk_x_implisit
3579,Kota Batu,2021,O,"Administrasi Pemerintahan, Pertahanan dan Jaminan Sosial Wajib",Tersier,396.91,260.3,miliar rupiah,tetap,rekonstruksi_adhk_x_implisit
3579,Kota Batu,2022,O,"Administrasi Pemerintahan, Pertahanan dan Jaminan Sosial Wajib",Tersier,401.41,262.05,miliar rupiah,tetap,rekonstruksi_adhk_x_implisit
3579,Kota Batu,2023,O,"Administrasi Pemerintahan, Pertahanan dan Jaminan Sosial Wajib",Tersier,418.15,262.87,miliar rupiah,sementara,rekonstruksi_adhk_x_implisit
3579,Kota Batu,2024,O,"Administrasi Pemerintahan, Pertahanan dan Jaminan Sosial Wajib",Tersier,462.34,275.48,miliar rupiah,sangat_sementara,rekonstruksi_adhk_x_implisit
3579,Kota Batu,2020,P,Jasa Pendidikan,Tersier,645.83,460.91,miliar rupiah,tetap,rekonstruksi_adhk_x_implisit
3579,Kota Batu,2021,P,Jasa Pendidikan,Tersier,648.75,464.82,miliar rupiah,tetap,rekonstruksi_adhk_x_implisit
3579,Kota Batu,2022,P,Jasa Pendidikan,Tersier,658.55,467.72,miliar rupiah,tetap,rekonstruksi_adhk_x_implisit
3579,Kota Batu,2023,P,Jasa Pendidikan,Tersier,712.77,488.97,miliar rupiah,sementara,rekonstruksi_adhk_x_implisit
3579,Kota Batu,2024,P,Jasa Pendidikan,Tersier,765.64,510.97,miliar rupiah,sangat_sementara,rekonstruksi_adhk_x_implisit
3579,Kota Batu,2020,Q,Jasa Kesehatan dan Kegiatan Sosial,Tersier,137.54,99.12,miliar rupiah,tetap,rekonstruksi_adhk_x_implisit
3579,Kota Batu,2021,Q,Jasa Kesehatan dan Kegiatan Sosial,Tersier,146.06,102.22,miliar rupiah,tetap,rekonstruksi_adhk_x_implisit
3579,Kota Batu,2022,Q,Jasa Kesehatan dan Kegiatan Sosial,Tersier,155.92,105.44,miliar rupiah,tetap,rekonstruksi_adhk_x_implisit
3579,Kota Batu,2023,Q,Jasa Kesehatan dan Kegiatan Sosial,Tersier,170.17,109.41,miliar rupiah,sementara,rekonstruksi_adhk_x_implisit
3579,Kota Batu,2024,Q,Jasa Kesehatan dan Kegiatan Sosial,Tersier,178.69,114.41,miliar rupiah,sangat_sementara,rekonstruksi_adhk_x_implisit
3579,Kota Batu,2020,"R,S,T,U",Jasa Lainnya,Tersier,2322.82,1727.13,miliar rupiah,tetap,rekonstruksi_adhk_x_implisit
3579,Kota Batu,2021,"R,S,T,U",Jasa Lainnya,Tersier,2515.93,1826.45,miliar rupiah,tetap,rekonstruksi_adhk_x_implisit
3579,Kota Batu,2022,"R,S,T,U",Jasa Lainnya,Tersier,2827.83,1991.15,miliar rupiah,tetap,rekonstruksi_adhk_x_implisit
3579,Kota Batu,2023,"R,S,T,U",Jasa Lainnya,Tersier,3221.24,2188.64,miliar rupiah,sementara,rekonstruksi_adhk_x_implisit
3579,Kota Batu,2024,"R,S,T,U",Jasa Lainnya,Tersier,3548.52,2347.99,miliar rupiah,sangat_sementara,rekonstruksi_adhk_x_implisit
